{"type":"FeatureCollection","features":[{"type":"Feature","geometry":{"type":"Polygon","coordinates":[[[30.95696,-29.949569],[30.95695,-29.949564],[30.956954,-29.949558],[30.95694,-29.949551],[30.956977,-29.949497],[30.957124,-29.949573],[30.957032,-29.949707],[30.957006,-29.949694],[30.957011,-29.949686],[30.956914,-29.949636],[30.95696,-29.949569]]]},"properties":{"Class":"Residential"}},{"type":"Feature","geometry":{"type":"Polygon","coordinates":[[[30.956833,-29.949746],[30.956872,-29.949767],[30.956869,-29.949771],[30.95689,-29.949782],[30.956898,-29.94977],[30.956888,-29.949765],[30.956925,-29.94971],[30.956991,-29.949745],[30.956908,-29.949865],[30.956933,-29.949878],[30.956914,-29.949905],[30.956938,-29.949917],[30.956962,-29.949883],[30.956986,-29.949895],[30.957019,-29.949847],[30.957057,-29.949867],[30.956943,-29.950034],[30.956842,-29.949982],[30.956799,-29.950045],[30.956739,-29.950014],[30.956781,-29.949952],[30.956696,-29.949908],[30.956742,-29.94984],[30.956889,-29.949917],[30.956903,-29.949897],[30.956834,-29.949861],[30.956854,-29.949831],[30.95684,-29.949824],[30.956833,-29.949834],[30.956788,-29.949811],[30.956833,-29.949746]]]},"properties":{"Class":"Residential"}},{"type":"Feature","geometry":{"type":"Polygon","coordinates":[[[30.956194,-29.950165],[30.956171,-29.950145],[30.956188,-29.95013],[30.956177,-29.95012],[30.956168,-29.950128],[30.956158,-29.950119],[30.9561,-29.95017],[30.956081,-29.950154],[30.95607,-29.950164],[30.956037,-29.950135],[30.956054,-29.95012],[30.955971,-29.950049],[30.956098,-29.949938],[30.956105,-29.949944],[30.956162,-29.949894],[30.956308,-29.950021],[30.956262,-29.95006],[30.956245,-29.950046],[30.956228,-29.95006],[30.956262,-29.95009],[30.956256,-29.950095],[30.956265,-29.950103],[30.956194,-29.950165]]]},"properties":{"Class":"Residential"}},{"type":"Feature","geometry":{"type":"Polygon","coordinates":[[[30.957015,-29.949951],[30.95708,-29.949982],[30.957007,-29.950096],[30.956988,-29.950086],[30.956973,-29.950109],[30.956966,-29.950106],[30.956971,-29.950098],[30.956951,-29.950088],[30.956964,-29.950069],[30.956945,-29.950059],[30.957015,-29.949951]]]},"properties":{"Class":"Residential"}},{"type":"Feature","geometry":{"type":"Polygon","coordinates":[[[30.95686,-29.95004],[30.956917,-29.95007],[30.956901,-29.950093],[30.956913,-29.950099],[30.956918,-29.950092],[30.956992,-29.950131],[30.956933,-29.950216],[30.956854,-29.950175],[30.956887,-29.950127],[30.95683,-29.950097],[30.956841,-29.950082],[30.956834,-29.950078],[30.95686,-29.95004]]]},"properties":{"Class":"Residential"}},{"type":"Feature","geometry":{"type":"Polygon","coordinates":[[[30.956872,-29.950132],[30.956816,-29.950217],[30.956777,-29.950198],[30.956769,-29.95021],[30.956684,-29.950167],[30.956639,-29.950234],[30.956648,-29.950238],[30.956627,-29.95027],[30.956505,-29.950209],[30.956574,-29.950104],[30.956569,-29.950102],[30.956605,-29.950047],[30.95672,-29.950105],[30.956717,-29.950109],[30.956777,-29.950139],[30.956804,-29.950098],[30.956872,-29.950132]]]},"properties":{"Class":"Residential"}},{"type":"Feature","geometry":{"type":"Polygon","coordinates":[[[30.95703,-29.950246],[30.956971,-29.950219],[30.956992,-29.950185],[30.957007,-29.950191],[30.957013,-29.950181],[30.956994,-29.950171],[30.957012,-29.950142],[30.957044,-29.950157],[30.957084,-29.950092],[30.957181,-29.950138],[30.957137,-29.950209],[30.957155,-29.950217],[30.957125,-29.950267],[30.957114,-29.950262],[30.957107,-29.950273],[30.957097,-29.950268],[30.957081,-29.950292],[30.957019,-29.950263],[30.95703,-29.950246]]]},"properties":{"Class":"Residential"}},{"type":"Feature","geometry":{"type":"Polygon","coordinates":[[[30.955842,-29.950151],[30.955855,-29.950162],[30.955876,-29.950142],[30.955897,-29.950159],[30.955953,-29.950107],[30.956022,-29.950163],[30.955969,-29.950213],[30.955964,-29.950209],[30.955899,-29.95027],[30.955801,-29.950189],[30.955842,-29.950151]]]},"properties":{"Class":"Residential"}},{"type":"Feature","geometry":{"type":"Polygon","coordinates":[[[30.956074,-29.950164],[30.956086,-29.950176],[30.956079,-29.950181],[30.95612,-29.950222],[30.956059,-29.950268],[30.956013,-29.950222],[30.956046,-29.950197],[30.956039,-29.95019],[30.956074,-29.950164]]]},"properties":{"Class":"Residential"}},{"type":"Feature","geometry":{"type":"Polygon","coordinates":[[[30.956874,-29.950239],[30.956849,-29.950277],[30.956816,-29.950261],[30.956861,-29.950192],[30.956922,-29.950222],[30.956902,-29.950253],[30.956874,-29.950239]]]},"properties":{"Class":"Residential"}},{"type":"Feature","geometry":{"type":"Polygon","coordinates":[[[30.956722,-29.950197],[30.956799,-29.950236],[30.956764,-29.950287],[30.956688,-29.950248],[30.956722,-29.950197]]]},"properties":{"Class":"Residential"}},{"type":"Feature","geometry":{"type":"MultiPolygon","coordinates":[[[[30.955623,-29.950317],[30.955634,-29.950307],[30.95564,-29.950313],[30.955717,-29.950248],[30.955721,-29.950252],[30.955764,-29.950217],[30.955798,-29.950249],[30.955791,-29.950255],[30.955831,-29.950292],[30.955858,-29.95027],[30.955903,-29.950312],[30.955934,-29.950287],[30.955948,-29.950299],[30.955968,-29.950282],[30.955974,-29.950288],[30.955993,-29.950272],[30.956025,-29.950301],[30.955879,-29.950422],[30.955846,-29.950391],[30.955837,-29.950399],[30.955826,-29.950389],[30.955799,-29.95041],[30.955845,-29.950452],[30.955799,-29.950491],[30.955804,-29.950496],[30.955734,-29.950554],[30.95568,-29.950504],[30.955794,-29.95041],[30.955763,-29.950382],[30.955756,-29.950388],[30.955746,-29.950379],[30.955705,-29.950413],[30.9557,-29.950408],[30.955711,-29.950398],[30.955623,-29.950317]]],[[[30.955621,-29.950316],[30.955623,-29.950317],[30.95562,-29.95032],[30.955618,-29.950318],[30.955621,-29.950316]]]]},"properties":{"Class":"Residential"}},{"type":"Feature","geometry":{"type":"Polygon","coordinates":[[[30.956134,-29.950246],[30.956139,-29.950234],[30.956192,-29.950249],[30.956172,-29.950304],[30.956109,-29.950287],[30.956125,-29.950243],[30.956134,-29.950246]]]},"properties":{"Class":"Residential"}},{"type":"Feature","geometry":{"type":"Polygon","coordinates":[[[30.957025,-29.950293],[30.956975,-29.950365],[30.957025,-29.950391],[30.956985,-29.95045],[30.956878,-29.950394],[30.956968,-29.950263],[30.957025,-29.950293]]]},"properties":{"Class":"Residential"}},{"type":"Feature","geometry":{"type":"Polygon","coordinates":[[[30.956117,-29.950301],[30.956171,-29.950331],[30.956133,-29.950384],[30.956142,-29.950389],[30.956133,-29.950401],[30.956159,-29.950415],[30.956124,-29.950464],[30.956018,-29.950406],[30.956066,-29.950339],[30.956074,-29.950344],[30.956078,-29.950338],[30.956087,-29.950343],[30.956117,-29.950301]]]},"properties":{"Class":"Residential"}},{"type":"Feature","geometry":{"type":"Polygon","coordinates":[[[30.956525,-29.950514],[30.95643,-29.950499],[30.956449,-29.950406],[30.956441,-29.950405],[30.95646,-29.950311],[30.956617,-29.950336],[30.956579,-29.95052],[30.956548,-29.950516],[30.956549,-29.950509],[30.956527,-29.950505],[30.956525,-29.950514]]]},"properties":{"Class":"Residential"}},{"type":"Feature","geometry":{"type":"Polygon","coordinates":[[[30.956835,-29.950359],[30.956853,-29.950334],[30.956862,-29.950339],[30.956804,-29.950419],[30.956736,-29.950382],[30.95677,-29.950334],[30.956813,-29.950357],[30.956818,-29.95035],[30.956835,-29.950359]]]},"properties":{"Class":"Residential"}},{"type":"Feature","geometry":{"type":"Polygon","coordinates":[[[30.95664,-29.950535],[30.9566,-29.950524],[30.956608,-29.950502],[30.956602,-29.9505],[30.956618,-29.950458],[30.956648,-29.950467],[30.956657,-29.950444],[30.956634,-29.950437],[30.95667,-29.95034],[30.956739,-29.95036],[30.956707,-29.950445],[30.9567,-29.950443],[30.95668,-29.950496],[30.956684,-29.950497],[30.95667,-29.950536],[30.956643,-29.950528],[30.95664,-29.950535]]]},"properties":{"Class":"Residential"}},{"type":"Feature","geometry":{"type":"Polygon","coordinates":[[[30.955481,-29.95048],[30.955516,-29.950451],[30.955525,-29.950459],[30.955553,-29.950436],[30.955524,-29.950409],[30.955589,-29.950357],[30.955675,-29.950438],[30.955612,-29.950489],[30.955602,-29.95048],[30.95559,-29.95049],[30.955605,-29.950504],[30.955552,-29.950547],[30.955481,-29.95048]]]},"properties":{"Class":"Residential"}},{"type":"Feature","geometry":{"type":"Polygon","coordinates":[[[30.955917,-29.950504],[30.955886,-29.950492],[30.955927,-29.950412],[30.955934,-29.950415],[30.95594,-29.950404],[30.956109,-29.95047],[30.956089,-29.95051],[30.956129,-29.950526],[30.956095,-29.950593],[30.95605,-29.950576],[30.956017,-29.95064],[30.955957,-29.950616],[30.956024,-29.950485],[30.95598,-29.950468],[30.955986,-29.950456],[30.955966,-29.950448],[30.955943,-29.950492],[30.955966,-29.9505],[30.955952,-29.950528],[30.955913,-29.950512],[30.955917,-29.950504]]]},"properties":{"Class":"Residential"}},{"type":"Feature","geometry":{"type":"Polygon","coordinates":[[[30.956809,-29.950472],[30.956853,-29.950473],[30.956853,-29.950485],[30.956875,-29.950486],[30.956875,-29.950479],[30.956899,-29.95048],[30.956899,-29.950492],[30.956949,-29.950494],[30.956946,-29.950567],[30.956958,-29.950568],[30.956955,-29.950634],[30.956814,-29.95063],[30.956817,-29.95056],[30.956831,-29.95056],[30.956834,-29.950494],[30.956718,-29.95049],[30.95672,-29.950423],[30.956773,-29.950425],[30.956772,-29.950432],[30.956811,-29.950433],[30.956809,-29.950472]]]},"properties":{"Class":"Residential"}},{"type":"Feature","geometry":{"type":"Polygon","coordinates":[[[30.955811,-29.950517],[30.955817,-29.950523],[30.955846,-29.950501],[30.955886,-29.950541],[30.955893,-29.950535],[30.955932,-29.950574],[30.955895,-29.950601],[30.955858,-29.950564],[30.955782,-29.950622],[30.955734,-29.950574],[30.955811,-29.950517]]]},"properties":{"Class":"Residential"}},{"type":"Feature","geometry":{"type":"Polygon","coordinates":[[[30.955366,-29.950708],[30.955277,-29.950626],[30.955362,-29.950556],[30.955366,-29.95056],[30.955424,-29.950512],[30.95544,-29.950526],[30.955466,-29.950504],[30.955564,-29.950594],[30.955591,-29.950572],[30.955613,-29.950593],[30.955629,-29.95058],[30.955614,-29.950566],[30.955637,-29.950546],[30.955677,-29.950583],[30.955632,-29.950621],[30.955625,-29.950614],[30.955602,-29.950634],[30.955607,-29.950639],[30.955587,-29.950656],[30.955497,-29.950573],[30.95545,-29.950612],[30.955455,-29.950617],[30.95538,-29.95068],[30.955398,-29.950696],[30.955386,-29.950706],[30.955378,-29.950698],[30.955366,-29.950708]]]},"properties":{"Class":"Residential"}},{"type":"Feature","geometry":{"type":"Polygon","coordinates":[[[30.956701,-29.950729],[30.956642,-29.950739],[30.956629,-29.950678],[30.956637,-29.950677],[30.956629,-29.950639],[30.956616,-29.950641],[30.956603,-29.950581],[30.956674,-29.95057],[30.956687,-29.950628],[30.956754,-29.950618],[30.956767,-29.950683],[30.956694,-29.950695],[30.956701,-29.950729]]]},"properties":{"Class":"Residential"}},{"type":"Feature","geometry":{"type":"Polygon","coordinates":[[[30.956607,-29.95068],[30.956609,-29.950694],[30.956589,-29.950696],[30.956592,-29.950722],[30.95656,-29.950725],[30.956561,-29.950731],[30.956525,-29.950734],[30.956524,-29.950724],[30.956498,-29.950726],[30.956501,-29.950754],[30.956439,-29.950761],[30.956427,-29.950667],[30.956485,-29.950661],[30.956475,-29.950586],[30.956547,-29.950578],[30.956556,-29.950646],[30.956582,-29.950644],[30.956584,-29.950658],[30.956596,-29.950656],[30.956599,-29.950681],[30.956607,-29.95068]]]},"properties":{"Class":"Residential"}},{"type":"Feature","geometry":{"type":"Polygon","coordinates":[[[30.955742,-29.950651],[30.95571,-29.950678],[30.955664,-29.950635],[30.955717,-29.950592],[30.955778,-29.950649],[30.955765,-29.950659],[30.955758,-29.950653],[30.95575,-29.950659],[30.955742,-29.950651]]]},"properties":{"Class":"Residential"}},{"type":"Feature","geometry":{"type":"Polygon","coordinates":[[[30.955557,-29.950641],[30.955512,-29.950684],[30.955502,-29.950676],[30.955484,-29.950693],[30.955518,-29.95072],[30.955487,-29.95075],[30.95548,-29.950744],[30.955396,-29.950825],[30.955388,-29.950819],[30.955379,-29.950828],[30.955318,-29.95078],[30.95536,-29.950739],[30.955379,-29.950755],[30.955432,-29.950704],[30.95541,-29.950686],[30.955449,-29.950649],[30.955464,-29.95066],[30.955475,-29.95065],[30.955461,-29.950639],[30.955503,-29.950599],[30.955557,-29.950641]]]},"properties":{"Class":"Residential"}},{"type":"Feature","geometry":{"type":"Polygon","coordinates":[[[30.955887,-29.950739],[30.955881,-29.950744],[30.955917,-29.950775],[30.955861,-29.950823],[30.955853,-29.950815],[30.955828,-29.950837],[30.955826,-29.950834],[30.955851,-29.950812],[30.955763,-29.950735],[30.95588,-29.950633],[30.95593,-29.950677],[30.955873,-29.950726],[30.955887,-29.950739]]]},"properties":{"Class":"Residential"}},{"type":"Feature","geometry":{"type":"Polygon","coordinates":[[[30.955123,-29.950763],[30.955144,-29.950746],[30.955138,-29.950741],[30.955256,-29.950644],[30.955348,-29.95073],[30.955221,-29.950835],[30.955214,-29.950828],[30.955204,-29.950837],[30.955123,-29.950763]]]},"properties":{"Class":"Residential"}},{"type":"Feature","geometry":{"type":"Polygon","coordinates":[[[30.955649,-29.95072],[30.955585,-29.950754],[30.955557,-29.950713],[30.955665,-29.950655],[30.955711,-29.950721],[30.955667,-29.950745],[30.955649,-29.95072]]]},"properties":{"Class":"Residential"}},{"type":"Feature","geometry":{"type":"Polygon","coordinates":[[[30.956865,-29.950699],[30.95687,-29.950706],[30.956929,-29.950676],[30.956934,-29.950683],[30.956958,-29.95067],[30.957003,-29.950735],[30.956993,-29.950741],[30.957006,-29.95076],[30.956999,-29.950764],[30.957053,-29.950842],[30.956991,-29.950874],[30.956995,-29.95088],[30.956851,-29.950956],[30.9568,-29.950883],[30.956848,-29.950858],[30.956873,-29.950894],[30.956887,-29.950886],[30.956903,-29.95091],[30.956936,-29.950893],[30.956932,-29.950887],[30.956947,-29.950879],[30.956902,-29.950813],[30.95691,-29.950808],[30.956843,-29.950711],[30.956865,-29.950699]]]},"properties":{"Class":"Residential"}},{"type":"Feature","geometry":{"type":"Polygon","coordinates":[[[30.955945,-29.950689],[30.955995,-29.950734],[30.955939,-29.950782],[30.955888,-29.950737],[30.955945,-29.950689]]]},"properties":{"Class":"Residential"}},{"type":"Feature","geometry":{"type":"Polygon","coordinates":[[[30.956509,-29.950793],[30.956514,-29.950805],[30.956529,-29.950799],[30.956533,-29.950809],[30.956601,-29.950786],[30.956604,-29.950794],[30.956657,-29.950776],[30.956652,-29.950766],[30.956722,-29.950742],[30.956712,-29.950721],[30.956783,-29.950696],[30.956816,-29.950768],[30.956797,-29.950774],[30.956806,-29.950794],[30.956744,-29.950815],[30.956764,-29.950859],[30.956791,-29.95085],[30.956797,-29.950863],[30.95678,-29.950869],[30.9568,-29.950913],[30.956768,-29.950924],[30.956771,-29.95093],[30.956734,-29.950943],[30.956726,-29.950927],[30.956719,-29.95093],[30.956698,-29.950884],[30.956713,-29.950879],[30.956704,-29.950859],[30.956691,-29.950864],[30.95668,-29.95084],[30.956655,-29.950848],[30.956639,-29.950812],[30.956607,-29.950823],[30.956628,-29.950869],[30.956622,-29.950871],[30.956616,-29.950858],[30.956598,-29.950864],[30.956595,-29.950858],[30.95657,-29.950866],[30.956567,-29.95086],[30.956508,-29.95088],[30.956481,-29.950822],[30.956492,-29.950818],[30.956484,-29.950802],[30.956509,-29.950793]]]},"properties":{"Class":"Residential"}},{"type":"Feature","geometry":{"type":"Polygon","coordinates":[[[30.955609,-29.950801],[30.955629,-29.950787],[30.955635,-29.950794],[30.955705,-29.950745],[30.955745,-29.950789],[30.955739,-29.950793],[30.955784,-29.950843],[30.955742,-29.950872],[30.955734,-29.950864],[30.9557,-29.950888],[30.955638,-29.950821],[30.955613,-29.950839],[30.955616,-29.950843],[30.955594,-29.950858],[30.95568,-29.950951],[30.955621,-29.950993],[30.955614,-29.950986],[30.955542,-29.951037],[30.955511,-29.951003],[30.955504,-29.951007],[30.955464,-29.950963],[30.9555,-29.950938],[30.955491,-29.950929],[30.955551,-29.950887],[30.955532,-29.950866],[30.955505,-29.950885],[30.955479,-29.950856],[30.955488,-29.95085],[30.955455,-29.950814],[30.955527,-29.950764],[30.955564,-29.950803],[30.95557,-29.950799],[30.955582,-29.950811],[30.955604,-29.950796],[30.955609,-29.950801]]]},"properties":{"Class":"Residential"}},{"type":"Feature","geometry":{"type":"Polygon","coordinates":[[[30.955988,-29.950804],[30.955978,-29.950813],[30.955956,-29.950792],[30.95597,-29.950781],[30.955963,-29.950775],[30.956005,-29.950742],[30.956056,-29.950791],[30.956041,-29.950803],[30.956034,-29.950797],[30.956015,-29.950812],[30.956007,-29.950804],[30.955996,-29.950812],[30.955988,-29.950804]]]},"properties":{"Class":"Residential"}},{"type":"Feature","geometry":{"type":"Polygon","coordinates":[[[30.95505,-29.951104],[30.955038,-29.951092],[30.955046,-29.951087],[30.955016,-29.951056],[30.955037,-29.95104],[30.955018,-29.951021],[30.954956,-29.951069],[30.954937,-29.95105],[30.954871,-29.951101],[30.954826,-29.951056],[30.954891,-29.951006],[30.954853,-29.950968],[30.954915,-29.950921],[30.954948,-29.950954],[30.954973,-29.950935],[30.954941,-29.950904],[30.95502,-29.950844],[30.955029,-29.950853],[30.955104,-29.950797],[30.95518,-29.950874],[30.955135,-29.950908],[30.955127,-29.9509],[30.955109,-29.950914],[30.955099,-29.950905],[30.955089,-29.950913],[30.955111,-29.950935],[30.955033,-29.950994],[30.955059,-29.951019],[30.955116,-29.950975],[30.955124,-29.950983],[30.955144,-29.950968],[30.95518,-29.951004],[30.955102,-29.951063],[30.955109,-29.951069],[30.955092,-29.951082],[30.955087,-29.951077],[30.95505,-29.951104]]]},"properties":{"Class":"Residential"}},{"type":"Feature","geometry":{"type":"Polygon","coordinates":[[[30.955237,-29.950878],[30.955225,-29.950866],[30.955298,-29.950809],[30.955353,-29.950863],[30.955204,-29.950978],[30.955182,-29.950956],[30.955195,-29.950945],[30.955175,-29.950926],[30.955237,-29.950878]]]},"properties":{"Class":"Residential"}},{"type":"Feature","geometry":{"type":"Polygon","coordinates":[[[30.957099,-29.950888],[30.957111,-29.950879],[30.957137,-29.950904],[30.957153,-29.950891],[30.957225,-29.950962],[30.957171,-29.951004],[30.957151,-29.950984],[30.957116,-29.951011],[30.95714,-29.951034],[30.957072,-29.951087],[30.957102,-29.951115],[30.957096,-29.95112],[30.957121,-29.951145],[30.957112,-29.951152],[30.957129,-29.951169],[30.957102,-29.95119],[30.957109,-29.951197],[30.957098,-29.951205],[30.957028,-29.951135],[30.957037,-29.951128],[30.957022,-29.951114],[30.957013,-29.951121],[30.956957,-29.951065],[30.95696,-29.951063],[30.956967,-29.95107],[30.95698,-29.951059],[30.956972,-29.951051],[30.957005,-29.951026],[30.956997,-29.951018],[30.957032,-29.950991],[30.956975,-29.950935],[30.957046,-29.95088],[30.957038,-29.950872],[30.957063,-29.950852],[30.957099,-29.950888]]]},"properties":{"Class":"Residential"}},{"type":"Feature","geometry":{"type":"Polygon","coordinates":[[[30.955269,-29.950955],[30.955334,-29.9509],[30.955347,-29.950911],[30.955354,-29.950905],[30.955365,-29.950915],[30.955395,-29.950889],[30.955421,-29.950912],[30.955262,-29.951046],[30.955274,-29.951058],[30.955239,-29.951087],[30.955182,-29.951035],[30.955273,-29.950958],[30.955269,-29.950955]]]},"properties":{"Class":"Residential"}},{"type":"Feature","geometry":{"type":"Polygon","coordinates":[[[30.956574,-29.951029],[30.95658,-29.951025],[30.956547,-29.950983],[30.95654,-29.950987],[30.956524,-29.950967],[30.956588,-29.950927],[30.956602,-29.950945],[30.956653,-29.950913],[30.956746,-29.951028],[30.956688,-29.951064],[30.956697,-29.951075],[30.956643,-29.951108],[30.956635,-29.951098],[30.956625,-29.951104],[30.956606,-29.951081],[30.956613,-29.951077],[30.956574,-29.951029]]]},"properties":{"Class":"Residential"}},{"type":"Feature","geometry":{"type":"Polygon","coordinates":[[[30.956835,-29.95105],[30.95675,-29.950968],[30.956798,-29.950931],[30.956844,-29.950975],[30.95685,-29.95097],[30.956859,-29.950979],[30.956909,-29.95094],[30.956975,-29.951004],[30.956927,-29.951042],[30.956935,-29.951049],[30.956884,-29.95109],[30.956866,-29.951071],[30.956846,-29.951087],[30.95682,-29.951062],[30.956835,-29.95105]]]},"properties":{"Class":"Residential"}},{"type":"Feature","geometry":{"type":"Polygon","coordinates":[[[30.955336,-29.951142],[30.955292,-29.951101],[30.955412,-29.951001],[30.955483,-29.951065],[30.955422,-29.951116],[30.955396,-29.951092],[30.955336,-29.951142]]]},"properties":{"Class":"Residential"}},{"type":"Feature","geometry":{"type":"Polygon","coordinates":[[[30.955114,-29.951094],[30.955178,-29.951041],[30.955225,-29.951084],[30.955161,-29.951137],[30.955114,-29.951094]]]},"properties":{"Class":"Residential"}},{"type":"Feature","geometry":{"type":"Polygon","coordinates":[[[30.956315,-29.951111],[30.956356,-29.951174],[30.956274,-29.951214],[30.956269,-29.951207],[30.956248,-29.951217],[30.956256,-29.951229],[30.95627,-29.951222],[30.956284,-29.951244],[30.956233,-29.951269],[30.956228,-29.951261],[30.956212,-29.951269],[30.95622,-29.951281],[30.956174,-29.951304],[30.956172,-29.951301],[30.956115,-29.951329],[30.956071,-29.951262],[30.956078,-29.951259],[30.95607,-29.951246],[30.956114,-29.951225],[30.956141,-29.951266],[30.956191,-29.951241],[30.956172,-29.95121],[30.956165,-29.951214],[30.956148,-29.951188],[30.956156,-29.951184],[30.956119,-29.951125],[30.956252,-29.95106],[30.956293,-29.951122],[30.956315,-29.951111]]]},"properties":{"Class":"Residential"}},{"type":"Feature","geometry":{"type":"Polygon","coordinates":[[[30.95676,-29.951211],[30.956704,-29.951158],[30.95679,-29.951091],[30.956898,-29.951195],[30.956848,-29.951234],[30.956796,-29.951183],[30.95676,-29.951211]]]},"properties":{"Class":"Residential"}},{"type":"Feature","geometry":{"type":"Polygon","coordinates":[[[30.955136,-29.951149],[30.955176,-29.951184],[30.95522,-29.951146],[30.955226,-29.951151],[30.955245,-29.951135],[30.955235,-29.951126],[30.955252,-29.951112],[30.955331,-29.951182],[30.955263,-29.95124],[30.955247,-29.951226],[30.955236,-29.951236],[30.955185,-29.95119],[30.955128,-29.951239],[30.95508,-29.951196],[30.955136,-29.951149]]]},"properties":{"Class":"Residential"}},{"type":"Feature","geometry":{"type":"Polygon","coordinates":[[[30.954704,-29.951181],[30.954716,-29.951172],[30.954709,-29.951165],[30.954764,-29.951121],[30.954816,-29.95117],[30.954683,-29.951277],[30.954606,-29.951205],[30.954673,-29.951152],[30.954704,-29.951181]]]},"properties":{"Class":"Residential"}},{"type":"Feature","geometry":{"type":"Polygon","coordinates":[[[30.955062,-29.951129],[30.955083,-29.951148],[30.95507,-29.951159],[30.95509,-29.951176],[30.955013,-29.951245],[30.95498,-29.951217],[30.955038,-29.951165],[30.955029,-29.951158],[30.955062,-29.951129]]]},"properties":{"Class":"Residential"}},{"type":"Feature","geometry":{"type":"Polygon","coordinates":[[[30.955992,-29.951139],[30.956064,-29.9512],[30.956024,-29.951236],[30.955951,-29.951176],[30.955992,-29.951139]]]},"properties":{"Class":"Residential"}},{"type":"Feature","geometry":{"type":"Polygon","coordinates":[[[30.956957,-29.951183],[30.956968,-29.951173],[30.956975,-29.951179],[30.957013,-29.951142],[30.95708,-29.951195],[30.957043,-29.951232],[30.956983,-29.951185],[30.956972,-29.951195],[30.956957,-29.951183]]]},"properties":{"Class":"Residential"}},{"type":"Feature","geometry":{"type":"Polygon","coordinates":[[[30.955727,-29.95128],[30.955722,-29.951236],[30.95569,-29.951239],[30.955684,-29.951185],[30.955718,-29.951182],[30.955715,-29.951159],[30.955765,-29.951155],[30.955766,-29.951163],[30.955778,-29.951162],[30.955779,-29.951171],[30.955829,-29.951167],[30.95584,-29.951263],[30.95585,-29.951262],[30.955852,-29.951274],[30.955832,-29.951276],[30.955836,-29.951314],[30.955768,-29.95132],[30.955769,-29.951331],[30.955731,-29.951334],[30.955725,-29.95128],[30.955727,-29.95128]]]},"properties":{"Class":"Residential"}},{"type":"Feature","geometry":{"type":"Polygon","coordinates":[[[30.956279,-29.951292],[30.956343,-29.951242],[30.956325,-29.951225],[30.956336,-29.951216],[30.956352,-29.951232],[30.95637,-29.951218],[30.956429,-29.951275],[30.956413,-29.951288],[30.95647,-29.951342],[30.956394,-29.951403],[30.956362,-29.951371],[30.956326,-29.9514],[30.95631,-29.951384],[30.956314,-29.951381],[30.956276,-29.951344],[30.956307,-29.95132],[30.956279,-29.951292]]]},"properties":{"Class":"Residential"}},{"type":"Feature","geometry":{"type":"Polygon","coordinates":[[[30.955207,-29.951326],[30.955194,-29.951317],[30.955211,-29.9513],[30.955199,-29.951291],[30.955174,-29.951316],[30.955167,-29.95131],[30.955155,-29.951322],[30.955114,-29.951291],[30.955102,-29.951303],[30.955135,-29.951328],[30.955112,-29.951352],[30.955049,-29.951305],[30.955085,-29.95127],[30.955103,-29.951283],[30.955167,-29.951218],[30.955225,-29.951261],[30.955219,-29.951268],[30.955235,-29.951281],[30.955256,-29.951259],[30.955298,-29.95129],[30.955222,-29.951367],[30.95519,-29.951343],[30.955207,-29.951326]]]},"properties":{"Class":"Residential"}},{"type":"Feature","geometry":{"type":"Polygon","coordinates":[[[30.954815,-29.951374],[30.954835,-29.951394],[30.954811,-29.951413],[30.954818,-29.951419],[30.954737,-29.951483],[30.954693,-29.95144],[30.95477,-29.951379],[30.954753,-29.951362],[30.954678,-29.951421],[30.954651,-29.951395],[30.954644,-29.9514],[30.954633,-29.95139],[30.954624,-29.951397],[30.954582,-29.951357],[30.954495,-29.951425],[30.954459,-29.95139],[30.954478,-29.951375],[30.954423,-29.951321],[30.954481,-29.951275],[30.954491,-29.951285],[30.954562,-29.951228],[30.954672,-29.951333],[30.954693,-29.951317],[30.954699,-29.951323],[30.954707,-29.951317],[30.954715,-29.951325],[30.954778,-29.951276],[30.954791,-29.951289],[30.9548,-29.951282],[30.954815,-29.951296],[30.9548,-29.951308],[30.95482,-29.951327],[30.954847,-29.951306],[30.954872,-29.95133],[30.954815,-29.951374]]]},"properties":{"Class":"Residential"}},{"type":"Feature","geometry":{"type":"Polygon","coordinates":[[[30.95699,-29.951303],[30.956999,-29.951296],[30.957008,-29.951305],[30.95702,-29.951296],[30.957031,-29.951306],[30.957022,-29.951313],[30.957032,-29.951322],[30.957041,-29.951315],[30.957067,-29.951339],[30.956962,-29.951424],[30.956907,-29.951373],[30.956917,-29.951364],[30.956871,-29.951321],[30.956859,-29.95133],[30.956848,-29.95132],[30.956934,-29.951251],[30.95699,-29.951303]]]},"properties":{"Class":"Residential"}},{"type":"Feature","geometry":{"type":"Polygon","coordinates":[[[30.954908,-29.951306],[30.954894,-29.951294],[30.954947,-29.95125],[30.954992,-29.951293],[30.954917,-29.951354],[30.954895,-29.951333],[30.954906,-29.951325],[30.954896,-29.951316],[30.954908,-29.951306]]]},"properties":{"Class":"Residential"}},{"type":"Feature","geometry":{"type":"Polygon","coordinates":[[[30.955876,-29.951296],[30.955924,-29.951256],[30.955959,-29.951288],[30.955853,-29.951374],[30.955829,-29.951351],[30.955886,-29.951304],[30.955876,-29.951296]]]},"properties":{"Class":"Residential"}},{"type":"Feature","geometry":{"type":"Polygon","coordinates":[[[30.956219,-29.951425],[30.956139,-29.951355],[30.956185,-29.951315],[30.956265,-29.951385],[30.956219,-29.951425]]]},"properties":{"Class":"Residential"}},{"type":"Feature","geometry":{"type":"Polygon","coordinates":[[[30.95485,-29.951442],[30.954868,-29.951428],[30.954884,-29.951443],[30.954974,-29.951368],[30.954967,-29.951361],[30.954998,-29.951336],[30.955083,-29.951413],[30.955101,-29.951398],[30.955108,-29.951405],[30.954945,-29.951541],[30.954913,-29.951512],[30.954924,-29.951502],[30.954895,-29.951475],[30.954886,-29.951483],[30.954874,-29.951471],[30.954878,-29.951468],[30.95485,-29.951442]]]},"properties":{"Class":"Residential"}},{"type":"Feature","geometry":{"type":"Polygon","coordinates":[[[30.956126,-29.951432],[30.956063,-29.951373],[30.956109,-29.951336],[30.956172,-29.951395],[30.956126,-29.951432]]]},"properties":{"Class":"Residential"}},{"type":"Feature","geometry":{"type":"Polygon","coordinates":[[[30.955942,-29.951344],[30.955952,-29.951335],[30.955996,-29.951374],[30.955989,-29.95138],[30.955999,-29.951388],[30.955893,-29.95148],[30.955848,-29.95144],[30.955856,-29.951433],[30.955842,-29.95142],[30.955936,-29.951339],[30.955942,-29.951344]]]},"properties":{"Class":"Residential"}},{"type":"Feature","geometry":{"type":"Polygon","coordinates":[[[30.954437,-29.951491],[30.954417,-29.951507],[30.9544,-29.951492],[30.954341,-29.95154],[30.9543,-29.951501],[30.954362,-29.951451],[30.954322,-29.951414],[30.954387,-29.951361],[30.954478,-29.951446],[30.954497,-29.95143],[30.954578,-29.951506],[30.954498,-29.951571],[30.954469,-29.951544],[30.954474,-29.95154],[30.954459,-29.951526],[30.954472,-29.951515],[30.954486,-29.951528],[30.9545,-29.951516],[30.954452,-29.951471],[30.954433,-29.951487],[30.954437,-29.951491]]]},"properties":{"Class":"Residential"}},{"type":"Feature","geometry":{"type":"Polygon","coordinates":[[[30.955444,-29.951394],[30.955453,-29.951387],[30.955495,-29.951427],[30.955518,-29.951409],[30.955609,-29.951495],[30.955636,-29.951474],[30.955751,-29.951582],[30.955726,-29.951602],[30.955744,-29.951619],[30.955714,-29.951642],[30.955762,-29.951687],[30.955755,-29.951693],[30.955786,-29.951723],[30.955767,-29.951738],[30.955789,-29.951759],[30.955748,-29.951792],[30.955692,-29.95174],[30.9557,-29.951733],[30.955642,-29.951677],[30.955674,-29.951651],[30.955568,-29.951552],[30.95558,-29.951542],[30.955568,-29.951531],[30.955578,-29.951523],[30.955567,-29.951512],[30.955545,-29.95153],[30.955537,-29.951522],[30.955493,-29.951558],[30.955382,-29.951454],[30.95545,-29.951399],[30.955444,-29.951394]]]},"properties":{"Class":"Residential"}},{"type":"Feature","geometry":{"type":"Polygon","coordinates":[[[30.954539,-29.951448],[30.954597,-29.951402],[30.954656,-29.951459],[30.954598,-29.951505],[30.954539,-29.951448]]]},"properties":{"Class":"Residential"}},{"type":"Feature","geometry":{"type":"Polygon","coordinates":[[[30.956004,-29.951494],[30.955951,-29.951446],[30.955998,-29.951407],[30.956051,-29.951455],[30.956004,-29.951494]]]},"properties":{"Class":"Residential"}},{"type":"Feature","geometry":{"type":"Polygon","coordinates":[[[30.956465,-29.951426],[30.956578,-29.951526],[30.956531,-29.951567],[30.956418,-29.951467],[30.956465,-29.951426]]]},"properties":{"Class":"Residential"}},{"type":"Feature","geometry":{"type":"Polygon","coordinates":[[[30.956269,-29.951539],[30.956236,-29.95151],[30.956268,-29.951484],[30.95624,-29.951458],[30.956281,-29.951424],[30.95632,-29.95146],[30.95633,-29.951451],[30.956425,-29.951537],[30.956418,-29.951543],[30.956436,-29.951559],[30.956417,-29.951575],[30.956405,-29.951564],[30.956389,-29.951577],[30.956333,-29.951527],[30.956326,-29.951533],[30.956334,-29.95154],[30.956285,-29.951582],[30.956253,-29.951553],[30.956269,-29.951539]]]},"properties":{"Class":"Residential"}},{"type":"Feature","geometry":{"type":"Polygon","coordinates":[[[30.954713,-29.95154],[30.954692,-29.951522],[30.954652,-29.951556],[30.954607,-29.951516],[30.954676,-29.951457],[30.954742,-29.951516],[30.954713,-29.95154]]]},"properties":{"Class":"Residential"}},{"type":"Feature","geometry":{"type":"Polygon","coordinates":[[[30.954871,-29.951522],[30.95491,-29.95156],[30.95488,-29.951584],[30.954872,-29.951576],[30.954844,-29.951598],[30.95486,-29.951614],[30.954794,-29.951666],[30.954712,-29.951586],[30.954786,-29.951527],[30.954782,-29.951523],[30.954836,-29.951481],[30.954875,-29.951519],[30.954871,-29.951522]]]},"properties":{"Class":"Residential"}},{"type":"Feature","geometry":{"type":"Polygon","coordinates":[[[30.955439,-29.951573],[30.955443,-29.951569],[30.955454,-29.951579],[30.955398,-29.951625],[30.955409,-29.951635],[30.955392,-29.951649],[30.955403,-29.95166],[30.955381,-29.951678],[30.955374,-29.951671],[30.955385,-29.951662],[30.955376,-29.951653],[30.955383,-29.951647],[30.95527,-29.951542],[30.955342,-29.951483],[30.955439,-29.951573]]]},"properties":{"Class":"Residential"}},{"type":"Feature","geometry":{"type":"Polygon","coordinates":[[[30.954249,-29.951642],[30.954239,-29.951633],[30.95418,-29.951686],[30.954101,-29.951618],[30.954131,-29.951592],[30.954168,-29.951624],[30.954189,-29.951605],[30.954198,-29.951612],[30.95421,-29.951601],[30.954164,-29.951562],[30.954223,-29.951509],[30.954255,-29.951536],[30.954264,-29.951529],[30.954284,-29.951546],[30.954291,-29.95154],[30.954311,-29.951557],[30.954291,-29.951574],[30.954319,-29.951598],[30.954292,-29.951621],[30.954282,-29.951613],[30.954249,-29.951642]]]},"properties":{"Class":"Residential"}},{"type":"Feature","geometry":{"type":"Polygon","coordinates":[[[30.954584,-29.951651],[30.95464,-29.951605],[30.954624,-29.95159],[30.954566,-29.951637],[30.954558,-29.951629],[30.954477,-29.951694],[30.954486,-29.951703],[30.954481,-29.951708],[30.954511,-29.951737],[30.954474,-29.951766],[30.954435,-29.95173],[30.954427,-29.951738],[30.954409,-29.951721],[30.954438,-29.951697],[30.95443,-29.951689],[30.954439,-29.951682],[30.954432,-29.951676],[30.954439,-29.95167],[30.954427,-29.951658],[30.954598,-29.95152],[30.954783,-29.951693],[30.954766,-29.951708],[30.954775,-29.951717],[30.954741,-29.951744],[30.954736,-29.951739],[30.954724,-29.951748],[30.954734,-29.951757],[30.954716,-29.951772],[30.954699,-29.951756],[30.954627,-29.951815],[30.954591,-29.951781],[30.954605,-29.951771],[30.954595,-29.951762],[30.954585,-29.95177],[30.954545,-29.951733],[30.954561,-29.95172],[30.954568,-29.951726],[30.95462,-29.951684],[30.954584,-29.951651]]]},"properties":{"Class":"Residential"}},{"type":"Feature","geometry":{"type":"Polygon","coordinates":[[[30.954336,-29.951614],[30.954326,-29.951605],[30.954334,-29.951599],[30.954301,-29.951568],[30.954314,-29.951557],[30.954414,-29.951651],[30.954351,-29.951702],[30.954293,-29.951649],[30.954336,-29.951614]]]},"properties":{"Class":"Residential"}},{"type":"Feature","geometry":{"type":"Polygon","coordinates":[[[30.955592,-29.95159],[30.955539,-29.951636],[30.955588,-29.951678],[30.955544,-29.951717],[30.955442,-29.951629],[30.95549,-29.951587],[30.955509,-29.951603],[30.955557,-29.951561],[30.955592,-29.95159]]]},"properties":{"Class":"Residential"}},{"type":"Feature","geometry":{"type":"Polygon","coordinates":[[[30.95658,-29.951613],[30.956631,-29.951573],[30.956737,-29.951673],[30.956687,-29.951714],[30.95658,-29.951613]]]},"properties":{"Class":"Residential"}},{"type":"Feature","geometry":{"type":"Polygon","coordinates":[[[30.955101,-29.951922],[30.955111,-29.95193],[30.955136,-29.95191],[30.955126,-29.951901],[30.955188,-29.95185],[30.955199,-29.95186],[30.955223,-29.95184],[30.955204,-29.951822],[30.955252,-29.951782],[30.955262,-29.951791],[30.955298,-29.951761],[30.955315,-29.951776],[30.955343,-29.951753],[30.95529,-29.951705],[30.955278,-29.951714],[30.955288,-29.951723],[30.95526,-29.951746],[30.955149,-29.951645],[30.955231,-29.951577],[30.955253,-29.951597],[30.955262,-29.95159],[30.955298,-29.951623],[30.955285,-29.951634],[30.95534,-29.951685],[30.955327,-29.951696],[30.955348,-29.951715],[30.955358,-29.951706],[30.955349,-29.951697],[30.955368,-29.951682],[30.955379,-29.951692],[30.955437,-29.951643],[30.955545,-29.951743],[30.955521,-29.951763],[30.955507,-29.95175],[30.955448,-29.951799],[30.955461,-29.95181],[30.955448,-29.951821],[30.955439,-29.951813],[30.955431,-29.951821],[30.955376,-29.951771],[30.955339,-29.951803],[30.955354,-29.951817],[30.955377,-29.951797],[30.955424,-29.95184],[30.955373,-29.951883],[30.955361,-29.951871],[30.955327,-29.951899],[30.955313,-29.951886],[30.955268,-29.951924],[30.955281,-29.951935],[30.955216,-29.951989],[30.955208,-29.951981],[30.955191,-29.951995],[30.955157,-29.951965],[30.955163,-29.95196],[30.955155,-29.951952],[30.955131,-29.951972],[30.955183,-29.952019],[30.955136,-29.952058],[30.955092,-29.952017],[30.955095,-29.952014],[30.955045,-29.951969],[30.955101,-29.951922]]]},"properties":{"Class":"Residential"}},{"type":"Feature","geometry":{"type":"Polygon","coordinates":[[[30.953995,-29.951813],[30.953925,-29.951752],[30.953987,-29.951699],[30.95397,-29.951684],[30.95403,-29.951632],[30.954118,-29.951709],[30.954139,-29.95169],[30.954188,-29.951733],[30.954179,-29.95174],[30.954152,-29.951717],[30.954145,-29.951723],[30.954135,-29.951714],[30.954126,-29.951721],[30.954114,-29.95171],[30.953995,-29.951813]]]},"properties":{"Class":"Residential"}},{"type":"Feature","geometry":{"type":"Polygon","coordinates":[[[30.956401,-29.951648],[30.956424,-29.951628],[30.95648,-29.951679],[30.956421,-29.951728],[30.95637,-29.951681],[30.956405,-29.951652],[30.956401,-29.951648]]]},"properties":{"Class":"Residential"}},{"type":"Feature","geometry":{"type":"Polygon","coordinates":[[[30.956276,-29.951831],[30.956162,-29.951722],[30.95625,-29.951652],[30.956364,-29.951761],[30.956276,-29.951831]]]},"properties":{"Class":"Residential"}},{"type":"Feature","geometry":{"type":"Polygon","coordinates":[[[30.956826,-29.951807],[30.956825,-29.951812],[30.95676,-29.951799],[30.956762,-29.951792],[30.956752,-29.95179],[30.956773,-29.951708],[30.956767,-29.951707],[30.956773,-29.951687],[30.956784,-29.951689],[30.956788,-29.951674],[30.9568,-29.951676],[30.956803,-29.951664],[30.956813,-29.951666],[30.956817,-29.951652],[30.95684,-29.951657],[30.956838,-29.951667],[30.956853,-29.95167],[30.956851,-29.95168],[30.956868,-29.951684],[30.956863,-29.951703],[30.956852,-29.9517],[30.956848,-29.951714],[30.956809,-29.951706],[30.956807,-29.951713],[30.956787,-29.951709],[30.956784,-29.951721],[30.956894,-29.951743],[30.956875,-29.951816],[30.956826,-29.951807]]]},"properties":{"Class":"Residential"}},{"type":"Feature","geometry":{"type":"Polygon","coordinates":[[[30.954228,-29.951719],[30.95424,-29.951729],[30.954257,-29.951715],[30.954249,-29.951707],[30.954268,-29.951691],[30.954252,-29.951678],[30.954258,-29.951673],[30.954314,-29.951724],[30.954188,-29.951827],[30.954151,-29.951793],[30.954168,-29.951779],[30.954156,-29.951767],[30.954195,-29.951735],[30.954202,-29.951741],[30.954228,-29.951719]]]},"properties":{"Class":"Residential"}},{"type":"Feature","geometry":{"type":"Polygon","coordinates":[[[30.95648,-29.951812],[30.956433,-29.951769],[30.956442,-29.951762],[30.956426,-29.951748],[30.956497,-29.95169],[30.956584,-29.95177],[30.956578,-29.951775],[30.956564,-29.951762],[30.956528,-29.951792],[30.956516,-29.951782],[30.95648,-29.951812]]]},"properties":{"Class":"Residential"}},{"type":"Feature","geometry":{"type":"Polygon","coordinates":[[[30.955214,-29.951784],[30.955161,-29.951832],[30.955102,-29.951782],[30.955092,-29.95179],[30.955034,-29.951741],[30.955073,-29.951706],[30.955131,-29.951755],[30.955155,-29.951734],[30.955214,-29.951784]]]},"properties":{"Class":"Residential"}},{"type":"Feature","geometry":{"type":"Polygon","coordinates":[[[30.956631,-29.95179],[30.956584,-29.951747],[30.956629,-29.951709],[30.956676,-29.951752],[30.956631,-29.95179]]]},"properties":{"Class":"Residential"}},{"type":"Feature","geometry":{"type":"Polygon","coordinates":[[[30.955587,-29.951726],[30.955638,-29.951775],[30.955652,-29.951764],[30.955709,-29.951819],[30.95563,-29.951881],[30.955555,-29.95181],[30.955562,-29.951804],[30.955529,-29.951772],[30.955587,-29.951726]]]},"properties":{"Class":"Residential"}},{"type":"Feature","geometry":{"type":"Polygon","coordinates":[[[30.953975,-29.951951],[30.954006,-29.951923],[30.953996,-29.951915],[30.954004,-29.951907],[30.953998,-29.951902],[30.954023,-29.951879],[30.954007,-29.951866],[30.954087,-29.951794],[30.95408,-29.951788],[30.954105,-29.951765],[30.954125,-29.951782],[30.9541,-29.951805],[30.954136,-29.951835],[30.954125,-29.951845],[30.954147,-29.951863],[30.954077,-29.951927],[30.95407,-29.951921],[30.954007,-29.951978],[30.953975,-29.951951]]]},"properties":{"Class":"Residential"}},{"type":"Feature","geometry":{"type":"Polygon","coordinates":[[[30.954555,-29.951879],[30.954535,-29.951897],[30.954463,-29.951838],[30.954493,-29.95181],[30.954473,-29.951793],[30.954499,-29.951769],[30.954606,-29.951856],[30.954598,-29.951864],[30.954589,-29.951856],[30.954573,-29.951872],[30.954562,-29.951863],[30.95455,-29.951875],[30.954555,-29.951879]]]},"properties":{"Class":"Residential"}},{"type":"Feature","geometry":{"type":"Polygon","coordinates":[[[30.955039,-29.951924],[30.955005,-29.951889],[30.954992,-29.951898],[30.954922,-29.951825],[30.955,-29.951769],[30.955103,-29.951876],[30.955039,-29.951924]]]},"properties":{"Class":"Residential"}},{"type":"Feature","geometry":{"type":"Polygon","coordinates":[[[30.956555,-29.951806],[30.956584,-29.951787],[30.956632,-29.951842],[30.95659,-29.951869],[30.956555,-29.951829],[30.956567,-29.95182],[30.956555,-29.951806]]]},"properties":{"Class":"Residential"}},{"type":"Feature","geometry":{"type":"Polygon","coordinates":[[[30.956317,-29.951875],[30.956398,-29.951806],[30.956457,-29.951859],[30.956469,-29.951849],[30.956529,-29.951904],[30.956425,-29.951991],[30.956363,-29.951936],[30.956375,-29.951926],[30.956317,-29.951875]]]},"properties":{"Class":"Residential"}},{"type":"Feature","geometry":{"type":"Polygon","coordinates":[[[30.956751,-29.951804],[30.956855,-29.951831],[30.956847,-29.951853],[30.956863,-29.951857],[30.956847,-29.951901],[30.956803,-29.951889],[30.956805,-29.951882],[30.95673,-29.951863],[30.956751,-29.951804]]]},"properties":{"Class":"Residential"}},{"type":"Feature","geometry":{"type":"Polygon","coordinates":[[[30.955421,-29.951912],[30.95544,-29.951896],[30.955421,-29.951879],[30.955493,-29.951819],[30.955601,-29.951919],[30.955564,-29.951949],[30.955495,-29.951885],[30.955441,-29.95193],[30.955421,-29.951912]]]},"properties":{"Class":"Residential"}},{"type":"Feature","geometry":{"type":"Polygon","coordinates":[[[30.953908,-29.951901],[30.953912,-29.951905],[30.953865,-29.951938],[30.953877,-29.951951],[30.953831,-29.951984],[30.95374,-29.95189],[30.953815,-29.951836],[30.953847,-29.95187],[30.953914,-29.951822],[30.953956,-29.951866],[30.953908,-29.951901]]]},"properties":{"Class":"Residential"}},{"type":"Feature","geometry":{"type":"Polygon","coordinates":[[[30.956705,-29.951913],[30.956657,-29.951951],[30.956625,-29.95192],[30.956596,-29.951895],[30.95666,-29.951841],[30.956697,-29.951874],[30.95668,-29.951888],[30.956705,-29.951913]]]},"properties":{"Class":"Residential"}},{"type":"Feature","geometry":{"type":"Polygon","coordinates":[[[30.954865,-29.951978],[30.954812,-29.95193],[30.954886,-29.951868],[30.954891,-29.951873],[30.95491,-29.951857],[30.955012,-29.951949],[30.954928,-29.95202],[30.954873,-29.95197],[30.954865,-29.951978]]]},"properties":{"Class":"Residential"}},{"type":"Feature","geometry":{"type":"Polygon","coordinates":[[[30.955906,-29.951933],[30.95593,-29.951913],[30.955938,-29.951921],[30.955955,-29.951906],[30.955943,-29.951895],[30.955979,-29.951865],[30.956025,-29.951907],[30.95604,-29.951895],[30.956118,-29.951966],[30.95615,-29.951939],[30.956211,-29.951995],[30.956202,-29.952002],[30.956251,-29.952047],[30.956176,-29.952108],[30.956164,-29.952097],[30.956133,-29.952122],[30.956144,-29.952133],[30.956052,-29.952209],[30.956076,-29.95223],[30.956109,-29.952203],[30.956161,-29.95225],[30.956175,-29.952237],[30.956234,-29.952291],[30.956149,-29.952361],[30.956095,-29.952311],[30.956108,-29.952301],[30.95605,-29.952247],[30.956023,-29.952269],[30.956015,-29.952261],[30.955963,-29.952305],[30.95591,-29.952256],[30.955961,-29.952214],[30.955904,-29.952162],[30.95594,-29.952132],[30.95595,-29.952141],[30.955991,-29.952107],[30.955981,-29.952098],[30.956037,-29.952052],[30.956005,-29.952023],[30.956011,-29.952018],[30.955987,-29.951996],[30.955978,-29.952004],[30.955917,-29.951948],[30.955903,-29.95196],[30.955872,-29.951932],[30.95589,-29.951917],[30.955906,-29.951933]]]},"properties":{"Class":"Residential"}},{"type":"Feature","geometry":{"type":"Polygon","coordinates":[[[30.95674,-29.951914],[30.956734,-29.951909],[30.956759,-29.951886],[30.956766,-29.951892],[30.956772,-29.951887],[30.956844,-29.951946],[30.956813,-29.951974],[30.956788,-29.951953],[30.956768,-29.951973],[30.956719,-29.951933],[30.95674,-29.951914]]]},"properties":{"Class":"Residential"}},{"type":"Feature","geometry":{"type":"Polygon","coordinates":[[[30.954261,-29.952054],[30.954219,-29.952015],[30.954279,-29.951966],[30.95427,-29.951957],[30.95433,-29.951908],[30.954415,-29.951987],[30.954356,-29.952035],[30.954323,-29.952004],[30.954261,-29.952054]]]},"properties":{"Class":"Residential"}},{"type":"Feature","geometry":{"type":"Polygon","coordinates":[[[30.955455,-29.952014],[30.955464,-29.952021],[30.955405,-29.952074],[30.955344,-29.952023],[30.955357,-29.952011],[30.9553,-29.951964],[30.955354,-29.951916],[30.955407,-29.951961],[30.955417,-29.951952],[30.955472,-29.951999],[30.955455,-29.952014]]]},"properties":{"Class":"Residential"}},{"type":"Feature","geometry":{"type":"Polygon","coordinates":[[[30.956499,-29.951993],[30.956581,-29.951982],[30.956579,-29.951974],[30.956593,-29.951972],[30.956591,-29.95196],[30.956639,-29.951954],[30.956643,-29.95198],[30.956723,-29.95197],[30.956733,-29.952029],[30.956651,-29.952039],[30.956658,-29.952079],[30.95655,-29.952093],[30.956545,-29.95206],[30.956511,-29.952064],[30.956499,-29.951993]]]},"properties":{"Class":"Residential"}},{"type":"Feature","geometry":{"type":"Polygon","coordinates":[[[30.95484,-29.951993],[30.954855,-29.952006],[30.95483,-29.952027],[30.954866,-29.952058],[30.954876,-29.952049],[30.954882,-29.952054],[30.954803,-29.952122],[30.954688,-29.952022],[30.954765,-29.951955],[30.954816,-29.952],[30.954825,-29.951992],[30.954833,-29.952],[30.95484,-29.951993]]]},"properties":{"Class":"Residential"}},{"type":"Feature","geometry":{"type":"Polygon","coordinates":[[[30.955965,-29.95207],[30.955904,-29.952118],[30.955866,-29.952082],[30.955856,-29.95209],[30.955786,-29.952024],[30.955868,-29.951959],[30.955932,-29.95202],[30.955922,-29.952028],[30.955965,-29.95207]]]},"properties":{"Class":"Residential"}},{"type":"Feature","geometry":{"type":"Polygon","coordinates":[[[30.955075,-29.95208],[30.955063,-29.95209],[30.954981,-29.952012],[30.955027,-29.951976],[30.955121,-29.952065],[30.955087,-29.952092],[30.955075,-29.95208]]]},"properties":{"Class":"Residential"}},{"type":"Feature","geometry":{"type":"Polygon","coordinates":[[[30.955382,-29.952109],[30.955335,-29.952148],[30.955323,-29.952137],[30.955284,-29.95217],[30.955223,-29.952115],[30.95521,-29.952126],[30.955167,-29.952087],[30.955174,-29.952081],[30.955184,-29.95209],[30.95519,-29.952085],[30.955195,-29.95209],[30.955207,-29.95208],[30.955191,-29.952067],[30.955265,-29.952004],[30.955382,-29.952109]]]},"properties":{"Class":"Residential"}},{"type":"Feature","geometry":{"type":"Polygon","coordinates":[[[30.954042,-29.952091],[30.954029,-29.952102],[30.954006,-29.952081],[30.953983,-29.952101],[30.953958,-29.952078],[30.954015,-29.952031],[30.954087,-29.952097],[30.954067,-29.952114],[30.954042,-29.952091]]]},"properties":{"Class":"Residential"}},{"type":"Feature","geometry":{"type":"Polygon","coordinates":[[[30.954799,-29.952251],[30.954828,-29.952285],[30.954837,-29.952292],[30.954816,-29.952309],[30.954826,-29.952318],[30.954793,-29.952347],[30.954742,-29.952302],[30.954694,-29.952344],[30.954641,-29.952297],[30.95465,-29.95229],[30.954626,-29.952269],[30.954667,-29.952233],[30.954696,-29.952258],[30.954723,-29.952235],[30.954699,-29.952213],[30.954689,-29.952222],[30.954652,-29.952189],[30.954658,-29.952185],[30.954577,-29.952113],[30.954652,-29.952049],[30.954718,-29.952108],[30.954708,-29.952117],[30.954759,-29.952162],[30.954725,-29.952191],[30.95474,-29.952205],[30.954733,-29.952211],[30.954788,-29.95226],[30.954799,-29.952251]]]},"properties":{"Class":"Residential"}},{"type":"Feature","geometry":{"type":"Polygon","coordinates":[[[30.954053,-29.952196],[30.954047,-29.952191],[30.954068,-29.952172],[30.954048,-29.952155],[30.95416,-29.95205],[30.954246,-29.95212],[30.954187,-29.952175],[30.954148,-29.952144],[30.954057,-29.952228],[30.954037,-29.952211],[30.954053,-29.952196]]]},"properties":{"Class":"Residential"}},{"type":"Feature","geometry":{"type":"Polygon","coordinates":[[[30.955853,-29.952165],[30.955836,-29.952179],[30.955825,-29.952169],[30.955785,-29.952204],[30.955739,-29.952164],[30.955729,-29.952173],[30.955664,-29.952116],[30.955701,-29.952084],[30.955708,-29.95209],[30.955748,-29.952055],[30.955812,-29.952111],[30.955802,-29.95212],[30.955853,-29.952165]]]},"properties":{"Class":"Residential"}},{"type":"Feature","geometry":{"type":"Polygon","coordinates":[[[30.956254,-29.952068],[30.956358,-29.952151],[30.956322,-29.952185],[30.956314,-29.952178],[30.956277,-29.952213],[30.956302,-29.952233],[30.956265,-29.952268],[30.956209,-29.952222],[30.956218,-29.952213],[30.956209,-29.952206],[30.956219,-29.952197],[30.956164,-29.952153],[30.956254,-29.952068]]]},"properties":{"Class":"Residential"}},{"type":"Feature","geometry":{"type":"Polygon","coordinates":[[[30.955072,-29.95215],[30.955123,-29.952106],[30.955178,-29.952154],[30.95519,-29.952144],[30.955253,-29.952198],[30.955209,-29.952237],[30.955212,-29.952239],[30.955178,-29.952269],[30.9551,-29.952202],[30.955088,-29.952214],[30.955048,-29.952179],[30.955066,-29.952163],[30.955056,-29.952154],[30.955066,-29.952146],[30.955072,-29.95215]]]},"properties":{"Class":"Residential"}},{"type":"Feature","geometry":{"type":"Polygon","coordinates":[[[30.954573,-29.952244],[30.95456,-29.952255],[30.954572,-29.952266],[30.95455,-29.952284],[30.954562,-29.952295],[30.954559,-29.952297],[30.95445,-29.952198],[30.954527,-29.952134],[30.954606,-29.952206],[30.954567,-29.952239],[30.954573,-29.952244]]]},"properties":{"Class":"Residential"}},{"type":"Feature","geometry":{"type":"Polygon","coordinates":[[[30.953848,-29.952195],[30.953822,-29.952189],[30.953815,-29.952214],[30.953745,-29.952198],[30.953763,-29.952137],[30.953859,-29.952159],[30.953848,-29.952195]]]},"properties":{"Class":"Residential"}},{"type":"Feature","geometry":{"type":"Polygon","coordinates":[[[30.95559,-29.952189],[30.955629,-29.952157],[30.955739,-29.95226],[30.955707,-29.952286],[30.955716,-29.952295],[30.955673,-29.95233],[30.955538,-29.952202],[30.955566,-29.95218],[30.955574,-29.952187],[30.955581,-29.952182],[30.95559,-29.952189]]]},"properties":{"Class":"Residential"}},{"type":"Feature","geometry":{"type":"Polygon","coordinates":[[[30.955896,-29.952171],[30.955933,-29.952203],[30.955888,-29.952243],[30.95585,-29.952211],[30.955896,-29.952171]]]},"properties":{"Class":"Residential"}},{"type":"Feature","geometry":{"type":"Polygon","coordinates":[[[30.953847,-29.952286],[30.953879,-29.952174],[30.953952,-29.95219],[30.953941,-29.952227],[30.953927,-29.952224],[30.953901,-29.952316],[30.953881,-29.952312],[30.953884,-29.952302],[30.953863,-29.952297],[30.953865,-29.95229],[30.953847,-29.952286]]]},"properties":{"Class":"Residential"}},{"type":"Feature","geometry":{"type":"Polygon","coordinates":[[[30.95384,-29.952246],[30.953838,-29.952254],[30.953812,-29.952251],[30.953803,-29.952307],[30.953705,-29.952294],[30.953719,-29.952216],[30.953663,-29.952209],[30.953666,-29.952193],[30.953697,-29.952197],[30.953699,-29.95219],[30.953737,-29.952195],[30.953734,-29.952209],[30.953854,-29.952225],[30.95385,-29.952247],[30.95384,-29.952246]]]},"properties":{"Class":"Residential"}},{"type":"Feature","geometry":{"type":"Polygon","coordinates":[[[30.955031,-29.952198],[30.955123,-29.952284],[30.955137,-29.952273],[30.955142,-29.952278],[30.955132,-29.952286],[30.955142,-29.952295],[30.955059,-29.952363],[30.954952,-29.952263],[30.954966,-29.952251],[30.954972,-29.952256],[30.954994,-29.952238],[30.954988,-29.952233],[30.955031,-29.952198]]]},"properties":{"Class":"Residential"}},{"type":"Feature","geometry":{"type":"Polygon","coordinates":[[[30.955919,-29.952316],[30.955888,-29.952344],[30.955842,-29.952304],[30.955798,-29.952342],[30.955788,-29.952334],[30.95578,-29.952341],[30.955726,-29.952294],[30.955778,-29.952248],[30.955787,-29.952255],[30.955838,-29.952211],[30.955926,-29.952288],[30.955906,-29.952305],[30.955919,-29.952316]]]},"properties":{"Class":"Residential"}},{"type":"Feature","geometry":{"type":"Polygon","coordinates":[[[30.953622,-29.952214],[30.953688,-29.952219],[30.95368,-29.952296],[30.95369,-29.952297],[30.953682,-29.952375],[30.953559,-29.952365],[30.953568,-29.952285],[30.953614,-29.952289],[30.953622,-29.952214]]]},"properties":{"Class":"Residential"}},{"type":"Feature","geometry":{"type":"Polygon","coordinates":[[[30.955489,-29.952277],[30.955473,-29.952261],[30.955483,-29.952253],[30.955489,-29.952258],[30.955532,-29.952224],[30.955575,-29.952265],[30.955565,-29.952274],[30.955649,-29.952354],[30.955664,-29.952342],[30.955679,-29.952356],[30.955728,-29.952317],[30.955773,-29.95236],[30.955699,-29.952419],[30.955689,-29.95241],[30.955656,-29.952436],[30.955665,-29.952444],[30.955607,-29.95249],[30.955541,-29.952428],[30.955568,-29.952407],[30.955514,-29.952355],[30.9555,-29.952366],[30.955445,-29.952313],[30.955489,-29.952277]]]},"properties":{"Class":"Residential"}},{"type":"Feature","geometry":{"type":"Polygon","coordinates":[[[30.954517,-29.952288],[30.954517,-29.9523],[30.954531,-29.9523],[30.954531,-29.952329],[30.954491,-29.952329],[30.954491,-29.952318],[30.954481,-29.952318],[30.954481,-29.952307],[30.954467,-29.952307],[30.954467,-29.952351],[30.954489,-29.952351],[30.954489,-29.952388],[30.954481,-29.952388],[30.954481,-29.95242],[30.954442,-29.95242],[30.954442,-29.95243],[30.954356,-29.95243],[30.954356,-29.952418],[30.954346,-29.952418],[30.954346,-29.952402],[30.954317,-29.952402],[30.954317,-29.95239],[30.954328,-29.95239],[30.954328,-29.952353],[30.954342,-29.952353],[30.954342,-29.952278],[30.95443,-29.952278],[30.95443,-29.952258],[30.95442,-29.952258],[30.95442,-29.952243],[30.95443,-29.952243],[30.95443,-29.952236],[30.954463,-29.952236],[30.954463,-29.95225],[30.954477,-29.95225],[30.954477,-29.952262],[30.954491,-29.952262],[30.954491,-29.952276],[30.954505,-29.952276],[30.954505,-29.952288],[30.954517,-29.952288]]]},"properties":{"Class":"Residential"}},{"type":"Feature","geometry":{"type":"Polygon","coordinates":[[[30.954066,-29.952344],[30.954098,-29.952345],[30.954094,-29.95242],[30.954046,-29.952419],[30.954044,-29.952455],[30.954016,-29.952454],[30.954016,-29.952463],[30.953985,-29.952462],[30.953988,-29.952416],[30.95398,-29.952416],[30.953983,-29.952341],[30.954001,-29.952341],[30.954005,-29.952264],[30.954069,-29.952267],[30.954066,-29.952344]]]},"properties":{"Class":"Residential"}},{"type":"Feature","geometry":{"type":"Polygon","coordinates":[[[30.956646,-29.952337],[30.956669,-29.952364],[30.956627,-29.952391],[30.95661,-29.952371],[30.956562,-29.952403],[30.956556,-29.952396],[30.956491,-29.952438],[30.956452,-29.952391],[30.956516,-29.952349],[30.956505,-29.952337],[30.956555,-29.952304],[30.956564,-29.952314],[30.956612,-29.952283],[30.956655,-29.952332],[30.956646,-29.952337]]]},"properties":{"Class":"Residential"}},{"type":"Feature","geometry":{"type":"Polygon","coordinates":[[[30.955979,-29.952308],[30.956007,-29.952286],[30.956114,-29.952385],[30.95604,-29.952447],[30.955929,-29.952344],[30.95596,-29.952319],[30.955974,-29.952332],[30.95599,-29.952319],[30.955979,-29.952308]]]},"properties":{"Class":"Residential"}},{"type":"Feature","geometry":{"type":"Polygon","coordinates":[[[30.954902,-29.952389],[30.954845,-29.952345],[30.954899,-29.952292],[30.955022,-29.952388],[30.954954,-29.952454],[30.954888,-29.952402],[30.954902,-29.952389]]]},"properties":{"Class":"Residential"}},{"type":"Feature","geometry":{"type":"Polygon","coordinates":[[[30.95373,-29.952328],[30.953812,-29.952325],[30.953815,-29.952399],[30.953797,-29.952399],[30.953801,-29.952489],[30.953739,-29.952491],[30.953737,-29.952447],[30.953725,-29.952447],[30.953723,-29.952416],[30.953733,-29.952415],[30.95373,-29.952328]]]},"properties":{"Class":"Residential"}},{"type":"Feature","geometry":{"type":"Polygon","coordinates":[[[30.955647,-29.952577],[30.955572,-29.952632],[30.955563,-29.95264],[30.955503,-29.952588],[30.955556,-29.952542],[30.955476,-29.952473],[30.955445,-29.9525],[30.955363,-29.952429],[30.955399,-29.952398],[30.95537,-29.952374],[30.955404,-29.952344],[30.95548,-29.952409],[30.955473,-29.952415],[30.95551,-29.952448],[30.955501,-29.952455],[30.95553,-29.95248],[30.955556,-29.952457],[30.955654,-29.952543],[30.955638,-29.952557],[30.955648,-29.952565],[30.955641,-29.952571],[30.955647,-29.952577]]]},"properties":{"Class":"Residential"}},{"type":"Feature","geometry":{"type":"Polygon","coordinates":[[[30.955956,-29.952447],[30.956003,-29.95249],[30.955915,-29.952564],[30.955799,-29.952459],[30.955767,-29.952486],[30.955743,-29.952464],[30.95572,-29.952484],[30.955686,-29.952454],[30.955731,-29.952416],[30.955737,-29.952421],[30.955798,-29.95237],[30.955848,-29.952415],[30.955905,-29.952368],[30.955975,-29.952431],[30.955956,-29.952447]]]},"properties":{"Class":"Residential"}},{"type":"Feature","geometry":{"type":"Polygon","coordinates":[[[30.956681,-29.952522],[30.95674,-29.952499],[30.956692,-29.952405],[30.95677,-29.952375],[30.956775,-29.952385],[30.956802,-29.952374],[30.956846,-29.952461],[30.956859,-29.952456],[30.956901,-29.952539],[30.956846,-29.95256],[30.956837,-29.952543],[30.95673,-29.952584],[30.956717,-29.952558],[30.95671,-29.952561],[30.956699,-29.95254],[30.956692,-29.952543],[30.956681,-29.952522]]]},"properties":{"Class":"Residential"}},{"type":"Feature","geometry":{"type":"Polygon","coordinates":[[[30.953893,-29.952396],[30.953902,-29.95244],[30.953929,-29.952436],[30.953936,-29.952472],[30.953861,-29.952483],[30.953846,-29.952403],[30.953893,-29.952396]]]},"properties":{"Class":"Residential"}},{"type":"Feature","geometry":{"type":"Polygon","coordinates":[[[30.956671,-29.952442],[30.956707,-29.952489],[30.956671,-29.95251],[30.95661,-29.952432],[30.95666,-29.952402],[30.956685,-29.952434],[30.956671,-29.952442]]]},"properties":{"Class":"Residential"}},{"type":"Feature","geometry":{"type":"Polygon","coordinates":[[[30.95479,-29.952474],[30.954782,-29.952467],[30.954803,-29.952448],[30.95479,-29.952437],[30.954821,-29.95241],[30.95491,-29.952486],[30.95483,-29.952556],[30.954763,-29.952498],[30.95479,-29.952474]]]},"properties":{"Class":"Residential"}},{"type":"Feature","geometry":{"type":"Polygon","coordinates":[[[30.953625,-29.952525],[30.953586,-29.952534],[30.95356,-29.952448],[30.953599,-29.952439],[30.95359,-29.952412],[30.9536,-29.95241],[30.953612,-29.952449],[30.953668,-29.952435],[30.953714,-29.952581],[30.953647,-29.952596],[30.953625,-29.952525]]]},"properties":{"Class":"Residential"}},{"type":"Feature","geometry":{"type":"Polygon","coordinates":[[[30.956317,-29.952797],[30.956274,-29.952831],[30.956287,-29.952844],[30.956259,-29.952866],[30.956087,-29.952702],[30.956102,-29.95269],[30.956088,-29.952677],[30.956219,-29.952573],[30.956313,-29.952662],[30.956335,-29.952645],[30.956322,-29.952632],[30.956342,-29.952615],[30.956269,-29.952545],[30.956324,-29.952501],[30.956349,-29.952525],[30.956365,-29.952512],[30.956331,-29.952479],[30.956389,-29.952433],[30.956487,-29.952526],[30.956423,-29.952577],[30.956454,-29.952607],[30.956445,-29.952614],[30.956491,-29.952658],[30.956414,-29.95272],[30.956408,-29.952715],[30.956328,-29.952778],[30.956282,-29.952734],[30.956304,-29.952717],[30.956287,-29.9527],[30.956258,-29.952722],[30.956253,-29.952717],[30.956235,-29.952731],[30.956259,-29.952754],[30.956267,-29.952749],[30.956317,-29.952797]]]},"properties":{"Class":"Residential"}},{"type":"Feature","geometry":{"type":"Polygon","coordinates":[[[30.955221,-29.952508],[30.955257,-29.952477],[30.955267,-29.952486],[30.955278,-29.952476],[30.955276,-29.952474],[30.955303,-29.95245],[30.955405,-29.95254],[30.955313,-29.952619],[30.955274,-29.952584],[30.955279,-29.952579],[30.955281,-29.95258],[30.955297,-29.952567],[30.955278,-29.952551],[30.955274,-29.952554],[30.955221,-29.952508]]]},"properties":{"Class":"Residential"}},{"type":"Feature","geometry":{"type":"Polygon","coordinates":[[[30.955686,-29.952504],[30.955697,-29.952514],[30.955667,-29.952539],[30.955619,-29.952496],[30.955666,-29.952457],[30.955702,-29.95249],[30.955686,-29.952504]]]},"properties":{"Class":"Residential"}},{"type":"Feature","geometry":{"type":"Polygon","coordinates":[[[30.956591,-29.952569],[30.956546,-29.952528],[30.956607,-29.952477],[30.956652,-29.952518],[30.956591,-29.952569]]]},"properties":{"Class":"Residential"}},{"type":"Feature","geometry":{"type":"Polygon","coordinates":[[[30.955842,-29.95252],[30.955829,-29.952531],[30.955845,-29.952546],[30.955809,-29.952576],[30.955849,-29.952611],[30.955813,-29.952642],[30.9557,-29.952542],[30.955767,-29.952485],[30.955774,-29.952492],[30.955792,-29.952476],[30.955842,-29.95252]]]},"properties":{"Class":"Residential"}},{"type":"Feature","geometry":{"type":"Polygon","coordinates":[[[30.95387,-29.95273],[30.95388,-29.952691],[30.95389,-29.952695],[30.953897,-29.952681],[30.953908,-29.952685],[30.953917,-29.952669],[30.953928,-29.952673],[30.953938,-29.952652],[30.953925,-29.952647],[30.95393,-29.952638],[30.953915,-29.952632],[30.95392,-29.952622],[30.953908,-29.952617],[30.953916,-29.952601],[30.953927,-29.952606],[30.953932,-29.952594],[30.953955,-29.952603],[30.95395,-29.952611],[30.953976,-29.952621],[30.953988,-29.952598],[30.95398,-29.952596],[30.954034,-29.95249],[30.954099,-29.952515],[30.954084,-29.952544],[30.954101,-29.95255],[30.954089,-29.952572],[30.954076,-29.952567],[30.954068,-29.952583],[30.954138,-29.952611],[30.954122,-29.952641],[30.954113,-29.952637],[30.954107,-29.95265],[30.954098,-29.952647],[30.95409,-29.952661],[30.954075,-29.952655],[30.954063,-29.952679],[30.954045,-29.952672],[30.954038,-29.952685],[30.954027,-29.952681],[30.954017,-29.952702],[30.954007,-29.952698],[30.954001,-29.952711],[30.95399,-29.952707],[30.953973,-29.952739],[30.953964,-29.952735],[30.953959,-29.952747],[30.953947,-29.952742],[30.953941,-29.952755],[30.953932,-29.952752],[30.953926,-29.952763],[30.953886,-29.952747],[30.95389,-29.952737],[30.95387,-29.95273]]]},"properties":{"Class":"Residential"}},{"type":"Feature","geometry":{"type":"Polygon","coordinates":[[[30.953828,-29.952502],[30.953859,-29.952553],[30.953784,-29.952587],[30.953753,-29.952536],[30.953828,-29.952502]]]},"properties":{"Class":"Residential"}},{"type":"Feature","geometry":{"type":"Polygon","coordinates":[[[30.955126,-29.952553],[30.955136,-29.952563],[30.955181,-29.952527],[30.95524,-29.952583],[30.955229,-29.952591],[30.955281,-29.95264],[30.955195,-29.952709],[30.955141,-29.952657],[30.955155,-29.952645],[30.955099,-29.952593],[30.955128,-29.95257],[30.955117,-29.95256],[30.955126,-29.952553]]]},"properties":{"Class":"Residential"}},{"type":"Feature","geometry":{"type":"Polygon","coordinates":[[[30.955465,-29.952647],[30.955453,-29.952656],[30.955485,-29.952686],[30.955461,-29.952705],[30.955478,-29.95272],[30.955492,-29.952708],[30.955506,-29.952721],[30.955522,-29.952708],[30.955515,-29.952702],[30.955546,-29.952676],[30.955654,-29.952776],[30.955586,-29.952831],[30.955473,-29.952727],[30.955448,-29.952747],[30.955433,-29.952733],[30.955385,-29.952773],[30.955278,-29.952674],[30.955325,-29.952636],[30.955335,-29.952645],[30.955361,-29.952623],[30.955348,-29.95261],[30.955375,-29.952587],[30.955389,-29.9526],[30.9554,-29.952592],[30.95538,-29.952574],[30.955407,-29.952552],[30.955412,-29.952557],[30.955439,-29.952536],[30.955539,-29.952629],[30.955508,-29.952654],[30.955493,-29.95264],[30.955474,-29.952656],[30.955465,-29.952647]]]},"properties":{"Class":"Residential"}},{"type":"Feature","geometry":{"type":"Polygon","coordinates":[[[30.956679,-29.952533],[30.9567,-29.952554],[30.956695,-29.952557],[30.956706,-29.952568],[30.95664,-29.952617],[30.956603,-29.952579],[30.956665,-29.952534],[30.95667,-29.952539],[30.956679,-29.952533]]]},"properties":{"Class":"Residential"}},{"type":"Feature","geometry":{"type":"Polygon","coordinates":[[[30.956495,-29.952628],[30.956461,-29.952597],[30.956521,-29.952547],[30.956564,-29.952587],[30.956512,-29.95263],[30.956502,-29.952621],[30.956495,-29.952628]]]},"properties":{"Class":"Residential"}},{"type":"Feature","geometry":{"type":"Polygon","coordinates":[[[30.956733,-29.952712],[30.956748,-29.9527],[30.956719,-29.952674],[30.956786,-29.952618],[30.956866,-29.952689],[30.95681,-29.952737],[30.956803,-29.952731],[30.956778,-29.952752],[30.956733,-29.952712]]]},"properties":{"Class":"Residential"}},{"type":"Feature","geometry":{"type":"Polygon","coordinates":[[[30.955017,-29.952655],[30.955063,-29.952618],[30.955126,-29.952677],[30.95512,-29.952682],[30.955172,-29.952731],[30.955093,-29.952795],[30.954976,-29.952686],[30.954985,-29.952679],[30.954975,-29.95267],[30.955006,-29.952645],[30.955017,-29.952655]]]},"properties":{"Class":"Residential"}},{"type":"Feature","geometry":{"type":"Polygon","coordinates":[[[30.956576,-29.952842],[30.956565,-29.952852],[30.956556,-29.952844],[30.956539,-29.952858],[30.956578,-29.952896],[30.956593,-29.952884],[30.956606,-29.952897],[30.956588,-29.952911],[30.956595,-29.952918],[30.956583,-29.952927],[30.956574,-29.952918],[30.95656,-29.952929],[30.956521,-29.952962],[30.956529,-29.952974],[30.956539,-29.952979],[30.956475,-29.953029],[30.956371,-29.95293],[30.956408,-29.9529],[30.956416,-29.952908],[30.956441,-29.952888],[30.956445,-29.952892],[30.95653,-29.952824],[30.956492,-29.952788],[30.956425,-29.952841],[30.956421,-29.952837],[30.956409,-29.952847],[30.95635,-29.95279],[30.95651,-29.952662],[30.956535,-29.952685],[30.956539,-29.952682],[30.956604,-29.952744],[30.95667,-29.952692],[30.95676,-29.952778],[30.95663,-29.95288],[30.956596,-29.952848],[30.956589,-29.952854],[30.956576,-29.952842]]]},"properties":{"Class":"Residential"}},{"type":"Feature","geometry":{"type":"Polygon","coordinates":[[[30.955265,-29.952723],[30.955286,-29.952704],[30.955305,-29.95272],[30.955254,-29.952767],[30.955265,-29.952777],[30.955217,-29.952821],[30.955177,-29.952789],[30.955232,-29.952739],[30.955214,-29.952724],[30.955239,-29.952701],[30.955265,-29.952723]]]},"properties":{"Class":"Residential"}},{"type":"Feature","geometry":{"type":"Polygon","coordinates":[[[30.955983,-29.952765],[30.955988,-29.95277],[30.956055,-29.952717],[30.956133,-29.95279],[30.956136,-29.952788],[30.956167,-29.952818],[30.956161,-29.952822],[30.956131,-29.952794],[30.956038,-29.952869],[30.956049,-29.952879],[30.956016,-29.952905],[30.955921,-29.952815],[30.955983,-29.952765]]]},"properties":{"Class":"Residential"}},{"type":"Feature","geometry":{"type":"Polygon","coordinates":[[[30.954903,-29.952735],[30.954932,-29.952711],[30.954992,-29.952765],[30.954998,-29.952761],[30.955025,-29.952786],[30.955035,-29.952778],[30.955074,-29.952813],[30.954995,-29.952878],[30.954943,-29.95283],[30.954932,-29.952838],[30.954874,-29.952785],[30.954918,-29.952749],[30.954903,-29.952735]]]},"properties":{"Class":"Residential"}},{"type":"Feature","geometry":{"type":"Polygon","coordinates":[[[30.955479,-29.952785],[30.955517,-29.952816],[30.955506,-29.952826],[30.955529,-29.952846],[30.955482,-29.952889],[30.955497,-29.952901],[30.955474,-29.952921],[30.955379,-29.952842],[30.955361,-29.952859],[30.955318,-29.952823],[30.95527,-29.952866],[30.955227,-29.95283],[30.955321,-29.952743],[30.955369,-29.952783],[30.95534,-29.95281],[30.955361,-29.952827],[30.955391,-29.952799],[30.9554,-29.952806],[30.95541,-29.952797],[30.955405,-29.952794],[30.955437,-29.952764],[30.955471,-29.952792],[30.955479,-29.952785]]]},"properties":{"Class":"Residential"}},{"type":"Feature","geometry":{"type":"Polygon","coordinates":[[[30.954367,-29.952907],[30.954375,-29.952916],[30.954345,-29.952934],[30.954341,-29.952929],[30.954326,-29.952938],[30.954342,-29.952957],[30.954355,-29.952948],[30.954363,-29.952958],[30.954389,-29.952941],[30.954413,-29.95297],[30.954342,-29.953016],[30.954327,-29.952999],[30.95429,-29.953023],[30.954258,-29.952985],[30.954267,-29.952978],[30.954252,-29.95296],[30.954245,-29.952964],[30.954236,-29.952953],[30.954228,-29.952958],[30.954212,-29.95294],[30.954225,-29.952931],[30.954207,-29.95291],[30.954201,-29.952914],[30.954184,-29.952895],[30.954166,-29.952906],[30.954159,-29.952898],[30.954152,-29.952902],[30.954144,-29.952892],[30.954123,-29.952906],[30.954095,-29.952873],[30.954124,-29.952854],[30.954132,-29.952863],[30.954159,-29.952845],[30.954194,-29.952886],[30.954207,-29.952878],[30.954198,-29.952868],[30.954228,-29.952849],[30.954223,-29.952843],[30.954218,-29.952846],[30.954206,-29.952832],[30.954216,-29.952826],[30.954207,-29.952816],[30.954274,-29.952773],[30.954282,-29.952783],[30.954293,-29.952776],[30.954321,-29.952808],[30.954329,-29.952803],[30.954335,-29.95281],[30.954343,-29.952805],[30.954367,-29.952833],[30.954378,-29.952826],[30.954396,-29.952847],[30.954385,-29.952854],[30.954393,-29.952864],[30.95438,-29.952873],[30.954389,-29.952882],[30.954376,-29.952891],[30.954382,-29.952898],[30.954367,-29.952907]]]},"properties":{"Class":"Residential"}},{"type":"Feature","geometry":{"type":"Polygon","coordinates":[[[30.955236,-29.953121],[30.955175,-29.953063],[30.955167,-29.953069],[30.955153,-29.953056],[30.955165,-29.953046],[30.955136,-29.953018],[30.95517,-29.95299],[30.955045,-29.952871],[30.955155,-29.952784],[30.955253,-29.952877],[30.955186,-29.95293],[30.955214,-29.952957],[30.955204,-29.952966],[30.955239,-29.952999],[30.955251,-29.95299],[30.955319,-29.953055],[30.955236,-29.953121]]]},"properties":{"Class":"Residential"}},{"type":"Feature","geometry":{"type":"Polygon","coordinates":[[[30.956254,-29.95296],[30.956242,-29.952949],[30.956223,-29.952965],[30.956192,-29.952938],[30.95633,-29.952818],[30.956383,-29.952864],[30.956313,-29.952924],[30.956304,-29.952917],[30.956254,-29.95296]]]},"properties":{"Class":"Residential"}},{"type":"Feature","geometry":{"type":"Polygon","coordinates":[[[30.954808,-29.95285],[30.954846,-29.952819],[30.954952,-29.952918],[30.954914,-29.952949],[30.954808,-29.95285]]]},"properties":{"Class":"Residential"}},{"type":"Feature","geometry":{"type":"Polygon","coordinates":[[[30.956152,-29.952845],[30.956183,-29.952819],[30.95623,-29.952862],[30.956161,-29.952921],[30.956133,-29.952896],[30.956172,-29.952863],[30.956152,-29.952845]]]},"properties":{"Class":"Residential"}},{"type":"Feature","geometry":{"type":"Polygon","coordinates":[[[30.953443,-29.952887],[30.953497,-29.952857],[30.953587,-29.952977],[30.953533,-29.953008],[30.953443,-29.952887]]]},"properties":{"Class":"Residential"}},{"type":"Feature","geometry":{"type":"Polygon","coordinates":[[[30.954751,-29.953045],[30.954834,-29.953002],[30.954826,-29.952991],[30.954792,-29.953009],[30.954768,-29.952975],[30.95477,-29.952974],[30.95474,-29.95293],[30.954755,-29.952922],[30.954724,-29.952877],[30.954743,-29.952867],[30.954752,-29.952881],[30.954796,-29.952858],[30.954816,-29.952888],[30.954825,-29.952884],[30.954845,-29.952912],[30.954852,-29.952909],[30.954877,-29.952946],[30.954857,-29.952957],[30.9549,-29.95302],[30.954767,-29.95309],[30.954762,-29.953082],[30.954772,-29.953077],[30.954751,-29.953045]]]},"properties":{"Class":"Residential"}},{"type":"Feature","geometry":{"type":"Polygon","coordinates":[[[30.955787,-29.952937],[30.955794,-29.952943],[30.955803,-29.952935],[30.955794,-29.952928],[30.955874,-29.952858],[30.955957,-29.95293],[30.955839,-29.953033],[30.955757,-29.952963],[30.955787,-29.952937]]]},"properties":{"Class":"Residential"}},{"type":"Feature","geometry":{"type":"Polygon","coordinates":[[[30.955251,-29.952913],[30.95531,-29.952865],[30.955364,-29.952916],[30.955372,-29.95291],[30.955427,-29.952962],[30.95535,-29.953024],[30.955295,-29.952973],[30.955305,-29.952964],[30.955251,-29.952913]]]},"properties":{"Class":"Residential"}},{"type":"Feature","geometry":{"type":"Polygon","coordinates":[[[30.956151,-29.95294],[30.956102,-29.952984],[30.956044,-29.952936],[30.956098,-29.952886],[30.956131,-29.952914],[30.956126,-29.952919],[30.956151,-29.95294]]]},"properties":{"Class":"Residential"}},{"type":"Feature","geometry":{"type":"Polygon","coordinates":[[[30.953334,-29.952934],[30.953355,-29.952935],[30.95335,-29.953002],[30.953284,-29.952998],[30.953289,-29.952925],[30.953335,-29.952927],[30.953334,-29.952934]]]},"properties":{"Class":"Residential"}},{"type":"Feature","geometry":{"type":"Polygon","coordinates":[[[30.953992,-29.952995],[30.953987,-29.952988],[30.954,-29.95298],[30.953992,-29.95297],[30.954,-29.952965],[30.953993,-29.952956],[30.954003,-29.95295],[30.953995,-29.95294],[30.954023,-29.952923],[30.954036,-29.952939],[30.954054,-29.952928],[30.954061,-29.952936],[30.954072,-29.952929],[30.954079,-29.952938],[30.954089,-29.952932],[30.95411,-29.952958],[30.954126,-29.952948],[30.954169,-29.953001],[30.954187,-29.95299],[30.954178,-29.952978],[30.954209,-29.952959],[30.954256,-29.953016],[30.954215,-29.953041],[30.954235,-29.953067],[30.954178,-29.953103],[30.954175,-29.9531],[30.954021,-29.953195],[30.953994,-29.953162],[30.954055,-29.953124],[30.954044,-29.953111],[30.954036,-29.953116],[30.954028,-29.953106],[30.954017,-29.953113],[30.954008,-29.953103],[30.953999,-29.953109],[30.953992,-29.953101],[30.953982,-29.953107],[30.953974,-29.953097],[30.953964,-29.953103],[30.953951,-29.953087],[30.953938,-29.953095],[30.953925,-29.953079],[30.953937,-29.953072],[30.953928,-29.953062],[30.95394,-29.953055],[30.953932,-29.953045],[30.953943,-29.953038],[30.953936,-29.95303],[30.95396,-29.953015],[30.953965,-29.953023],[30.953982,-29.953013],[30.953976,-29.953005],[30.953992,-29.952995]]]},"properties":{"Class":"Residential"}},{"type":"Feature","geometry":{"type":"Polygon","coordinates":[[[30.955017,-29.952964],[30.955024,-29.95297],[30.954991,-29.952999],[30.954955,-29.952968],[30.954996,-29.952932],[30.955025,-29.952957],[30.955017,-29.952964]]]},"properties":{"Class":"Residential"}},{"type":"Feature","geometry":{"type":"Polygon","coordinates":[[[30.956334,-29.952944],[30.956418,-29.953017],[30.956397,-29.953036],[30.956416,-29.953052],[30.956315,-29.95314],[30.956311,-29.953137],[30.956294,-29.953152],[30.956195,-29.953067],[30.956315,-29.952961],[30.956292,-29.952941],[30.956304,-29.952931],[30.956327,-29.952951],[30.956334,-29.952944]]]},"properties":{"Class":"Residential"}},{"type":"Feature","geometry":{"type":"Polygon","coordinates":[[[30.956217,-29.952985],[30.956148,-29.953044],[30.956101,-29.953003],[30.95617,-29.952944],[30.956217,-29.952985]]]},"properties":{"Class":"Residential"}},{"type":"Feature","geometry":{"type":"Polygon","coordinates":[[[30.956016,-29.952946],[30.956079,-29.953006],[30.956008,-29.953063],[30.955945,-29.953004],[30.956016,-29.952946]]]},"properties":{"Class":"Residential"}},{"type":"Feature","geometry":{"type":"Polygon","coordinates":[[[30.956986,-29.952988],[30.956869,-29.953086],[30.956824,-29.953046],[30.956941,-29.952947],[30.956986,-29.952988]]]},"properties":{"Class":"Residential"}},{"type":"Feature","geometry":{"type":"Polygon","coordinates":[[[30.954455,-29.95307],[30.95446,-29.953076],[30.954468,-29.953071],[30.954514,-29.953126],[30.95446,-29.95316],[30.95436,-29.953039],[30.954478,-29.952965],[30.954527,-29.953025],[30.954455,-29.95307]]]},"properties":{"Class":"Residential"}},{"type":"Feature","geometry":{"type":"Polygon","coordinates":[[[30.955032,-29.952979],[30.955088,-29.953022],[30.955067,-29.953043],[30.95501,-29.953],[30.955032,-29.952979]]]},"properties":{"Class":"Residential"}},{"type":"Feature","geometry":{"type":"Polygon","coordinates":[[[30.957032,-29.953053],[30.957065,-29.953088],[30.957019,-29.953122],[30.95694,-29.95304],[30.957006,-29.952991],[30.95704,-29.953026],[30.957031,-29.953033],[30.957042,-29.953045],[30.957032,-29.953053]]]},"properties":{"Class":"Residential"}},{"type":"Feature","geometry":{"type":"Polygon","coordinates":[[[30.955722,-29.953004],[30.955811,-29.953083],[30.95568,-29.953195],[30.955577,-29.953103],[30.955642,-29.953048],[30.955656,-29.953061],[30.955722,-29.953004]]]},"properties":{"Class":"Residential"}},{"type":"Feature","geometry":{"type":"Polygon","coordinates":[[[30.956138,-29.953073],[30.95611,-29.953093],[30.956118,-29.953102],[30.956074,-29.953133],[30.956018,-29.953071],[30.95609,-29.953021],[30.956138,-29.953073]]]},"properties":{"Class":"Residential"}},{"type":"Feature","geometry":{"type":"Polygon","coordinates":[[[30.953627,-29.953132],[30.95357,-29.953057],[30.953622,-29.953027],[30.953662,-29.95308],[30.953657,-29.953083],[30.953706,-29.953147],[30.953614,-29.9532],[30.953596,-29.953177],[30.953613,-29.953167],[30.953598,-29.953148],[30.953627,-29.953132]]]},"properties":{"Class":"Residential"}},{"type":"Feature","geometry":{"type":"Polygon","coordinates":[[[30.953403,-29.953035],[30.953447,-29.953087],[30.953388,-29.953124],[30.953345,-29.953072],[30.953403,-29.953035]]]},"properties":{"Class":"Residential"}},{"type":"Feature","geometry":{"type":"Polygon","coordinates":[[[30.955933,-29.953059],[30.955948,-29.953047],[30.955954,-29.953052],[30.955963,-29.953045],[30.955997,-29.953077],[30.955924,-29.953135],[30.955873,-29.953087],[30.955896,-29.95307],[30.955892,-29.953066],[30.955918,-29.953044],[30.955933,-29.953059]]]},"properties":{"Class":"Residential"}},{"type":"Feature","geometry":{"type":"Polygon","coordinates":[[[30.954189,-29.953105],[30.954238,-29.953074],[30.954252,-29.953091],[30.95428,-29.953074],[30.954274,-29.953067],[30.954304,-29.953047],[30.954345,-29.953095],[30.954285,-29.953133],[30.954301,-29.953153],[30.954243,-29.953191],[30.954204,-29.953144],[30.954215,-29.953137],[30.954189,-29.953105]]]},"properties":{"Class":"Residential"}},{"type":"Feature","geometry":{"type":"Polygon","coordinates":[[[30.956747,-29.953063],[30.956731,-29.953074],[30.956746,-29.95309],[30.956768,-29.953075],[30.956832,-29.953146],[30.956776,-29.953183],[30.956766,-29.953172],[30.95675,-29.953183],[30.956762,-29.953196],[30.956703,-29.953236],[30.956666,-29.953194],[30.956721,-29.953156],[30.956715,-29.95315],[30.956726,-29.953142],[30.956681,-29.953092],[30.956721,-29.953065],[30.956716,-29.95306],[30.956733,-29.953048],[30.956747,-29.953063]]]},"properties":{"Class":"Residential"}},{"type":"Feature","geometry":{"type":"Polygon","coordinates":[[[30.956052,-29.953129],[30.956,-29.953172],[30.955954,-29.95313],[30.956007,-29.953087],[30.956052,-29.953129]]]},"properties":{"Class":"Residential"}},{"type":"Feature","geometry":{"type":"Polygon","coordinates":[[[30.955842,-29.953135],[30.955824,-29.953119],[30.955854,-29.953093],[30.955901,-29.953134],[30.955838,-29.953189],[30.95581,-29.953164],[30.955842,-29.953135]]]},"properties":{"Class":"Residential"}},{"type":"Feature","geometry":{"type":"Polygon","coordinates":[[[30.956128,-29.953303],[30.956033,-29.953215],[30.956096,-29.953163],[30.956085,-29.953153],[30.95615,-29.9531],[30.956242,-29.953186],[30.956175,-29.953241],[30.956189,-29.953254],[30.956128,-29.953303]]]},"properties":{"Class":"Residential"}},{"type":"Feature","geometry":{"type":"Polygon","coordinates":[[[30.954136,-29.953353],[30.954083,-29.953287],[30.954069,-29.953296],[30.95404,-29.95326],[30.954048,-29.953255],[30.954041,-29.953246],[30.954035,-29.95325],[30.954022,-29.953235],[30.95416,-29.953149],[30.954212,-29.953213],[30.954204,-29.953218],[30.95425,-29.953274],[30.954189,-29.953312],[30.954194,-29.953318],[30.954136,-29.953353]]]},"properties":{"Class":"Residential"}},{"type":"Feature","geometry":{"type":"Polygon","coordinates":[[[30.956826,-29.953214],[30.956896,-29.953159],[30.956944,-29.953205],[30.956874,-29.953261],[30.956826,-29.953214]]]},"properties":{"Class":"Residential"}},{"type":"Feature","geometry":{"type":"Polygon","coordinates":[[[30.955898,-29.95317],[30.956085,-29.953346],[30.956043,-29.953381],[30.956036,-29.953374],[30.956021,-29.953386],[30.955996,-29.953363],[30.955933,-29.953414],[30.955893,-29.953377],[30.955955,-29.953327],[30.955877,-29.953254],[30.955884,-29.953248],[30.955846,-29.953212],[30.955898,-29.95317]]]},"properties":{"Class":"Residential"}},{"type":"Feature","geometry":{"type":"Polygon","coordinates":[[[30.955519,-29.953221],[30.955576,-29.953174],[30.955614,-29.95321],[30.955557,-29.953257],[30.955519,-29.953221]]]},"properties":{"Class":"Residential"}},{"type":"Feature","geometry":{"type":"Polygon","coordinates":[[[30.955659,-29.953267],[30.955759,-29.953176],[30.955807,-29.953216],[30.95567,-29.953341],[30.955628,-29.953306],[30.955665,-29.953272],[30.955659,-29.953267]]]},"properties":{"Class":"Residential"}},{"type":"Feature","geometry":{"type":"Polygon","coordinates":[[[30.955391,-29.953239],[30.955462,-29.95318],[30.955564,-29.953273],[30.955493,-29.953332],[30.955391,-29.953239]]]},"properties":{"Class":"Residential"}},{"type":"Feature","geometry":{"type":"Polygon","coordinates":[[[30.95457,-29.953256],[30.954577,-29.953262],[30.9546,-29.95324],[30.954608,-29.953246],[30.954644,-29.953211],[30.954652,-29.953217],[30.954683,-29.953187],[30.954731,-29.953225],[30.954719,-29.953236],[30.954727,-29.953243],[30.954687,-29.953282],[30.954717,-29.953306],[30.954565,-29.953451],[30.95455,-29.95344],[30.954554,-29.953436],[30.954481,-29.953378],[30.954492,-29.953368],[30.954485,-29.953362],[30.954498,-29.953349],[30.954482,-29.953336],[30.954518,-29.953301],[30.95453,-29.95331],[30.954556,-29.953285],[30.954547,-29.953278],[30.95457,-29.953256]]]},"properties":{"Class":"Residential"}},{"type":"Feature","geometry":{"type":"Polygon","coordinates":[[[30.953729,-29.953278],[30.95371,-29.953255],[30.953703,-29.953259],[30.953695,-29.953249],[30.953703,-29.953244],[30.953693,-29.953231],[30.953745,-29.953198],[30.953794,-29.953258],[30.953814,-29.953246],[30.953863,-29.953306],[30.953747,-29.953378],[30.953727,-29.953354],[30.953717,-29.95336],[30.953696,-29.953335],[30.953706,-29.953328],[30.953697,-29.953317],[30.953728,-29.953298],[30.953717,-29.953285],[30.953729,-29.953278]]]},"properties":{"Class":"Residential"}},{"type":"Feature","geometry":{"type":"Polygon","coordinates":[[[30.955828,-29.953319],[30.955776,-29.953363],[30.955757,-29.953346],[30.955717,-29.953381],[30.955686,-29.953353],[30.955832,-29.953229],[30.955901,-29.953291],[30.955847,-29.953336],[30.955828,-29.953319]]]},"properties":{"Class":"Residential"}},{"type":"Feature","geometry":{"type":"Polygon","coordinates":[[[30.956659,-29.953276],[30.956604,-29.953322],[30.95656,-29.953283],[30.956615,-29.953237],[30.956659,-29.953276]]]},"properties":{"Class":"Residential"}},{"type":"Feature","geometry":{"type":"Polygon","coordinates":[[[30.956801,-29.953244],[30.956834,-29.953283],[30.956761,-29.95333],[30.956728,-29.953291],[30.956801,-29.953244]]]},"properties":{"Class":"Residential"}},{"type":"Feature","geometry":{"type":"Polygon","coordinates":[[[30.956479,-29.953328],[30.956465,-29.953315],[30.956531,-29.953263],[30.956604,-29.953333],[30.956519,-29.9534],[30.95646,-29.953344],[30.956479,-29.953328]]]},"properties":{"Class":"Residential"}},{"type":"Feature","geometry":{"type":"Polygon","coordinates":[[[30.955233,-29.953379],[30.955207,-29.953337],[30.955269,-29.953307],[30.955276,-29.953318],[30.955288,-29.953312],[30.955295,-29.953323],[30.955314,-29.953314],[30.955312,-29.953309],[30.955382,-29.953275],[30.955446,-29.953377],[30.955377,-29.95341],[30.955369,-29.953396],[30.955351,-29.953404],[30.955368,-29.953432],[30.955266,-29.953481],[30.955238,-29.953436],[30.955252,-29.95343],[30.955223,-29.953384],[30.955233,-29.953379]]]},"properties":{"Class":"Residential"}},{"type":"Feature","geometry":{"type":"Polygon","coordinates":[[[30.955611,-29.953326],[30.955602,-29.953333],[30.95563,-29.953358],[30.95553,-29.953443],[30.955522,-29.953435],[30.955489,-29.953463],[30.955451,-29.953429],[30.955513,-29.953377],[30.955505,-29.953369],[30.955577,-29.953308],[30.955588,-29.953318],[30.955595,-29.953312],[30.955611,-29.953326]]]},"properties":{"Class":"Residential"}},{"type":"Feature","geometry":{"type":"Polygon","coordinates":[[[30.956402,-29.953335],[30.956501,-29.953423],[30.956493,-29.953429],[30.95651,-29.953444],[30.956457,-29.95349],[30.956439,-29.953473],[30.956379,-29.953525],[30.956404,-29.953548],[30.956453,-29.953506],[30.956512,-29.953558],[30.956386,-29.953667],[30.956378,-29.953659],[30.956349,-29.953684],[30.956295,-29.953636],[30.956381,-29.953562],[30.956369,-29.953551],[30.956364,-29.953555],[30.956326,-29.953521],[30.95635,-29.9535],[30.956316,-29.95347],[30.956377,-29.953418],[30.956327,-29.953375],[30.956376,-29.953333],[30.95639,-29.953345],[30.956402,-29.953335]]]},"properties":{"Class":"Residential"}},{"type":"Feature","geometry":{"type":"Polygon","coordinates":[[[30.954825,-29.953367],[30.954845,-29.953334],[30.954921,-29.95337],[30.954866,-29.953461],[30.954716,-29.953393],[30.954746,-29.953343],[30.95483,-29.953381],[30.954836,-29.953372],[30.954825,-29.953367]]]},"properties":{"Class":"Residential"}},{"type":"Feature","geometry":{"type":"Polygon","coordinates":[[[30.954295,-29.953409],[30.954212,-29.953461],[30.954166,-29.953406],[30.954257,-29.953348],[30.954293,-29.953391],[30.954285,-29.953396],[30.954295,-29.953409]]]},"properties":{"Class":"Residential"}},{"type":"Feature","geometry":{"type":"Polygon","coordinates":[[[30.954475,-29.953381],[30.954491,-29.953395],[30.954478,-29.953407],[30.954488,-29.953416],[30.954496,-29.953408],[30.954508,-29.953418],[30.9545,-29.953425],[30.954547,-29.953464],[30.954503,-29.953505],[30.954366,-29.953393],[30.954413,-29.95335],[30.95442,-29.953356],[30.954426,-29.953351],[30.95447,-29.953387],[30.954475,-29.953381]]]},"properties":{"Class":"Residential"}},{"type":"Feature","geometry":{"type":"Polygon","coordinates":[[[30.953897,-29.953354],[30.953941,-29.953414],[30.953835,-29.953472],[30.953792,-29.953413],[30.953897,-29.953354]]]},"properties":{"Class":"Residential"}},{"type":"Feature","geometry":{"type":"Polygon","coordinates":[[[30.954975,-29.953398],[30.954985,-29.953398],[30.954984,-29.95338],[30.955,-29.95338],[30.955,-29.953371],[30.955157,-29.953367],[30.955161,-29.953497],[30.955074,-29.953499],[30.955075,-29.953511],[30.954978,-29.953514],[30.954975,-29.953398]]]},"properties":{"Class":"Residential"}},{"type":"Feature","geometry":{"type":"Polygon","coordinates":[[[30.953609,-29.953366],[30.953649,-29.953417],[30.953691,-29.953393],[30.953717,-29.953426],[30.953725,-29.953421],[30.953783,-29.953495],[30.953776,-29.953499],[30.953766,-29.953486],[30.953686,-29.953533],[30.953573,-29.953388],[30.953609,-29.953366]]]},"properties":{"Class":"Residential"}},{"type":"Feature","geometry":{"type":"Polygon","coordinates":[[[30.956625,-29.953373],[30.956673,-29.953415],[30.956616,-29.953465],[30.956568,-29.953422],[30.956625,-29.953373]]]},"properties":{"Class":"Residential"}},{"type":"Feature","geometry":{"type":"Polygon","coordinates":[[[30.955916,-29.953496],[30.955923,-29.953503],[30.955871,-29.953544],[30.955856,-29.95353],[30.955789,-29.953583],[30.955693,-29.953491],[30.955755,-29.953441],[30.955763,-29.953449],[30.955833,-29.953394],[30.95593,-29.953486],[30.955916,-29.953496]]]},"properties":{"Class":"Residential"}},{"type":"Feature","geometry":{"type":"Polygon","coordinates":[[[30.95422,-29.953495],[30.954232,-29.953488],[30.954216,-29.95347],[30.954328,-29.953398],[30.954384,-29.953464],[30.954261,-29.953543],[30.95422,-29.953495]]]},"properties":{"Class":"Residential"}},{"type":"Feature","geometry":{"type":"Polygon","coordinates":[[[30.953873,-29.953507],[30.95385,-29.953473],[30.95393,-29.953432],[30.953968,-29.953487],[30.953861,-29.953544],[30.953846,-29.953521],[30.953873,-29.953507]]]},"properties":{"Class":"Residential"}},{"type":"Feature","geometry":{"type":"Polygon","coordinates":[[[30.956501,-29.9535],[30.956521,-29.953483],[30.95651,-29.953474],[30.956541,-29.953446],[30.956588,-29.953485],[30.956524,-29.953543],[30.956502,-29.953525],[30.956516,-29.953512],[30.956501,-29.9535]]]},"properties":{"Class":"Residential"}},{"type":"Feature","geometry":{"type":"Polygon","coordinates":[[[30.954576,-29.953477],[30.954645,-29.953513],[30.954637,-29.953525],[30.954715,-29.953565],[30.954696,-29.953593],[30.954702,-29.953595],[30.954683,-29.953622],[30.954635,-29.953597],[30.954621,-29.953617],[30.95459,-29.953601],[30.954615,-29.953564],[30.954542,-29.953527],[30.954576,-29.953477]]]},"properties":{"Class":"Residential"}},{"type":"Feature","geometry":{"type":"Polygon","coordinates":[[[30.95618,-29.953676],[30.956135,-29.953638],[30.956151,-29.953624],[30.956106,-29.953586],[30.95623,-29.953476],[30.956335,-29.953565],[30.956328,-29.953571],[30.956318,-29.953563],[30.956221,-29.953649],[30.956215,-29.953645],[30.95618,-29.953676]]]},"properties":{"Class":"Residential"}},{"type":"Feature","geometry":{"type":"Polygon","coordinates":[[[30.954472,-29.953544],[30.954454,-29.95356],[30.954462,-29.953567],[30.954387,-29.953633],[30.954324,-29.953578],[30.954418,-29.953497],[30.954472,-29.953544]]]},"properties":{"Class":"Residential"}},{"type":"Feature","geometry":{"type":"Polygon","coordinates":[[[30.955087,-29.953637],[30.955078,-29.953687],[30.955032,-29.953681],[30.955033,-29.953676],[30.954978,-29.953668],[30.954976,-29.953675],[30.954917,-29.953666],[30.954929,-29.953599],[30.954911,-29.953596],[30.954913,-29.953586],[30.95484,-29.953576],[30.954841,-29.953567],[30.954807,-29.953562],[30.954818,-29.953503],[30.954846,-29.953507],[30.954845,-29.953512],[30.954957,-29.953528],[30.954952,-29.953554],[30.954942,-29.953553],[30.954938,-29.953572],[30.954956,-29.953574],[30.954954,-29.953588],[30.954944,-29.953587],[30.954941,-29.9536],[30.95508,-29.95362],[30.955077,-29.953636],[30.955087,-29.953637]]]},"properties":{"Class":"Residential"}},{"type":"Feature","geometry":{"type":"Polygon","coordinates":[[[30.95543,-29.953547],[30.955463,-29.953526],[30.955468,-29.953532],[30.955506,-29.953509],[30.95553,-29.953539],[30.955542,-29.953532],[30.955579,-29.953578],[30.955658,-29.953529],[30.955736,-29.953625],[30.955683,-29.953657],[30.955678,-29.95365],[30.955643,-29.953671],[30.955655,-29.953686],[30.955594,-29.953723],[30.955496,-29.953603],[30.955483,-29.953611],[30.95543,-29.953547]]]},"properties":{"Class":"Residential"}},{"type":"Feature","geometry":{"type":"Polygon","coordinates":[[[30.954035,-29.953772],[30.953959,-29.953826],[30.953904,-29.953768],[30.953949,-29.953735],[30.953944,-29.95373],[30.953978,-29.953706],[30.953972,-29.953699],[30.953995,-29.953682],[30.953952,-29.953636],[30.953939,-29.953645],[30.953951,-29.953657],[30.953937,-29.953667],[30.953928,-29.953658],[30.953893,-29.953682],[30.953851,-29.953637],[30.953837,-29.953647],[30.953812,-29.95362],[30.95386,-29.953586],[30.953874,-29.953601],[30.953883,-29.953594],[30.953892,-29.953603],[30.953903,-29.953596],[30.953908,-29.953601],[30.953921,-29.953592],[30.953917,-29.953588],[30.954009,-29.953522],[30.954069,-29.953586],[30.954053,-29.953597],[30.954127,-29.953676],[30.954032,-29.953744],[30.954039,-29.953751],[30.954025,-29.953761],[30.954035,-29.953772]]]},"properties":{"Class":"Residential"}},{"type":"Feature","geometry":{"type":"Polygon","coordinates":[[[30.95521,-29.953533],[30.955221,-29.953595],[30.955134,-29.953607],[30.955123,-29.953545],[30.95521,-29.953533]]]},"properties":{"Class":"Residential"}},{"type":"Feature","geometry":{"type":"Polygon","coordinates":[[[30.954968,-29.953598],[30.95496,-29.953546],[30.955066,-29.953535],[30.955074,-29.953587],[30.954968,-29.953598]]]},"properties":{"Class":"Residential"}},{"type":"Feature","geometry":{"type":"Polygon","coordinates":[[[30.953781,-29.953539],[30.95383,-29.953588],[30.953781,-29.953625],[30.953724,-29.953568],[30.953767,-29.953536],[30.953775,-29.953544],[30.953781,-29.953539]]]},"properties":{"Class":"Residential"}},{"type":"Feature","geometry":{"type":"Polygon","coordinates":[[[30.954557,-29.953638],[30.95453,-29.953671],[30.954505,-29.953655],[30.95451,-29.953649],[30.954497,-29.953641],[30.954454,-29.953693],[30.954395,-29.953656],[30.954479,-29.953555],[30.954531,-29.953587],[30.954525,-29.953594],[30.954537,-29.953602],[30.954524,-29.953617],[30.954557,-29.953638]]]},"properties":{"Class":"Residential"}},{"type":"Feature","geometry":{"type":"Polygon","coordinates":[[[30.955384,-29.953817],[30.955381,-29.953809],[30.955335,-29.953824],[30.955294,-29.953731],[30.955382,-29.953701],[30.955361,-29.953654],[30.955301,-29.953674],[30.955295,-29.953659],[30.955268,-29.953668],[30.955242,-29.953609],[30.955325,-29.953582],[30.955328,-29.953588],[30.955413,-29.95356],[30.955442,-29.953625],[30.955468,-29.953616],[30.955485,-29.953656],[30.955476,-29.953659],[30.955525,-29.95377],[30.955384,-29.953817]]]},"properties":{"Class":"Residential"}},{"type":"Feature","geometry":{"type":"Polygon","coordinates":[[[30.954764,-29.953645],[30.954772,-29.953623],[30.954723,-29.95361],[30.954736,-29.953572],[30.954901,-29.953614],[30.954881,-29.953671],[30.954802,-29.953651],[30.954801,-29.953654],[30.954764,-29.953645]]]},"properties":{"Class":"Residential"}},{"type":"Feature","geometry":{"type":"Polygon","coordinates":[[[30.955135,-29.95364],[30.955132,-29.953621],[30.955218,-29.953612],[30.955226,-29.953673],[30.955154,-29.953681],[30.955149,-29.953639],[30.955135,-29.95364]]]},"properties":{"Class":"Residential"}},{"type":"Feature","geometry":{"type":"Polygon","coordinates":[[[30.954761,-29.95377],[30.954756,-29.953778],[30.954729,-29.953765],[30.954713,-29.953792],[30.954631,-29.953754],[30.954638,-29.953743],[30.954562,-29.953708],[30.954596,-29.953652],[30.95474,-29.953718],[30.954754,-29.953695],[30.954777,-29.953706],[30.954756,-29.95374],[30.954737,-29.953731],[30.954723,-29.953753],[30.954761,-29.95377]]]},"properties":{"Class":"Residential"}},{"type":"Feature","geometry":{"type":"Polygon","coordinates":[[[30.956019,-29.953795],[30.956025,-29.95379],[30.955994,-29.953761],[30.956111,-29.953665],[30.956152,-29.953703],[30.956029,-29.953804],[30.956019,-29.953795]]]},"properties":{"Class":"Residential"}},{"type":"Feature","geometry":{"type":"Polygon","coordinates":[[[30.955062,-29.953746],[30.95506,-29.953732],[30.95514,-29.953724],[30.955146,-29.953767],[30.95516,-29.953766],[30.955157,-29.95375],[30.955243,-29.953741],[30.955258,-29.953845],[30.955164,-29.953855],[30.955162,-29.953841],[30.955082,-29.95385],[30.955081,-29.953841],[30.955063,-29.953843],[30.95505,-29.953747],[30.955062,-29.953746]]]},"properties":{"Class":"Residential"}},{"type":"Feature","geometry":{"type":"Polygon","coordinates":[[[30.9549,-29.953821],[30.954888,-29.953819],[30.954886,-29.953826],[30.954874,-29.953825],[30.954872,-29.953835],[30.954801,-29.953824],[30.95482,-29.953728],[30.955006,-29.953755],[30.954987,-29.953853],[30.954961,-29.95385],[30.954963,-29.953841],[30.954898,-29.953831],[30.9549,-29.953821]]]},"properties":{"Class":"Residential"}},{"type":"Feature","geometry":{"type":"Polygon","coordinates":[[[30.955828,-29.953816],[30.955901,-29.95377],[30.95596,-29.953841],[30.955892,-29.953884],[30.955911,-29.953907],[30.955832,-29.953956],[30.955795,-29.953911],[30.955799,-29.953908],[30.955744,-29.953841],[30.955813,-29.953798],[30.955828,-29.953816]]]},"properties":{"Class":"Residential"}},{"type":"Feature","geometry":{"type":"Polygon","coordinates":[[[30.956077,-29.953834],[30.956085,-29.953842],[30.956132,-29.953806],[30.956168,-29.953842],[30.95601,-29.953962],[30.955985,-29.953937],[30.956036,-29.953898],[30.956018,-29.953879],[30.956077,-29.953834]]]},"properties":{"Class":"Residential"}},{"type":"Feature","geometry":{"type":"Polygon","coordinates":[[[30.95431,-29.953823],[30.954427,-29.953879],[30.954418,-29.953893],[30.954484,-29.953924],[30.954421,-29.954024],[30.954394,-29.954011],[30.954411,-29.953985],[30.954255,-29.953911],[30.95431,-29.953823]]]},"properties":{"Class":"Residential"}},{"type":"Feature","geometry":{"type":"Polygon","coordinates":[[[30.953916,-29.953927],[30.953943,-29.953906],[30.953968,-29.953931],[30.953976,-29.953925],[30.953996,-29.953945],[30.953972,-29.953963],[30.95396,-29.953952],[30.953949,-29.95396],[30.953916,-29.953927]]]},"properties":{"Class":"Residential"}},{"type":"Feature","geometry":{"type":"Polygon","coordinates":[[[30.95472,-29.95401],[30.954672,-29.954102],[30.954605,-29.954076],[30.954612,-29.954063],[30.954599,-29.954058],[30.954593,-29.95407],[30.954522,-29.954042],[30.954545,-29.953997],[30.954536,-29.953993],[30.954556,-29.953955],[30.954607,-29.953975],[30.954611,-29.953967],[30.95472,-29.95401]]]},"properties":{"Class":"Residential"}},{"type":"Feature","geometry":{"type":"Polygon","coordinates":[[[30.955854,-29.953977],[30.955867,-29.953995],[30.955934,-29.953959],[30.955955,-29.953989],[30.95586,-29.954039],[30.955827,-29.953992],[30.955854,-29.953977]]]},"properties":{"Class":"Residential"}},{"type":"Feature","geometry":{"type":"Polygon","coordinates":[[[30.95436,-29.954078],[30.954345,-29.954103],[30.954188,-29.954027],[30.954224,-29.95397],[30.954372,-29.954042],[30.954351,-29.954074],[30.95436,-29.954078]]]},"properties":{"Class":"Residential"}},{"type":"Feature","geometry":{"type":"Polygon","coordinates":[[[30.954958,-29.954077],[30.95495,-29.954133],[30.954784,-29.954115],[30.95479,-29.954074],[30.95478,-29.954072],[30.954789,-29.954013],[30.954879,-29.954023],[30.954871,-29.954075],[30.954883,-29.954076],[30.954884,-29.95407],[30.954958,-29.954077]]]},"properties":{"Class":"Residential"}},{"type":"Feature","geometry":{"type":"Polygon","coordinates":[[[30.955135,-29.954066],[30.955135,-29.954057],[30.955181,-29.954054],[30.955179,-29.954035],[30.955231,-29.954032],[30.95524,-29.954133],[30.955144,-29.954139],[30.955146,-29.954167],[30.955058,-29.954173],[30.955049,-29.954071],[30.955135,-29.954066]]]},"properties":{"Class":"Residential"}},{"type":"Feature","geometry":{"type":"Polygon","coordinates":[[[30.954552,-29.954192],[30.954449,-29.954151],[30.954453,-29.954143],[30.954444,-29.95414],[30.954468,-29.954093],[30.954499,-29.954106],[30.954519,-29.954067],[30.954532,-29.954072],[30.954507,-29.95412],[30.954557,-29.95414],[30.954553,-29.954146],[30.954572,-29.954153],[30.954552,-29.954192]]]},"properties":{"Class":"Residential"}},{"type":"Feature","geometry":{"type":"Polygon","coordinates":[[[30.954625,-29.954211],[30.954564,-29.954195],[30.954585,-29.954131],[30.95463,-29.954142],[30.954622,-29.954164],[30.954671,-29.954177],[30.954678,-29.954155],[30.954751,-29.954174],[30.954745,-29.954192],[30.954828,-29.954213],[30.954823,-29.95423],[30.954797,-29.954224],[30.954795,-29.954232],[30.954785,-29.95423],[30.954781,-29.954241],[30.9547,-29.954221],[30.954694,-29.954238],[30.954659,-29.954229],[30.954666,-29.954208],[30.954629,-29.954199],[30.954625,-29.954211]]]},"properties":{"Class":"Residential"}},{"type":"Feature","geometry":{"type":"Polygon","coordinates":[[[30.95535,-29.954152],[30.955346,-29.954141],[30.955373,-29.954134],[30.955378,-29.954149],[30.955402,-29.954143],[30.955427,-29.954219],[30.955313,-29.954248],[30.95529,-29.954179],[30.955346,-29.954164],[30.955343,-29.954154],[30.95535,-29.954152]]]},"properties":{"Class":"Residential"}},{"type":"Feature","geometry":{"type":"Polygon","coordinates":[[[30.955022,-29.954184],[30.955127,-29.954188],[30.955124,-29.954247],[30.955019,-29.954243],[30.955022,-29.954184]]]},"properties":{"Class":"Residential"}},{"type":"Feature","geometry":{"type":"Polygon","coordinates":[[[30.955227,-29.954207],[30.955293,-29.954203],[30.955299,-29.954271],[30.955289,-29.954271],[30.955288,-29.954258],[30.955232,-29.954262],[30.955227,-29.954207]]]},"properties":{"Class":"Residential"}},{"type":"Feature","geometry":{"type":"Polygon","coordinates":[[[30.954915,-29.954205],[30.954987,-29.954206],[30.954986,-29.954257],[30.954914,-29.954256],[30.954915,-29.954205]]]},"properties":{"Class":"Residential"}},{"type":"Feature","geometry":{"type":"Polygon","coordinates":[[[30.954839,-29.951295],[30.954774,-29.951233],[30.954861,-29.951165],[30.954926,-29.951227],[30.954839,-29.951295]]]},"properties":{"Class":"Residential"}},{"type":"Feature","geometry":{"type":"Polygon","coordinates":[[[30.954324,-29.951734],[30.954371,-29.951776],[30.954299,-29.951836],[30.954319,-29.951854],[30.954236,-29.951923],[30.954217,-29.951905],[30.954176,-29.951939],[30.954186,-29.951948],[30.954141,-29.951985],[30.954148,-29.951991],[30.954088,-29.952041],[30.954105,-29.952056],[30.954085,-29.952072],[30.95402,-29.952012],[30.954104,-29.951943],[30.954095,-29.951935],[30.954175,-29.951868],[30.954166,-29.95186],[30.954189,-29.95184],[30.954199,-29.95185],[30.954259,-29.9518],[30.954252,-29.951793],[30.954324,-29.951734]]]},"properties":{"Class":"Residential"}},{"type":"Feature","geometry":{"type":"Polygon","coordinates":[[[30.953998,-29.952005],[30.953881,-29.952146],[30.953821,-29.952119],[30.95385,-29.952083],[30.953827,-29.952067],[30.953865,-29.95202],[30.953879,-29.95203],[30.953918,-29.951985],[30.95395,-29.951962],[30.953998,-29.952005]]]},"properties":{"Class":"Residential"}},{"type":"Feature","geometry":{"type":"Polygon","coordinates":[[[30.953793,-29.952003],[30.953759,-29.95206],[30.953784,-29.952073],[30.953771,-29.952094],[30.953762,-29.952089],[30.95371,-29.952169],[30.953591,-29.952109],[30.953633,-29.952045],[30.953686,-29.952071],[30.953694,-29.952058],[30.953642,-29.952032],[30.953694,-29.951954],[30.953793,-29.952003]]]},"properties":{"Class":"Residential"}},{"type":"Feature","geometry":{"type":"Polygon","coordinates":[[[30.95388,-29.952691],[30.95387,-29.95273],[30.95384,-29.952789],[30.953831,-29.952785],[30.953821,-29.952805],[30.95381,-29.9528],[30.953801,-29.952818],[30.953759,-29.952802],[30.953772,-29.952774],[30.953765,-29.952772],[30.953786,-29.95273],[30.953772,-29.952724],[30.953764,-29.952739],[30.95374,-29.952729],[30.953736,-29.952737],[30.953707,-29.952726],[30.953735,-29.952671],[30.953786,-29.952691],[30.953795,-29.952674],[30.953823,-29.952684],[30.953826,-29.952678],[30.953865,-29.952693],[30.953868,-29.952687],[30.95388,-29.952691]]]},"properties":{"Class":"Residential"}},{"type":"Feature","geometry":{"type":"Polygon","coordinates":[[[30.955106,-29.953167],[30.954924,-29.953148],[30.954927,-29.953129],[30.954902,-29.953126],[30.95491,-29.95307],[30.954937,-29.953073],[30.954939,-29.953055],[30.955119,-29.953074],[30.955106,-29.953167]]]},"properties":{"Class":"Religious"}},{"type":"Feature","geometry":{"type":"Polygon","coordinates":[[[30.954897,-29.95312],[30.954838,-29.953147],[30.954794,-29.953101],[30.954863,-29.953067],[30.954897,-29.95312]]]},"properties":{"Class":"Residential"}},{"type":"Feature","geometry":{"type":"Polygon","coordinates":[[[30.955572,-29.952632],[30.955647,-29.952577],[30.95571,-29.952631],[30.955717,-29.952625],[30.955784,-29.952683],[30.955774,-29.952684],[30.955703,-29.952746],[30.955572,-29.952632]]]},"properties":{"Class":"Residential"}},{"type":"Feature","geometry":{"type":"Polygon","coordinates":[[[30.955914,-29.951152],[30.955824,-29.951073],[30.955857,-29.951046],[30.955959,-29.951135],[30.955914,-29.951152]]]},"properties":{"Class":"Residential"}},{"type":"Feature","geometry":{"type":"Polygon","coordinates":[[[30.956072,-29.951088],[30.956033,-29.951103],[30.956033,-29.951102],[30.956033,-29.951101],[30.956028,-29.951084],[30.955993,-29.951089],[30.955961,-29.951057],[30.955945,-29.951061],[30.955934,-29.951036],[30.955918,-29.951038],[30.9559,-29.950992],[30.956015,-29.95096],[30.956028,-29.95099],[30.956034,-29.950988],[30.956072,-29.951088]]]},"properties":{"Class":"Residential"}},{"type":"Feature","geometry":{"type":"Polygon","coordinates":[[[30.956129,-29.951008],[30.956049,-29.951026],[30.956031,-29.950968],[30.956111,-29.950949],[30.956129,-29.951008]]]},"properties":{"Class":"Residential"}},{"type":"Feature","geometry":{"type":"Polygon","coordinates":[[[30.95601,-29.951247],[30.956079,-29.951308],[30.956031,-29.95135],[30.955961,-29.951288],[30.95601,-29.951247]]]},"properties":{"Class":"Residential"}},{"type":"Feature","geometry":{"type":"Polygon","coordinates":[[[30.956115,-29.951681],[30.956058,-29.951626],[30.956095,-29.951595],[30.956038,-29.951542],[30.956084,-29.951504],[30.956141,-29.951557],[30.956147,-29.951552],[30.956206,-29.951607],[30.956115,-29.951681]]]},"properties":{"Class":"Residential"}},{"type":"Feature","geometry":{"type":"Polygon","coordinates":[[[30.955026,-29.952162],[30.954972,-29.952112],[30.954913,-29.95216],[30.954862,-29.952113],[30.954882,-29.952095],[30.954888,-29.9521],[30.95496,-29.952039],[30.954967,-29.952045],[30.954981,-29.952033],[30.955063,-29.952105],[30.955049,-29.952117],[30.955063,-29.95213],[30.955026,-29.952162]]]},"properties":{"Class":"Residential"}},{"type":"Feature","geometry":{"type":"Polygon","coordinates":[[[30.954975,-29.952205],[30.954913,-29.95216],[30.954972,-29.952112],[30.955026,-29.952162],[30.954975,-29.952205]]]},"properties":{"Class":"Residential"}},{"type":"Feature","geometry":{"type":"Polygon","coordinates":[[[30.954828,-29.952285],[30.954799,-29.952251],[30.954806,-29.952245],[30.95477,-29.952214],[30.954795,-29.952193],[30.954782,-29.952182],[30.954862,-29.952113],[30.954913,-29.95216],[30.954975,-29.952205],[30.954987,-29.952215],[30.954964,-29.952235],[30.954954,-29.952226],[30.954938,-29.952239],[30.954931,-29.952233],[30.954885,-29.952273],[30.954864,-29.952254],[30.954828,-29.952285]]]},"properties":{"Class":"Residential"}},{"type":"Feature","geometry":{"type":"Polygon","coordinates":[[[30.954634,-29.952377],[30.95457,-29.952314],[30.954594,-29.952296],[30.954622,-29.952324],[30.954635,-29.952314],[30.95467,-29.952348],[30.954634,-29.952377]]]},"properties":{"Class":"Residential"}},{"type":"Feature","geometry":{"type":"Polygon","coordinates":[[[30.95466,-29.95248],[30.954544,-29.952367],[30.954572,-29.952345],[30.954638,-29.95241],[30.954701,-29.95236],[30.954728,-29.952387],[30.954701,-29.952408],[30.954718,-29.952425],[30.954693,-29.952446],[30.954698,-29.952451],[30.95466,-29.95248]]]},"properties":{"Class":"Residential"}},{"type":"Feature","geometry":{"type":"Polygon","coordinates":[[[30.95482,-29.95258],[30.954785,-29.952607],[30.954721,-29.952547],[30.954731,-29.952539],[30.954674,-29.952485],[30.954703,-29.952461],[30.954758,-29.952513],[30.954754,-29.952517],[30.95482,-29.95258]]]},"properties":{"Class":"Residential"}},{"type":"Feature","geometry":{"type":"Polygon","coordinates":[[[30.954477,-29.952625],[30.954427,-29.952581],[30.954448,-29.952563],[30.954411,-29.95253],[30.954468,-29.952481],[30.954443,-29.952458],[30.954521,-29.952392],[30.954548,-29.952416],[30.954531,-29.95243],[30.954602,-29.952494],[30.954543,-29.952544],[30.954558,-29.952557],[30.954477,-29.952625]]]},"properties":{"Class":"Residential"}},{"type":"Feature","geometry":{"type":"Polygon","coordinates":[[[30.954557,-29.952532],[30.954632,-29.95247],[30.954687,-29.952521],[30.954628,-29.95257],[30.954602,-29.952546],[30.954586,-29.952559],[30.954557,-29.952532]]]},"properties":{"Class":"Residential"}},{"type":"Feature","geometry":{"type":"Polygon","coordinates":[[[30.954733,-29.952587],[30.954661,-29.952646],[30.954676,-29.95266],[30.954601,-29.952721],[30.954559,-29.952682],[30.95455,-29.95269],[30.954508,-29.95265],[30.954587,-29.952586],[30.954601,-29.952599],[30.954661,-29.952551],[30.954684,-29.952572],[30.954701,-29.952558],[30.954733,-29.952587]]]},"properties":{"Class":"Residential"}},{"type":"Feature","geometry":{"type":"Polygon","coordinates":[[[30.954675,-29.952714],[30.954649,-29.95269],[30.954704,-29.952643],[30.954731,-29.952667],[30.954675,-29.952714]]]},"properties":{"Class":"Residential"}},{"type":"Feature","geometry":{"type":"Polygon","coordinates":[[[30.956715,-29.952283],[30.956756,-29.952339],[30.956697,-29.952371],[30.956657,-29.952315],[30.956715,-29.952283]]]},"properties":{"Class":"Residential"}},{"type":"Feature","geometry":{"type":"Polygon","coordinates":[[[30.955577,-29.953427],[30.955637,-29.953484],[30.955568,-29.95354],[30.955507,-29.953483],[30.955577,-29.953427]]]},"properties":{"Class":"Residential"}},{"type":"Feature","geometry":{"type":"Polygon","coordinates":[[[30.954435,-29.953325],[30.954383,-29.953257],[30.954451,-29.953218],[30.954473,-29.953247],[30.954505,-29.953228],[30.95449,-29.953208],[30.954553,-29.953172],[30.954549,-29.953168],[30.954592,-29.953143],[30.954598,-29.95315],[30.954604,-29.953147],[30.95462,-29.953168],[30.954629,-29.953162],[30.954656,-29.953197],[30.954435,-29.953325]]]},"properties":{"Class":"Residential"}},{"type":"Feature","geometry":{"type":"Polygon","coordinates":[[[30.954413,-29.9532],[30.954353,-29.953212],[30.954318,-29.953164],[30.954369,-29.953148],[30.954379,-29.953164],[30.95439,-29.953162],[30.954413,-29.9532]]]},"properties":{"Class":"Residential"}},{"type":"Feature","geometry":{"type":"Polygon","coordinates":[[[30.954348,-29.953335],[30.954305,-29.953277],[30.954363,-29.953245],[30.954405,-29.953303],[30.954348,-29.953335]]]},"properties":{"Class":"Residential"}},{"type":"Feature","geometry":{"type":"Polygon","coordinates":[[[30.955524,-29.953951],[30.955697,-29.953876],[30.955755,-29.953977],[30.955582,-29.954052],[30.955524,-29.953951]]]},"properties":{"Class":"Residential"}},{"type":"Feature","geometry":{"type":"Polygon","coordinates":[[[30.955851,-29.954055],[30.955779,-29.954091],[30.955744,-29.954036],[30.955816,-29.954],[30.955851,-29.954055]]]},"properties":{"Class":"Residential"}},{"type":"Feature","geometry":{"type":"Polygon","coordinates":[[[30.955312,-29.954132],[30.955283,-29.95401],[30.955377,-29.953994],[30.955376,-29.953986],[30.955462,-29.953971],[30.955477,-29.954038],[30.955491,-29.954035],[30.955502,-29.954083],[30.955452,-29.954092],[30.955459,-29.954124],[30.955422,-29.954131],[30.955418,-29.954111],[30.955312,-29.954132]]]},"properties":{"Class":"Residential"}},{"type":"Feature","geometry":{"type":"Polygon","coordinates":[[[30.95556,-29.9541],[30.955662,-29.954067],[30.955691,-29.954134],[30.955589,-29.954168],[30.95556,-29.9541]]]},"properties":{"Class":"Residential"}},{"type":"Feature","geometry":{"type":"Polygon","coordinates":[[[30.955441,-29.954156],[30.955552,-29.954116],[30.955578,-29.954171],[30.955468,-29.954211],[30.955441,-29.954156]]]},"properties":{"Class":"Residential"}},{"type":"Feature","geometry":{"type":"Polygon","coordinates":[[[30.955713,-29.954112],[30.955681,-29.954053],[30.955728,-29.954034],[30.95576,-29.954092],[30.955713,-29.954112]]]},"properties":{"Class":"Residential"}},{"type":"Feature","geometry":{"type":"Polygon","coordinates":[[[30.953646,-29.953305],[30.953563,-29.95335],[30.95352,-29.953291],[30.953509,-29.953297],[30.953485,-29.953265],[30.953542,-29.953234],[30.953564,-29.953265],[30.953601,-29.953245],[30.953646,-29.953305]]]},"properties":{"Class":"Residential"}},{"type":"Feature","geometry":{"type":"Polygon","coordinates":[[[30.953442,-29.953206],[30.953401,-29.953142],[30.953428,-29.953129],[30.953434,-29.953138],[30.953459,-29.953126],[30.95348,-29.953157],[30.953461,-29.953166],[30.953476,-29.95319],[30.953442,-29.953206]]]},"properties":{"Class":"Residential"}},{"type":"Feature","geometry":{"type":"Polygon","coordinates":[[[30.957065,-29.944492],[30.95704,-29.944476],[30.957008,-29.944516],[30.957017,-29.944522],[30.956958,-29.944594],[30.956858,-29.944532],[30.956837,-29.944558],[30.956787,-29.944527],[30.956808,-29.944502],[30.956721,-29.944448],[30.956756,-29.944406],[30.956818,-29.944444],[30.95683,-29.944429],[30.956789,-29.944403],[30.956906,-29.944259],[30.956897,-29.944254],[30.957198,-29.943884],[30.957228,-29.943902],[30.95724,-29.943887],[30.957287,-29.943916],[30.957275,-29.943931],[30.957434,-29.94403],[30.957359,-29.944122],[30.957364,-29.944125],[30.957065,-29.944492]]]},"properties":{"Class":"Industry Light"}},{"type":"Feature","geometry":{"type":"Polygon","coordinates":[[[30.956925,-29.944221],[30.956834,-29.944165],[30.956892,-29.944093],[30.956909,-29.944104],[30.956955,-29.944048],[30.957016,-29.944085],[30.956971,-29.944142],[30.956983,-29.944149],[30.956925,-29.944221]]]},"properties":{"Class":"Industry Light"}},{"type":"Feature","geometry":{"type":"Polygon","coordinates":[[[30.956834,-29.944165],[30.956779,-29.944232],[30.956666,-29.944163],[30.956983,-29.943774],[30.957095,-29.943843],[30.956892,-29.944093],[30.956834,-29.944165]]]},"properties":{"Class":"Industry Light"}},{"type":"Feature","geometry":{"type":"Polygon","coordinates":[[[30.956727,-29.94436],[30.956605,-29.944286],[30.95666,-29.944216],[30.956783,-29.94429],[30.956727,-29.94436]]]},"properties":{"Class":"Industry Light"}},{"type":"Feature","geometry":{"type":"Polygon","coordinates":[[[30.956675,-29.944515],[30.956748,-29.944566],[30.9567,-29.944619],[30.956627,-29.944568],[30.956675,-29.944515]]]},"properties":{"Class":"Industry Light"}},{"type":"Feature","geometry":{"type":"Polygon","coordinates":[[[30.955309,-29.943833],[30.955349,-29.943857],[30.955311,-29.943904],[30.955472,-29.944002],[30.955455,-29.944023],[30.955691,-29.944167],[30.955426,-29.944496],[30.954989,-29.944229],[30.955309,-29.943833]]]},"properties":{"Class":"Industry Light"}},{"type":"Feature","geometry":{"type":"Polygon","coordinates":[[[30.955583,-29.943997],[30.95585,-29.943662],[30.956012,-29.94376],[30.955745,-29.944095],[30.955583,-29.943997]]]},"properties":{"Class":"Industry Light"}},{"type":"Feature","geometry":{"type":"Polygon","coordinates":[[[30.956091,-29.9438],[30.956485,-29.944039],[30.956205,-29.944388],[30.956234,-29.944406],[30.956024,-29.944668],[30.955995,-29.94465],[30.955894,-29.944776],[30.9555,-29.944537],[30.95576,-29.944212],[30.955954,-29.94433],[30.956006,-29.944265],[30.955812,-29.944147],[30.956091,-29.9438]]]},"properties":{"Class":"Industry Light"}},{"type":"Feature","geometry":{"type":"Polygon","coordinates":[[[30.955824,-29.94571],[30.955346,-29.945371],[30.95583,-29.944854],[30.956308,-29.945193],[30.955824,-29.94571]]]},"properties":{"Class":"Industry Light"}},{"type":"Feature","geometry":{"type":"Polygon","coordinates":[[[30.955824,-29.94571],[30.956245,-29.94526],[30.956297,-29.945297],[30.955876,-29.945747],[30.955824,-29.94571]]]},"properties":{"Class":"Industry Light"}},{"type":"Feature","geometry":{"type":"Polygon","coordinates":[[[30.955139,-29.944472],[30.955142,-29.944469],[30.955172,-29.94449],[30.955203,-29.944456],[30.955419,-29.944608],[30.954963,-29.9451],[30.954717,-29.944927],[30.955139,-29.944472]]]},"properties":{"Class":"Industry Light"}},{"type":"Feature","geometry":{"type":"Polygon","coordinates":[[[30.954634,-29.944846],[30.954569,-29.944801],[30.954571,-29.944799],[30.954609,-29.944756],[30.954594,-29.944746],[30.954684,-29.944645],[30.954764,-29.9447],[30.954634,-29.944846]]]},"properties":{"Class":"Industry Light"}},{"type":"Feature","geometry":{"type":"Polygon","coordinates":[[[30.955295,-29.946174],[30.95516,-29.946042],[30.955627,-29.945678],[30.955762,-29.94581],[30.955295,-29.946174]]]},"properties":{"Class":"Industry Light"}},{"type":"Feature","geometry":{"type":"Polygon","coordinates":[[[30.955149,-29.946024],[30.954901,-29.945841],[30.954876,-29.945866],[30.954771,-29.945789],[30.954786,-29.945774],[30.955169,-29.945379],[30.955523,-29.945639],[30.955149,-29.946024]]]},"properties":{"Class":"Industry Light"}},{"type":"Feature","geometry":{"type":"Polygon","coordinates":[[[30.95471,-29.945789],[30.954522,-29.945657],[30.954878,-29.945273],[30.955066,-29.945405],[30.95471,-29.945789]]]},"properties":{"Class":"Industry Light"}},{"type":"Feature","geometry":{"type":"Polygon","coordinates":[[[30.956547,-29.946141],[30.956487,-29.946097],[30.956527,-29.946056],[30.956587,-29.946099],[30.956547,-29.946141]]]},"properties":{"Class":"Industry Light"}},{"type":"Feature","geometry":{"type":"Polygon","coordinates":[[[30.956346,-29.94613],[30.956461,-29.946211],[30.9564,-29.946277],[30.956302,-29.946208],[30.956322,-29.946187],[30.956304,-29.946175],[30.956346,-29.94613]]]},"properties":{"Class":"Industry Light"}},{"type":"Feature","geometry":{"type":"Polygon","coordinates":[[[30.956259,-29.946257],[30.956291,-29.946267],[30.956265,-29.946335],[30.956233,-29.946325],[30.956259,-29.946257]]]},"properties":{"Class":"Industry Light"}},{"type":"Feature","geometry":{"type":"Polygon","coordinates":[[[30.95647,-29.946317],[30.956513,-29.946353],[30.956497,-29.946368],[30.956454,-29.946332],[30.95647,-29.946317]]]},"properties":{"Class":"Industry Light"}},{"type":"Feature","geometry":{"type":"Polygon","coordinates":[[[30.956508,-29.94614],[30.956491,-29.946157],[30.956438,-29.946117],[30.956456,-29.9461],[30.956508,-29.94614]]]},"properties":{"Class":"Industry Light"}},{"type":"Feature","geometry":{"type":"Polygon","coordinates":[[[30.957433,-29.946139],[30.9582,-29.946601],[30.957764,-29.94715],[30.956997,-29.946688],[30.957433,-29.946139]]]},"properties":{"Class":"Industry Light"}},{"type":"Feature","geometry":{"type":"Polygon","coordinates":[[[30.957052,-29.946735],[30.95711,-29.94677],[30.957038,-29.94686],[30.95698,-29.946825],[30.957052,-29.946735]]]},"properties":{"Class":"Industry Light"}},{"type":"Feature","geometry":{"type":"Polygon","coordinates":[[[30.956979,-29.94683],[30.957142,-29.946932],[30.957063,-29.947028],[30.9569,-29.946927],[30.956979,-29.94683]]]},"properties":{"Class":"Industry Light"}},{"type":"Feature","geometry":{"type":"Polygon","coordinates":[[[30.957021,-29.947002],[30.957063,-29.947028],[30.95713,-29.946946],[30.957161,-29.946965],[30.957054,-29.947094],[30.956983,-29.947049],[30.957021,-29.947002]]]},"properties":{"Class":"Industry Light"}},{"type":"Feature","geometry":{"type":"Polygon","coordinates":[[[30.957477,-29.947993],[30.957092,-29.947757],[30.957112,-29.947731],[30.956642,-29.947443],[30.956653,-29.947429],[30.956582,-29.947385],[30.956614,-29.947346],[30.9566,-29.947338],[30.956633,-29.947298],[30.956618,-29.947289],[30.956737,-29.947142],[30.956813,-29.947189],[30.956859,-29.947133],[30.957077,-29.947266],[30.957041,-29.94731],[30.957082,-29.947335],[30.957059,-29.947364],[30.957527,-29.947651],[30.957547,-29.947627],[30.957698,-29.94772],[30.957477,-29.947993]]]},"properties":{"Class":"Industry Light"}},{"type":"Feature","geometry":{"type":"Polygon","coordinates":[[[30.957099,-29.948609],[30.957002,-29.948539],[30.957044,-29.948495],[30.957141,-29.948565],[30.957099,-29.948609]]]},"properties":{"Class":"Industry Light"}},{"type":"Feature","geometry":{"type":"Polygon","coordinates":[[[30.956893,-29.948157],[30.956287,-29.948796],[30.956114,-29.948672],[30.95672,-29.948033],[30.956893,-29.948157]]]},"properties":{"Class":"Industry Light"}},{"type":"Feature","geometry":{"type":"Polygon","coordinates":[[[30.956149,-29.948897],[30.956109,-29.948868],[30.956156,-29.948818],[30.956196,-29.948847],[30.956149,-29.948897]]]},"properties":{"Class":"Industry Light"}},{"type":"Feature","geometry":{"type":"Polygon","coordinates":[[[30.956032,-29.948822],[30.955996,-29.948816],[30.956008,-29.948766],[30.956044,-29.948773],[30.956032,-29.948822]]]},"properties":{"Class":"Industry Light"}},{"type":"Feature","geometry":{"type":"Polygon","coordinates":[[[30.956296,-29.949317],[30.95598,-29.949614],[30.955852,-29.949511],[30.956167,-29.949214],[30.956296,-29.949317]]]},"properties":{"Class":"Industry Light"}},{"type":"Feature","geometry":{"type":"Polygon","coordinates":[[[30.955541,-29.949227],[30.955481,-29.94918],[30.955638,-29.949029],[30.955698,-29.949077],[30.955541,-29.949227]]]},"properties":{"Class":"Industry Light"}},{"type":"Feature","geometry":{"type":"Polygon","coordinates":[[[30.955382,-29.949412],[30.9555,-29.949302],[30.955662,-29.949433],[30.955544,-29.949543],[30.955382,-29.949412]]]},"properties":{"Class":"Industry Light"}},{"type":"Feature","geometry":{"type":"Polygon","coordinates":[[[30.955275,-29.949659],[30.955395,-29.949548],[30.955556,-29.94968],[30.955436,-29.949791],[30.955275,-29.949659]]]},"properties":{"Class":"Industry Light"}},{"type":"Feature","geometry":{"type":"Polygon","coordinates":[[[30.955284,-29.949999],[30.955103,-29.94985],[30.955221,-29.94974],[30.955403,-29.949889],[30.955284,-29.949999]]]},"properties":{"Class":"Industry Light"}},{"type":"Feature","geometry":{"type":"Polygon","coordinates":[[[30.955177,-29.949164],[30.954917,-29.948958],[30.955474,-29.948425],[30.955734,-29.94863],[30.955177,-29.949164]]]},"properties":{"Class":"Industry Light"}},{"type":"Feature","geometry":{"type":"Polygon","coordinates":[[[30.954974,-29.94915],[30.955022,-29.949105],[30.955179,-29.949229],[30.955131,-29.949275],[30.954974,-29.94915]]]},"properties":{"Class":"Industry Light"}},{"type":"Feature","geometry":{"type":"Polygon","coordinates":[[[30.95473,-29.949178],[30.954815,-29.949097],[30.955087,-29.949313],[30.955002,-29.949394],[30.95473,-29.949178]]]},"properties":{"Class":"Industry Light"}},{"type":"Feature","geometry":{"type":"Polygon","coordinates":[[[30.956082,-29.948251],[30.955966,-29.948167],[30.956023,-29.948108],[30.956139,-29.948191],[30.956082,-29.948251]]]},"properties":{"Class":"Industry Light"}},{"type":"Feature","geometry":{"type":"Polygon","coordinates":[[[30.956132,-29.947922],[30.95628,-29.94803],[30.95628,-29.948031],[30.956258,-29.948053],[30.956275,-29.948065],[30.956258,-29.948083],[30.956242,-29.948071],[30.956225,-29.948088],[30.956076,-29.947979],[30.956093,-29.947962],[30.956083,-29.947955],[30.956102,-29.947935],[30.956112,-29.947943],[30.956132,-29.947922]]]},"properties":{"Class":"Industry Light"}},{"type":"Feature","geometry":{"type":"Polygon","coordinates":[[[30.955442,-29.950043],[30.955411,-29.950018],[30.955514,-29.949922],[30.955544,-29.949947],[30.955442,-29.950043]]]},"properties":{"Class":"Industry Light"}},{"type":"Feature","geometry":{"type":"Polygon","coordinates":[[[30.950019,-29.952503],[30.950316,-29.952745],[30.94949,-29.953511],[30.949194,-29.953269],[30.950019,-29.952503]]]},"properties":{"Class":"Industry Light"}},{"type":"Feature","geometry":{"type":"Polygon","coordinates":[[[30.950316,-29.952745],[30.950021,-29.952504],[30.951061,-29.951538],[30.951356,-29.951779],[30.950316,-29.952745]]]},"properties":{"Class":"Industry Light"}},{"type":"Feature","geometry":{"type":"Polygon","coordinates":[[[30.951061,-29.951538],[30.952166,-29.950512],[30.952423,-29.950722],[30.951318,-29.951748],[30.951061,-29.951538]]]},"properties":{"Class":"Industry Light"}},{"type":"Feature","geometry":{"type":"Polygon","coordinates":[[[30.948367,-29.952409],[30.948313,-29.952271],[30.948939,-29.952085],[30.948993,-29.952222],[30.948367,-29.952409]]]},"properties":{"Class":"Industry Light"}},{"type":"Feature","geometry":{"type":"Polygon","coordinates":[[[30.948938,-29.951941],[30.94826,-29.952141],[30.948206,-29.952002],[30.948884,-29.951802],[30.948938,-29.951941]]]},"properties":{"Class":"Industry Light"}},{"type":"Feature","geometry":{"type":"Polygon","coordinates":[[[30.948084,-29.951938],[30.94774,-29.951049],[30.947845,-29.951018],[30.948189,-29.951907],[30.948084,-29.951938]]]},"properties":{"Class":"Industry Light"}},{"type":"Feature","geometry":{"type":"Polygon","coordinates":[[[30.947933,-29.950841],[30.948447,-29.950688],[30.948502,-29.950827],[30.948263,-29.950898],[30.948238,-29.950836],[30.948123,-29.95087],[30.948148,-29.950933],[30.947988,-29.950981],[30.947933,-29.950841]]]},"properties":{"Class":"Industry Light"}},{"type":"Feature","geometry":{"type":"Polygon","coordinates":[[[30.948869,-29.951384],[30.948791,-29.95132],[30.948864,-29.951252],[30.948942,-29.951316],[30.948869,-29.951384]]]},"properties":{"Class":"Industry Light"}},{"type":"Feature","geometry":{"type":"Polygon","coordinates":[[[30.948677,-29.95121],[30.94857,-29.951122],[30.948653,-29.951045],[30.94876,-29.951133],[30.948677,-29.95121]]]},"properties":{"Class":"Industry Light"}},{"type":"Feature","geometry":{"type":"Polygon","coordinates":[[[30.948816,-29.950892],[30.948873,-29.950839],[30.949056,-29.950987],[30.948999,-29.951041],[30.948816,-29.950892]]]},"properties":{"Class":"Industry Light"}},{"type":"Feature","geometry":{"type":"Polygon","coordinates":[[[30.948679,-29.951741],[30.948323,-29.951845],[30.948308,-29.951806],[30.948278,-29.951815],[30.94827,-29.951795],[30.948301,-29.951786],[30.948282,-29.951739],[30.948445,-29.951692],[30.948428,-29.951647],[30.948315,-29.95168],[30.948285,-29.951602],[30.948251,-29.951612],[30.948243,-29.951592],[30.948278,-29.951582],[30.948247,-29.951502],[30.948503,-29.951427],[30.948534,-29.951507],[30.94858,-29.951494],[30.948587,-29.951513],[30.948541,-29.951527],[30.948571,-29.951604],[30.948455,-29.951638],[30.948473,-29.951683],[30.948638,-29.951635],[30.948655,-29.951681],[30.9487,-29.951668],[30.94871,-29.951695],[30.948666,-29.951708],[30.948679,-29.951741]]]},"properties":{"Class":"Industry Light"}},{"type":"Feature","geometry":{"type":"Polygon","coordinates":[[[30.94942,-29.951969],[30.94935,-29.952035],[30.949097,-29.95183],[30.949166,-29.951764],[30.94942,-29.951969]]]},"properties":{"Class":"Industry Light"}},{"type":"Feature","geometry":{"type":"Polygon","coordinates":[[[30.949016,-29.951739],[30.949057,-29.951704],[30.9491,-29.951742],[30.949059,-29.951777],[30.949016,-29.951739]]]},"properties":{"Class":"Industry Light"}},{"type":"Feature","geometry":{"type":"Polygon","coordinates":[[[30.948948,-29.952109],[30.948992,-29.952096],[30.948985,-29.952079],[30.949102,-29.952044],[30.949147,-29.952159],[30.949032,-29.952193],[30.949028,-29.952182],[30.948983,-29.952196],[30.948948,-29.952109]]]},"properties":{"Class":"Industry Light"}},{"type":"Feature","geometry":{"type":"Polygon","coordinates":[[[30.949815,-29.951331],[30.949856,-29.951365],[30.949845,-29.951375],[30.949872,-29.951397],[30.950211,-29.951676],[30.950123,-29.951757],[30.949892,-29.951567],[30.94987,-29.951587],[30.949695,-29.951442],[30.949815,-29.951331]]]},"properties":{"Class":"Industry Light"}},{"type":"Feature","geometry":{"type":"Polygon","coordinates":[[[30.950233,-29.951663],[30.94983,-29.951333],[30.949956,-29.951217],[30.950358,-29.951547],[30.950233,-29.951663]]]},"properties":{"Class":"Industry Light"}},{"type":"Feature","geometry":{"type":"Polygon","coordinates":[[[30.950213,-29.951217],[30.950421,-29.951383],[30.950319,-29.95148],[30.9502,-29.951385],[30.950249,-29.951339],[30.950276,-29.951361],[30.950302,-29.951336],[30.950249,-29.951294],[30.950229,-29.951312],[30.950166,-29.951262],[30.950213,-29.951217]]]},"properties":{"Class":"Industry Light"}},{"type":"Feature","geometry":{"type":"Polygon","coordinates":[[[30.950328,-29.951288],[30.950337,-29.951281],[30.950179,-29.951151],[30.95022,-29.951113],[30.950383,-29.951247],[30.950446,-29.951188],[30.950582,-29.951235],[30.950436,-29.951377],[30.950328,-29.951288]]]},"properties":{"Class":"Industry Light"}},{"type":"Feature","geometry":{"type":"Polygon","coordinates":[[[30.953901,-29.950925],[30.954155,-29.951124],[30.953601,-29.951661],[30.953347,-29.951462],[30.953901,-29.950925]]]},"properties":{"Class":"Industry Light"}},{"type":"Feature","geometry":{"type":"Polygon","coordinates":[[[30.953311,-29.951488],[30.953438,-29.951591],[30.953094,-29.951913],[30.952967,-29.95181],[30.953311,-29.951488]]]},"properties":{"Class":"Industry Light"}},{"type":"Feature","geometry":{"type":"Polygon","coordinates":[[[30.952967,-29.951384],[30.953137,-29.951524],[30.953057,-29.951598],[30.953032,-29.951578],[30.952924,-29.951678],[30.952905,-29.951662],[30.952859,-29.951704],[30.952802,-29.951657],[30.952847,-29.951615],[30.952816,-29.951589],[30.952928,-29.951485],[30.952891,-29.951454],[30.952967,-29.951384]]]},"properties":{"Class":"Industry Light"}},{"type":"Feature","geometry":{"type":"Polygon","coordinates":[[[30.953339,-29.951289],[30.953228,-29.9512],[30.95339,-29.951048],[30.953501,-29.951137],[30.953339,-29.951289]]]},"properties":{"Class":"Industry Light"}},{"type":"Feature","geometry":{"type":"Polygon","coordinates":[[[30.953494,-29.950964],[30.953537,-29.950926],[30.95363,-29.951006],[30.953588,-29.951044],[30.953494,-29.950964]]]},"properties":{"Class":"Industry Light"}},{"type":"Feature","geometry":{"type":"Polygon","coordinates":[[[30.953629,-29.951006],[30.953596,-29.950977],[30.953644,-29.950935],[30.953678,-29.950963],[30.953629,-29.951006]]]},"properties":{"Class":"Industry Light"}},{"type":"Feature","geometry":{"type":"Polygon","coordinates":[[[30.953683,-29.950915],[30.953643,-29.950883],[30.953725,-29.950804],[30.953766,-29.950835],[30.953683,-29.950915]]]},"properties":{"Class":"Industry Light"}},{"type":"Feature","geometry":{"type":"Polygon","coordinates":[[[30.953485,-29.950778],[30.952932,-29.951308],[30.952679,-29.951107],[30.953232,-29.950578],[30.953485,-29.950778]]]},"properties":{"Class":"Industry Light"}},{"type":"Feature","geometry":{"type":"Polygon","coordinates":[[[30.952712,-29.951162],[30.952912,-29.951316],[30.952846,-29.95138],[30.952877,-29.951404],[30.952811,-29.951468],[30.95278,-29.951445],[30.952679,-29.951544],[30.95248,-29.951391],[30.952712,-29.951162]]]},"properties":{"Class":"Industry Light"}},{"type":"Feature","geometry":{"type":"Polygon","coordinates":[[[30.954175,-29.951062],[30.954168,-29.951069],[30.954071,-29.950991],[30.954228,-29.950842],[30.954203,-29.950822],[30.954099,-29.950921],[30.954007,-29.950847],[30.954184,-29.950681],[30.954273,-29.950753],[30.954254,-29.95077],[30.954288,-29.950798],[30.954307,-29.95078],[30.954397,-29.950852],[30.954175,-29.951062]]]},"properties":{"Class":"Industry Light"}},{"type":"Feature","geometry":{"type":"Polygon","coordinates":[[[30.953636,-29.950628],[30.953484,-29.95051],[30.953529,-29.950467],[30.95368,-29.950585],[30.953636,-29.950628]]]},"properties":{"Class":"Industry Light"}},{"type":"Feature","geometry":{"type":"Polygon","coordinates":[[[30.953453,-29.950389],[30.953536,-29.95031],[30.953811,-29.950528],[30.953728,-29.950607],[30.953453,-29.950389]]]},"properties":{"Class":"Industry Light"}},{"type":"Feature","geometry":{"type":"Polygon","coordinates":[[[30.953438,-29.950401],[30.953472,-29.950427],[30.953432,-29.950466],[30.953398,-29.95044],[30.953438,-29.950401]]]},"properties":{"Class":"Industry Light"}},{"type":"Feature","geometry":{"type":"Polygon","coordinates":[[[30.953614,-29.950141],[30.954536,-29.949258],[30.954951,-29.949587],[30.954029,-29.95047],[30.953614,-29.950141]]]},"properties":{"Class":"Industry Light"}},{"type":"Feature","geometry":{"type":"Polygon","coordinates":[[[30.954309,-29.950502],[30.95486,-29.949973],[30.955142,-29.950195],[30.954591,-29.950724],[30.954309,-29.950502]]]},"properties":{"Class":"Industry Light"}},{"type":"Feature","geometry":{"type":"Polygon","coordinates":[[[30.95509,-29.950121],[30.954946,-29.95001],[30.95502,-29.949938],[30.955164,-29.950049],[30.95509,-29.950121]]]},"properties":{"Class":"Industry Light"}},{"type":"Feature","geometry":{"type":"Polygon","coordinates":[[[30.95325,-29.950593],[30.953268,-29.950575],[30.953323,-29.950619],[30.95334,-29.950602],[30.953359,-29.950618],[30.953342,-29.950634],[30.953375,-29.95066],[30.953396,-29.95064],[30.953516,-29.950735],[30.953477,-29.950772],[30.95325,-29.950593]]]},"properties":{"Class":"Industry Light"}},{"type":"Feature","geometry":{"type":"Polygon","coordinates":[[[30.95238,-29.950687],[30.952166,-29.950512],[30.952412,-29.950229],[30.952665,-29.950444],[30.952393,-29.950697],[30.95238,-29.950687]]]},"properties":{"Class":"Industry Light"}},{"type":"Feature","geometry":{"type":"Polygon","coordinates":[[[30.952665,-29.950444],[30.952412,-29.950229],[30.952489,-29.950144],[30.952962,-29.949637],[30.95363,-29.948932],[30.953958,-29.949208],[30.952665,-29.950444]]]},"properties":{"Class":"Industry Light"}},{"type":"Feature","geometry":{"type":"Polygon","coordinates":[[[30.95437,-29.948788],[30.954082,-29.948561],[30.954128,-29.948517],[30.954163,-29.948544],[30.954329,-29.948384],[30.954578,-29.948581],[30.954582,-29.948584],[30.95437,-29.948788]]]},"properties":{"Class":"Industry Light"}},{"type":"Feature","geometry":{"type":"Polygon","coordinates":[[[30.954017,-29.948509],[30.954111,-29.948408],[30.95416,-29.948443],[30.954066,-29.948544],[30.954017,-29.948509]]]},"properties":{"Class":"Industry Light"}},{"type":"Feature","geometry":{"type":"Polygon","coordinates":[[[30.950144,-29.946492],[30.950293,-29.945962],[30.950337,-29.945972],[30.95035,-29.945927],[30.950491,-29.945957],[30.95048,-29.945994],[30.95047,-29.945992],[30.95034,-29.946455],[30.950316,-29.94645],[30.950312,-29.946464],[30.950402,-29.946483],[30.950385,-29.946543],[30.950144,-29.946492]]]},"properties":{"Class":"Industry Light"}},{"type":"Feature","geometry":{"type":"Polygon","coordinates":[[[30.950293,-29.945962],[30.950248,-29.946123],[30.950209,-29.946115],[30.95012,-29.946431],[30.950027,-29.946411],[30.950161,-29.945934],[30.950293,-29.945962]]]},"properties":{"Class":"Industry Light"}},{"type":"Feature","geometry":{"type":"Polygon","coordinates":[[[30.950095,-29.945871],[30.95003,-29.945835],[30.950062,-29.94579],[30.950127,-29.945826],[30.950095,-29.945871]]]},"properties":{"Class":"Industry Light"}},{"type":"Feature","geometry":{"type":"Polygon","coordinates":[[[30.950391,-29.945825],[30.950343,-29.94579],[30.950431,-29.9457],[30.950478,-29.945736],[30.950391,-29.945825]]]},"properties":{"Class":"Industry Light"}},{"type":"Feature","geometry":{"type":"Polygon","coordinates":[[[30.950313,-29.945645],[30.950311,-29.945552],[30.950352,-29.945552],[30.95035,-29.945468],[30.95054,-29.945465],[30.950542,-29.945555],[30.950471,-29.945556],[30.950473,-29.945643],[30.950313,-29.945645]]]},"properties":{"Class":"Industry Light"}},{"type":"Feature","geometry":{"type":"Polygon","coordinates":[[[30.950516,-29.94534],[30.950513,-29.945244],[30.950516,-29.945244],[30.950514,-29.945205],[30.950553,-29.945205],[30.950555,-29.945245],[30.950812,-29.945238],[30.950811,-29.945198],[30.950847,-29.945197],[30.950846,-29.945154],[30.950887,-29.945153],[30.95089,-29.945238],[30.950967,-29.945236],[30.95097,-29.945329],[30.950516,-29.94534]]]},"properties":{"Class":"Industry Light"}},{"type":"Feature","geometry":{"type":"Polygon","coordinates":[[[30.951099,-29.944193],[30.951298,-29.944318],[30.951173,-29.944469],[30.950974,-29.944345],[30.951099,-29.944193]]]},"properties":{"Class":"Industry Light"}},{"type":"Feature","geometry":{"type":"Polygon","coordinates":[[[30.950752,-29.944038],[30.950839,-29.94408],[30.950785,-29.944165],[30.950698,-29.944123],[30.950752,-29.944038]]]},"properties":{"Class":"Industry Light"}},{"type":"Feature","geometry":{"type":"Polygon","coordinates":[[[30.950631,-29.94415],[30.95066,-29.944181],[30.950608,-29.944217],[30.950579,-29.944187],[30.950631,-29.94415]]]},"properties":{"Class":"Industry Light"}},{"type":"Feature","geometry":{"type":"Polygon","coordinates":[[[30.950585,-29.94562],[30.950821,-29.945444],[30.950834,-29.945458],[30.950877,-29.945426],[30.950964,-29.945514],[30.950925,-29.945543],[30.950938,-29.945556],[30.950703,-29.945732],[30.950694,-29.945738],[30.950581,-29.945623],[30.950585,-29.94562]]]},"properties":{"Class":"Industry Light"}},{"type":"Feature","geometry":{"type":"Polygon","coordinates":[[[30.951114,-29.945092],[30.951232,-29.945103],[30.951189,-29.945442],[30.951176,-29.945441],[30.95117,-29.945488],[30.951086,-29.94548],[30.951092,-29.945432],[30.951072,-29.94543],[30.951114,-29.945092]]]},"properties":{"Class":"Industry Light"}},{"type":"Feature","geometry":{"type":"Polygon","coordinates":[[[30.951062,-29.945525],[30.951062,-29.945524],[30.951194,-29.945557],[30.951178,-29.945606],[30.951193,-29.94561],[30.951151,-29.945739],[30.951004,-29.945702],[30.951062,-29.945525]]]},"properties":{"Class":"Industry Light"}},{"type":"Feature","geometry":{"type":"Polygon","coordinates":[[[30.950927,-29.946335],[30.950731,-29.946336],[30.95073,-29.946245],[30.950748,-29.946245],[30.950748,-29.946049],[30.95076,-29.946049],[30.95076,-29.945986],[30.950939,-29.945985],[30.950939,-29.946049],[30.950945,-29.946049],[30.950946,-29.946246],[30.950927,-29.946246],[30.950927,-29.946335]]]},"properties":{"Class":"Industry Light"}},{"type":"Feature","geometry":{"type":"Polygon","coordinates":[[[30.951395,-29.946463],[30.951363,-29.946448],[30.951395,-29.946398],[30.951427,-29.946414],[30.951395,-29.946463]]]},"properties":{"Class":"Industry Light"}},{"type":"Feature","geometry":{"type":"Polygon","coordinates":[[[30.951255,-29.946105],[30.951215,-29.946105],[30.951213,-29.946025],[30.951253,-29.946024],[30.951255,-29.946105]]]},"properties":{"Class":"Industry Light"}},{"type":"Feature","geometry":{"type":"Polygon","coordinates":[[[30.951764,-29.945545],[30.951617,-29.945488],[30.951741,-29.945244],[30.951686,-29.945223],[30.951868,-29.944864],[30.951948,-29.944894],[30.952027,-29.94474],[30.952224,-29.944815],[30.952146,-29.94497],[30.952071,-29.944941],[30.951764,-29.945545]]]},"properties":{"Class":"Industry Light"}},{"type":"Feature","geometry":{"type":"Polygon","coordinates":[[[30.952603,-29.948925],[30.952743,-29.949025],[30.952682,-29.94909],[30.952542,-29.948989],[30.952603,-29.948925]]]},"properties":{"Class":"Industry Light"}},{"type":"Feature","geometry":{"type":"Polygon","coordinates":[[[30.952216,-29.948681],[30.95201,-29.948534],[30.952166,-29.948368],[30.952372,-29.948515],[30.952216,-29.948681]]]},"properties":{"Class":"Industry Light"}},{"type":"Feature","geometry":{"type":"Polygon","coordinates":[[[30.951633,-29.948272],[30.95175,-29.948144],[30.951862,-29.948221],[30.951814,-29.948274],[30.951763,-29.948238],[30.951694,-29.948314],[30.951633,-29.948272]]]},"properties":{"Class":"Industry Light"}},{"type":"Feature","geometry":{"type":"Polygon","coordinates":[[[30.951259,-29.948001],[30.951507,-29.947733],[30.951523,-29.947744],[30.951726,-29.947524],[30.951709,-29.947513],[30.951831,-29.947381],[30.951846,-29.947392],[30.951892,-29.947342],[30.952226,-29.947576],[30.951605,-29.94825],[30.951255,-29.948005],[30.951259,-29.948001]]]},"properties":{"Class":"Industry Light"}},{"type":"Feature","geometry":{"type":"Polygon","coordinates":[[[30.951515,-29.947695],[30.951482,-29.947672],[30.951551,-29.947595],[30.951585,-29.947618],[30.951515,-29.947695]]]},"properties":{"Class":"Industry Light"}},{"type":"Feature","geometry":{"type":"Polygon","coordinates":[[[30.952017,-29.945793],[30.952043,-29.945743],[30.952234,-29.945817],[30.952208,-29.945867],[30.952017,-29.945793]]]},"properties":{"Class":"Industry Light"}},{"type":"Feature","geometry":{"type":"Polygon","coordinates":[[[30.951979,-29.946531],[30.951932,-29.946647],[30.951829,-29.946471],[30.951979,-29.946531]]]},"properties":{"Class":"Industry Light"}},{"type":"Feature","geometry":{"type":"Polygon","coordinates":[[[30.952475,-29.945976],[30.952527,-29.945997],[30.952475,-29.946097],[30.952423,-29.946076],[30.952475,-29.945976]]]},"properties":{"Class":"Industry Light"}},{"type":"Feature","geometry":{"type":"Polygon","coordinates":[[[30.952925,-29.945979],[30.952332,-29.945584],[30.952382,-29.945527],[30.952244,-29.945436],[30.952403,-29.945255],[30.95254,-29.945347],[30.952571,-29.945312],[30.953164,-29.945706],[30.952925,-29.945979]]]},"properties":{"Class":"Industry Light"}},{"type":"Feature","geometry":{"type":"Polygon","coordinates":[[[30.952565,-29.944992],[30.952569,-29.944986],[30.952758,-29.945079],[30.95272,-29.945137],[30.952677,-29.945115],[30.95259,-29.945249],[30.952578,-29.945243],[30.952535,-29.945309],[30.952402,-29.945243],[30.952565,-29.944992]]]},"properties":{"Class":"Industry Light"}},{"type":"Feature","geometry":{"type":"Polygon","coordinates":[[[30.952794,-29.945101],[30.953044,-29.945272],[30.95294,-29.945387],[30.95269,-29.945217],[30.952794,-29.945101]]]},"properties":{"Class":"Industry Light"}},{"type":"Feature","geometry":{"type":"Polygon","coordinates":[[[30.95382,-29.94768],[30.953408,-29.947402],[30.953662,-29.947117],[30.954073,-29.947394],[30.95382,-29.94768]]]},"properties":{"Class":"Industry Light"}},{"type":"Feature","geometry":{"type":"Polygon","coordinates":[[[30.953595,-29.947818],[30.953408,-29.947775],[30.953431,-29.947702],[30.953617,-29.947745],[30.953595,-29.947818]]]},"properties":{"Class":"Industry Light"}},{"type":"Feature","geometry":{"type":"Polygon","coordinates":[[[30.953173,-29.946265],[30.953118,-29.946228],[30.953145,-29.946197],[30.9532,-29.946234],[30.953173,-29.946265]]]},"properties":{"Class":"Industry Light"}},{"type":"Feature","geometry":{"type":"Polygon","coordinates":[[[30.953218,-29.946201],[30.953184,-29.946179],[30.953208,-29.946149],[30.953243,-29.946171],[30.953218,-29.946201]]]},"properties":{"Class":"Industry Light"}},{"type":"Feature","geometry":{"type":"Polygon","coordinates":[[[30.954059,-29.946345],[30.954227,-29.946159],[30.954387,-29.946268],[30.95422,-29.946454],[30.954059,-29.946345]]]},"properties":{"Class":"Industry Light"}},{"type":"Feature","geometry":{"type":"Polygon","coordinates":[[[30.953939,-29.94664],[30.953991,-29.946675],[30.95393,-29.946743],[30.953879,-29.946708],[30.953939,-29.94664]]]},"properties":{"Class":"Industry Light"}},{"type":"Feature","geometry":{"type":"Polygon","coordinates":[[[30.954111,-29.946508],[30.954145,-29.946529],[30.954115,-29.946564],[30.954082,-29.946543],[30.954111,-29.946508]]]},"properties":{"Class":"Industry Light"}},{"type":"Feature","geometry":{"type":"Polygon","coordinates":[[[30.954535,-29.946778],[30.954426,-29.946699],[30.954492,-29.946629],[30.954601,-29.946708],[30.954535,-29.946778]]]},"properties":{"Class":"Industry Light"}},{"type":"Feature","geometry":{"type":"Polygon","coordinates":[[[30.953178,-29.944828],[30.953522,-29.944438],[30.953733,-29.944579],[30.953389,-29.944969],[30.953178,-29.944828]]]},"properties":{"Class":"Industry Light"}},{"type":"Feature","geometry":{"type":"Polygon","coordinates":[[[30.953952,-29.94395],[30.954065,-29.944027],[30.953697,-29.944439],[30.953583,-29.944362],[30.953952,-29.94395]]]},"properties":{"Class":"Industry Light"}},{"type":"Feature","geometry":{"type":"Polygon","coordinates":[[[30.953952,-29.94395],[30.953583,-29.944362],[30.953514,-29.944315],[30.953689,-29.944119],[30.953436,-29.943947],[30.953629,-29.943731],[30.953952,-29.94395]]]},"properties":{"Class":"Industry Light"}},{"type":"Feature","geometry":{"type":"Polygon","coordinates":[[[30.953689,-29.944119],[30.953446,-29.944391],[30.953191,-29.944218],[30.953434,-29.943946],[30.953689,-29.944119]]]},"properties":{"Class":"Industry Light"}},{"type":"Feature","geometry":{"type":"Polygon","coordinates":[[[30.953191,-29.944218],[30.953271,-29.944272],[30.953124,-29.944437],[30.953044,-29.944382],[30.953191,-29.944218]]]},"properties":{"Class":"Industry Light"}},{"type":"Feature","geometry":{"type":"Polygon","coordinates":[[[30.953124,-29.944437],[30.953195,-29.944357],[30.95337,-29.944476],[30.953299,-29.944556],[30.953124,-29.944437]]]},"properties":{"Class":"Industry Light"}},{"type":"Feature","geometry":{"type":"Polygon","coordinates":[[[30.953131,-29.944756],[30.952983,-29.944659],[30.953113,-29.944509],[30.953261,-29.944605],[30.953131,-29.944756]]]},"properties":{"Class":"Industry Light"}},{"type":"Feature","geometry":{"type":"Polygon","coordinates":[[[30.953044,-29.944382],[30.953078,-29.944405],[30.95303,-29.944459],[30.952996,-29.944436],[30.953044,-29.944382]]]},"properties":{"Class":"Industry Light"}},{"type":"Feature","geometry":{"type":"Polygon","coordinates":[[[30.953674,-29.944851],[30.95393,-29.944941],[30.953773,-29.94528],[30.953556,-29.945203],[30.953623,-29.945058],[30.953577,-29.945042],[30.953667,-29.944849],[30.953674,-29.944851]]]},"properties":{"Class":"Industry Light"}},{"type":"Feature","geometry":{"type":"Polygon","coordinates":[[[30.953696,-29.944859],[30.953832,-29.944584],[30.953926,-29.944447],[30.954007,-29.944362],[30.954165,-29.94417],[30.954255,-29.944205],[30.95422,-29.944442],[30.954134,-29.944715],[30.953996,-29.944976],[30.95393,-29.944941],[30.953696,-29.944859]]]},"properties":{"Class":"Industry Light"}},{"type":"Feature","geometry":{"type":"Polygon","coordinates":[[[30.953895,-29.944217],[30.954012,-29.944086],[30.954073,-29.944128],[30.953956,-29.944258],[30.953895,-29.944217]]]},"properties":{"Class":"Industry Light"}},{"type":"Feature","geometry":{"type":"Polygon","coordinates":[[[30.954402,-29.943765],[30.95451,-29.943759],[30.95454,-29.944176],[30.954433,-29.944182],[30.954402,-29.943765]]]},"properties":{"Class":"Industry Light"}},{"type":"Feature","geometry":{"type":"Polygon","coordinates":[[[30.95101,-29.946333],[30.95101,-29.946274],[30.95119,-29.946273],[30.95119,-29.946332],[30.95101,-29.946333]]]},"properties":{"Class":"Industry Light"}},{"type":"Feature","geometry":{"type":"Polygon","coordinates":[[[30.950647,-29.945947],[30.950647,-29.945848],[30.951031,-29.945848],[30.951031,-29.945946],[30.950647,-29.945947]]]},"properties":{"Class":"Industry Light"}},{"type":"Feature","geometry":{"type":"Polygon","coordinates":[[[30.950527,-29.946583],[30.950627,-29.946596],[30.950622,-29.946621],[30.950523,-29.946608],[30.950527,-29.946583]]]},"properties":{"Class":"Industry Light"}},{"type":"Feature","geometry":{"type":"Polygon","coordinates":[[[30.951987,-29.944819],[30.951948,-29.944894],[30.951869,-29.944864],[30.951907,-29.944788],[30.951987,-29.944819]]]},"properties":{"Class":"Industry Light"}},{"type":"Feature","geometry":{"type":"Polygon","coordinates":[[[30.952689,-29.945045],[30.952568,-29.944985],[30.952596,-29.944942],[30.952717,-29.945001],[30.952689,-29.945045]]]},"properties":{"Class":"Industry Light"}},{"type":"Feature","geometry":{"type":"Polygon","coordinates":[[[30.953605,-29.945097],[30.953574,-29.945164],[30.953422,-29.945071],[30.953467,-29.945017],[30.953605,-29.945097]]]},"properties":{"Class":"Industry Light"}},{"type":"Feature","geometry":{"type":"Polygon","coordinates":[[[30.954409,-29.945693],[30.954172,-29.945524],[30.954562,-29.945109],[30.954799,-29.945277],[30.954409,-29.945693]]]},"properties":{"Class":"Industry Light"}},{"type":"Feature","geometry":{"type":"Polygon","coordinates":[[[30.954809,-29.94944],[30.954836,-29.949415],[30.954909,-29.949476],[30.954882,-29.9495],[30.954809,-29.94944]]]},"properties":{"Class":"Industry Light"}},{"type":"Feature","geometry":{"type":"Polygon","coordinates":[[[30.954605,-29.949287],[30.954661,-29.949232],[30.954724,-29.94928],[30.954668,-29.949335],[30.954605,-29.949287]]]},"properties":{"Class":"Industry Light"}},{"type":"Feature","geometry":{"type":"Polygon","coordinates":[[[30.955788,-29.948421],[30.955806,-29.948404],[30.955834,-29.948426],[30.955816,-29.948443],[30.955788,-29.948421]]]},"properties":{"Class":"Industry Light"}},{"type":"Feature","geometry":{"type":"Polygon","coordinates":[[[30.944472,-29.95228],[30.944667,-29.952496],[30.944611,-29.952534],[30.944575,-29.952494],[30.944607,-29.952472],[30.94455,-29.952409],[30.944519,-29.95243],[30.944417,-29.952318],[30.944472,-29.95228]]]},"properties":{"Class":"Industry Light"}},{"type":"Feature","geometry":{"type":"Polygon","coordinates":[[[30.944372,-29.952526],[30.944446,-29.952447],[30.94452,-29.9525],[30.944497,-29.952525],[30.944485,-29.952516],[30.944434,-29.95257],[30.944372,-29.952526]]]},"properties":{"Class":"Industry Light"}},{"type":"Feature","geometry":{"type":"Polygon","coordinates":[[[30.944423,-29.952453],[30.944397,-29.952421],[30.944459,-29.952382],[30.944485,-29.952413],[30.944423,-29.952453]]]},"properties":{"Class":"Industry Light"}},{"type":"Feature","geometry":{"type":"Polygon","coordinates":[[[30.944466,-29.952436],[30.944491,-29.952416],[30.944555,-29.952474],[30.944531,-29.952494],[30.944466,-29.952436]]]},"properties":{"Class":"Industry Light"}},{"type":"Feature","geometry":{"type":"Polygon","coordinates":[[[30.944661,-29.952685],[30.944545,-29.952738],[30.944527,-29.952708],[30.944643,-29.952655],[30.944661,-29.952685]]]},"properties":{"Class":"Industry Light"}},{"type":"Feature","geometry":{"type":"Polygon","coordinates":[[[30.944667,-29.952662],[30.944686,-29.952651],[30.944705,-29.952678],[30.944685,-29.952688],[30.944667,-29.952662]]]},"properties":{"Class":"Industry Light"}},{"type":"Feature","geometry":{"type":"Polygon","coordinates":[[[30.947513,-29.955507],[30.947383,-29.955398],[30.947457,-29.955331],[30.947293,-29.955193],[30.947369,-29.955124],[30.947353,-29.95511],[30.947385,-29.955081],[30.947478,-29.955159],[30.947459,-29.955176],[30.947555,-29.955256],[30.947584,-29.955229],[30.947706,-29.955331],[30.947513,-29.955507]]]},"properties":{"Class":"Industry Light"}},{"type":"Feature","geometry":{"type":"Polygon","coordinates":[[[30.947706,-29.955331],[30.947584,-29.955229],[30.947553,-29.955255],[30.947459,-29.955176],[30.947478,-29.955159],[30.947573,-29.955096],[30.947645,-29.955138],[30.947674,-29.955097],[30.947823,-29.955188],[30.94777,-29.955259],[30.947706,-29.955331]]]},"properties":{"Class":"Industry Light"}},{"type":"Feature","geometry":{"type":"Polygon","coordinates":[[[30.947823,-29.955188],[30.947682,-29.955102],[30.94771,-29.955067],[30.947851,-29.955154],[30.947823,-29.955188]]]},"properties":{"Class":"Industry Light"}},{"type":"Feature","geometry":{"type":"Polygon","coordinates":[[[30.94771,-29.955067],[30.947683,-29.9551],[30.947609,-29.955054],[30.947635,-29.955021],[30.94771,-29.955067]]]},"properties":{"Class":"Industry Light"}},{"type":"Feature","geometry":{"type":"Polygon","coordinates":[[[30.947002,-29.955281],[30.947085,-29.95535],[30.947109,-29.955328],[30.947174,-29.955382],[30.947186,-29.955371],[30.947291,-29.955458],[30.947278,-29.95547],[30.947313,-29.955499],[30.94729,-29.955519],[30.947355,-29.955573],[30.947117,-29.955794],[30.946762,-29.955503],[30.947002,-29.955281]]]},"properties":{"Class":"Industry Light"}},{"type":"Feature","geometry":{"type":"Polygon","coordinates":[[[30.947365,-29.955405],[30.947458,-29.955482],[30.947365,-29.955566],[30.947321,-29.955529],[30.947366,-29.955489],[30.94731,-29.955442],[30.947358,-29.955399],[30.947365,-29.955405]]]},"properties":{"Class":"Industry Light"}},{"type":"Feature","geometry":{"type":"Polygon","coordinates":[[[30.947206,-29.955347],[30.947107,-29.955265],[30.947145,-29.95523],[30.947245,-29.955312],[30.947206,-29.955347]]]},"properties":{"Class":"Industry Light"}},{"type":"Feature","geometry":{"type":"Polygon","coordinates":[[[30.947117,-29.955794],[30.946938,-29.955959],[30.946642,-29.955716],[30.946667,-29.955693],[30.946644,-29.955674],[30.946765,-29.955562],[30.946788,-29.955581],[30.94682,-29.955551],[30.947117,-29.955794]]]},"properties":{"Class":"Industry Light"}},{"type":"Feature","geometry":{"type":"Polygon","coordinates":[[[30.946709,-29.955784],[30.946909,-29.955947],[30.946812,-29.956038],[30.946612,-29.955875],[30.946709,-29.955784]]]},"properties":{"Class":"Industry Light"}},{"type":"Feature","geometry":{"type":"Polygon","coordinates":[[[30.946416,-29.955839],[30.946546,-29.95572],[30.946617,-29.955778],[30.9465,-29.955886],[30.946472,-29.955863],[30.946459,-29.955875],[30.946416,-29.955839]]]},"properties":{"Class":"Industry Light"}},{"type":"Feature","geometry":{"type":"Polygon","coordinates":[[[30.946614,-29.955781],[30.94666,-29.955819],[30.946599,-29.955874],[30.946554,-29.955837],[30.946614,-29.955781]]]},"properties":{"Class":"Industry Light"}},{"type":"Feature","geometry":{"type":"Polygon","coordinates":[[[30.946176,-29.956103],[30.946455,-29.955876],[30.9466,-29.956011],[30.946541,-29.95606],[30.946493,-29.956016],[30.946386,-29.956103],[30.946339,-29.956059],[30.946226,-29.95615],[30.946176,-29.956103]]]},"properties":{"Class":"Industry Light"}},{"type":"Feature","geometry":{"type":"Polygon","coordinates":[[[30.9466,-29.956011],[30.946455,-29.955876],[30.946534,-29.955903],[30.946666,-29.955953],[30.9466,-29.956011]]]},"properties":{"Class":"Industry Light"}},{"type":"Feature","geometry":{"type":"Polygon","coordinates":[[[30.946226,-29.95615],[30.946339,-29.956059],[30.946389,-29.956105],[30.946492,-29.956021],[30.94654,-29.956065],[30.946672,-29.955957],[30.946792,-29.956068],[30.94641,-29.95638],[30.946265,-29.956246],[30.94623,-29.956275],[30.94615,-29.9562],[30.946189,-29.956169],[30.946196,-29.956175],[30.946226,-29.95615]]]},"properties":{"Class":"Industry Light"}},{"type":"Feature","geometry":{"type":"Polygon","coordinates":[[[30.946265,-29.956246],[30.946407,-29.956378],[30.946263,-29.956495],[30.946121,-29.956364],[30.946265,-29.956246]]]},"properties":{"Class":"Industry Light"}},{"type":"Feature","geometry":{"type":"Polygon","coordinates":[[[30.946895,-29.956604],[30.947112,-29.956408],[30.947189,-29.956473],[30.946973,-29.956669],[30.946895,-29.956604]]]},"properties":{"Class":"Industry Light"}},{"type":"Feature","geometry":{"type":"Polygon","coordinates":[[[30.947038,-29.956812],[30.947036,-29.956894],[30.946707,-29.956889],[30.946708,-29.956806],[30.947038,-29.956812]]]},"properties":{"Class":"Industry Light"}},{"type":"Feature","geometry":{"type":"Polygon","coordinates":[[[30.947587,-29.956601],[30.947762,-29.956838],[30.947523,-29.956972],[30.947559,-29.957021],[30.947797,-29.956887],[30.947855,-29.956966],[30.947588,-29.957116],[30.947319,-29.956752],[30.947587,-29.956601]]]},"properties":{"Class":"Industry Light"}},{"type":"Feature","geometry":{"type":"Polygon","coordinates":[[[30.94751,-29.956389],[30.947435,-29.956425],[30.947347,-29.956284],[30.947277,-29.956317],[30.947239,-29.956255],[30.947383,-29.956187],[30.94751,-29.956389]]]},"properties":{"Class":"Industry Light"}},{"type":"Feature","geometry":{"type":"Polygon","coordinates":[[[30.947503,-29.957198],[30.947469,-29.95715],[30.947514,-29.957125],[30.947548,-29.957173],[30.947503,-29.957198]]]},"properties":{"Class":"Industry Light"}},{"type":"Feature","geometry":{"type":"Polygon","coordinates":[[[30.946727,-29.957671],[30.94666,-29.95762],[30.946814,-29.957471],[30.94688,-29.957522],[30.946727,-29.957671]]]},"properties":{"Class":"Industry Light"}},{"type":"Feature","geometry":{"type":"Polygon","coordinates":[[[30.946471,-29.957989],[30.945894,-29.957539],[30.946109,-29.957329],[30.946191,-29.957392],[30.946167,-29.957415],[30.946232,-29.957466],[30.946256,-29.957443],[30.946687,-29.957779],[30.946471,-29.957989]]]},"properties":{"Class":"Industry Light"}},{"type":"Feature","geometry":{"type":"Polygon","coordinates":[[[30.945417,-29.957997],[30.945865,-29.957558],[30.946462,-29.95802],[30.945654,-29.95881],[30.945557,-29.958734],[30.94551,-29.95878],[30.945472,-29.958751],[30.945417,-29.957997]]]},"properties":{"Class":"Industry Light"}},{"type":"Feature","geometry":{"type":"Polygon","coordinates":[[[30.945873,-29.955065],[30.945823,-29.954976],[30.945843,-29.954968],[30.945817,-29.954922],[30.945901,-29.954886],[30.945913,-29.954907],[30.945938,-29.954897],[30.945952,-29.954922],[30.946156,-29.954836],[30.946205,-29.954924],[30.945873,-29.955065]]]},"properties":{"Class":"Industry Light"}},{"type":"Feature","geometry":{"type":"Polygon","coordinates":[[[30.945543,-29.955321],[30.945376,-29.955387],[30.945242,-29.955125],[30.945311,-29.955098],[30.945386,-29.955244],[30.945466,-29.955213],[30.945484,-29.955248],[30.945391,-29.955285],[30.945413,-29.955328],[30.945524,-29.955285],[30.945543,-29.955321]]]},"properties":{"Class":"Industry Light"}},{"type":"Feature","geometry":{"type":"Polygon","coordinates":[[[30.947458,-29.955482],[30.947511,-29.955514],[30.947269,-29.95574],[30.94712,-29.955868],[30.946881,-29.956085],[30.946812,-29.956038],[30.946909,-29.955947],[30.946938,-29.955959],[30.947117,-29.955794],[30.947355,-29.955573],[30.947365,-29.955566],[30.947458,-29.955482]]]},"properties":{"Class":"Industry Light"}},{"type":"Feature","geometry":{"type":"Polygon","coordinates":[[[30.951004,-29.945702],[30.95113,-29.945734],[30.951116,-29.945779],[30.950989,-29.945747],[30.951004,-29.945702]]]},"properties":{"Class":"Industry Light"}},{"type":"Feature","geometry":{"type":"Polygon","coordinates":[[[30.950592,-29.94515],[30.950589,-29.945054],[30.950591,-29.945054],[30.95059,-29.945016],[30.950629,-29.945015],[30.95063,-29.945055],[30.950888,-29.945049],[30.950887,-29.945008],[30.950923,-29.945007],[30.950922,-29.944964],[30.950962,-29.944963],[30.950965,-29.945048],[30.951043,-29.945047],[30.951046,-29.945139],[30.950592,-29.94515]]]},"properties":{"Class":"Industry Light"}},{"type":"Feature","geometry":{"type":"Polygon","coordinates":[[[30.950664,-29.944965],[30.950661,-29.944869],[30.950663,-29.944869],[30.950662,-29.944831],[30.950701,-29.94483],[30.950703,-29.94487],[30.95096,-29.944864],[30.950959,-29.944823],[30.950995,-29.944822],[30.950994,-29.944779],[30.951035,-29.944778],[30.951037,-29.944863],[30.951115,-29.944862],[30.951118,-29.944954],[30.950664,-29.944965]]]},"properties":{"Class":"Industry Light"}},{"type":"Feature","geometry":{"type":"Polygon","coordinates":[[[30.950733,-29.944779],[30.95073,-29.944648],[30.95077,-29.944647],[30.950772,-29.944694],[30.950805,-29.944693],[30.950803,-29.944629],[30.950766,-29.94463],[30.950764,-29.944571],[30.951079,-29.944564],[30.95108,-29.944631],[30.951046,-29.944632],[30.951046,-29.944646],[30.951072,-29.944645],[30.951073,-29.944686],[30.951186,-29.944683],[30.951188,-29.944769],[30.950733,-29.944779]]]},"properties":{"Class":"Industry Light"}},{"type":"Feature","geometry":{"type":"Polygon","coordinates":[[[30.950974,-29.944345],[30.951166,-29.944465],[30.95113,-29.94451],[30.950937,-29.944389],[30.950974,-29.944345]]]},"properties":{"Class":"Industry Light"}},{"type":"Feature","geometry":{"type":"Polygon","coordinates":[[[30.950401,-29.946475],[30.950521,-29.946057],[30.950634,-29.946081],[30.950587,-29.946245],[30.950616,-29.946251],[30.950604,-29.946291],[30.950576,-29.946285],[30.950514,-29.9465],[30.950401,-29.946475]]]},"properties":{"Class":"Industry Light"}},{"type":"Feature","geometry":{"type":"Polygon","coordinates":[[[30.950608,-29.946173],[30.950636,-29.946075],[30.950701,-29.946089],[30.950673,-29.946187],[30.950608,-29.946173]]]},"properties":{"Class":"Industry Light"}},{"type":"Feature","geometry":{"type":"Polygon","coordinates":[[[30.950731,-29.946336],[30.950676,-29.946336],[30.950676,-29.946237],[30.95073,-29.946237],[30.950731,-29.946336]]]},"properties":{"Class":"Industry Light"}},{"type":"Feature","geometry":{"type":"Polygon","coordinates":[[[30.950165,-29.945545],[30.950187,-29.945489],[30.950227,-29.945501],[30.950204,-29.945557],[30.950165,-29.945545]]]},"properties":{"Class":"Industry Light"}},{"type":"Feature","geometry":{"type":"Polygon","coordinates":[[[30.951671,-29.947523],[30.951261,-29.947231],[30.951328,-29.94716],[30.951286,-29.94713],[30.951393,-29.947017],[30.951369,-29.947],[30.951442,-29.946923],[30.951427,-29.946912],[30.951494,-29.946841],[30.951552,-29.946882],[30.951492,-29.946945],[30.951521,-29.946965],[30.951596,-29.946885],[30.951675,-29.946941],[30.951601,-29.947019],[30.951615,-29.947029],[30.951678,-29.946962],[30.951707,-29.946983],[30.951642,-29.947051],[30.951662,-29.947065],[30.951717,-29.947006],[30.95176,-29.947037],[30.9517,-29.9471],[30.951808,-29.947174],[30.951809,-29.947176],[30.951921,-29.947257],[30.951671,-29.947523]]]},"properties":{"Class":"Industry Light"}},{"type":"Feature","geometry":{"type":"Polygon","coordinates":[[[30.951486,-29.947392],[30.951596,-29.94747],[30.951552,-29.947517],[30.951442,-29.947439],[30.951486,-29.947392]]]},"properties":{"Class":"Industry Light"}},{"type":"Feature","geometry":{"type":"Polygon","coordinates":[[[30.953113,-29.951504],[30.953004,-29.951415],[30.953147,-29.951283],[30.953255,-29.951372],[30.953113,-29.951504]]]},"properties":{"Class":"Industry Light"}},{"type":"Feature","geometry":{"type":"Polygon","coordinates":[[[30.953622,-29.946658],[30.953467,-29.946555],[30.953617,-29.946383],[30.953772,-29.946486],[30.953622,-29.946658]]]},"properties":{"Class":"Industry Light"}},{"type":"Feature","geometry":{"type":"Polygon","coordinates":[[[30.953585,-29.946419],[30.95349,-29.946529],[30.953452,-29.946504],[30.953548,-29.946394],[30.953585,-29.946419]]]},"properties":{"Class":"Industry Light"}},{"type":"Feature","geometry":{"type":"Polygon","coordinates":[[[30.953053,-29.946792],[30.95323,-29.946593],[30.953408,-29.946713],[30.953232,-29.946913],[30.953053,-29.946792]]]},"properties":{"Class":"Industry Light"}},{"type":"Feature","geometry":{"type":"Polygon","coordinates":[[[30.954526,-29.948463],[30.954603,-29.94839],[30.9547,-29.948468],[30.954624,-29.948541],[30.954526,-29.948463]]]},"properties":{"Class":"Industry Light"}},{"type":"Feature","geometry":{"type":"Polygon","coordinates":[[[30.954735,-29.948434],[30.954695,-29.948402],[30.954735,-29.948365],[30.954775,-29.948397],[30.954735,-29.948434]]]},"properties":{"Class":"Industry Light"}},{"type":"Feature","geometry":{"type":"Polygon","coordinates":[[[30.955795,-29.949079],[30.95583,-29.949048],[30.955876,-29.949088],[30.955841,-29.949119],[30.955795,-29.949079]]]},"properties":{"Class":"Industry Light"}},{"type":"Feature","geometry":{"type":"Polygon","coordinates":[[[30.94788,-29.950856],[30.947915,-29.950941],[30.947915,-29.950941],[30.947913,-29.950942],[30.947911,-29.950942],[30.947909,-29.950943],[30.947907,-29.950943],[30.947905,-29.950943],[30.947903,-29.950943],[30.9479,-29.950944],[30.947898,-29.950944],[30.947896,-29.950944],[30.947894,-29.950944],[30.947892,-29.950943],[30.94789,-29.950943],[30.947888,-29.950943],[30.947886,-29.950942],[30.947884,-29.950942],[30.947882,-29.950941],[30.94788,-29.950941],[30.947878,-29.95094],[30.947876,-29.950939],[30.947874,-29.950939],[30.947872,-29.950938],[30.947871,-29.950937],[30.947869,-29.950936],[30.947867,-29.950935],[30.947866,-29.950934],[30.947864,-29.950933],[30.947862,-29.950931],[30.947861,-29.95093],[30.947859,-29.950929],[30.947858,-29.950927],[30.947857,-29.950926],[30.947856,-29.950925],[30.947854,-29.950923],[30.947853,-29.950922],[30.947852,-29.95092],[30.947851,-29.950918],[30.94785,-29.950917],[30.94785,-29.950915],[30.947849,-29.950913],[30.947848,-29.950912],[30.947848,-29.95091],[30.947847,-29.950908],[30.947847,-29.950906],[30.947846,-29.950905],[30.947846,-29.950903],[30.947846,-29.950901],[30.947846,-29.950899],[30.947846,-29.950897],[30.947846,-29.950896],[30.947846,-29.950894],[30.947846,-29.950892],[30.947847,-29.95089],[30.947847,-29.950888],[30.947848,-29.950887],[30.947848,-29.950885],[30.947849,-29.950883],[30.947849,-29.950881],[30.94785,-29.95088],[30.947851,-29.950878],[30.947852,-29.950877],[30.947853,-29.950875],[30.947854,-29.950873],[30.947855,-29.950872],[30.947857,-29.95087],[30.947858,-29.950869],[30.947859,-29.950868],[30.947861,-29.950866],[30.947862,-29.950865],[30.947864,-29.950864],[30.947865,-29.950863],[30.947867,-29.950862],[30.947869,-29.950861],[30.94787,-29.95086],[30.947872,-29.950859],[30.947874,-29.950858],[30.947876,-29.950857],[30.947878,-29.950856],[30.94788,-29.950856]]]},"properties":{"Class":"Industry Light"}},{"type":"Feature","geometry":{"type":"Polygon","coordinates":[[[30.951979,-29.946531],[30.951829,-29.946471],[30.951793,-29.946409],[30.951824,-29.946351],[30.951738,-29.946316],[30.951743,-29.946307],[30.95201,-29.945802],[30.952209,-29.945882],[30.952243,-29.945818],[30.952434,-29.945895],[30.952132,-29.946466],[30.952035,-29.946427],[30.951979,-29.946531]]]},"properties":{"Class":"Industry Light"}},{"type":"Feature","geometry":{"type":"Polygon","coordinates":[[[30.952492,-29.946501],[30.952595,-29.946637],[30.95259,-29.946664],[30.952347,-29.946803],[30.95244,-29.946927],[30.952307,-29.947004],[30.952147,-29.946792],[30.952186,-29.94677],[30.952137,-29.946704],[30.952492,-29.946501]]]},"properties":{"Class":"Industry Light"}},{"type":"Feature","geometry":{"type":"Polygon","coordinates":[[[30.953657,-29.945968],[30.953626,-29.945948],[30.953319,-29.946317],[30.953314,-29.946313],[30.953295,-29.946336],[30.953295,-29.946336],[30.953294,-29.946337],[30.953293,-29.946337],[30.953292,-29.946337],[30.953291,-29.946338],[30.95329,-29.946338],[30.953289,-29.946338],[30.953287,-29.946338],[30.953286,-29.946338],[30.953285,-29.946338],[30.953284,-29.946338],[30.953283,-29.946338],[30.953282,-29.946338],[30.953281,-29.946337],[30.95328,-29.946337],[30.953279,-29.946336],[30.953278,-29.946336],[30.953277,-29.946335],[30.953276,-29.946335],[30.953276,-29.946334],[30.953275,-29.946333],[30.953274,-29.946332],[30.953274,-29.946332],[30.953273,-29.946331],[30.953273,-29.94633],[30.953273,-29.946329],[30.953272,-29.946328],[30.953272,-29.946327],[30.953272,-29.946326],[30.953272,-29.946325],[30.953272,-29.946324],[30.953272,-29.946323],[30.953272,-29.946322],[30.953273,-29.946321],[30.953291,-29.946299],[30.953246,-29.946271],[30.953231,-29.946289],[30.953189,-29.946263],[30.953565,-29.945809],[30.953581,-29.945819],[30.953657,-29.945727],[30.953769,-29.945798],[30.953672,-29.945915],[30.953659,-29.945907],[30.953643,-29.945927],[30.953675,-29.945947],[30.953675,-29.945947],[30.953675,-29.945948],[30.953676,-29.945949],[30.953676,-29.94595],[30.953676,-29.945951],[30.953676,-29.945952],[30.953676,-29.945953],[30.953676,-29.945954],[30.953676,-29.945955],[30.953676,-29.945956],[30.953676,-29.945957],[30.953675,-29.945958],[30.953675,-29.945959],[30.953674,-29.94596],[30.953674,-29.945961],[30.953673,-29.945962],[30.953672,-29.945963],[30.953671,-29.945963],[30.953671,-29.945964],[30.95367,-29.945965],[30.953669,-29.945965],[30.953668,-29.945966],[30.953667,-29.945967],[30.953666,-29.945967],[30.953664,-29.945967],[30.953663,-29.945968],[30.953662,-29.945968],[30.953661,-29.945968],[30.95366,-29.945968],[30.953658,-29.945968],[30.953657,-29.945968]]]},"properties":{"Class":"Industry Light"}},{"type":"Feature","geometry":{"type":"Polygon","coordinates":[[[30.952661,-29.943171],[30.952642,-29.943048],[30.952705,-29.943038],[30.95278,-29.943089],[30.953074,-29.942755],[30.953526,-29.943057],[30.953505,-29.943081],[30.953621,-29.943158],[30.952854,-29.944029],[30.952852,-29.94403],[30.952851,-29.944031],[30.952849,-29.944033],[30.952847,-29.944034],[30.952845,-29.944035],[30.952843,-29.944036],[30.952841,-29.944037],[30.952839,-29.944038],[30.952837,-29.944038],[30.952835,-29.944039],[30.952833,-29.94404],[30.952831,-29.94404],[30.952829,-29.944041],[30.952827,-29.944041],[30.952824,-29.944042],[30.952822,-29.944042],[30.95282,-29.944042],[30.952818,-29.944042],[30.952816,-29.944043],[30.952813,-29.944043],[30.952811,-29.944043],[30.952809,-29.944042],[30.952807,-29.944042],[30.952804,-29.944042],[30.952802,-29.944042],[30.9528,-29.944041],[30.952798,-29.944041],[30.952796,-29.94404],[30.952794,-29.94404],[30.952792,-29.944039],[30.952789,-29.944038],[30.952787,-29.944037],[30.952785,-29.944037],[30.952783,-29.944036],[30.952782,-29.944035],[30.95278,-29.944033],[30.952778,-29.944032],[30.952776,-29.944031],[30.952774,-29.94403],[30.952773,-29.944029],[30.952771,-29.944027],[30.95277,-29.944026],[30.952768,-29.944024],[30.952767,-29.944023],[30.952765,-29.944021],[30.952764,-29.94402],[30.952763,-29.944018],[30.952762,-29.944017],[30.95276,-29.944015],[30.952759,-29.944013],[30.952759,-29.944011],[30.952758,-29.94401],[30.952757,-29.944008],[30.952756,-29.944006],[30.952756,-29.944004],[30.952755,-29.944002],[30.952754,-29.944],[30.952754,-29.943998],[30.952754,-29.943996],[30.952754,-29.943994],[30.952753,-29.943993],[30.952753,-29.943992],[30.952675,-29.943535],[30.952679,-29.943535],[30.952622,-29.943174],[30.952661,-29.943171]]]},"properties":{"Class":"Industry Light"}},{"type":"Feature","geometry":{"type":"Polygon","coordinates":[[[30.952928,-29.948293],[30.952981,-29.94833],[30.952896,-29.948424],[30.952934,-29.948451],[30.952903,-29.948485],[30.952812,-29.948421],[30.952928,-29.948293]]]},"properties":{"Class":"Industry Light"}},{"type":"Feature","geometry":{"type":"Polygon","coordinates":[[[30.952903,-29.948485],[30.952934,-29.948451],[30.952952,-29.948431],[30.952919,-29.948409],[30.952987,-29.948335],[30.95304,-29.948372],[30.953011,-29.948404],[30.953105,-29.948468],[30.95307,-29.948506],[30.952984,-29.948447],[30.952972,-29.94846],[30.953178,-29.948602],[30.953136,-29.948648],[30.953067,-29.9486],[30.952833,-29.948857],[30.952737,-29.94879],[30.952972,-29.948532],[30.952903,-29.948485]]]},"properties":{"Class":"Industry Light"}},{"type":"Feature","geometry":{"type":"Polygon","coordinates":[[[30.953115,-29.948452],[30.953142,-29.948423],[30.953182,-29.948451],[30.953156,-29.94848],[30.953115,-29.948452]]]},"properties":{"Class":"Industry Light"}},{"type":"Feature","geometry":{"type":"Polygon","coordinates":[[[30.953189,-29.948596],[30.953145,-29.948565],[30.95325,-29.948451],[30.953294,-29.948482],[30.953189,-29.948596]]]},"properties":{"Class":"Industry Light"}},{"type":"Feature","geometry":{"type":"Polygon","coordinates":[[[30.953264,-29.948442],[30.953069,-29.948356],[30.953139,-29.948235],[30.953334,-29.948321],[30.953264,-29.948442]]]},"properties":{"Class":"Industry Light"}},{"type":"Feature","geometry":{"type":"Polygon","coordinates":[[[30.948885,-29.962404],[30.948061,-29.962629],[30.947757,-29.961784],[30.948581,-29.961559],[30.948885,-29.962404]]]},"properties":{"Class":" "}},{"type":"Feature","geometry":{"type":"Polygon","coordinates":[[[30.948803,-29.961788],[30.94885,-29.961776],[30.948866,-29.961823],[30.948819,-29.961835],[30.948803,-29.961788]]]},"properties":{"Class":" "}},{"type":"Feature","geometry":{"type":"Polygon","coordinates":[[[30.948676,-29.961429],[30.948653,-29.961366],[30.948704,-29.961352],[30.948728,-29.961414],[30.948676,-29.961429]]]},"properties":{"Class":" "}},{"type":"Feature","geometry":{"type":"Polygon","coordinates":[[[30.948511,-29.96089],[30.948608,-29.961143],[30.948616,-29.961141],[30.948638,-29.961198],[30.948661,-29.961192],[30.948704,-29.961305],[30.948526,-29.961357],[30.94854,-29.961394],[30.948489,-29.961408],[30.948449,-29.961303],[30.948391,-29.96132],[30.948352,-29.961217],[30.948416,-29.961199],[30.948399,-29.961156],[30.948447,-29.961142],[30.948462,-29.96118],[30.948481,-29.961175],[30.948445,-29.961081],[30.948471,-29.961073],[30.948455,-29.961032],[30.948489,-29.961022],[30.948472,-29.960977],[30.948439,-29.960987],[30.948413,-29.960919],[30.948511,-29.96089]]]},"properties":{"Class":" "}},{"type":"Feature","geometry":{"type":"Polygon","coordinates":[[[30.948172,-29.961175],[30.948236,-29.961161],[30.948248,-29.961208],[30.948185,-29.961221],[30.948172,-29.961175]]]},"properties":{"Class":" "}},{"type":"Feature","geometry":{"type":"Polygon","coordinates":[[[30.948735,-29.960312],[30.949189,-29.960188],[30.949214,-29.960259],[30.949006,-29.960315],[30.949013,-29.960335],[30.948767,-29.960402],[30.948735,-29.960312]]]},"properties":{"Class":" "}},{"type":"Feature","geometry":{"type":"Polygon","coordinates":[[[30.949221,-29.96025],[30.949195,-29.960185],[30.949253,-29.960168],[30.949279,-29.960233],[30.949221,-29.96025]]]},"properties":{"Class":" "}},{"type":"Feature","geometry":{"type":"Polygon","coordinates":[[[30.950062,-29.959999],[30.950011,-29.95985],[30.950205,-29.959799],[30.950257,-29.959949],[30.950062,-29.959999]]]},"properties":{"Class":" "}},{"type":"Feature","geometry":{"type":"Polygon","coordinates":[[[30.949945,-29.960133],[30.949926,-29.960075],[30.950047,-29.960045],[30.950066,-29.960104],[30.949945,-29.960133]]]},"properties":{"Class":" "}},{"type":"Feature","geometry":{"type":"Polygon","coordinates":[[[30.948434,-29.960567],[30.948391,-29.960542],[30.948425,-29.960497],[30.948468,-29.960521],[30.948434,-29.960567]]]},"properties":{"Class":" "}},{"type":"Feature","geometry":{"type":"Polygon","coordinates":[[[30.950399,-29.953475],[30.950417,-29.9534],[30.950814,-29.953472],[30.950795,-29.953548],[30.950399,-29.953475]]]},"properties":{"Class":" "}},{"type":"Feature","geometry":{"type":"Polygon","coordinates":[[[30.950864,-29.953557],[30.950881,-29.953485],[30.951514,-29.953599],[30.951497,-29.953671],[30.950864,-29.953557]]]},"properties":{"Class":" "}},{"type":"Feature","geometry":{"type":"Polygon","coordinates":[[[30.951557,-29.953691],[30.951581,-29.953588],[30.952418,-29.953742],[30.952393,-29.953844],[30.951557,-29.953691]]]},"properties":{"Class":" "}},{"type":"Feature","geometry":{"type":"Polygon","coordinates":[[[30.952618,-29.953375],[30.952559,-29.953617],[30.951577,-29.953438],[30.951635,-29.953196],[30.952618,-29.953375]]]},"properties":{"Class":" "}},{"type":"Feature","geometry":{"type":"Polygon","coordinates":[[[30.95229,-29.95318],[30.952319,-29.95306],[30.952651,-29.95312],[30.952622,-29.95324],[30.95229,-29.95318]]]},"properties":{"Class":" "}},{"type":"Feature","geometry":{"type":"Polygon","coordinates":[[[30.952233,-29.953136],[30.951438,-29.952987],[30.951457,-29.952912],[30.952252,-29.95306],[30.952233,-29.953136]]]},"properties":{"Class":" "}},{"type":"Feature","geometry":{"type":"Polygon","coordinates":[[[30.952918,-29.953594],[30.952756,-29.953563],[30.952812,-29.953337],[30.952974,-29.953368],[30.952918,-29.953594]]]},"properties":{"Class":" "}},{"type":"Feature","geometry":{"type":"Polygon","coordinates":[[[30.952834,-29.952971],[30.952798,-29.952984],[30.952768,-29.952918],[30.952808,-29.952904],[30.952768,-29.952817],[30.952764,-29.952819],[30.952694,-29.952663],[30.952771,-29.952637],[30.952775,-29.952646],[30.95282,-29.952631],[30.953035,-29.953108],[30.952915,-29.953149],[30.952834,-29.952971]]]},"properties":{"Class":" "}},{"type":"Feature","geometry":{"type":"Polygon","coordinates":[[[30.953019,-29.952678],[30.953009,-29.952721],[30.952974,-29.952716],[30.952978,-29.952699],[30.952929,-29.952691],[30.952925,-29.952708],[30.952888,-29.952702],[30.952897,-29.952658],[30.953019,-29.952678]]]},"properties":{"Class":" "}},{"type":"Feature","geometry":{"type":"Polygon","coordinates":[[[30.953084,-29.952747],[30.953022,-29.95274],[30.953031,-29.952685],[30.953093,-29.952693],[30.953084,-29.952747]]]},"properties":{"Class":" "}},{"type":"Feature","geometry":{"type":"Polygon","coordinates":[[[30.952366,-29.95287],[30.95255,-29.952907],[30.952531,-29.952979],[30.952347,-29.952942],[30.952366,-29.95287]]]},"properties":{"Class":" "}},{"type":"Feature","geometry":{"type":"Polygon","coordinates":[[[30.952291,-29.952941],[30.951903,-29.952869],[30.951929,-29.952763],[30.952317,-29.952834],[30.952291,-29.952941]]]},"properties":{"Class":" "}},{"type":"Feature","geometry":{"type":"Polygon","coordinates":[[[30.951821,-29.952786],[30.951808,-29.952843],[30.951677,-29.95282],[30.95169,-29.952763],[30.951821,-29.952786]]]},"properties":{"Class":" "}},{"type":"Feature","geometry":{"type":"Polygon","coordinates":[[[30.951965,-29.952676],[30.951891,-29.952622],[30.951957,-29.952552],[30.952031,-29.952605],[30.951965,-29.952676]]]},"properties":{"Class":" "}},{"type":"Feature","geometry":{"type":"Polygon","coordinates":[[[30.952121,-29.952535],[30.952031,-29.95247],[30.952364,-29.952122],[30.952454,-29.952187],[30.952121,-29.952535]]]},"properties":{"Class":" "}},{"type":"Feature","geometry":{"type":"Polygon","coordinates":[[[30.952364,-29.952122],[30.952416,-29.952067],[30.952454,-29.952095],[30.952402,-29.952149],[30.952364,-29.952122]]]},"properties":{"Class":" "}},{"type":"Feature","geometry":{"type":"Polygon","coordinates":[[[30.952227,-29.952197],[30.952187,-29.952169],[30.952285,-29.952062],[30.952325,-29.95209],[30.952227,-29.952197]]]},"properties":{"Class":" "}},{"type":"Feature","geometry":{"type":"Polygon","coordinates":[[[30.952214,-29.952019],[30.952241,-29.95197],[30.952305,-29.951997],[30.952278,-29.952046],[30.952214,-29.952019]]]},"properties":{"Class":" "}},{"type":"Feature","geometry":{"type":"Polygon","coordinates":[[[30.952091,-29.951959],[30.952109,-29.95192],[30.952169,-29.951941],[30.952151,-29.95198],[30.952091,-29.951959]]]},"properties":{"Class":" "}},{"type":"Feature","geometry":{"type":"Polygon","coordinates":[[[30.951887,-29.951923],[30.952129,-29.952012],[30.952103,-29.952066],[30.951861,-29.951977],[30.951887,-29.951923]]]},"properties":{"Class":" "}},{"type":"Feature","geometry":{"type":"Polygon","coordinates":[[[30.952102,-29.952149],[30.952073,-29.952207],[30.95172,-29.952071],[30.95175,-29.952013],[30.952102,-29.952149]]]},"properties":{"Class":" "}},{"type":"Feature","geometry":{"type":"Polygon","coordinates":[[[30.952035,-29.952282],[30.952009,-29.952336],[30.951696,-29.952221],[30.951723,-29.952166],[30.952035,-29.952282]]]},"properties":{"Class":" "}},{"type":"Feature","geometry":{"type":"Polygon","coordinates":[[[30.951581,-29.952268],[30.951825,-29.952354],[30.951799,-29.95241],[30.951555,-29.952324],[30.951581,-29.952268]]]},"properties":{"Class":" "}},{"type":"Feature","geometry":{"type":"Polygon","coordinates":[[[30.9519,-29.952537],[30.951872,-29.952517],[30.951971,-29.95241],[30.951998,-29.95243],[30.9519,-29.952537]]]},"properties":{"Class":" "}},{"type":"Feature","geometry":{"type":"Polygon","coordinates":[[[30.952661,-29.952245],[30.952608,-29.952205],[30.95262,-29.952193],[30.952579,-29.952162],[30.952611,-29.95213],[30.952652,-29.952161],[30.952673,-29.95214],[30.952726,-29.95218],[30.952661,-29.952245]]]},"properties":{"Class":" "}},{"type":"Feature","geometry":{"type":"Polygon","coordinates":[[[30.952837,-29.952432],[30.952839,-29.952329],[30.952897,-29.952329],[30.952895,-29.952433],[30.952837,-29.952432]]]},"properties":{"Class":" "}},{"type":"Feature","geometry":{"type":"Polygon","coordinates":[[[30.952934,-29.952432],[30.952937,-29.952312],[30.953037,-29.952314],[30.953034,-29.952434],[30.952934,-29.952432]]]},"properties":{"Class":" "}},{"type":"Feature","geometry":{"type":"Polygon","coordinates":[[[30.952515,-29.951911],[30.952663,-29.951966],[30.952643,-29.952008],[30.952494,-29.951953],[30.952515,-29.951911]]]},"properties":{"Class":" "}},{"type":"Feature","geometry":{"type":"Polygon","coordinates":[[[30.95132,-29.953365],[30.95135,-29.95337],[30.951344,-29.953399],[30.951314,-29.953395],[30.95132,-29.953365]]]},"properties":{"Class":" "}},{"type":"Feature","geometry":{"type":"Polygon","coordinates":[[[30.952714,-29.952901],[30.952687,-29.953029],[30.952614,-29.953017],[30.952641,-29.952889],[30.952714,-29.952901]]]},"properties":{"Class":" "}},{"type":"Feature","geometry":{"type":"Polygon","coordinates":[[[30.952627,-29.952866],[30.95264,-29.952795],[30.952701,-29.952804],[30.952688,-29.952875],[30.952627,-29.952866]]]},"properties":{"Class":" "}},{"type":"Feature","geometry":{"type":"Polygon","coordinates":[[[30.952777,-29.953151],[30.952788,-29.953108],[30.952894,-29.953128],[30.952883,-29.953171],[30.952777,-29.953151]]]},"properties":{"Class":" "}},{"type":"Feature","geometry":{"type":"Polygon","coordinates":[[[30.952711,-29.953889],[30.952724,-29.953836],[30.953127,-29.953909],[30.953114,-29.953963],[30.952711,-29.953889]]]},"properties":{"Class":" "}},{"type":"Feature","geometry":{"type":"Polygon","coordinates":[[[30.952724,-29.953836],[30.952664,-29.953825],[30.952695,-29.953704],[30.95276,-29.953715],[30.952724,-29.953836]]]},"properties":{"Class":" "}},{"type":"Feature","geometry":{"type":"Polygon","coordinates":[[[30.946849,-29.958619],[30.946444,-29.958302],[30.94659,-29.95816],[30.946996,-29.958477],[30.946849,-29.958619]]]},"properties":{"Class":" "}},{"type":"Feature","geometry":{"type":"Polygon","coordinates":[[[30.946355,-29.958462],[30.946634,-29.958687],[30.946489,-29.958823],[30.94621,-29.958597],[30.946355,-29.958462]]]},"properties":{"Class":" "}},{"type":"Feature","geometry":{"type":"Polygon","coordinates":[[[30.946241,-29.958732],[30.946614,-29.959022],[30.946443,-29.959188],[30.946071,-29.958898],[30.946241,-29.958732]]]},"properties":{"Class":" "}},{"type":"Feature","geometry":{"type":"Polygon","coordinates":[[[30.945792,-29.958974],[30.945832,-29.958938],[30.945874,-29.958974],[30.945834,-29.95901],[30.945792,-29.958974]]]},"properties":{"Class":" "}},{"type":"Feature","geometry":{"type":"Polygon","coordinates":[[[30.945482,-29.959509],[30.945749,-29.959435],[30.945785,-29.959533],[30.945653,-29.959569],[30.945653,-29.95957],[30.945588,-29.959588],[30.945588,-29.959589],[30.945518,-29.959608],[30.945482,-29.959509]]]},"properties":{"Class":" "}},{"type":"Feature","geometry":{"type":"Polygon","coordinates":[[[30.945547,-29.95929],[30.945513,-29.959263],[30.945544,-29.959233],[30.945578,-29.959259],[30.945547,-29.95929]]]},"properties":{"Class":" "}},{"type":"Feature","geometry":{"type":"Polygon","coordinates":[[[30.948365,-29.956321],[30.948385,-29.956485],[30.948322,-29.95649],[30.948302,-29.956327],[30.948365,-29.956321]]]},"properties":{"Class":" "}},{"type":"Feature","geometry":{"type":"Polygon","coordinates":[[[30.947035,-29.958429],[30.94693,-29.958345],[30.946988,-29.958289],[30.947093,-29.958374],[30.947035,-29.958429]]]},"properties":{"Class":" "}},{"type":"Feature","geometry":{"type":"Polygon","coordinates":[[[30.946632,-29.958086],[30.946672,-29.958045],[30.946765,-29.958113],[30.946725,-29.958154],[30.946632,-29.958086]]]},"properties":{"Class":" "}},{"type":"Feature","geometry":{"type":"Polygon","coordinates":[[[30.946516,-29.958359],[30.946745,-29.958538],[30.946697,-29.958584],[30.946468,-29.958405],[30.946516,-29.958359]]]},"properties":{"Class":" "}},{"type":"Feature","geometry":{"type":"Polygon","coordinates":[[[30.945706,-29.959238],[30.945786,-29.959218],[30.945829,-29.959349],[30.945749,-29.959369],[30.945706,-29.959238]]]},"properties":{"Class":" "}},{"type":"Feature","geometry":{"type":"Polygon","coordinates":[[[30.945829,-29.959349],[30.945847,-29.959404],[30.945771,-29.959423],[30.945752,-29.959368],[30.945829,-29.959349]]]},"properties":{"Class":" "}},{"type":"Feature","geometry":{"type":"Polygon","coordinates":[[[30.950154,-29.962112],[30.950104,-29.961958],[30.950177,-29.96194],[30.950227,-29.962094],[30.950154,-29.962112]]]},"properties":{"Class":" "}},{"type":"Feature","geometry":{"type":"Polygon","coordinates":[[[30.950074,-29.961937],[30.950031,-29.961808],[30.9502,-29.961765],[30.950243,-29.961894],[30.950074,-29.961937]]]},"properties":{"Class":" "}},{"type":"Feature","geometry":{"type":"Polygon","coordinates":[[[30.950251,-29.961886],[30.950196,-29.961732],[30.950279,-29.96171],[30.950334,-29.961863],[30.950251,-29.961886]]]},"properties":{"Class":" "}},{"type":"Feature","geometry":{"type":"Polygon","coordinates":[[[30.95026,-29.961915],[30.950339,-29.961895],[30.950391,-29.96205],[30.950312,-29.96207],[30.95026,-29.961915]]]},"properties":{"Class":" "}},{"type":"Feature","geometry":{"type":"Polygon","coordinates":[[[30.950547,-29.961947],[30.95051,-29.961849],[30.950587,-29.961827],[30.950623,-29.961926],[30.950547,-29.961947]]]},"properties":{"Class":" "}},{"type":"Feature","geometry":{"type":"Polygon","coordinates":[[[30.950489,-29.96183],[30.950466,-29.961762],[30.950789,-29.961678],[30.950812,-29.961746],[30.950489,-29.96183]]]},"properties":{"Class":" "}},{"type":"Feature","geometry":{"type":"Polygon","coordinates":[[[30.950707,-29.961684],[30.950522,-29.961735],[30.950497,-29.961666],[30.950682,-29.961615],[30.950707,-29.961684]]]},"properties":{"Class":" "}},{"type":"Feature","geometry":{"type":"Polygon","coordinates":[[[30.950667,-29.961805],[30.950748,-29.961784],[30.950802,-29.961939],[30.950722,-29.961961],[30.950667,-29.961805]]]},"properties":{"Class":" "}},{"type":"Feature","geometry":{"type":"Polygon","coordinates":[[[30.950777,-29.961954],[30.950832,-29.961943],[30.950846,-29.961993],[30.950791,-29.962005],[30.950777,-29.961954]]]},"properties":{"Class":" "}},{"type":"Feature","geometry":{"type":"Polygon","coordinates":[[[30.950832,-29.961943],[30.950925,-29.961923],[30.950934,-29.961955],[30.950841,-29.961975],[30.950832,-29.961943]]]},"properties":{"Class":" "}},{"type":"Feature","geometry":{"type":"Polygon","coordinates":[[[30.95192,-29.962313],[30.951799,-29.962178],[30.952071,-29.961992],[30.952192,-29.962127],[30.95192,-29.962313]]]},"properties":{"Class":" "}},{"type":"Feature","geometry":{"type":"Polygon","coordinates":[[[30.952136,-29.962056],[30.9522,-29.962013],[30.952178,-29.961988],[30.952308,-29.961901],[30.952393,-29.961996],[30.952199,-29.962127],[30.952136,-29.962056]]]},"properties":{"Class":" "}},{"type":"Feature","geometry":{"type":"Polygon","coordinates":[[[30.952471,-29.9619],[30.952448,-29.961834],[30.95263,-29.961785],[30.952654,-29.961851],[30.952471,-29.9619]]]},"properties":{"Class":" "}},{"type":"Feature","geometry":{"type":"Polygon","coordinates":[[[30.952575,-29.961778],[30.952547,-29.961694],[30.952708,-29.961653],[30.952736,-29.961736],[30.952575,-29.961778]]]},"properties":{"Class":" "}},{"type":"Feature","geometry":{"type":"Polygon","coordinates":[[[30.952537,-29.961734],[30.952465,-29.961756],[30.95245,-29.961716],[30.952522,-29.961695],[30.952537,-29.961734]]]},"properties":{"Class":" "}},{"type":"Feature","geometry":{"type":"Polygon","coordinates":[[[30.952493,-29.961768],[30.95254,-29.961757],[30.952548,-29.961783],[30.952502,-29.961794],[30.952493,-29.961768]]]},"properties":{"Class":" "}},{"type":"Feature","geometry":{"type":"Polygon","coordinates":[[[30.952675,-29.961826],[30.952705,-29.961801],[30.952737,-29.961831],[30.952707,-29.961855],[30.952675,-29.961826]]]},"properties":{"Class":" "}},{"type":"Feature","geometry":{"type":"Polygon","coordinates":[[[30.95358,-29.961157],[30.952903,-29.961697],[30.952822,-29.96162],[30.953499,-29.96108],[30.95358,-29.961157]]]},"properties":{"Class":" "}},{"type":"Feature","geometry":{"type":"Polygon","coordinates":[[[30.952815,-29.961632],[30.952877,-29.961691],[30.9528,-29.961752],[30.952739,-29.961693],[30.952815,-29.961632]]]},"properties":{"Class":" "}},{"type":"Feature","geometry":{"type":"Polygon","coordinates":[[[30.953586,-29.961126],[30.953527,-29.961072],[30.953635,-29.960984],[30.953694,-29.961039],[30.953586,-29.961126]]]},"properties":{"Class":" "}},{"type":"Feature","geometry":{"type":"Polygon","coordinates":[[[30.953309,-29.960575],[30.953346,-29.960552],[30.953381,-29.960595],[30.953344,-29.960617],[30.953309,-29.960575]]]},"properties":{"Class":" "}},{"type":"Feature","geometry":{"type":"Polygon","coordinates":[[[30.953208,-29.961108],[30.953148,-29.961053],[30.953142,-29.961058],[30.953111,-29.96103],[30.953121,-29.961022],[30.953064,-29.960969],[30.953128,-29.960917],[30.953186,-29.96097],[30.953196,-29.960961],[30.95323,-29.960992],[30.953207,-29.961011],[30.953209,-29.961013],[30.953346,-29.9609],[30.9534,-29.96095],[30.953208,-29.961108]]]},"properties":{"Class":" "}},{"type":"Feature","geometry":{"type":"Polygon","coordinates":[[[30.951475,-29.96073],[30.951281,-29.960186],[30.952146,-29.959951],[30.952341,-29.960495],[30.951475,-29.96073]]]},"properties":{"Class":" "}},{"type":"Feature","geometry":{"type":"Polygon","coordinates":[[[30.951853,-29.959905],[30.951838,-29.959863],[30.951933,-29.959837],[30.951928,-29.959824],[30.951983,-29.959809],[30.952006,-29.959872],[30.951948,-29.959888],[30.951945,-29.95988],[30.951853,-29.959905]]]},"properties":{"Class":" "}},{"type":"Feature","geometry":{"type":"Polygon","coordinates":[[[30.951086,-29.959905],[30.951054,-29.959813],[30.952017,-29.959558],[30.952048,-29.95965],[30.951086,-29.959905]]]},"properties":{"Class":" "}},{"type":"Feature","geometry":{"type":"Polygon","coordinates":[[[30.952181,-29.959839],[30.952385,-29.959788],[30.952443,-29.959961],[30.952239,-29.960013],[30.952181,-29.959839]]]},"properties":{"Class":" "}},{"type":"Feature","geometry":{"type":"Polygon","coordinates":[[[30.952385,-29.959788],[30.952436,-29.959775],[30.952493,-29.959946],[30.952442,-29.959958],[30.952385,-29.959788]]]},"properties":{"Class":" "}},{"type":"Feature","geometry":{"type":"Polygon","coordinates":[[[30.951689,-29.959774],[30.951738,-29.959762],[30.951752,-29.959807],[30.951703,-29.959819],[30.951689,-29.959774]]]},"properties":{"Class":" "}},{"type":"Feature","geometry":{"type":"Polygon","coordinates":[[[30.951106,-29.959974],[30.951354,-29.959915],[30.951386,-29.960019],[30.951139,-29.960078],[30.951129,-29.960045],[30.951111,-29.960049],[30.951098,-29.960009],[30.951116,-29.960004],[30.951106,-29.959974]]]},"properties":{"Class":" "}},{"type":"Feature","geometry":{"type":"Polygon","coordinates":[[[30.951064,-29.959866],[30.950992,-29.959917],[30.950959,-29.959881],[30.95103,-29.95983],[30.951064,-29.959866]]]},"properties":{"Class":" "}},{"type":"Feature","geometry":{"type":"Polygon","coordinates":[[[30.950169,-29.962198],[30.950931,-29.961992],[30.951095,-29.962453],[30.950333,-29.962659],[30.950169,-29.962198]]]},"properties":{"Class":" "}},{"type":"Feature","geometry":{"type":"Polygon","coordinates":[[[30.95292,-29.959465],[30.952948,-29.959415],[30.95289,-29.959391],[30.953035,-29.959129],[30.953046,-29.959133],[30.953055,-29.959117],[30.953325,-29.95923],[30.953311,-29.959254],[30.953339,-29.959266],[30.953194,-29.959529],[30.953171,-29.959519],[30.953148,-29.959561],[30.95292,-29.959465]]]},"properties":{"Class":" "}},{"type":"Feature","geometry":{"type":"Polygon","coordinates":[[[30.953325,-29.95923],[30.953055,-29.959117],[30.953048,-29.959114],[30.953063,-29.959086],[30.953079,-29.959092],[30.953162,-29.958942],[30.953154,-29.958938],[30.953162,-29.958924],[30.953154,-29.95892],[30.953167,-29.958897],[30.953198,-29.95891],[30.953221,-29.958868],[30.953492,-29.958982],[30.953377,-29.959189],[30.953302,-29.959158],[30.95338,-29.959016],[30.953247,-29.95896],[30.953241,-29.958972],[30.953231,-29.958969],[30.953157,-29.959104],[30.953286,-29.959158],[30.953281,-29.959166],[30.953368,-29.959203],[30.953348,-29.95924],[30.953325,-29.95923]]]},"properties":{"Class":" "}},{"type":"Feature","geometry":{"type":"Polygon","coordinates":[[[30.95294,-29.959071],[30.952883,-29.959048],[30.952932,-29.958956],[30.952989,-29.958979],[30.95294,-29.959071]]]},"properties":{"Class":" "}},{"type":"Feature","geometry":{"type":"Polygon","coordinates":[[[30.952867,-29.959041],[30.952823,-29.959024],[30.952863,-29.958948],[30.952907,-29.958966],[30.952867,-29.959041]]]},"properties":{"Class":" "}},{"type":"Feature","geometry":{"type":"Polygon","coordinates":[[[30.952804,-29.959019],[30.952773,-29.959008],[30.952798,-29.958956],[30.95283,-29.958967],[30.952804,-29.959019]]]},"properties":{"Class":" "}},{"type":"Feature","geometry":{"type":"Polygon","coordinates":[[[30.95227,-29.959226],[30.952291,-29.95919],[30.952318,-29.959202],[30.952296,-29.959238],[30.95227,-29.959226]]]},"properties":{"Class":" "}},{"type":"Feature","geometry":{"type":"Polygon","coordinates":[[[30.952247,-29.959259],[30.952259,-29.959239],[30.952311,-29.959263],[30.952299,-29.959283],[30.952247,-29.959259]]]},"properties":{"Class":" "}},{"type":"Feature","geometry":{"type":"Polygon","coordinates":[[[30.952331,-29.959284],[30.952357,-29.959236],[30.952383,-29.959246],[30.952356,-29.959295],[30.952331,-29.959284]]]},"properties":{"Class":" "}},{"type":"Feature","geometry":{"type":"Polygon","coordinates":[[[30.952397,-29.959338],[30.952421,-29.959293],[30.952476,-29.959315],[30.952452,-29.95936],[30.952397,-29.959338]]]},"properties":{"Class":" "}},{"type":"Feature","geometry":{"type":"Polygon","coordinates":[[[30.952044,-29.958014],[30.951895,-29.958009],[30.951898,-29.957945],[30.952047,-29.95795],[30.952044,-29.958014]]]},"properties":{"Class":" "}},{"type":"Feature","geometry":{"type":"Polygon","coordinates":[[[30.951821,-29.957449],[30.951828,-29.957183],[30.951924,-29.957184],[30.951917,-29.957451],[30.951821,-29.957449]]]},"properties":{"Class":" "}},{"type":"Feature","geometry":{"type":"Polygon","coordinates":[[[30.951627,-29.957453],[30.951536,-29.957452],[30.951537,-29.95741],[30.951628,-29.95741],[30.951627,-29.957453]]]},"properties":{"Class":" "}},{"type":"Feature","geometry":{"type":"Polygon","coordinates":[[[30.951536,-29.957387],[30.951537,-29.957341],[30.951665,-29.957343],[30.951664,-29.957389],[30.951536,-29.957387]]]},"properties":{"Class":" "}},{"type":"Feature","geometry":{"type":"Polygon","coordinates":[[[30.951431,-29.957193],[30.95146,-29.957194],[30.95146,-29.957217],[30.95143,-29.957216],[30.951431,-29.957193]]]},"properties":{"Class":" "}},{"type":"Feature","geometry":{"type":"Polygon","coordinates":[[[30.950402,-29.955796],[30.950433,-29.955785],[30.95047,-29.955864],[30.95044,-29.955875],[30.950402,-29.955796]]]},"properties":{"Class":" "}},{"type":"Feature","geometry":{"type":"Polygon","coordinates":[[[30.950274,-29.955696],[30.95026,-29.955665],[30.950292,-29.955654],[30.950306,-29.955686],[30.950274,-29.955696]]]},"properties":{"Class":" "}},{"type":"Feature","geometry":{"type":"Polygon","coordinates":[[[30.950255,-29.955658],[30.950241,-29.95563],[30.95026,-29.955622],[30.950275,-29.955651],[30.950255,-29.955658]]]},"properties":{"Class":" "}},{"type":"Feature","geometry":{"type":"Polygon","coordinates":[[[30.949409,-29.955429],[30.949413,-29.955399],[30.949439,-29.955402],[30.949435,-29.955432],[30.949409,-29.955429]]]},"properties":{"Class":" "}},{"type":"Feature","geometry":{"type":"Polygon","coordinates":[[[30.953085,-29.952955],[30.95308,-29.952844],[30.953114,-29.952843],[30.953119,-29.952954],[30.953085,-29.952955]]]},"properties":{"Class":" "}},{"type":"Feature","geometry":{"type":"Polygon","coordinates":[[[30.952624,-29.952294],[30.952669,-29.95225],[30.952755,-29.952317],[30.95271,-29.952361],[30.952624,-29.952294]]]},"properties":{"Class":" "}},{"type":"Feature","geometry":{"type":"Polygon","coordinates":[[[30.950062,-29.958062],[30.950064,-29.957986],[30.950086,-29.957986],[30.950087,-29.957958],[30.950448,-29.957965],[30.950448,-29.957982],[30.950473,-29.957983],[30.950473,-29.957992],[30.950491,-29.957993],[30.95049,-29.958031],[30.950474,-29.95803],[30.950473,-29.95807],[30.950062,-29.958062]]]},"properties":{"Class":" "}},{"type":"Feature","geometry":{"type":"Polygon","coordinates":[[[30.950809,-29.95823],[30.950813,-29.958055],[30.951035,-29.958059],[30.951034,-29.958077],[30.951152,-29.958079],[30.951151,-29.958106],[30.951186,-29.958107],[30.951185,-29.958153],[30.951231,-29.958154],[30.95123,-29.958182],[30.951189,-29.958181],[30.951188,-29.958188],[30.951153,-29.958187],[30.951153,-29.95822],[30.951032,-29.958218],[30.951031,-29.958234],[30.950809,-29.95823]]]},"properties":{"Class":" "}},{"type":"Feature","geometry":{"type":"Polygon","coordinates":[[[30.950686,-29.958008],[30.950752,-29.958008],[30.95075,-29.958149],[30.950699,-29.958149],[30.950699,-29.958134],[30.950684,-29.958134],[30.950686,-29.958008]]]},"properties":{"Class":" "}},{"type":"Feature","geometry":{"type":"Polygon","coordinates":[[[30.950869,-29.95853],[30.950871,-29.958418],[30.951351,-29.958424],[30.951349,-29.958537],[30.950869,-29.95853]]]},"properties":{"Class":" "}},{"type":"Feature","geometry":{"type":"Polygon","coordinates":[[[30.951134,-29.958421],[30.951086,-29.958421],[30.951086,-29.958404],[30.951073,-29.958404],[30.951073,-29.958378],[30.95109,-29.958378],[30.95109,-29.95836],[30.951105,-29.95836],[30.951105,-29.958332],[30.951145,-29.958332],[30.951144,-29.958359],[30.951134,-29.958359],[30.951134,-29.958421]]]},"properties":{"Class":" "}},{"type":"Feature","geometry":{"type":"Polygon","coordinates":[[[30.950556,-29.958345],[30.950556,-29.95829],[30.950499,-29.95829],[30.950499,-29.958259],[30.950466,-29.958259],[30.950466,-29.958188],[30.950466,-29.958179],[30.950595,-29.958179],[30.950595,-29.958213],[30.950642,-29.958213],[30.950642,-29.958291],[30.950628,-29.958291],[30.950628,-29.958345],[30.950556,-29.958345]]]},"properties":{"Class":" "}},{"type":"Feature","geometry":{"type":"Polygon","coordinates":[[[30.950458,-29.958276],[30.950383,-29.958275],[30.950383,-29.958268],[30.950341,-29.958268],[30.950342,-29.958202],[30.950385,-29.958202],[30.950386,-29.958147],[30.95046,-29.958148],[30.950458,-29.958276]]]},"properties":{"Class":" "}},{"type":"Feature","geometry":{"type":"Polygon","coordinates":[[[30.949975,-29.958184],[30.950004,-29.958151],[30.950082,-29.958203],[30.950053,-29.958236],[30.949975,-29.958184]]]},"properties":{"Class":" "}},{"type":"Feature","geometry":{"type":"Polygon","coordinates":[[[30.949982,-29.958132],[30.949949,-29.95811],[30.949996,-29.958055],[30.950029,-29.958077],[30.949982,-29.958132]]]},"properties":{"Class":" "}},{"type":"Feature","geometry":{"type":"Polygon","coordinates":[[[30.950006,-29.958468],[30.949869,-29.958468],[30.949869,-29.95846],[30.949807,-29.95846],[30.949807,-29.958427],[30.949844,-29.958427],[30.949844,-29.958383],[30.94987,-29.958383],[30.94987,-29.958374],[30.950006,-29.958374],[30.950006,-29.958468]]]},"properties":{"Class":" "}},{"type":"Feature","geometry":{"type":"Polygon","coordinates":[[[30.950429,-29.958696],[30.950182,-29.958694],[30.950184,-29.958545],[30.950148,-29.958544],[30.950149,-29.958474],[30.950166,-29.958474],[30.950166,-29.958445],[30.950261,-29.958446],[30.95026,-29.958479],[30.950306,-29.958479],[30.950306,-29.958538],[30.950431,-29.958539],[30.950429,-29.958696]]]},"properties":{"Class":" "}},{"type":"Feature","geometry":{"type":"Polygon","coordinates":[[[30.95036,-29.958429],[30.950285,-29.958428],[30.950286,-29.958396],[30.95027,-29.958396],[30.950271,-29.958355],[30.950361,-29.958357],[30.95036,-29.958429]]]},"properties":{"Class":" "}},{"type":"Feature","geometry":{"type":"Polygon","coordinates":[[[30.950713,-29.958367],[30.950713,-29.958379],[30.950749,-29.958379],[30.950748,-29.958394],[30.950785,-29.958394],[30.950785,-29.958437],[30.950747,-29.958437],[30.950747,-29.958451],[30.950716,-29.958451],[30.950716,-29.958458],[30.950603,-29.958457],[30.950603,-29.958529],[30.95043,-29.958528],[30.950432,-29.958367],[30.950464,-29.958367],[30.950464,-29.958325],[30.950495,-29.958325],[30.950495,-29.958366],[30.950713,-29.958367]]]},"properties":{"Class":" "}},{"type":"Feature","geometry":{"type":"Polygon","coordinates":[[[30.950721,-29.958756],[30.950726,-29.958595],[30.950618,-29.958592],[30.950621,-29.958506],[30.950829,-29.958512],[30.95082,-29.958758],[30.950721,-29.958756]]]},"properties":{"Class":" "}},{"type":"Feature","geometry":{"type":"Polygon","coordinates":[[[30.950075,-29.958806],[30.949708,-29.958805],[30.949709,-29.95878],[30.949692,-29.95878],[30.949692,-29.958707],[30.950074,-29.958708],[30.950074,-29.958736],[30.950112,-29.958736],[30.950112,-29.958777],[30.950075,-29.958777],[30.950075,-29.958806]]]},"properties":{"Class":" "}},{"type":"Feature","geometry":{"type":"Polygon","coordinates":[[[30.949895,-29.958703],[30.949851,-29.958703],[30.949851,-29.958661],[30.949866,-29.958661],[30.949866,-29.958631],[30.949895,-29.958632],[30.949895,-29.958703]]]},"properties":{"Class":" "}},{"type":"Feature","geometry":{"type":"Polygon","coordinates":[[[30.950711,-29.958822],[30.950622,-29.958822],[30.950623,-29.95875],[30.950537,-29.95875],[30.950538,-29.958664],[30.950618,-29.958664],[30.950618,-29.958711],[30.950712,-29.958711],[30.950711,-29.958822]]]},"properties":{"Class":" "}},{"type":"Feature","geometry":{"type":"Polygon","coordinates":[[[30.951209,-29.958868],[30.951208,-29.958944],[30.951178,-29.958943],[30.951178,-29.958975],[30.950924,-29.958973],[30.950924,-29.95896],[30.950864,-29.958959],[30.950866,-29.958864],[30.951209,-29.958868]]]},"properties":{"Class":" "}},{"type":"Feature","geometry":{"type":"Polygon","coordinates":[[[30.950033,-29.958922],[30.950231,-29.958922],[30.95023,-29.959006],[30.950032,-29.959006],[30.950033,-29.958922]]]},"properties":{"Class":" "}},{"type":"Feature","geometry":{"type":"Polygon","coordinates":[[[30.93285,-29.943799],[30.932824,-29.944061],[30.932698,-29.944052],[30.932702,-29.944008],[30.932673,-29.944006],[30.932674,-29.943997],[30.932654,-29.943996],[30.932669,-29.943842],[30.93269,-29.943844],[30.932691,-29.943834],[30.932722,-29.943837],[30.932727,-29.94379],[30.93285,-29.943799]]]},"properties":{"Class":" "}},{"type":"Feature","geometry":{"type":"Polygon","coordinates":[[[30.932678,-29.944096],[30.93268,-29.944064],[30.932803,-29.94407],[30.932801,-29.944102],[30.932678,-29.944096]]]},"properties":{"Class":" "}},{"type":"Feature","geometry":{"type":"Polygon","coordinates":[[[30.932714,-29.946149],[30.932756,-29.946147],[30.932763,-29.946251],[30.932722,-29.946254],[30.932714,-29.946149]]]},"properties":{"Class":" "}},{"type":"Feature","geometry":{"type":"Polygon","coordinates":[[[30.932702,-29.94546],[30.932737,-29.94544],[30.932802,-29.945528],[30.932767,-29.945548],[30.932702,-29.94546]]]},"properties":{"Class":" "}},{"type":"Feature","geometry":{"type":"Polygon","coordinates":[[[30.932778,-29.945267],[30.93282,-29.945269],[30.932814,-29.945373],[30.932772,-29.945371],[30.932778,-29.945267]]]},"properties":{"Class":" "}},{"type":"Feature","geometry":{"type":"Polygon","coordinates":[[[30.932811,-29.945063],[30.932852,-29.945067],[30.93284,-29.945171],[30.932799,-29.945167],[30.932811,-29.945063]]]},"properties":{"Class":" "}},{"type":"Feature","geometry":{"type":"Polygon","coordinates":[[[30.932839,-29.944724],[30.932881,-29.944728],[30.932868,-29.944832],[30.932826,-29.944828],[30.932839,-29.944724]]]},"properties":{"Class":" "}},{"type":"Feature","geometry":{"type":"Polygon","coordinates":[[[30.932881,-29.944361],[30.932923,-29.944363],[30.932915,-29.944468],[30.932873,-29.944465],[30.932881,-29.944361]]]},"properties":{"Class":" "}},{"type":"Feature","geometry":{"type":"Polygon","coordinates":[[[30.932831,-29.945714],[30.932883,-29.945822],[30.932849,-29.945834],[30.932857,-29.945852],[30.932774,-29.945882],[30.932759,-29.94585],[30.932782,-29.945841],[30.932765,-29.945806],[30.932746,-29.945813],[30.932727,-29.945774],[30.93272,-29.945759],[30.932704,-29.945765],[30.932695,-29.945746],[30.932825,-29.9457],[30.932831,-29.945714]]]},"properties":{"Class":" "}},{"type":"Feature","geometry":{"type":"Polygon","coordinates":[[[30.932902,-29.945714],[30.932852,-29.945716],[30.93285,-29.945694],[30.932813,-29.945696],[30.932811,-29.94567],[30.932899,-29.945666],[30.932902,-29.945714]]]},"properties":{"Class":" "}},{"type":"Feature","geometry":{"type":"Polygon","coordinates":[[[30.932867,-29.944904],[30.932947,-29.944911],[30.932943,-29.944942],[30.932968,-29.944944],[30.932962,-29.944993],[30.932948,-29.944992],[30.932946,-29.945014],[30.932855,-29.945005],[30.932867,-29.944904]]]},"properties":{"Class":" "}},{"type":"Feature","geometry":{"type":"Polygon","coordinates":[[[30.933033,-29.944722],[30.933021,-29.944795],[30.932939,-29.944785],[30.932951,-29.944711],[30.933033,-29.944722]]]},"properties":{"Class":" "}},{"type":"Feature","geometry":{"type":"Polygon","coordinates":[[[30.932769,-29.94473],[30.932765,-29.944791],[30.932698,-29.944789],[30.932701,-29.944727],[30.932769,-29.94473]]]},"properties":{"Class":" "}},{"type":"Feature","geometry":{"type":"Polygon","coordinates":[[[30.932908,-29.944559],[30.932989,-29.944572],[30.932975,-29.94464],[30.932969,-29.944673],[30.932941,-29.944669],[30.932888,-29.944661],[30.932908,-29.944559]]]},"properties":{"Class":" "}},{"type":"Feature","geometry":{"type":"Polygon","coordinates":[[[30.932943,-29.944347],[30.932953,-29.944268],[30.93302,-29.944274],[30.933011,-29.944353],[30.932943,-29.944347]]]},"properties":{"Class":" "}},{"type":"Feature","geometry":{"type":"Polygon","coordinates":[[[30.93309,-29.944367],[30.933026,-29.94436],[30.933031,-29.944325],[30.933095,-29.944332],[30.93309,-29.944367]]]},"properties":{"Class":" "}},{"type":"Feature","geometry":{"type":"Polygon","coordinates":[[[30.932934,-29.944338],[30.932888,-29.944334],[30.932894,-29.944272],[30.93294,-29.944275],[30.932934,-29.944338]]]},"properties":{"Class":" "}},{"type":"Feature","geometry":{"type":"Polygon","coordinates":[[[30.932985,-29.94398],[30.933061,-29.943986],[30.933058,-29.944013],[30.933094,-29.944016],[30.933092,-29.944039],[30.933154,-29.944044],[30.933148,-29.944097],[30.933083,-29.944092],[30.933083,-29.944097],[30.933038,-29.944093],[30.933039,-29.944087],[30.932974,-29.944082],[30.932985,-29.94398]]]},"properties":{"Class":" "}},{"type":"Feature","geometry":{"type":"Polygon","coordinates":[[[30.932964,-29.94399],[30.932962,-29.944069],[30.932899,-29.944067],[30.932899,-29.944058],[30.932892,-29.944058],[30.932892,-29.944045],[30.932911,-29.944045],[30.932913,-29.943989],[30.932964,-29.94399]]]},"properties":{"Class":" "}},{"type":"Feature","geometry":{"type":"Polygon","coordinates":[[[30.932926,-29.944126],[30.933016,-29.944132],[30.933017,-29.944125],[30.933074,-29.944129],[30.933071,-29.944156],[30.933098,-29.944158],[30.933092,-29.944231],[30.933047,-29.944228],[30.933046,-29.944237],[30.932986,-29.944234],[30.932987,-29.944229],[30.932956,-29.944227],[30.93296,-29.944175],[30.932922,-29.944173],[30.932926,-29.944126]]]},"properties":{"Class":" "}},{"type":"Feature","geometry":{"type":"Polygon","coordinates":[[[30.93362,-29.946786],[30.933653,-29.94684],[30.933489,-29.946917],[30.933456,-29.946863],[30.93362,-29.946786]]]},"properties":{"Class":" "}},{"type":"Feature","geometry":{"type":"Polygon","coordinates":[[[30.932923,-29.947899],[30.932964,-29.947898],[30.932969,-29.948002],[30.932927,-29.948004],[30.932923,-29.947899]]]},"properties":{"Class":" "}},{"type":"Feature","geometry":{"type":"Polygon","coordinates":[[[30.932927,-29.948082],[30.932969,-29.948084],[30.932961,-29.948189],[30.93292,-29.948187],[30.932927,-29.948082]]]},"properties":{"Class":" "}},{"type":"Feature","geometry":{"type":"Polygon","coordinates":[[[30.932938,-29.947733],[30.932979,-29.947735],[30.932974,-29.947839],[30.932932,-29.947838],[30.932938,-29.947733]]]},"properties":{"Class":" "}},{"type":"Feature","geometry":{"type":"Polygon","coordinates":[[[30.933141,-29.947546],[30.933183,-29.947547],[30.933178,-29.947652],[30.933137,-29.94765],[30.933141,-29.947546]]]},"properties":{"Class":" "}},{"type":"Feature","geometry":{"type":"Polygon","coordinates":[[[30.933148,-29.947374],[30.93319,-29.947373],[30.933191,-29.947478],[30.933149,-29.947478],[30.933148,-29.947374]]]},"properties":{"Class":" "}},{"type":"Feature","geometry":{"type":"Polygon","coordinates":[[[30.93328,-29.947195],[30.933318,-29.94721],[30.933268,-29.947306],[30.93323,-29.947291],[30.93328,-29.947195]]]},"properties":{"Class":" "}},{"type":"Feature","geometry":{"type":"Polygon","coordinates":[[[30.93285,-29.947227],[30.932851,-29.947191],[30.932971,-29.947193],[30.93297,-29.94723],[30.93285,-29.947227]]]},"properties":{"Class":" "}},{"type":"Feature","geometry":{"type":"Polygon","coordinates":[[[30.93294,-29.947021],[30.932982,-29.947019],[30.932988,-29.947124],[30.932947,-29.947126],[30.93294,-29.947021]]]},"properties":{"Class":" "}},{"type":"Feature","geometry":{"type":"Polygon","coordinates":[[[30.932748,-29.947566],[30.93279,-29.947567],[30.932788,-29.947672],[30.932747,-29.947671],[30.932748,-29.947566]]]},"properties":{"Class":" "}},{"type":"Feature","geometry":{"type":"Polygon","coordinates":[[[30.933758,-29.946845],[30.933799,-29.946849],[30.933784,-29.946953],[30.933743,-29.946948],[30.933758,-29.946845]]]},"properties":{"Class":" "}},{"type":"Feature","geometry":{"type":"Polygon","coordinates":[[[30.933885,-29.946997],[30.933919,-29.947018],[30.933848,-29.947103],[30.933814,-29.947082],[30.933885,-29.946997]]]},"properties":{"Class":" "}},{"type":"Feature","geometry":{"type":"Polygon","coordinates":[[[30.933684,-29.946081],[30.933721,-29.946097],[30.933668,-29.946191],[30.93363,-29.946174],[30.933684,-29.946081]]]},"properties":{"Class":" "}},{"type":"Feature","geometry":{"type":"Polygon","coordinates":[[[30.933772,-29.94592],[30.933801,-29.945946],[30.933716,-29.94602],[30.933687,-29.945994],[30.933772,-29.94592]]]},"properties":{"Class":" "}},{"type":"Feature","geometry":{"type":"Polygon","coordinates":[[[30.93382,-29.94518],[30.933859,-29.945194],[30.933815,-29.945291],[30.933777,-29.945278],[30.93382,-29.94518]]]},"properties":{"Class":" "}},{"type":"Feature","geometry":{"type":"Polygon","coordinates":[[[30.933833,-29.945362],[30.933871,-29.945378],[30.933819,-29.945472],[30.933782,-29.945457],[30.933833,-29.945362]]]},"properties":{"Class":" "}},{"type":"Feature","geometry":{"type":"Polygon","coordinates":[[[30.93327,-29.944654],[30.933275,-29.944618],[30.933395,-29.94463],[30.93339,-29.944666],[30.93327,-29.944654]]]},"properties":{"Class":" "}},{"type":"Feature","geometry":{"type":"Polygon","coordinates":[[[30.933732,-29.944768],[30.93377,-29.944754],[30.933819,-29.944849],[30.933781,-29.944864],[30.933732,-29.944768]]]},"properties":{"Class":" "}},{"type":"Feature","geometry":{"type":"Polygon","coordinates":[[[30.933357,-29.944068],[30.933399,-29.944068],[30.933397,-29.944173],[30.933356,-29.944173],[30.933357,-29.944068]]]},"properties":{"Class":" "}},{"type":"Feature","geometry":{"type":"Polygon","coordinates":[[[30.93331,-29.946415],[30.933307,-29.946451],[30.933187,-29.946443],[30.93319,-29.946407],[30.93331,-29.946415]]]},"properties":{"Class":" "}},{"type":"Feature","geometry":{"type":"Polygon","coordinates":[[[30.933327,-29.946077],[30.933323,-29.946113],[30.933203,-29.946103],[30.933207,-29.946067],[30.933327,-29.946077]]]},"properties":{"Class":" "}},{"type":"Feature","geometry":{"type":"Polygon","coordinates":[[[30.933268,-29.944225],[30.933355,-29.944234],[30.933343,-29.944328],[30.933256,-29.94432],[30.933268,-29.944225]]]},"properties":{"Class":" "}},{"type":"Feature","geometry":{"type":"Polygon","coordinates":[[[30.933375,-29.944397],[30.933452,-29.944484],[30.933369,-29.944539],[30.933293,-29.944452],[30.933375,-29.944397]]]},"properties":{"Class":" "}},{"type":"Feature","geometry":{"type":"Polygon","coordinates":[[[30.933093,-29.948149],[30.93312,-29.948072],[30.933177,-29.948087],[30.93315,-29.948164],[30.933093,-29.948149]]]},"properties":{"Class":" "}},{"type":"Feature","geometry":{"type":"Polygon","coordinates":[[[30.933092,-29.947932],[30.933139,-29.947933],[30.933139,-29.94792],[30.933187,-29.947921],[30.933186,-29.947962],[30.933198,-29.947963],[30.933196,-29.948021],[30.933172,-29.948021],[30.933171,-29.948039],[30.933126,-29.948038],[30.933127,-29.948027],[30.93309,-29.948027],[30.933092,-29.947932]]]},"properties":{"Class":" "}},{"type":"Feature","geometry":{"type":"Polygon","coordinates":[[[30.933221,-29.947894],[30.933293,-29.9479],[30.93328,-29.948021],[30.933233,-29.948017],[30.933241,-29.947944],[30.933215,-29.947942],[30.933221,-29.947894]]]},"properties":{"Class":" "}},{"type":"Feature","geometry":{"type":"Polygon","coordinates":[[[30.933224,-29.94788],[30.933224,-29.947852],[30.933211,-29.947852],[30.933213,-29.947781],[30.933302,-29.947782],[30.9333,-29.947881],[30.933224,-29.94788]]]},"properties":{"Class":" "}},{"type":"Feature","geometry":{"type":"Polygon","coordinates":[[[30.933133,-29.947758],[30.933176,-29.947756],[30.933178,-29.947815],[30.93318,-29.947815],[30.933181,-29.947848],[30.933125,-29.947849],[30.933124,-29.94781],[30.933135,-29.94781],[30.933133,-29.947758]]]},"properties":{"Class":" "}},{"type":"Feature","geometry":{"type":"Polygon","coordinates":[[[30.933388,-29.947818],[30.933326,-29.947818],[30.933326,-29.947767],[30.933355,-29.947767],[30.933355,-29.947782],[30.933388,-29.947782],[30.933388,-29.947818]]]},"properties":{"Class":" "}},{"type":"Feature","geometry":{"type":"Polygon","coordinates":[[[30.932875,-29.947904],[30.932874,-29.947947],[30.932857,-29.947947],[30.932857,-29.947971],[30.932811,-29.94797],[30.932812,-29.947902],[30.932875,-29.947904]]]},"properties":{"Class":" "}},{"type":"Feature","geometry":{"type":"Polygon","coordinates":[[[30.933325,-29.947203],[30.933283,-29.947183],[30.933315,-29.947132],[30.933357,-29.947152],[30.933325,-29.947203]]]},"properties":{"Class":" "}},{"type":"Feature","geometry":{"type":"Polygon","coordinates":[[[30.93328,-29.946958],[30.933261,-29.946862],[30.933282,-29.946859],[30.933283,-29.946866],[30.933373,-29.946852],[30.933384,-29.946911],[30.933353,-29.946916],[30.933359,-29.946947],[30.93328,-29.946958]]]},"properties":{"Class":" "}},{"type":"Feature","geometry":{"type":"Polygon","coordinates":[[[30.933366,-29.947011],[30.933356,-29.946976],[30.933415,-29.946962],[30.933412,-29.946952],[30.933436,-29.946946],[30.933447,-29.946983],[30.933434,-29.946986],[30.933436,-29.946994],[30.933366,-29.947011]]]},"properties":{"Class":" "}},{"type":"Feature","geometry":{"type":"Polygon","coordinates":[[[30.933209,-29.947053],[30.933149,-29.947068],[30.93314,-29.947039],[30.933167,-29.947032],[30.933161,-29.947013],[30.933193,-29.947004],[30.933209,-29.947053]]]},"properties":{"Class":" "}},{"type":"Feature","geometry":{"type":"Polygon","coordinates":[[[30.93328,-29.946958],[30.933185,-29.946972],[30.933174,-29.946916],[30.933269,-29.946901],[30.93328,-29.946958]]]},"properties":{"Class":" "}},{"type":"Feature","geometry":{"type":"Polygon","coordinates":[[[30.933207,-29.946596],[30.933212,-29.946538],[30.933328,-29.946546],[30.933323,-29.946603],[30.933207,-29.946596]]]},"properties":{"Class":" "}},{"type":"Feature","geometry":{"type":"Polygon","coordinates":[[[30.933184,-29.94662],[30.933123,-29.946607],[30.933132,-29.946573],[30.933194,-29.946586],[30.933184,-29.94662]]]},"properties":{"Class":" "}},{"type":"Feature","geometry":{"type":"Polygon","coordinates":[[[30.933175,-29.94633],[30.9331,-29.94632],[30.933127,-29.946163],[30.933202,-29.946173],[30.933175,-29.94633]]]},"properties":{"Class":" "}},{"type":"Feature","geometry":{"type":"Polygon","coordinates":[[[30.933442,-29.946237],[30.933371,-29.946228],[30.933385,-29.946145],[30.933456,-29.946155],[30.933442,-29.946237]]]},"properties":{"Class":" "}},{"type":"Feature","geometry":{"type":"Polygon","coordinates":[[[30.933208,-29.945808],[30.93319,-29.945957],[30.93311,-29.945949],[30.93312,-29.945871],[30.933065,-29.945866],[30.93307,-29.945824],[30.933132,-29.94583],[30.933135,-29.945801],[30.933208,-29.945808]]]},"properties":{"Class":" "}},{"type":"Feature","geometry":{"type":"Polygon","coordinates":[[[30.933184,-29.945688],[30.933354,-29.945696],[30.933354,-29.945706],[30.933412,-29.945709],[30.933409,-29.945767],[30.933352,-29.945764],[30.93335,-29.945796],[30.933249,-29.945791],[30.933251,-29.945752],[30.93318,-29.945748],[30.933184,-29.945688]]]},"properties":{"Class":" "}},{"type":"Feature","geometry":{"type":"Polygon","coordinates":[[[30.933841,-29.945783],[30.933807,-29.945781],[30.933811,-29.945737],[30.933842,-29.945739],[30.933843,-29.945733],[30.933893,-29.945737],[30.933891,-29.945753],[30.933929,-29.945755],[30.933926,-29.945794],[30.933955,-29.945797],[30.933953,-29.945825],[30.933927,-29.945823],[30.933923,-29.945871],[30.933911,-29.94587],[30.933843,-29.945865],[30.933844,-29.945851],[30.933835,-29.94585],[30.933841,-29.945783]]]},"properties":{"Class":" "}},{"type":"Feature","geometry":{"type":"Polygon","coordinates":[[[30.933828,-29.945561],[30.933915,-29.94559],[30.933873,-29.945688],[30.93385,-29.945681],[30.933838,-29.945708],[30.933789,-29.945692],[30.9338,-29.945667],[30.933781,-29.945661],[30.933782,-29.945657],[30.933754,-29.945648],[30.93378,-29.945587],[30.933813,-29.945597],[30.933828,-29.945561]]]},"properties":{"Class":" "}},{"type":"Feature","geometry":{"type":"Polygon","coordinates":[[[30.933169,-29.945451],[30.933238,-29.945461],[30.933224,-29.945542],[30.933249,-29.945545],[30.933242,-29.945587],[30.933217,-29.945583],[30.933212,-29.945609],[30.933142,-29.9456],[30.933169,-29.945451]]]},"properties":{"Class":" "}},{"type":"Feature","geometry":{"type":"Polygon","coordinates":[[[30.933222,-29.945386],[30.933157,-29.945379],[30.933163,-29.945335],[30.933113,-29.94533],[30.933124,-29.945254],[30.933165,-29.945258],[30.933165,-29.945254],[30.933124,-29.94525],[30.933131,-29.945205],[30.933247,-29.945217],[30.933222,-29.945386]]]},"properties":{"Class":" "}},{"type":"Feature","geometry":{"type":"Polygon","coordinates":[[[30.933448,-29.945297],[30.933531,-29.945303],[30.933528,-29.945336],[30.933541,-29.945337],[30.933538,-29.945368],[30.933528,-29.945368],[30.933525,-29.945398],[30.93352,-29.945397],[30.933518,-29.945416],[30.933442,-29.94541],[30.933446,-29.94537],[30.933431,-29.945369],[30.933437,-29.945314],[30.933446,-29.945315],[30.933448,-29.945297]]]},"properties":{"Class":" "}},{"type":"Feature","geometry":{"type":"Polygon","coordinates":[[[30.933238,-29.945049],[30.933153,-29.945043],[30.933163,-29.944931],[30.933248,-29.944937],[30.933238,-29.945049]]]},"properties":{"Class":" "}},{"type":"Feature","geometry":{"type":"Polygon","coordinates":[[[30.933459,-29.944963],[30.933448,-29.945107],[30.933422,-29.945105],[30.93342,-29.945132],[30.933368,-29.945129],[30.93337,-29.945102],[30.933346,-29.945101],[30.933357,-29.944957],[30.933459,-29.944963]]]},"properties":{"Class":" "}},{"type":"Feature","geometry":{"type":"Polygon","coordinates":[[[30.933496,-29.945156],[30.933507,-29.945091],[30.933622,-29.945106],[30.933611,-29.945171],[30.933496,-29.945156]]]},"properties":{"Class":" "}},{"type":"Feature","geometry":{"type":"Polygon","coordinates":[[[30.933182,-29.944688],[30.933193,-29.944606],[30.933272,-29.944614],[30.933261,-29.944696],[30.933182,-29.944688]]]},"properties":{"Class":" "}},{"type":"Feature","geometry":{"type":"Polygon","coordinates":[[[30.933288,-29.944775],[30.933275,-29.94489],[30.933231,-29.944886],[30.933237,-29.944831],[30.933192,-29.944827],[30.933199,-29.944767],[30.933288,-29.944775]]]},"properties":{"Class":" "}},{"type":"Feature","geometry":{"type":"Polygon","coordinates":[[[30.933667,-29.944774],[30.933712,-29.944862],[30.933674,-29.944877],[30.93366,-29.94485],[30.933613,-29.944869],[30.933601,-29.944845],[30.933579,-29.944854],[30.933568,-29.944832],[30.933587,-29.944825],[30.933572,-29.944796],[30.933626,-29.944775],[30.933633,-29.944788],[30.933667,-29.944774]]]},"properties":{"Class":" "}},{"type":"Feature","geometry":{"type":"Polygon","coordinates":[[[30.933646,-29.944722],[30.933577,-29.944594],[30.933607,-29.944582],[30.933613,-29.944593],[30.933644,-29.94458],[30.933692,-29.944668],[30.933667,-29.944678],[30.933682,-29.944707],[30.933646,-29.944722]]]},"properties":{"Class":" "}},{"type":"Feature","geometry":{"type":"Polygon","coordinates":[[[30.933347,-29.944664],[30.933402,-29.944671],[30.933394,-29.94472],[30.933338,-29.944713],[30.933347,-29.944664]]]},"properties":{"Class":" "}},{"type":"Feature","geometry":{"type":"Polygon","coordinates":[[[30.93347,-29.945999],[30.933394,-29.945992],[30.933415,-29.945834],[30.93349,-29.945841],[30.93347,-29.945999]]]},"properties":{"Class":" "}},{"type":"Feature","geometry":{"type":"Polygon","coordinates":[[[30.932986,-29.947485],[30.933015,-29.947642],[30.93294,-29.947652],[30.932911,-29.947495],[30.932986,-29.947485]]]},"properties":{"Class":" "}},{"type":"Feature","geometry":{"type":"Polygon","coordinates":[[[30.933114,-29.946012],[30.933185,-29.946011],[30.933186,-29.946066],[30.933115,-29.946067],[30.933114,-29.946012]]]},"properties":{"Class":" "}},{"type":"Feature","geometry":{"type":"Polygon","coordinates":[[[30.937092,-29.948902],[30.936962,-29.948661],[30.937081,-29.948612],[30.937211,-29.948853],[30.937092,-29.948902]]]},"properties":{"Class":" "}},{"type":"Feature","geometry":{"type":"Polygon","coordinates":[[[30.943996,-29.944191],[30.943988,-29.944067],[30.944063,-29.944064],[30.944071,-29.944187],[30.943996,-29.944191]]]},"properties":{"Class":" "}},{"type":"Feature","geometry":{"type":"Polygon","coordinates":[[[30.944035,-29.944383],[30.944029,-29.94426],[30.944105,-29.944257],[30.944111,-29.944381],[30.944035,-29.944383]]]},"properties":{"Class":" "}},{"type":"Feature","geometry":{"type":"Polygon","coordinates":[[[30.944071,-29.944569],[30.944065,-29.944445],[30.944141,-29.944442],[30.944147,-29.944566],[30.944071,-29.944569]]]},"properties":{"Class":" "}},{"type":"Feature","geometry":{"type":"Polygon","coordinates":[[[30.943786,-29.94421],[30.943789,-29.944149],[30.943855,-29.944152],[30.943852,-29.944213],[30.943786,-29.94421]]]},"properties":{"Class":" "}},{"type":"Feature","geometry":{"type":"Polygon","coordinates":[[[30.944249,-29.944729],[30.94423,-29.944804],[30.944159,-29.94479],[30.944177,-29.944716],[30.944249,-29.944729]]]},"properties":{"Class":" "}},{"type":"Feature","geometry":{"type":"Polygon","coordinates":[[[30.944674,-29.944834],[30.944742,-29.944639],[30.944854,-29.944668],[30.944786,-29.944863],[30.944674,-29.944834]]]},"properties":{"Class":" "}},{"type":"Feature","geometry":{"type":"Polygon","coordinates":[[[30.944861,-29.944565],[30.944792,-29.944548],[30.944822,-29.944454],[30.944891,-29.944471],[30.944861,-29.944565]]]},"properties":{"Class":" "}},{"type":"Feature","geometry":{"type":"Polygon","coordinates":[[[30.945056,-29.944014],[30.945125,-29.944015],[30.945123,-29.944098],[30.945054,-29.944093],[30.945056,-29.944014]]]},"properties":{"Class":" "}},{"type":"Feature","geometry":{"type":"Polygon","coordinates":[[[30.945054,-29.944093],[30.945123,-29.944098],[30.945122,-29.944176],[30.945053,-29.944175],[30.945054,-29.944093]]]},"properties":{"Class":" "}},{"type":"Feature","geometry":{"type":"Polygon","coordinates":[[[30.943874,-29.944001],[30.94387,-29.943878],[30.943946,-29.943876],[30.94395,-29.944],[30.943874,-29.944001]]]},"properties":{"Class":" "}},{"type":"Feature","geometry":{"type":"Polygon","coordinates":[[[30.943845,-29.944756],[30.943858,-29.94467],[30.943866,-29.944671],[30.943871,-29.944634],[30.943906,-29.944638],[30.943901,-29.944675],[30.943914,-29.944676],[30.9439,-29.944763],[30.943845,-29.944756]]]},"properties":{"Class":" "}},{"type":"Feature","geometry":{"type":"Polygon","coordinates":[[[30.945569,-29.944164],[30.945516,-29.944261],[30.945443,-29.944232],[30.945496,-29.944134],[30.945569,-29.944164]]]},"properties":{"Class":" "}},{"type":"Feature","geometry":{"type":"Polygon","coordinates":[[[30.945452,-29.944573],[30.945341,-29.944526],[30.945376,-29.944463],[30.945488,-29.94451],[30.945452,-29.944573]]]},"properties":{"Class":" "}},{"type":"Feature","geometry":{"type":"Polygon","coordinates":[[[30.945697,-29.944449],[30.945582,-29.944488],[30.945552,-29.944422],[30.945668,-29.944383],[30.945697,-29.944449]]]},"properties":{"Class":" "}},{"type":"Feature","geometry":{"type":"Polygon","coordinates":[[[30.946109,-29.94422],[30.946005,-29.94428],[30.945961,-29.944222],[30.946064,-29.944162],[30.946109,-29.94422]]]},"properties":{"Class":" "}},{"type":"Feature","geometry":{"type":"Polygon","coordinates":[[[30.945919,-29.944472],[30.945925,-29.94458],[30.945844,-29.944583],[30.945838,-29.944476],[30.945919,-29.944472]]]},"properties":{"Class":" "}},{"type":"Feature","geometry":{"type":"Polygon","coordinates":[[[30.945804,-29.944055],[30.945848,-29.944156],[30.945773,-29.944181],[30.945729,-29.94408],[30.945804,-29.944055]]]},"properties":{"Class":" "}},{"type":"Feature","geometry":{"type":"Polygon","coordinates":[[[30.945372,-29.944733],[30.945258,-29.94469],[30.94529,-29.944625],[30.945404,-29.944668],[30.945372,-29.944733]]]},"properties":{"Class":" "}},{"type":"Feature","geometry":{"type":"Polygon","coordinates":[[[30.945209,-29.944921],[30.945166,-29.945022],[30.94509,-29.944997],[30.945133,-29.944896],[30.945209,-29.944921]]]},"properties":{"Class":" "}},{"type":"Feature","geometry":{"type":"Polygon","coordinates":[[[30.945903,-29.944747],[30.945854,-29.944846],[30.945779,-29.944818],[30.945829,-29.944719],[30.945903,-29.944747]]]},"properties":{"Class":" "}},{"type":"Feature","geometry":{"type":"Polygon","coordinates":[[[30.945725,-29.944977],[30.945623,-29.945038],[30.945577,-29.94498],[30.945679,-29.944919],[30.945725,-29.944977]]]},"properties":{"Class":" "}},{"type":"Feature","geometry":{"type":"Polygon","coordinates":[[[30.945415,-29.945325],[30.945302,-29.945282],[30.945334,-29.945217],[30.945448,-29.94526],[30.945415,-29.945325]]]},"properties":{"Class":" "}},{"type":"Feature","geometry":{"type":"Polygon","coordinates":[[[30.945931,-29.945531],[30.945819,-29.945485],[30.945853,-29.945421],[30.945965,-29.945467],[30.945931,-29.945531]]]},"properties":{"Class":" "}},{"type":"Feature","geometry":{"type":"Polygon","coordinates":[[[30.946258,-29.945578],[30.946135,-29.945592],[30.946125,-29.945522],[30.946248,-29.945509],[30.946258,-29.945578]]]},"properties":{"Class":" "}},{"type":"Feature","geometry":{"type":"Polygon","coordinates":[[[30.94647,-29.945449],[30.946371,-29.945514],[30.946322,-29.945458],[30.946421,-29.945393],[30.94647,-29.945449]]]},"properties":{"Class":" "}},{"type":"Feature","geometry":{"type":"Polygon","coordinates":[[[30.94664,-29.945303],[30.946544,-29.945371],[30.946493,-29.945316],[30.946589,-29.945248],[30.94664,-29.945303]]]},"properties":{"Class":" "}},{"type":"Feature","geometry":{"type":"Polygon","coordinates":[[[30.946912,-29.944993],[30.946864,-29.945093],[30.946789,-29.945065],[30.946837,-29.944966],[30.946912,-29.944993]]]},"properties":{"Class":" "}},{"type":"Feature","geometry":{"type":"Polygon","coordinates":[[[30.946993,-29.944523],[30.946946,-29.944623],[30.946872,-29.944597],[30.946919,-29.944497],[30.946993,-29.944523]]]},"properties":{"Class":" "}},{"type":"Feature","geometry":{"type":"Polygon","coordinates":[[[30.946797,-29.944511],[30.946681,-29.944548],[30.946653,-29.944482],[30.946769,-29.944445],[30.946797,-29.944511]]]},"properties":{"Class":" "}},{"type":"Feature","geometry":{"type":"Polygon","coordinates":[[[30.946488,-29.944722],[30.946377,-29.944674],[30.946413,-29.944611],[30.946524,-29.944659],[30.946488,-29.944722]]]},"properties":{"Class":" "}},{"type":"Feature","geometry":{"type":"Polygon","coordinates":[[[30.946973,-29.944457],[30.946857,-29.94442],[30.946884,-29.944354],[30.947001,-29.94439],[30.946973,-29.944457]]]},"properties":{"Class":" "}},{"type":"Feature","geometry":{"type":"Polygon","coordinates":[[[30.947055,-29.944293],[30.946942,-29.94425],[30.946974,-29.944185],[30.947088,-29.944229],[30.947055,-29.944293]]]},"properties":{"Class":" "}},{"type":"Feature","geometry":{"type":"Polygon","coordinates":[[[30.946516,-29.944337],[30.946517,-29.944445],[30.946436,-29.944445],[30.946436,-29.944337],[30.946516,-29.944337]]]},"properties":{"Class":" "}},{"type":"Feature","geometry":{"type":"Polygon","coordinates":[[[30.946595,-29.944115],[30.946543,-29.944213],[30.94647,-29.944183],[30.946522,-29.944085],[30.946595,-29.944115]]]},"properties":{"Class":" "}},{"type":"Feature","geometry":{"type":"Polygon","coordinates":[[[30.947216,-29.944101],[30.947174,-29.944202],[30.947098,-29.944178],[30.947141,-29.944077],[30.947216,-29.944101]]]},"properties":{"Class":" "}},{"type":"Feature","geometry":{"type":"Polygon","coordinates":[[[30.947327,-29.943948],[30.94728,-29.944047],[30.947205,-29.94402],[30.947253,-29.943921],[30.947327,-29.943948]]]},"properties":{"Class":" "}},{"type":"Feature","geometry":{"type":"Polygon","coordinates":[[[30.946982,-29.943983],[30.947027,-29.944084],[30.946952,-29.944109],[30.946907,-29.944008],[30.946982,-29.943983]]]},"properties":{"Class":" "}},{"type":"Feature","geometry":{"type":"Polygon","coordinates":[[[30.946288,-29.943994],[30.946239,-29.944093],[30.946165,-29.944065],[30.946214,-29.943966],[30.946288,-29.943994]]]},"properties":{"Class":" "}},{"type":"Feature","geometry":{"type":"Polygon","coordinates":[[[30.946179,-29.945317],[30.946068,-29.945269],[30.946104,-29.945206],[30.946215,-29.945254],[30.946179,-29.945317]]]},"properties":{"Class":" "}},{"type":"Feature","geometry":{"type":"Polygon","coordinates":[[[30.947477,-29.944381],[30.947429,-29.94448],[30.947354,-29.944453],[30.947402,-29.944353],[30.947477,-29.944381]]]},"properties":{"Class":" "}},{"type":"Feature","geometry":{"type":"Polygon","coordinates":[[[30.947551,-29.944247],[30.947499,-29.944345],[30.947426,-29.944316],[30.947478,-29.944218],[30.947551,-29.944247]]]},"properties":{"Class":" "}},{"type":"Feature","geometry":{"type":"Polygon","coordinates":[[[30.947681,-29.943967],[30.94763,-29.944065],[30.947556,-29.944036],[30.947607,-29.943938],[30.947681,-29.943967]]]},"properties":{"Class":" "}},{"type":"Feature","geometry":{"type":"Polygon","coordinates":[[[30.946626,-29.943952],[30.946727,-29.943884],[30.946794,-29.94396],[30.946776,-29.943972],[30.946793,-29.943991],[30.946765,-29.94401],[30.946735,-29.943976],[30.94668,-29.944013],[30.946626,-29.943952]]]},"properties":{"Class":" "}},{"type":"Feature","geometry":{"type":"Polygon","coordinates":[[[30.948416,-29.943976],[30.94841,-29.94398],[30.948432,-29.944003],[30.948384,-29.944039],[30.948353,-29.944008],[30.94835,-29.94401],[30.948318,-29.943977],[30.948322,-29.943974],[30.94828,-29.943932],[30.948324,-29.943899],[30.948354,-29.943929],[30.948363,-29.943922],[30.948416,-29.943976]]]},"properties":{"Class":" "}},{"type":"Feature","geometry":{"type":"Polygon","coordinates":[[[30.948192,-29.944013],[30.948264,-29.943958],[30.948351,-29.944045],[30.948303,-29.944081],[30.948294,-29.944071],[30.948269,-29.94409],[30.948192,-29.944013]]]},"properties":{"Class":" "}},{"type":"Feature","geometry":{"type":"Polygon","coordinates":[[[30.948187,-29.94402],[30.948264,-29.9441],[30.94819,-29.944155],[30.948166,-29.94413],[30.948123,-29.944162],[30.948073,-29.94411],[30.948117,-29.944078],[30.948113,-29.944074],[30.948187,-29.94402]]]},"properties":{"Class":" "}},{"type":"Feature","geometry":{"type":"Polygon","coordinates":[[[30.947855,-29.944263],[30.947917,-29.944219],[30.947904,-29.944206],[30.947949,-29.944175],[30.947964,-29.944192],[30.947995,-29.94417],[30.948042,-29.944221],[30.948012,-29.944242],[30.948027,-29.944258],[30.947982,-29.94429],[30.947967,-29.944274],[30.947906,-29.944317],[30.947855,-29.944263]]]},"properties":{"Class":" "}},{"type":"Feature","geometry":{"type":"Polygon","coordinates":[[[30.947732,-29.944363],[30.947795,-29.944438],[30.947804,-29.944433],[30.947837,-29.944473],[30.947792,-29.944501],[30.947784,-29.944492],[30.947753,-29.944511],[30.947734,-29.944488],[30.94769,-29.944516],[30.94764,-29.944457],[30.947683,-29.94443],[30.947668,-29.944412],[30.947664,-29.944415],[30.947659,-29.944409],[30.947732,-29.944363]]]},"properties":{"Class":" "}},{"type":"Feature","geometry":{"type":"Polygon","coordinates":[[[30.947613,-29.944505],[30.947669,-29.944563],[30.947581,-29.944628],[30.947556,-29.944602],[30.947592,-29.944576],[30.947561,-29.944544],[30.947613,-29.944505]]]},"properties":{"Class":" "}},{"type":"Feature","geometry":{"type":"Polygon","coordinates":[[[30.947527,-29.944595],[30.947562,-29.944638],[30.947484,-29.944686],[30.947449,-29.944643],[30.947527,-29.944595]]]},"properties":{"Class":" "}},{"type":"Feature","geometry":{"type":"Polygon","coordinates":[[[30.947278,-29.944685],[30.94736,-29.944735],[30.947329,-29.944772],[30.947247,-29.944722],[30.947278,-29.944685]]]},"properties":{"Class":" "}},{"type":"Feature","geometry":{"type":"Polygon","coordinates":[[[30.947279,-29.944554],[30.947331,-29.944479],[30.947379,-29.944504],[30.947327,-29.94458],[30.947279,-29.944554]]]},"properties":{"Class":" "}},{"type":"Feature","geometry":{"type":"Polygon","coordinates":[[[30.947532,-29.944067],[30.947623,-29.944101],[30.947595,-29.944158],[30.947622,-29.944168],[30.947597,-29.944219],[30.947479,-29.944175],[30.947532,-29.944067]]]},"properties":{"Class":" "}},{"type":"Feature","geometry":{"type":"Polygon","coordinates":[[[30.947819,-29.944311],[30.947877,-29.944364],[30.947874,-29.944366],[30.947909,-29.944398],[30.947874,-29.944427],[30.947846,-29.944401],[30.947834,-29.944412],[30.947769,-29.944353],[30.947819,-29.944311]]]},"properties":{"Class":" "}},{"type":"Feature","geometry":{"type":"Polygon","coordinates":[[[30.945651,-29.945339],[30.945691,-29.945355],[30.945697,-29.945342],[30.945714,-29.945349],[30.945709,-29.945358],[30.945748,-29.945374],[30.945754,-29.945364],[30.945784,-29.945376],[30.94574,-29.945461],[30.945704,-29.945447],[30.945691,-29.945472],[30.945638,-29.94545],[30.945651,-29.945424],[30.945614,-29.945409],[30.945651,-29.945339]]]},"properties":{"Class":" "}},{"type":"Feature","geometry":{"type":"Polygon","coordinates":[[[30.945649,-29.945343],[30.94563,-29.945379],[30.945617,-29.945405],[30.94556,-29.945382],[30.945592,-29.94532],[30.945649,-29.945343]]]},"properties":{"Class":" "}},{"type":"Feature","geometry":{"type":"Polygon","coordinates":[[[30.945572,-29.945073],[30.945647,-29.945123],[30.945605,-29.945171],[30.945529,-29.94512],[30.945572,-29.945073]]]},"properties":{"Class":" "}},{"type":"Feature","geometry":{"type":"Polygon","coordinates":[[[30.94572,-29.945051],[30.945788,-29.945117],[30.945743,-29.945152],[30.945675,-29.945086],[30.94572,-29.945051]]]},"properties":{"Class":" "}},{"type":"Feature","geometry":{"type":"Polygon","coordinates":[[[30.945199,-29.945155],[30.945123,-29.945185],[30.945091,-29.945124],[30.945042,-29.945143],[30.945017,-29.945095],[30.945141,-29.945045],[30.945199,-29.945155]]]},"properties":{"Class":" "}},{"type":"Feature","geometry":{"type":"Polygon","coordinates":[[[30.945267,-29.944751],[30.945224,-29.944858],[30.945094,-29.944818],[30.945108,-29.944785],[30.945129,-29.944791],[30.945137,-29.944772],[30.945162,-29.944779],[30.945184,-29.944726],[30.945267,-29.944751]]]},"properties":{"Class":" "}},{"type":"Feature","geometry":{"type":"Polygon","coordinates":[[[30.945348,-29.944887],[30.945324,-29.944827],[30.945393,-29.944805],[30.94539,-29.944796],[30.945437,-29.944781],[30.94544,-29.944789],[30.945476,-29.944778],[30.945496,-29.944826],[30.94543,-29.944847],[30.945436,-29.944859],[30.945426,-29.944862],[30.945348,-29.944887]]]},"properties":{"Class":" "}},{"type":"Feature","geometry":{"type":"Polygon","coordinates":[[[30.945432,-29.944861],[30.945454,-29.944917],[30.945371,-29.944942],[30.945349,-29.944886],[30.945382,-29.944876],[30.945432,-29.944861]]]},"properties":{"Class":" "}},{"type":"Feature","geometry":{"type":"Polygon","coordinates":[[[30.945398,-29.944729],[30.945455,-29.944645],[30.945493,-29.944665],[30.945483,-29.94468],[30.945515,-29.944696],[30.945502,-29.944716],[30.945491,-29.944711],[30.945458,-29.94476],[30.945398,-29.944729]]]},"properties":{"Class":" "}},{"type":"Feature","geometry":{"type":"Polygon","coordinates":[[[30.945351,-29.944317],[30.945387,-29.944256],[30.94551,-29.944311],[30.945474,-29.944372],[30.945351,-29.944317]]]},"properties":{"Class":" "}},{"type":"Feature","geometry":{"type":"Polygon","coordinates":[[[30.945382,-29.944348],[30.945441,-29.944372],[30.945465,-29.944381],[30.945439,-29.94443],[30.945356,-29.944397],[30.945382,-29.944348]]]},"properties":{"Class":" "}},{"type":"Feature","geometry":{"type":"Polygon","coordinates":[[[30.945657,-29.943995],[30.945592,-29.944121],[30.945502,-29.944086],[30.945507,-29.944075],[30.945474,-29.944062],[30.945504,-29.944003],[30.945548,-29.944021],[30.945578,-29.943964],[30.945657,-29.943995]]]},"properties":{"Class":" "}},{"type":"Feature","geometry":{"type":"Polygon","coordinates":[[[30.945806,-29.944282],[30.945847,-29.944219],[30.945906,-29.944248],[30.945909,-29.944244],[30.945947,-29.944263],[30.945914,-29.944315],[30.945878,-29.944298],[30.945869,-29.944313],[30.945806,-29.944282]]]},"properties":{"Class":" "}},{"type":"Feature","geometry":{"type":"Polygon","coordinates":[[[30.945804,-29.944449],[30.945746,-29.944424],[30.945784,-29.94436],[30.945841,-29.944385],[30.945804,-29.944449]]]},"properties":{"Class":" "}},{"type":"Feature","geometry":{"type":"Polygon","coordinates":[[[30.946546,-29.944483],[30.94661,-29.944511],[30.946574,-29.944573],[30.94651,-29.944546],[30.946546,-29.944483]]]},"properties":{"Class":" "}},{"type":"Feature","geometry":{"type":"Polygon","coordinates":[[[30.94626,-29.944795],[30.94618,-29.944736],[30.946227,-29.944688],[30.946265,-29.944716],[30.946288,-29.944692],[30.946328,-29.944722],[30.946292,-29.944758],[30.946306,-29.944769],[30.946278,-29.944797],[30.946267,-29.944788],[30.94626,-29.944795]]]},"properties":{"Class":" "}},{"type":"Feature","geometry":{"type":"Polygon","coordinates":[[[30.946045,-29.944978],[30.946092,-29.944879],[30.94608,-29.944875],[30.946104,-29.944823],[30.946201,-29.944858],[30.946199,-29.944862],[30.946244,-29.944879],[30.946224,-29.944922],[30.946186,-29.944909],[30.946184,-29.944914],[30.946181,-29.944919],[30.946192,-29.944923],[30.946182,-29.944944],[30.946215,-29.944956],[30.946196,-29.944996],[30.946158,-29.944982],[30.946144,-29.945014],[30.946045,-29.944978]]]},"properties":{"Class":" "}},{"type":"Feature","geometry":{"type":"Polygon","coordinates":[[[30.946883,-29.944679],[30.946977,-29.944677],[30.946979,-29.944735],[30.946884,-29.944737],[30.946883,-29.944679]]]},"properties":{"Class":" "}},{"type":"Feature","geometry":{"type":"Polygon","coordinates":[[[30.946693,-29.945164],[30.946749,-29.945221],[30.946701,-29.945256],[30.946646,-29.945199],[30.946693,-29.945164]]]},"properties":{"Class":" "}},{"type":"Feature","geometry":{"type":"Polygon","coordinates":[[[30.946091,-29.945494],[30.946052,-29.945574],[30.945996,-29.945553],[30.946034,-29.945473],[30.946091,-29.945494]]]},"properties":{"Class":" "}},{"type":"Feature","geometry":{"type":"Polygon","coordinates":[[[30.946223,-29.944634],[30.946168,-29.944711],[30.946119,-29.944685],[30.946174,-29.944608],[30.946223,-29.944634]]]},"properties":{"Class":" "}},{"type":"Feature","geometry":{"type":"Polygon","coordinates":[[[30.946335,-29.944373],[30.946335,-29.94431],[30.946412,-29.94431],[30.946412,-29.944373],[30.946335,-29.944373]]]},"properties":{"Class":" "}},{"type":"Feature","geometry":{"type":"Polygon","coordinates":[[[30.945206,-29.945249],[30.945238,-29.945172],[30.945293,-29.94519],[30.945261,-29.945266],[30.945206,-29.945249]]]},"properties":{"Class":" "}},{"type":"Feature","geometry":{"type":"Polygon","coordinates":[[[30.945704,-29.94524],[30.945628,-29.945192],[30.945663,-29.945151],[30.945738,-29.945199],[30.945704,-29.94524]]]},"properties":{"Class":" "}},{"type":"Feature","geometry":{"type":"Polygon","coordinates":[[[30.945447,-29.945],[30.945532,-29.945032],[30.945509,-29.945079],[30.945424,-29.945047],[30.945447,-29.945]]]},"properties":{"Class":" "}},{"type":"Feature","geometry":{"type":"Polygon","coordinates":[[[30.946046,-29.94513],[30.946048,-29.945048],[30.946106,-29.945049],[30.946104,-29.94513],[30.946046,-29.94513]]]},"properties":{"Class":" "}},{"type":"Feature","geometry":{"type":"Polygon","coordinates":[[[30.946373,-29.945174],[30.946434,-29.945112],[30.946478,-29.945145],[30.946417,-29.945207],[30.946373,-29.945174]]]},"properties":{"Class":" "}},{"type":"Feature","geometry":{"type":"Polygon","coordinates":[[[30.946522,-29.944958],[30.946529,-29.944877],[30.946587,-29.944881],[30.94658,-29.944962],[30.946522,-29.944958]]]},"properties":{"Class":" "}},{"type":"Feature","geometry":{"type":"Polygon","coordinates":[[[30.946762,-29.944851],[30.946847,-29.944885],[30.946823,-29.944931],[30.946738,-29.944897],[30.946762,-29.944851]]]},"properties":{"Class":" "}},{"type":"Feature","geometry":{"type":"Polygon","coordinates":[[[30.946926,-29.944877],[30.946912,-29.944796],[30.946969,-29.944788],[30.946984,-29.944869],[30.946926,-29.944877]]]},"properties":{"Class":" "}},{"type":"Feature","geometry":{"type":"Polygon","coordinates":[[[30.94972,-29.943789],[30.949395,-29.944288],[30.949008,-29.944096],[30.949225,-29.943764],[30.949455,-29.943877],[30.949464,-29.943882],[30.949572,-29.943716],[30.94972,-29.943789]]]},"properties":{"Class":" "}},{"type":"Feature","geometry":{"type":"Polygon","coordinates":[[[30.949057,-29.944828],[30.948889,-29.944745],[30.949111,-29.944405],[30.949278,-29.944488],[30.949057,-29.944828]]]},"properties":{"Class":" "}},{"type":"Feature","geometry":{"type":"Polygon","coordinates":[[[30.948404,-29.944986],[30.948307,-29.944978],[30.948316,-29.944895],[30.948239,-29.944889],[30.94825,-29.944789],[30.948217,-29.944786],[30.948215,-29.944808],[30.948146,-29.944803],[30.948155,-29.944718],[30.948225,-29.944724],[30.948225,-29.944729],[30.948266,-29.944732],[30.948275,-29.944653],[30.948155,-29.944643],[30.948165,-29.944552],[30.948309,-29.944564],[30.948319,-29.944467],[30.948469,-29.94448],[30.948452,-29.944631],[30.948406,-29.944627],[30.948397,-29.944715],[30.948434,-29.944718],[30.948427,-29.944783],[30.948442,-29.944784],[30.948437,-29.94483],[30.948421,-29.944829],[30.948404,-29.944986]]]},"properties":{"Class":" "}},{"type":"Feature","geometry":{"type":"Polygon","coordinates":[[[30.947395,-29.94547],[30.947454,-29.94553],[30.947398,-29.945573],[30.947269,-29.945443],[30.947302,-29.945418],[30.947322,-29.945438],[30.94733,-29.945433],[30.947299,-29.945402],[30.947395,-29.94533],[30.947351,-29.945286],[30.947371,-29.945271],[30.947353,-29.945253],[30.947436,-29.945191],[30.947497,-29.945252],[30.947712,-29.94509],[30.947673,-29.945051],[30.947685,-29.945042],[30.947593,-29.944949],[30.947761,-29.944822],[30.9479,-29.944963],[30.947823,-29.945021],[30.947753,-29.94495],[30.94774,-29.944959],[30.947882,-29.945103],[30.947395,-29.94547]]]},"properties":{"Class":" "}},{"type":"Feature","geometry":{"type":"Polygon","coordinates":[[[30.947302,-29.945265],[30.947328,-29.945292],[30.947275,-29.945331],[30.947298,-29.945356],[30.947249,-29.945392],[30.947199,-29.945341],[30.947302,-29.945265]]]},"properties":{"Class":" "}},{"type":"Feature","geometry":{"type":"Polygon","coordinates":[[[30.947859,-29.944998],[30.947976,-29.944911],[30.948046,-29.944983],[30.94793,-29.94507],[30.947859,-29.944998]]]},"properties":{"Class":" "}},{"type":"Feature","geometry":{"type":"Polygon","coordinates":[[[30.947514,-29.945469],[30.947902,-29.945177],[30.947971,-29.945247],[30.947583,-29.945538],[30.947514,-29.945469]]]},"properties":{"Class":" "}},{"type":"Feature","geometry":{"type":"Polygon","coordinates":[[[30.947339,-29.945533],[30.947579,-29.945761],[30.947494,-29.945829],[30.947255,-29.945601],[30.947339,-29.945533]]]},"properties":{"Class":" "}},{"type":"Feature","geometry":{"type":"Polygon","coordinates":[[[30.946554,-29.945794],[30.946895,-29.945545],[30.946966,-29.945618],[30.946625,-29.945867],[30.946554,-29.945794]]]},"properties":{"Class":" "}},{"type":"Feature","geometry":{"type":"Polygon","coordinates":[[[30.94672,-29.945798],[30.946812,-29.945731],[30.946851,-29.945772],[30.947083,-29.945602],[30.947039,-29.945556],[30.947129,-29.94549],[30.947254,-29.945621],[30.94686,-29.945909],[30.946878,-29.945928],[30.946766,-29.94601],[30.946748,-29.945991],[30.94662,-29.946084],[30.946539,-29.946],[30.946759,-29.945839],[30.94672,-29.945798]]]},"properties":{"Class":" "}},{"type":"Feature","geometry":{"type":"Polygon","coordinates":[[[30.946797,-29.946181],[30.94672,-29.946102],[30.946745,-29.946084],[30.946709,-29.946048],[30.946745,-29.946022],[30.94678,-29.946058],[30.947176,-29.945763],[30.947141,-29.945727],[30.947174,-29.945703],[30.947209,-29.94574],[30.947239,-29.945717],[30.947315,-29.945795],[30.946797,-29.946181]]]},"properties":{"Class":" "}},{"type":"Feature","geometry":{"type":"Polygon","coordinates":[[[30.947015,-29.946235],[30.94694,-29.946158],[30.946969,-29.946137],[30.946933,-29.946099],[30.946965,-29.946076],[30.947003,-29.946115],[30.947174,-29.945989],[30.947247,-29.946064],[30.947015,-29.946235]]]},"properties":{"Class":" "}},{"type":"Feature","geometry":{"type":"Polygon","coordinates":[[[30.946763,-29.946347],[30.946703,-29.946302],[30.946788,-29.946216],[30.946817,-29.946237],[30.946794,-29.94626],[30.946825,-29.946283],[30.946763,-29.946347]]]},"properties":{"Class":" "}},{"type":"Feature","geometry":{"type":"Polygon","coordinates":[[[30.938387,-29.946187],[30.9384,-29.946023],[30.93841,-29.946024],[30.93845,-29.946026],[30.938453,-29.945989],[30.938468,-29.94599],[30.938588,-29.946041],[30.938586,-29.946073],[30.938666,-29.946078],[30.938656,-29.946203],[30.938387,-29.946187]]]},"properties":{"Class":" "}},{"type":"Feature","geometry":{"type":"Polygon","coordinates":[[[30.943859,-29.944061],[30.943933,-29.944058],[30.943934,-29.944091],[30.943944,-29.944091],[30.943946,-29.944122],[30.943928,-29.944122],[30.94393,-29.94417],[30.943889,-29.944171],[30.943887,-29.944136],[30.943868,-29.944137],[30.943868,-29.944121],[30.943824,-29.944122],[30.943823,-29.944093],[30.943861,-29.944092],[30.943859,-29.944061]]]},"properties":{"Class":" "}},{"type":"Feature","geometry":{"type":"Polygon","coordinates":[[[30.937894,-29.946345],[30.937879,-29.946368],[30.937854,-29.946356],[30.937844,-29.946372],[30.937784,-29.946343],[30.937809,-29.946303],[30.937894,-29.946345]]]},"properties":{"Class":" "}},{"type":"Feature","geometry":{"type":"Polygon","coordinates":[[[30.93771,-29.946233],[30.937687,-29.946269],[30.937605,-29.946229],[30.937628,-29.946193],[30.93771,-29.946233]]]},"properties":{"Class":" "}},{"type":"Feature","geometry":{"type":"Polygon","coordinates":[[[30.940465,-29.943993],[30.940381,-29.944104],[30.940328,-29.944073],[30.940324,-29.944079],[30.940287,-29.944058],[30.940308,-29.944031],[30.940323,-29.94404],[30.940369,-29.943978],[30.940355,-29.94397],[30.940377,-29.943942],[30.940465,-29.943993]]]},"properties":{"Class":" "}},{"type":"Feature","geometry":{"type":"Polygon","coordinates":[[[30.940148,-29.944213],[30.940216,-29.94413],[30.940191,-29.944115],[30.940218,-29.944082],[30.940293,-29.944129],[30.940265,-29.944162],[30.940294,-29.94418],[30.940283,-29.944193],[30.940261,-29.94418],[30.940215,-29.944236],[30.940184,-29.944216],[30.940173,-29.944229],[30.940148,-29.944213]]]},"properties":{"Class":" "}},{"type":"Feature","geometry":{"type":"Polygon","coordinates":[[[30.939804,-29.944257],[30.939854,-29.944317],[30.939799,-29.944352],[30.93977,-29.944315],[30.93973,-29.94434],[30.939711,-29.944316],[30.939804,-29.944257]]]},"properties":{"Class":" "}},{"type":"Feature","geometry":{"type":"Polygon","coordinates":[[[30.938971,-29.945202],[30.938938,-29.945166],[30.938929,-29.945172],[30.938911,-29.945153],[30.939004,-29.945088],[30.939055,-29.945143],[30.938971,-29.945202]]]},"properties":{"Class":" "}},{"type":"Feature","geometry":{"type":"Polygon","coordinates":[[[30.938867,-29.945216],[30.938897,-29.945249],[30.93884,-29.945288],[30.938867,-29.945319],[30.938835,-29.94534],[30.938778,-29.945276],[30.938867,-29.945216]]]},"properties":{"Class":" "}},{"type":"Feature","geometry":{"type":"Polygon","coordinates":[[[30.93876,-29.945504],[30.938682,-29.945463],[30.93869,-29.945452],[30.938603,-29.945407],[30.938636,-29.945359],[30.938653,-29.945368],[30.938658,-29.94536],[30.938725,-29.945395],[30.938732,-29.945399],[30.938778,-29.945423],[30.938767,-29.945439],[30.938795,-29.945453],[30.93876,-29.945504]]]},"properties":{"Class":" "}},{"type":"Feature","geometry":{"type":"Polygon","coordinates":[[[30.938316,-29.945737],[30.938247,-29.945828],[30.938169,-29.945783],[30.938186,-29.94576],[30.938165,-29.945748],[30.93819,-29.945715],[30.93821,-29.945727],[30.938237,-29.945692],[30.938316,-29.945737]]]},"properties":{"Class":" "}},{"type":"Feature","geometry":{"type":"Polygon","coordinates":[[[30.937926,-29.945929],[30.938051,-29.945978],[30.938004,-29.946069],[30.937915,-29.946035],[30.937926,-29.946014],[30.93789,-29.945999],[30.937926,-29.945929]]]},"properties":{"Class":" "}},{"type":"Feature","geometry":{"type":"Polygon","coordinates":[[[30.939379,-29.948076],[30.939274,-29.948023],[30.939329,-29.947939],[30.939357,-29.947953],[30.939348,-29.947967],[30.939425,-29.948006],[30.939379,-29.948076]]]},"properties":{"Class":" "}},{"type":"Feature","geometry":{"type":"Polygon","coordinates":[[[30.939573,-29.948117],[30.939518,-29.948204],[30.939442,-29.948168],[30.939465,-29.948132],[30.9395,-29.948148],[30.939533,-29.948097],[30.939573,-29.948117]]]},"properties":{"Class":" "}},{"type":"Feature","geometry":{"type":"Polygon","coordinates":[[[30.939152,-29.947952],[30.939095,-29.948045],[30.939055,-29.948026],[30.939091,-29.947969],[30.939055,-29.947952],[30.939077,-29.947917],[30.939152,-29.947952]]]},"properties":{"Class":" "}},{"type":"Feature","geometry":{"type":"Polygon","coordinates":[[[30.939977,-29.94841],[30.94002,-29.948347],[30.940078,-29.948377],[30.940036,-29.94844],[30.939977,-29.94841]]]},"properties":{"Class":" "}},{"type":"Feature","geometry":{"type":"Polygon","coordinates":[[[30.940889,-29.947573],[30.940871,-29.947601],[30.940901,-29.947615],[30.940866,-29.947669],[30.940798,-29.947635],[30.940769,-29.94768],[30.940696,-29.947644],[30.940725,-29.947598],[30.940743,-29.947607],[30.940795,-29.947527],[30.940889,-29.947573]]]},"properties":{"Class":" "}},{"type":"Feature","geometry":{"type":"Polygon","coordinates":[[[30.94112,-29.947298],[30.941205,-29.947336],[30.941172,-29.947392],[30.941151,-29.947382],[30.94112,-29.947434],[30.941071,-29.947412],[30.94111,-29.947346],[30.941096,-29.947339],[30.94112,-29.947298]]]},"properties":{"Class":" "}},{"type":"Feature","geometry":{"type":"Polygon","coordinates":[[[30.941056,-29.947276],[30.941001,-29.947356],[30.940953,-29.94733],[30.941008,-29.947251],[30.941056,-29.947276]]]},"properties":{"Class":" "}},{"type":"Feature","geometry":{"type":"Polygon","coordinates":[[[30.941136,-29.947453],[30.941173,-29.947395],[30.941209,-29.947412],[30.941172,-29.94747],[30.941136,-29.947453]]]},"properties":{"Class":" "}},{"type":"Feature","geometry":{"type":"Polygon","coordinates":[[[30.940006,-29.944172],[30.939912,-29.944229],[30.939885,-29.944195],[30.939979,-29.944139],[30.940006,-29.944172]]]},"properties":{"Class":" "}},{"type":"Feature","geometry":{"type":"Polygon","coordinates":[[[30.939705,-29.944381],[30.939614,-29.944441],[30.939586,-29.944409],[30.939677,-29.944348],[30.939705,-29.944381]]]},"properties":{"Class":" "}},{"type":"Feature","geometry":{"type":"Polygon","coordinates":[[[30.93947,-29.944461],[30.939387,-29.94453],[30.939354,-29.9445],[30.939438,-29.944432],[30.93947,-29.944461]]]},"properties":{"Class":" "}},{"type":"Feature","geometry":{"type":"Polygon","coordinates":[[[30.939148,-29.944867],[30.939232,-29.944799],[30.939264,-29.94483],[30.939179,-29.944897],[30.939148,-29.944867]]]},"properties":{"Class":" "}},{"type":"Feature","geometry":{"type":"Polygon","coordinates":[[[30.939046,-29.945006],[30.939138,-29.944947],[30.939166,-29.944979],[30.939074,-29.945039],[30.939046,-29.945006]]]},"properties":{"Class":" "}},{"type":"Feature","geometry":{"type":"Polygon","coordinates":[[[30.938481,-29.945314],[30.938534,-29.945226],[30.938576,-29.945245],[30.938523,-29.945333],[30.938481,-29.945314]]]},"properties":{"Class":" "}},{"type":"Feature","geometry":{"type":"Polygon","coordinates":[[[30.938511,-29.945556],[30.938551,-29.945463],[30.938595,-29.945477],[30.938555,-29.945571],[30.938511,-29.945556]]]},"properties":{"Class":" "}},{"type":"Feature","geometry":{"type":"Polygon","coordinates":[[[30.938365,-29.945663],[30.938456,-29.945602],[30.938484,-29.945634],[30.938393,-29.945695],[30.938365,-29.945663]]]},"properties":{"Class":" "}},{"type":"Feature","geometry":{"type":"Polygon","coordinates":[[[30.938105,-29.945822],[30.938023,-29.945892],[30.93799,-29.945863],[30.938072,-29.945793],[30.938105,-29.945822]]]},"properties":{"Class":" "}},{"type":"Feature","geometry":{"type":"Polygon","coordinates":[[[30.937914,-29.945894],[30.937825,-29.945957],[30.937796,-29.945925],[30.937885,-29.945862],[30.937914,-29.945894]]]},"properties":{"Class":" "}},{"type":"Feature","geometry":{"type":"Polygon","coordinates":[[[30.937853,-29.945828],[30.937781,-29.945906],[30.937744,-29.94588],[30.937816,-29.945803],[30.937853,-29.945828]]]},"properties":{"Class":" "}},{"type":"Feature","geometry":{"type":"Polygon","coordinates":[[[30.938074,-29.946362],[30.937973,-29.946315],[30.937995,-29.946279],[30.938096,-29.946326],[30.938074,-29.946362]]]},"properties":{"Class":" "}},{"type":"Feature","geometry":{"type":"Polygon","coordinates":[[[30.937922,-29.946246],[30.937817,-29.946208],[30.937834,-29.94617],[30.93794,-29.946208],[30.937922,-29.946246]]]},"properties":{"Class":" "}},{"type":"Feature","geometry":{"type":"Polygon","coordinates":[[[30.937735,-29.946156],[30.937629,-29.946117],[30.937647,-29.94608],[30.937753,-29.946119],[30.937735,-29.946156]]]},"properties":{"Class":" "}},{"type":"Feature","geometry":{"type":"Polygon","coordinates":[[[30.937463,-29.946124],[30.937511,-29.946033],[30.937553,-29.94605],[30.937506,-29.946141],[30.937463,-29.946124]]]},"properties":{"Class":" "}},{"type":"Feature","geometry":{"type":"Polygon","coordinates":[[[30.937113,-29.946132],[30.937171,-29.946045],[30.937211,-29.946066],[30.937153,-29.946152],[30.937113,-29.946132]]]},"properties":{"Class":" "}},{"type":"Feature","geometry":{"type":"Polygon","coordinates":[[[30.937024,-29.946139],[30.936923,-29.946093],[30.936944,-29.946057],[30.937046,-29.946102],[30.937024,-29.946139]]]},"properties":{"Class":" "}},{"type":"Feature","geometry":{"type":"Polygon","coordinates":[[[30.938401,-29.946643],[30.938301,-29.946595],[30.938324,-29.946559],[30.938424,-29.946608],[30.938401,-29.946643]]]},"properties":{"Class":" "}},{"type":"Feature","geometry":{"type":"Polygon","coordinates":[[[30.938578,-29.946695],[30.938483,-29.946639],[30.938509,-29.946605],[30.938604,-29.946661],[30.938578,-29.946695]]]},"properties":{"Class":" "}},{"type":"Feature","geometry":{"type":"Polygon","coordinates":[[[30.938835,-29.946692],[30.938737,-29.946642],[30.93876,-29.946606],[30.938859,-29.946657],[30.938835,-29.946692]]]},"properties":{"Class":" "}},{"type":"Feature","geometry":{"type":"Polygon","coordinates":[[[30.939007,-29.946772],[30.938905,-29.946727],[30.938926,-29.94669],[30.939028,-29.946735],[30.939007,-29.946772]]]},"properties":{"Class":" "}},{"type":"Feature","geometry":{"type":"Polygon","coordinates":[[[30.9392,-29.94686],[30.939098,-29.946815],[30.93912,-29.946779],[30.939222,-29.946824],[30.9392,-29.94686]]]},"properties":{"Class":" "}},{"type":"Feature","geometry":{"type":"Polygon","coordinates":[[[30.939349,-29.946963],[30.93926,-29.9469],[30.939289,-29.946869],[30.939378,-29.946931],[30.939349,-29.946963]]]},"properties":{"Class":" "}},{"type":"Feature","geometry":{"type":"Polygon","coordinates":[[[30.939315,-29.944749],[30.939403,-29.944685],[30.939433,-29.944716],[30.939345,-29.94478],[30.939315,-29.944749]]]},"properties":{"Class":" "}},{"type":"Feature","geometry":{"type":"Polygon","coordinates":[[[30.939632,-29.94826],[30.939692,-29.948175],[30.939732,-29.948196],[30.939672,-29.948281],[30.939632,-29.94826]]]},"properties":{"Class":" "}},{"type":"Feature","geometry":{"type":"Polygon","coordinates":[[[30.940209,-29.948231],[30.940265,-29.948144],[30.940306,-29.948164],[30.94025,-29.948251],[30.940209,-29.948231]]]},"properties":{"Class":" "}},{"type":"Feature","geometry":{"type":"Polygon","coordinates":[[[30.940362,-29.948087],[30.940416,-29.947999],[30.940458,-29.948019],[30.940403,-29.948107],[30.940362,-29.948087]]]},"properties":{"Class":" "}},{"type":"Feature","geometry":{"type":"Polygon","coordinates":[[[30.9405,-29.947956],[30.940562,-29.947872],[30.940601,-29.947894],[30.940539,-29.947978],[30.9405,-29.947956]]]},"properties":{"Class":" "}},{"type":"Feature","geometry":{"type":"Polygon","coordinates":[[[30.940637,-29.947796],[30.940698,-29.947712],[30.940737,-29.947733],[30.940677,-29.947818],[30.940637,-29.947796]]]},"properties":{"Class":" "}},{"type":"Feature","geometry":{"type":"Polygon","coordinates":[[[30.940854,-29.947492],[30.940912,-29.947406],[30.940953,-29.947427],[30.940894,-29.947513],[30.940854,-29.947492]]]},"properties":{"Class":" "}},{"type":"Feature","geometry":{"type":"Polygon","coordinates":[[[30.94129,-29.94718],[30.941233,-29.947266],[30.941193,-29.947246],[30.94125,-29.947159],[30.94129,-29.94718]]]},"properties":{"Class":" "}},{"type":"Feature","geometry":{"type":"Polygon","coordinates":[[[30.941387,-29.946929],[30.941437,-29.94684],[30.941479,-29.946858],[30.941429,-29.946947],[30.941387,-29.946929]]]},"properties":{"Class":" "}},{"type":"Feature","geometry":{"type":"Polygon","coordinates":[[[30.941515,-29.946787],[30.941565,-29.946697],[30.941607,-29.946714],[30.941558,-29.946804],[30.941515,-29.946787]]]},"properties":{"Class":" "}},{"type":"Feature","geometry":{"type":"Polygon","coordinates":[[[30.941558,-29.946587],[30.941614,-29.9465],[30.941655,-29.94652],[30.941599,-29.946607],[30.941558,-29.946587]]]},"properties":{"Class":" "}},{"type":"Feature","geometry":{"type":"Polygon","coordinates":[[[30.941248,-29.947087],[30.9413,-29.946998],[30.941342,-29.947017],[30.94129,-29.947106],[30.941248,-29.947087]]]},"properties":{"Class":" "}},{"type":"Feature","geometry":{"type":"Polygon","coordinates":[[[30.942548,-29.944018],[30.942469,-29.94391],[30.942522,-29.943881],[30.942602,-29.943989],[30.942548,-29.944018]]]},"properties":{"Class":" "}},{"type":"Feature","geometry":{"type":"Polygon","coordinates":[[[30.942576,-29.944079],[30.942642,-29.944051],[30.942681,-29.944118],[30.942615,-29.944147],[30.942576,-29.944079]]]},"properties":{"Class":" "}},{"type":"Feature","geometry":{"type":"Polygon","coordinates":[[[30.942681,-29.94419],[30.942731,-29.944153],[30.942747,-29.94417],[30.942756,-29.944163],[30.942775,-29.944182],[30.942766,-29.944189],[30.94278,-29.944204],[30.94273,-29.944241],[30.942681,-29.94419]]]},"properties":{"Class":" "}},{"type":"Feature","geometry":{"type":"Polygon","coordinates":[[[30.941877,-29.944025],[30.94181,-29.944043],[30.941784,-29.943971],[30.941758,-29.943979],[30.941746,-29.943944],[30.941771,-29.943937],[30.941764,-29.943918],[30.941832,-29.9439],[30.941877,-29.944025]]]},"properties":{"Class":" "}},{"type":"Feature","geometry":{"type":"Polygon","coordinates":[[[30.941963,-29.944023],[30.942075,-29.943992],[30.942094,-29.944043],[30.942075,-29.944049],[30.942093,-29.944098],[30.942075,-29.944103],[30.942085,-29.94413],[30.942133,-29.944116],[30.942153,-29.944172],[30.942101,-29.944186],[30.942096,-29.944172],[30.942071,-29.944179],[30.942075,-29.944189],[30.942038,-29.9442],[30.94201,-29.944122],[30.942,-29.944125],[30.941963,-29.944023]]]},"properties":{"Class":" "}},{"type":"Feature","geometry":{"type":"Polygon","coordinates":[[[30.942154,-29.94422],[30.942212,-29.944206],[30.94221,-29.9442],[30.942262,-29.944187],[30.942274,-29.944224],[30.942231,-29.944235],[30.942265,-29.944338],[30.942204,-29.944353],[30.942195,-29.944328],[30.942174,-29.944333],[30.942165,-29.944307],[30.942181,-29.944303],[30.942168,-29.944264],[30.942147,-29.944269],[30.942139,-29.944243],[30.94216,-29.944238],[30.942154,-29.94422]]]},"properties":{"Class":" "}},{"type":"Feature","geometry":{"type":"Polygon","coordinates":[[[30.941893,-29.944143],[30.941886,-29.944109],[30.941962,-29.944097],[30.941969,-29.944131],[30.941893,-29.944143]]]},"properties":{"Class":" "}},{"type":"Feature","geometry":{"type":"Polygon","coordinates":[[[30.940894,-29.944072],[30.941004,-29.94394],[30.941036,-29.94396],[30.941051,-29.943942],[30.941109,-29.943979],[30.941095,-29.943997],[30.941145,-29.944029],[30.941095,-29.944089],[30.941189,-29.944148],[30.941153,-29.94419],[30.941065,-29.944134],[30.94104,-29.944165],[30.940894,-29.944072]]]},"properties":{"Class":" "}},{"type":"Feature","geometry":{"type":"Polygon","coordinates":[[[30.940902,-29.944266],[30.940739,-29.944525],[30.940665,-29.944489],[30.94057,-29.94464],[30.940592,-29.944651],[30.94039,-29.944971],[30.940159,-29.944861],[30.940221,-29.944763],[30.940351,-29.944825],[30.94043,-29.9447],[30.940318,-29.944646],[30.940377,-29.944552],[30.940464,-29.944594],[30.940561,-29.944441],[30.940507,-29.944415],[30.940564,-29.944325],[30.94069,-29.944385],[30.940796,-29.944215],[30.940902,-29.944266]]]},"properties":{"Class":" "}},{"type":"Feature","geometry":{"type":"Polygon","coordinates":[[[30.940139,-29.944847],[30.940048,-29.944801],[30.940134,-29.944673],[30.940225,-29.944719],[30.940139,-29.944847]]]},"properties":{"Class":" "}},{"type":"Feature","geometry":{"type":"Polygon","coordinates":[[[30.940648,-29.944622],[30.940918,-29.944752],[30.940862,-29.944842],[30.940591,-29.944711],[30.940648,-29.944622]]]},"properties":{"Class":" "}},{"type":"Feature","geometry":{"type":"Polygon","coordinates":[[[30.93955,-29.945188],[30.939486,-29.945098],[30.939715,-29.944974],[30.939726,-29.94499],[30.939744,-29.94498],[30.939733,-29.944965],[30.939757,-29.944952],[30.940008,-29.944816],[30.940073,-29.944907],[30.940081,-29.944903],[30.940131,-29.944974],[30.940034,-29.945027],[30.939982,-29.944954],[30.93955,-29.945188]]]},"properties":{"Class":" "}},{"type":"Feature","geometry":{"type":"Polygon","coordinates":[[[30.940138,-29.94499],[30.940196,-29.945071],[30.940063,-29.945143],[30.940005,-29.945062],[30.940138,-29.94499]]]},"properties":{"Class":" "}},{"type":"Feature","geometry":{"type":"Polygon","coordinates":[[[30.940828,-29.945522],[30.94088,-29.945428],[30.940937,-29.945452],[30.940938,-29.945449],[30.940884,-29.945426],[30.940897,-29.945403],[30.940927,-29.945415],[30.940929,-29.945412],[30.940909,-29.945403],[30.940925,-29.945374],[30.94097,-29.945393],[30.940957,-29.945416],[30.940981,-29.945426],[30.94096,-29.945463],[30.940976,-29.94547],[30.940962,-29.945496],[30.940945,-29.945489],[30.940895,-29.94558],[30.940834,-29.945554],[30.940847,-29.94553],[30.940828,-29.945522]]]},"properties":{"Class":" "}},{"type":"Feature","geometry":{"type":"Polygon","coordinates":[[[30.941074,-29.945463],[30.941035,-29.945472],[30.941015,-29.945407],[30.941062,-29.945396],[30.941057,-29.945379],[30.94116,-29.945356],[30.941184,-29.945437],[30.941074,-29.945463]]]},"properties":{"Class":" "}},{"type":"Feature","geometry":{"type":"Polygon","coordinates":[[[30.941289,-29.945044],[30.941387,-29.945089],[30.941342,-29.945162],[30.941245,-29.945117],[30.941289,-29.945044]]]},"properties":{"Class":" "}},{"type":"Feature","geometry":{"type":"Polygon","coordinates":[[[30.941182,-29.944778],[30.941246,-29.944811],[30.941205,-29.944874],[30.941215,-29.944879],[30.941194,-29.944912],[30.941154,-29.944891],[30.941167,-29.944872],[30.941132,-29.944854],[30.941182,-29.944778]]]},"properties":{"Class":" "}},{"type":"Feature","geometry":{"type":"Polygon","coordinates":[[[30.941279,-29.944858],[30.941332,-29.944792],[30.941394,-29.94483],[30.941341,-29.944895],[30.941279,-29.944858]]]},"properties":{"Class":" "}},{"type":"Feature","geometry":{"type":"Polygon","coordinates":[[[30.941221,-29.944737],[30.941296,-29.944619],[30.941344,-29.944642],[30.941268,-29.94476],[30.941221,-29.944737]]]},"properties":{"Class":" "}},{"type":"Feature","geometry":{"type":"Polygon","coordinates":[[[30.941189,-29.944595],[30.941224,-29.94461],[30.94118,-29.944685],[30.941145,-29.944669],[30.941189,-29.944595]]]},"properties":{"Class":" "}},{"type":"Feature","geometry":{"type":"Polygon","coordinates":[[[30.941591,-29.94525],[30.941549,-29.945186],[30.941678,-29.945122],[30.94172,-29.945185],[30.941591,-29.94525]]]},"properties":{"Class":" "}},{"type":"Feature","geometry":{"type":"Polygon","coordinates":[[[30.941338,-29.944569],[30.9414,-29.944469],[30.941514,-29.944523],[30.941495,-29.944554],[30.941517,-29.944565],[30.941495,-29.944601],[30.941472,-29.944591],[30.941452,-29.944623],[30.941338,-29.944569]]]},"properties":{"Class":" "}},{"type":"Feature","geometry":{"type":"Polygon","coordinates":[[[30.941432,-29.945719],[30.941524,-29.945679],[30.941554,-29.945731],[30.941461,-29.945771],[30.941432,-29.945719]]]},"properties":{"Class":" "}},{"type":"Feature","geometry":{"type":"Polygon","coordinates":[[[30.941523,-29.945372],[30.94161,-29.94537],[30.941611,-29.945431],[30.941524,-29.945433],[30.941523,-29.945372]]]},"properties":{"Class":" "}},{"type":"Feature","geometry":{"type":"Polygon","coordinates":[[[30.941548,-29.945211],[30.941479,-29.945262],[30.941447,-29.945229],[30.941516,-29.945178],[30.941548,-29.945211]]]},"properties":{"Class":" "}},{"type":"Feature","geometry":{"type":"Polygon","coordinates":[[[30.941925,-29.944793],[30.941914,-29.944827],[30.941811,-29.944801],[30.941822,-29.944767],[30.941925,-29.944793]]]},"properties":{"Class":" "}},{"type":"Feature","geometry":{"type":"Polygon","coordinates":[[[30.941209,-29.94558],[30.941222,-29.945638],[30.941054,-29.945665],[30.941041,-29.945607],[30.941209,-29.94558]]]},"properties":{"Class":" "}},{"type":"Feature","geometry":{"type":"Polygon","coordinates":[[[30.941427,-29.945364],[30.941429,-29.945423],[30.941258,-29.945427],[30.941257,-29.945368],[30.941427,-29.945364]]]},"properties":{"Class":" "}},{"type":"Feature","geometry":{"type":"Polygon","coordinates":[[[30.941643,-29.945539],[30.94166,-29.945596],[30.941495,-29.945634],[30.941478,-29.945577],[30.941643,-29.945539]]]},"properties":{"Class":" "}},{"type":"Feature","geometry":{"type":"Polygon","coordinates":[[[30.940976,-29.945088],[30.941008,-29.945139],[30.940857,-29.94521],[30.940825,-29.945158],[30.940976,-29.945088]]]},"properties":{"Class":" "}},{"type":"Feature","geometry":{"type":"Polygon","coordinates":[[[30.94083,-29.945298],[30.940874,-29.945343],[30.940743,-29.945439],[30.9407,-29.945394],[30.94083,-29.945298]]]},"properties":{"Class":" "}},{"type":"Feature","geometry":{"type":"Polygon","coordinates":[[[30.941854,-29.945037],[30.941917,-29.945068],[30.941845,-29.945179],[30.941783,-29.945148],[30.941854,-29.945037]]]},"properties":{"Class":" "}},{"type":"Feature","geometry":{"type":"Polygon","coordinates":[[[30.941837,-29.944825],[30.941907,-29.94484],[30.941872,-29.944964],[30.941803,-29.944949],[30.941837,-29.944825]]]},"properties":{"Class":" "}},{"type":"Feature","geometry":{"type":"Polygon","coordinates":[[[30.939647,-29.945671],[30.939542,-29.945629],[30.939562,-29.945592],[30.939666,-29.945633],[30.939647,-29.945671]]]},"properties":{"Class":" "}},{"type":"Feature","geometry":{"type":"Polygon","coordinates":[[[30.93851,-29.945979],[30.93855,-29.945911],[30.938613,-29.945938],[30.938573,-29.946007],[30.93851,-29.945979]]]},"properties":{"Class":" "}},{"type":"Feature","geometry":{"type":"Polygon","coordinates":[[[30.938911,-29.946197],[30.938946,-29.946141],[30.939068,-29.946199],[30.939033,-29.946255],[30.938911,-29.946197]]]},"properties":{"Class":" "}},{"type":"Feature","geometry":{"type":"Polygon","coordinates":[[[30.939105,-29.946007],[30.938962,-29.946045],[30.93894,-29.94598],[30.939082,-29.945943],[30.939105,-29.946007]]]},"properties":{"Class":" "}},{"type":"Feature","geometry":{"type":"Polygon","coordinates":[[[30.938846,-29.94639],[30.938878,-29.946335],[30.939009,-29.946392],[30.938977,-29.946448],[30.938846,-29.94639]]]},"properties":{"Class":" "}},{"type":"Feature","geometry":{"type":"Polygon","coordinates":[[[30.940422,-29.946521],[30.940424,-29.946393],[30.940491,-29.946393],[30.940489,-29.946522],[30.940422,-29.946521]]]},"properties":{"Class":" "}},{"type":"Feature","geometry":{"type":"Polygon","coordinates":[[[30.940506,-29.946595],[30.940577,-29.946469],[30.940621,-29.946488],[30.94055,-29.946614],[30.940506,-29.946595]]]},"properties":{"Class":" "}},{"type":"Feature","geometry":{"type":"Polygon","coordinates":[[[30.940572,-29.94615],[30.940609,-29.946109],[30.940677,-29.946156],[30.94064,-29.946197],[30.940572,-29.94615]]]},"properties":{"Class":" "}},{"type":"Feature","geometry":{"type":"Polygon","coordinates":[[[30.940414,-29.94595],[30.940423,-29.945955],[30.940434,-29.94594],[30.940474,-29.945962],[30.940465,-29.945974],[30.940514,-29.946001],[30.94046,-29.946074],[30.940363,-29.94602],[30.940414,-29.94595]]]},"properties":{"Class":" "}},{"type":"Feature","geometry":{"type":"Polygon","coordinates":[[[30.940631,-29.945576],[30.940685,-29.945726],[30.940614,-29.945745],[30.94056,-29.945595],[30.940631,-29.945576]]]},"properties":{"Class":" "}},{"type":"Feature","geometry":{"type":"Polygon","coordinates":[[[30.940936,-29.945886],[30.940998,-29.945863],[30.941067,-29.945999],[30.941005,-29.946023],[30.940936,-29.945886]]]},"properties":{"Class":" "}},{"type":"Feature","geometry":{"type":"Polygon","coordinates":[[[30.938768,-29.945773],[30.938916,-29.945696],[30.938951,-29.945748],[30.938804,-29.945825],[30.938768,-29.945773]]]},"properties":{"Class":" "}},{"type":"Feature","geometry":{"type":"Polygon","coordinates":[[[30.93915,-29.946321],[30.939061,-29.946278],[30.939078,-29.946251],[30.939084,-29.946254],[30.939103,-29.946225],[30.939151,-29.946249],[30.939138,-29.946268],[30.939173,-29.946286],[30.93915,-29.946321]]]},"properties":{"Class":" "}},{"type":"Feature","geometry":{"type":"Polygon","coordinates":[[[30.939096,-29.946432],[30.939061,-29.946489],[30.939018,-29.946469],[30.939053,-29.946412],[30.939096,-29.946432]]]},"properties":{"Class":" "}},{"type":"Feature","geometry":{"type":"Polygon","coordinates":[[[30.939597,-29.94609],[30.939511,-29.946032],[30.939545,-29.945994],[30.939631,-29.946052],[30.939597,-29.94609]]]},"properties":{"Class":" "}},{"type":"Feature","geometry":{"type":"Polygon","coordinates":[[[30.939481,-29.945604],[30.939444,-29.945656],[30.939389,-29.945626],[30.939426,-29.945575],[30.939481,-29.945604]]]},"properties":{"Class":" "}},{"type":"Feature","geometry":{"type":"Polygon","coordinates":[[[30.940039,-29.945811],[30.940019,-29.945846],[30.939992,-29.945834],[30.939981,-29.945853],[30.939935,-29.945833],[30.939931,-29.94584],[30.939893,-29.945824],[30.939929,-29.945762],[30.940039,-29.945811]]]},"properties":{"Class":" "}},{"type":"Feature","geometry":{"type":"Polygon","coordinates":[[[30.940018,-29.945755],[30.94003,-29.945683],[30.940077,-29.945689],[30.940065,-29.945761],[30.940018,-29.945755]]]},"properties":{"Class":" "}},{"type":"Feature","geometry":{"type":"Polygon","coordinates":[[[30.939833,-29.945735],[30.939729,-29.945693],[30.939749,-29.945656],[30.939853,-29.945698],[30.939833,-29.945735]]]},"properties":{"Class":" "}},{"type":"Feature","geometry":{"type":"Polygon","coordinates":[[[30.939852,-29.945691],[30.939749,-29.945648],[30.939769,-29.945611],[30.939873,-29.945654],[30.939852,-29.945691]]]},"properties":{"Class":" "}},{"type":"Feature","geometry":{"type":"Polygon","coordinates":[[[30.93946,-29.945567],[30.939358,-29.945522],[30.939379,-29.945486],[30.939481,-29.945531],[30.93946,-29.945567]]]},"properties":{"Class":" "}},{"type":"Feature","geometry":{"type":"Polygon","coordinates":[[[30.939253,-29.945482],[30.93915,-29.945437],[30.939171,-29.945401],[30.939274,-29.945445],[30.939253,-29.945482]]]},"properties":{"Class":" "}},{"type":"Feature","geometry":{"type":"Polygon","coordinates":[[[30.940198,-29.945914],[30.940097,-29.945868],[30.940118,-29.945832],[30.94022,-29.945878],[30.940198,-29.945914]]]},"properties":{"Class":" "}},{"type":"Feature","geometry":{"type":"Polygon","coordinates":[[[30.94036,-29.94623],[30.940259,-29.946183],[30.940282,-29.946147],[30.940382,-29.946195],[30.94036,-29.94623]]]},"properties":{"Class":" "}},{"type":"Feature","geometry":{"type":"Polygon","coordinates":[[[30.940208,-29.946377],[30.940261,-29.946288],[30.940303,-29.946307],[30.94025,-29.946396],[30.940208,-29.946377]]]},"properties":{"Class":" "}},{"type":"Feature","geometry":{"type":"Polygon","coordinates":[[[30.940061,-29.946143],[30.939957,-29.946102],[30.939976,-29.946065],[30.94008,-29.946106],[30.940061,-29.946143]]]},"properties":{"Class":" "}},{"type":"Feature","geometry":{"type":"Polygon","coordinates":[[[30.939908,-29.946017],[30.939806,-29.945971],[30.939828,-29.945935],[30.93993,-29.945981],[30.939908,-29.946017]]]},"properties":{"Class":" "}},{"type":"Feature","geometry":{"type":"Polygon","coordinates":[[[30.939704,-29.945938],[30.9396,-29.945896],[30.93962,-29.945859],[30.939724,-29.945901],[30.939704,-29.945938]]]},"properties":{"Class":" "}},{"type":"Feature","geometry":{"type":"Polygon","coordinates":[[[30.939511,-29.945891],[30.939412,-29.945841],[30.939435,-29.945806],[30.939535,-29.945855],[30.939511,-29.945891]]]},"properties":{"Class":" "}},{"type":"Feature","geometry":{"type":"Polygon","coordinates":[[[30.939289,-29.945858],[30.939186,-29.945815],[30.939206,-29.945778],[30.93931,-29.945821],[30.939289,-29.945858]]]},"properties":{"Class":" "}},{"type":"Feature","geometry":{"type":"Polygon","coordinates":[[[30.938751,-29.945912],[30.938646,-29.945874],[30.938664,-29.945836],[30.938769,-29.945875],[30.938751,-29.945912]]]},"properties":{"Class":" "}},{"type":"Feature","geometry":{"type":"Polygon","coordinates":[[[30.939184,-29.946546],[30.939214,-29.946489],[30.939347,-29.946541],[30.939317,-29.946598],[30.939184,-29.946546]]]},"properties":{"Class":" "}},{"type":"Feature","geometry":{"type":"Polygon","coordinates":[[[30.939325,-29.946374],[30.939358,-29.946318],[30.939488,-29.946376],[30.939455,-29.946432],[30.939325,-29.946374]]]},"properties":{"Class":" "}},{"type":"Feature","geometry":{"type":"Polygon","coordinates":[[[30.939418,-29.946651],[30.93945,-29.946596],[30.93958,-29.946652],[30.939549,-29.946708],[30.939418,-29.946651]]]},"properties":{"Class":" "}},{"type":"Feature","geometry":{"type":"Polygon","coordinates":[[[30.939519,-29.946172],[30.939587,-29.946152],[30.939634,-29.946272],[30.939566,-29.946292],[30.939519,-29.946172]]]},"properties":{"Class":" "}},{"type":"Feature","geometry":{"type":"Polygon","coordinates":[[[30.939242,-29.94606],[30.939278,-29.946005],[30.939405,-29.946068],[30.93937,-29.946122],[30.939242,-29.94606]]]},"properties":{"Class":" "}},{"type":"Feature","geometry":{"type":"Polygon","coordinates":[[[30.939926,-29.946292],[30.939997,-29.946289],[30.940003,-29.946416],[30.939931,-29.946419],[30.939926,-29.946292]]]},"properties":{"Class":" "}},{"type":"Feature","geometry":{"type":"Polygon","coordinates":[[[30.939923,-29.946488],[30.939995,-29.94649],[30.939989,-29.946617],[30.939918,-29.946615],[30.939923,-29.946488]]]},"properties":{"Class":" "}},{"type":"Feature","geometry":{"type":"Polygon","coordinates":[[[30.939605,-29.946741],[30.939655,-29.946696],[30.939759,-29.946786],[30.939708,-29.94683],[30.939605,-29.946741]]]},"properties":{"Class":" "}},{"type":"Feature","geometry":{"type":"Polygon","coordinates":[[[30.939785,-29.946852],[30.939852,-29.946828],[30.939908,-29.946945],[30.939842,-29.946969],[30.939785,-29.946852]]]},"properties":{"Class":" "}},{"type":"Feature","geometry":{"type":"Polygon","coordinates":[[[30.940238,-29.947054],[30.940281,-29.947104],[30.940165,-29.947181],[30.940121,-29.947131],[30.940238,-29.947054]]]},"properties":{"Class":" "}},{"type":"Feature","geometry":{"type":"Polygon","coordinates":[[[30.940424,-29.946645],[30.940487,-29.946675],[30.940416,-29.946787],[30.940354,-29.946757],[30.940424,-29.946645]]]},"properties":{"Class":" "}},{"type":"Feature","geometry":{"type":"Polygon","coordinates":[[[30.940263,-29.946797],[30.940162,-29.94675],[30.940184,-29.946714],[30.940285,-29.946762],[30.940263,-29.946797]]]},"properties":{"Class":" "}},{"type":"Feature","geometry":{"type":"Polygon","coordinates":[[[30.940249,-29.946902],[30.940192,-29.946989],[30.940151,-29.946968],[30.940209,-29.946882],[30.940249,-29.946902]]]},"properties":{"Class":" "}},{"type":"Feature","geometry":{"type":"Polygon","coordinates":[[[30.940317,-29.94653],[30.940264,-29.946618],[30.940222,-29.946599],[30.940276,-29.946511],[30.940317,-29.94653]]]},"properties":{"Class":" "}},{"type":"Feature","geometry":{"type":"Polygon","coordinates":[[[30.941228,-29.946041],[30.94119,-29.945947],[30.941234,-29.945933],[30.941272,-29.946027],[30.941228,-29.946041]]]},"properties":{"Class":" "}},{"type":"Feature","geometry":{"type":"Polygon","coordinates":[[[30.940191,-29.947583],[30.940148,-29.947538],[30.940218,-29.947488],[30.940261,-29.947533],[30.940191,-29.947583]]]},"properties":{"Class":" "}},{"type":"Feature","geometry":{"type":"Polygon","coordinates":[[[30.940136,-29.947534],[30.940086,-29.94748],[30.940119,-29.947457],[30.94017,-29.94751],[30.940136,-29.947534]]]},"properties":{"Class":" "}},{"type":"Feature","geometry":{"type":"Polygon","coordinates":[[[30.940435,-29.947376],[30.940531,-29.947424],[30.940498,-29.947475],[30.940402,-29.947427],[30.940435,-29.947376]]]},"properties":{"Class":" "}},{"type":"Feature","geometry":{"type":"Polygon","coordinates":[[[30.940755,-29.946649],[30.940687,-29.94677],[30.940623,-29.946742],[30.940692,-29.946622],[30.940755,-29.946649]]]},"properties":{"Class":" "}},{"type":"Feature","geometry":{"type":"Polygon","coordinates":[[[30.940762,-29.946517],[30.940821,-29.946543],[30.940782,-29.946611],[30.940723,-29.946585],[30.940762,-29.946517]]]},"properties":{"Class":" "}},{"type":"Feature","geometry":{"type":"Polygon","coordinates":[[[30.940973,-29.946362],[30.940911,-29.946475],[30.940846,-29.946448],[30.940907,-29.946335],[30.940973,-29.946362]]]},"properties":{"Class":" "}},{"type":"Feature","geometry":{"type":"Polygon","coordinates":[[[30.941019,-29.946408],[30.941082,-29.946418],[30.941075,-29.946452],[30.941012,-29.946442],[30.941019,-29.946408]]]},"properties":{"Class":" "}},{"type":"Feature","geometry":{"type":"Polygon","coordinates":[[[30.940932,-29.94622],[30.941008,-29.946195],[30.941014,-29.946209],[30.94103,-29.946204],[30.941054,-29.946261],[30.941022,-29.946272],[30.941037,-29.946306],[30.940965,-29.946329],[30.940949,-29.946292],[30.940961,-29.946288],[30.940932,-29.94622]]]},"properties":{"Class":" "}},{"type":"Feature","geometry":{"type":"Polygon","coordinates":[[[30.941109,-29.946233],[30.941057,-29.946093],[30.941119,-29.946075],[30.941162,-29.946191],[30.941145,-29.946196],[30.941154,-29.946221],[30.941109,-29.946233]]]},"properties":{"Class":" "}},{"type":"Feature","geometry":{"type":"Polygon","coordinates":[[[30.941242,-29.945932],[30.941226,-29.945881],[30.941269,-29.94587],[30.941286,-29.945921],[30.941242,-29.945932]]]},"properties":{"Class":" "}},{"type":"Feature","geometry":{"type":"Polygon","coordinates":[[[30.939823,-29.947252],[30.939891,-29.947249],[30.939897,-29.947398],[30.93983,-29.9474],[30.939823,-29.947252]]]},"properties":{"Class":" "}},{"type":"Feature","geometry":{"type":"Polygon","coordinates":[[[30.939759,-29.947437],[30.939818,-29.947465],[30.939736,-29.947596],[30.939677,-29.947568],[30.939759,-29.947437]]]},"properties":{"Class":" "}},{"type":"Feature","geometry":{"type":"Polygon","coordinates":[[[30.939985,-29.947716],[30.940021,-29.947766],[30.939876,-29.947845],[30.93984,-29.947795],[30.939985,-29.947716]]]},"properties":{"Class":" "}},{"type":"Feature","geometry":{"type":"Polygon","coordinates":[[[30.940014,-29.947643],[30.940068,-29.947555],[30.94011,-29.947575],[30.940055,-29.947662],[30.940014,-29.947643]]]},"properties":{"Class":" "}},{"type":"Feature","geometry":{"type":"Polygon","coordinates":[[[30.940072,-29.947313],[30.939976,-29.94726],[30.940001,-29.947225],[30.940097,-29.947279],[30.940072,-29.947313]]]},"properties":{"Class":" "}},{"type":"Feature","geometry":{"type":"Polygon","coordinates":[[[30.940309,-29.947321],[30.940372,-29.94735],[30.940304,-29.947462],[30.940241,-29.947433],[30.940309,-29.947321]]]},"properties":{"Class":" "}},{"type":"Feature","geometry":{"type":"Polygon","coordinates":[[[30.940402,-29.947151],[30.940466,-29.947179],[30.9404,-29.947293],[30.940336,-29.947264],[30.940402,-29.947151]]]},"properties":{"Class":" "}},{"type":"Feature","geometry":{"type":"Polygon","coordinates":[[[30.940517,-29.946984],[30.940582,-29.947011],[30.94052,-29.947126],[30.940455,-29.9471],[30.940517,-29.946984]]]},"properties":{"Class":" "}},{"type":"Feature","geometry":{"type":"Polygon","coordinates":[[[30.940622,-29.946816],[30.940686,-29.946844],[30.94062,-29.946958],[30.940556,-29.946929],[30.940622,-29.946816]]]},"properties":{"Class":" "}},{"type":"Feature","geometry":{"type":"Polygon","coordinates":[[[30.939721,-29.947728],[30.939778,-29.947642],[30.939818,-29.947662],[30.939761,-29.947749],[30.939721,-29.947728]]]},"properties":{"Class":" "}},{"type":"Feature","geometry":{"type":"Polygon","coordinates":[[[30.939883,-29.947021],[30.939973,-29.946991],[30.93999,-29.947029],[30.93998,-29.947032],[30.940005,-29.94709],[30.939963,-29.947104],[30.939938,-29.947047],[30.9399,-29.947059],[30.939883,-29.947021]]]},"properties":{"Class":" "}},{"type":"Feature","geometry":{"type":"Polygon","coordinates":[[[30.940289,-29.947092],[30.94025,-29.947042],[30.940241,-29.94703],[30.940278,-29.947008],[30.940326,-29.94707],[30.940289,-29.947092]]]},"properties":{"Class":" "}},{"type":"Feature","geometry":{"type":"Polygon","coordinates":[[[30.942026,-29.945767],[30.942089,-29.945795],[30.94205,-29.945863],[30.941986,-29.945834],[30.942026,-29.945767]]]},"properties":{"Class":" "}},{"type":"Feature","geometry":{"type":"Polygon","coordinates":[[[30.94232,-29.94542],[30.94234,-29.945388],[30.942322,-29.945379],[30.942346,-29.945339],[30.942368,-29.94535],[30.942382,-29.945327],[30.94241,-29.94534],[30.942421,-29.945322],[30.942492,-29.945355],[30.942448,-29.945426],[30.942482,-29.945443],[30.942456,-29.945485],[30.94232,-29.94542]]]},"properties":{"Class":" "}},{"type":"Feature","geometry":{"type":"Polygon","coordinates":[[[30.942566,-29.945181],[30.942543,-29.94522],[30.942511,-29.945205],[30.942496,-29.94523],[30.942456,-29.945212],[30.942423,-29.945268],[30.942355,-29.945238],[30.942389,-29.945181],[30.942411,-29.945191],[30.942427,-29.945163],[30.942479,-29.945186],[30.9425,-29.945151],[30.942566,-29.945181]]]},"properties":{"Class":" "}},{"type":"Feature","geometry":{"type":"Polygon","coordinates":[[[30.942663,-29.945047],[30.942604,-29.945141],[30.942518,-29.9451],[30.942577,-29.945006],[30.942663,-29.945047]]]},"properties":{"Class":" "}},{"type":"Feature","geometry":{"type":"Polygon","coordinates":[[[30.942374,-29.944934],[30.942441,-29.944961],[30.942403,-29.945032],[30.942336,-29.945004],[30.942374,-29.944934]]]},"properties":{"Class":" "}},{"type":"Feature","geometry":{"type":"Polygon","coordinates":[[[30.942848,-29.944819],[30.942843,-29.944861],[30.942775,-29.944855],[30.942781,-29.944812],[30.942848,-29.944819]]]},"properties":{"Class":" "}},{"type":"Feature","geometry":{"type":"Polygon","coordinates":[[[30.943085,-29.9449],[30.94315,-29.944934],[30.943122,-29.944975],[30.943057,-29.944941],[30.943085,-29.9449]]]},"properties":{"Class":" "}},{"type":"Feature","geometry":{"type":"Polygon","coordinates":[[[30.943036,-29.94514],[30.943027,-29.945198],[30.942951,-29.94519],[30.94296,-29.945131],[30.943036,-29.94514]]]},"properties":{"Class":" "}},{"type":"Feature","geometry":{"type":"Polygon","coordinates":[[[30.942085,-29.945718],[30.942143,-29.945632],[30.942183,-29.945653],[30.942125,-29.945739],[30.942085,-29.945718]]]},"properties":{"Class":" "}},{"type":"Feature","geometry":{"type":"Polygon","coordinates":[[[30.942169,-29.945555],[30.942232,-29.945472],[30.942271,-29.945494],[30.942208,-29.945578],[30.942169,-29.945555]]]},"properties":{"Class":" "}},{"type":"Feature","geometry":{"type":"Polygon","coordinates":[[[30.942779,-29.945023],[30.942739,-29.944929],[30.942783,-29.944915],[30.942823,-29.945008],[30.942779,-29.945023]]]},"properties":{"Class":" "}},{"type":"Feature","geometry":{"type":"Polygon","coordinates":[[[30.94281,-29.944942],[30.942788,-29.944904],[30.942829,-29.944887],[30.942857,-29.944935],[30.942816,-29.944953],[30.94281,-29.944942]]]},"properties":{"Class":" "}},{"type":"Feature","geometry":{"type":"Polygon","coordinates":[[[30.94184,-29.945872],[30.941852,-29.945909],[30.941771,-29.945929],[30.941779,-29.945952],[30.941745,-29.945961],[30.941725,-29.945901],[30.94184,-29.945872]]]},"properties":{"Class":" "}},{"type":"Feature","geometry":{"type":"Polygon","coordinates":[[[30.941902,-29.945875],[30.941922,-29.945924],[30.94193,-29.945921],[30.94194,-29.945945],[30.94189,-29.945961],[30.941881,-29.945939],[30.941887,-29.945937],[30.941866,-29.945886],[30.941902,-29.945875]]]},"properties":{"Class":" "}},{"type":"Feature","geometry":{"type":"Polygon","coordinates":[[[30.941732,-29.945993],[30.941673,-29.945995],[30.941672,-29.945973],[30.941637,-29.945974],[30.941636,-29.945964],[30.941731,-29.945962],[30.941732,-29.945993]]]},"properties":{"Class":" "}},{"type":"Feature","geometry":{"type":"Polygon","coordinates":[[[30.942065,-29.946402],[30.942134,-29.946323],[30.942171,-29.946347],[30.942102,-29.946427],[30.942065,-29.946402]]]},"properties":{"Class":" "}},{"type":"Feature","geometry":{"type":"Polygon","coordinates":[[[30.943596,-29.946918],[30.943517,-29.947061],[30.943455,-29.947035],[30.943466,-29.947015],[30.943446,-29.947007],[30.943464,-29.946974],[30.943487,-29.946983],[30.943501,-29.946956],[30.943491,-29.946952],[30.943527,-29.946885],[30.943598,-29.946914],[30.943596,-29.946918]]]},"properties":{"Class":" "}},{"type":"Feature","geometry":{"type":"Polygon","coordinates":[[[30.943585,-29.946851],[30.943529,-29.946824],[30.943571,-29.946757],[30.943627,-29.946784],[30.943585,-29.946851]]]},"properties":{"Class":" "}},{"type":"Feature","geometry":{"type":"Polygon","coordinates":[[[30.943371,-29.947046],[30.943395,-29.94701],[30.943443,-29.947033],[30.943419,-29.94707],[30.943371,-29.947046]]]},"properties":{"Class":" "}},{"type":"Feature","geometry":{"type":"Polygon","coordinates":[[[30.943608,-29.946589],[30.943711,-29.946639],[30.943652,-29.946732],[30.943609,-29.946712],[30.943605,-29.946719],[30.943561,-29.946698],[30.943603,-29.94663],[30.943587,-29.946622],[30.943608,-29.946589]]]},"properties":{"Class":" "}},{"type":"Feature","geometry":{"type":"Polygon","coordinates":[[[30.943554,-29.946596],[30.943519,-29.946667],[30.943474,-29.94665],[30.943509,-29.946579],[30.943554,-29.946596]]]},"properties":{"Class":" "}},{"type":"Feature","geometry":{"type":"Polygon","coordinates":[[[30.94372,-29.94656],[30.943767,-29.946486],[30.943822,-29.946513],[30.943775,-29.946587],[30.94372,-29.94656]]]},"properties":{"Class":" "}},{"type":"Feature","geometry":{"type":"Polygon","coordinates":[[[30.943654,-29.946555],[30.943612,-29.946533],[30.943638,-29.946495],[30.943681,-29.946517],[30.943654,-29.946555]]]},"properties":{"Class":" "}},{"type":"Feature","geometry":{"type":"Polygon","coordinates":[[[30.943817,-29.946418],[30.943874,-29.946328],[30.943915,-29.946348],[30.943858,-29.946438],[30.943817,-29.946418]]]},"properties":{"Class":" "}},{"type":"Feature","geometry":{"type":"Polygon","coordinates":[[[30.94352,-29.946328],[30.943605,-29.946185],[30.943661,-29.94621],[30.943576,-29.946353],[30.94352,-29.946328]]]},"properties":{"Class":" "}},{"type":"Feature","geometry":{"type":"Polygon","coordinates":[[[30.943905,-29.946064],[30.943974,-29.946008],[30.944039,-29.946069],[30.94397,-29.946125],[30.943905,-29.946064]]]},"properties":{"Class":" "}},{"type":"Feature","geometry":{"type":"Polygon","coordinates":[[[30.943812,-29.945427],[30.943797,-29.945498],[30.943789,-29.945497],[30.943784,-29.945519],[30.943671,-29.9455],[30.943681,-29.945455],[30.943717,-29.945461],[30.943731,-29.945397],[30.943775,-29.945405],[30.943772,-29.94542],[30.943812,-29.945427]]]},"properties":{"Class":" "}},{"type":"Feature","geometry":{"type":"Polygon","coordinates":[[[30.944422,-29.945424],[30.944422,-29.945526],[30.944378,-29.945526],[30.944378,-29.945424],[30.944422,-29.945424]]]},"properties":{"Class":" "}},{"type":"Feature","geometry":{"type":"Polygon","coordinates":[[[30.945019,-29.946489],[30.944854,-29.946617],[30.944816,-29.94658],[30.944787,-29.946604],[30.944722,-29.946541],[30.94469,-29.946565],[30.944642,-29.946519],[30.94467,-29.946497],[30.944639,-29.946467],[30.944837,-29.946313],[30.945019,-29.946489]]]},"properties":{"Class":" "}},{"type":"Feature","geometry":{"type":"Polygon","coordinates":[[[30.94458,-29.946436],[30.944535,-29.946393],[30.944545,-29.946385],[30.944521,-29.946362],[30.944571,-29.946322],[30.944561,-29.946312],[30.944644,-29.946246],[30.944677,-29.946278],[30.944669,-29.946284],[30.944715,-29.946329],[30.94458,-29.946436]]]},"properties":{"Class":" "}},{"type":"Feature","geometry":{"type":"Polygon","coordinates":[[[30.944656,-29.946236],[30.944682,-29.946212],[30.944766,-29.946284],[30.94474,-29.946307],[30.944656,-29.946236]]]},"properties":{"Class":" "}},{"type":"Feature","geometry":{"type":"Polygon","coordinates":[[[30.944552,-29.946038],[30.94446,-29.946196],[30.944378,-29.946159],[30.94447,-29.946001],[30.944552,-29.946038]]]},"properties":{"Class":" "}},{"type":"Feature","geometry":{"type":"Polygon","coordinates":[[[30.944302,-29.946267],[30.944331,-29.946248],[30.9444,-29.946328],[30.944371,-29.946347],[30.944302,-29.946267]]]},"properties":{"Class":" "}},{"type":"Feature","geometry":{"type":"Polygon","coordinates":[[[30.944611,-29.946239],[30.944545,-29.946293],[30.944493,-29.946244],[30.944558,-29.94619],[30.944611,-29.946239]]]},"properties":{"Class":" "}},{"type":"Feature","geometry":{"type":"Polygon","coordinates":[[[30.944599,-29.945925],[30.944644,-29.945847],[30.944711,-29.945877],[30.944675,-29.945939],[30.944659,-29.945932],[30.94465,-29.945947],[30.944599,-29.945925]]]},"properties":{"Class":" "}},{"type":"Feature","geometry":{"type":"Polygon","coordinates":[[[30.944734,-29.94584],[30.944666,-29.94581],[30.944725,-29.945709],[30.944793,-29.945739],[30.944734,-29.94584]]]},"properties":{"Class":" "}},{"type":"Feature","geometry":{"type":"Polygon","coordinates":[[[30.944743,-29.945645],[30.9448,-29.945542],[30.944875,-29.945573],[30.944818,-29.945676],[30.944743,-29.945645]]]},"properties":{"Class":" "}},{"type":"Feature","geometry":{"type":"Polygon","coordinates":[[[30.944931,-29.945487],[30.945056,-29.945496],[30.945048,-29.945579],[30.944923,-29.945569],[30.944931,-29.945487]]]},"properties":{"Class":" "}},{"type":"Feature","geometry":{"type":"Polygon","coordinates":[[[30.945292,-29.945562],[30.945261,-29.945625],[30.945141,-29.945581],[30.945176,-29.945507],[30.945169,-29.945504],[30.945187,-29.945467],[30.945249,-29.94549],[30.945229,-29.945532],[30.945295,-29.945556],[30.945292,-29.945562]]]},"properties":{"Class":" "}},{"type":"Feature","geometry":{"type":"Polygon","coordinates":[[[30.945343,-29.945658],[30.945378,-29.945593],[30.945508,-29.945645],[30.945473,-29.94571],[30.945343,-29.945658]]]},"properties":{"Class":" "}},{"type":"Feature","geometry":{"type":"Polygon","coordinates":[[[30.945599,-29.945681],[30.945721,-29.945731],[30.945685,-29.945798],[30.945563,-29.945748],[30.945599,-29.945681]]]},"properties":{"Class":" "}},{"type":"Feature","geometry":{"type":"Polygon","coordinates":[[[30.945832,-29.945798],[30.94593,-29.94586],[30.945879,-29.945922],[30.945781,-29.94586],[30.945832,-29.945798]]]},"properties":{"Class":" "}},{"type":"Feature","geometry":{"type":"Polygon","coordinates":[[[30.945816,-29.946092],[30.945865,-29.945988],[30.945943,-29.946016],[30.945894,-29.94612],[30.945816,-29.946092]]]},"properties":{"Class":" "}},{"type":"Feature","geometry":{"type":"Polygon","coordinates":[[[30.945716,-29.946292],[30.945809,-29.94632],[30.945791,-29.946366],[30.945698,-29.946338],[30.945716,-29.946292]]]},"properties":{"Class":" "}},{"type":"Feature","geometry":{"type":"Polygon","coordinates":[[[30.945671,-29.94633],[30.945593,-29.946299],[30.945612,-29.946262],[30.945691,-29.946294],[30.945671,-29.94633]]]},"properties":{"Class":" "}},{"type":"Feature","geometry":{"type":"Polygon","coordinates":[[[30.945543,-29.946078],[30.945493,-29.946163],[30.945391,-29.946117],[30.945441,-29.946032],[30.945543,-29.946078]]]},"properties":{"Class":" "}},{"type":"Feature","geometry":{"type":"Polygon","coordinates":[[[30.945387,-29.946013],[30.945356,-29.94608],[30.945272,-29.946051],[30.945303,-29.945983],[30.945387,-29.946013]]]},"properties":{"Class":" "}},{"type":"Feature","geometry":{"type":"Polygon","coordinates":[[[30.945152,-29.945915],[30.945226,-29.945954],[30.945185,-29.946015],[30.94511,-29.945976],[30.945152,-29.945915]]]},"properties":{"Class":" "}},{"type":"Feature","geometry":{"type":"Polygon","coordinates":[[[30.945093,-29.945913],[30.945062,-29.945968],[30.944969,-29.945928],[30.945,-29.945873],[30.945093,-29.945913]]]},"properties":{"Class":" "}},{"type":"Feature","geometry":{"type":"Polygon","coordinates":[[[30.94554,-29.945927],[30.945628,-29.945798],[30.94571,-29.94584],[30.945621,-29.945969],[30.94554,-29.945927]]]},"properties":{"Class":" "}},{"type":"Feature","geometry":{"type":"Polygon","coordinates":[[[30.945731,-29.946394],[30.945718,-29.946432],[30.945596,-29.946401],[30.94561,-29.946362],[30.945731,-29.946394]]]},"properties":{"Class":" "}},{"type":"Feature","geometry":{"type":"Polygon","coordinates":[[[30.945062,-29.946844],[30.945117,-29.946895],[30.945051,-29.946948],[30.945068,-29.946963],[30.945005,-29.947014],[30.944934,-29.946948],[30.945062,-29.946844]]]},"properties":{"Class":" "}},{"type":"Feature","geometry":{"type":"Polygon","coordinates":[[[30.94485,-29.947073],[30.944909,-29.94699],[30.944942,-29.947008],[30.944883,-29.947091],[30.94485,-29.947073]]]},"properties":{"Class":" "}},{"type":"Feature","geometry":{"type":"Polygon","coordinates":[[[30.944238,-29.946512],[30.944341,-29.946558],[30.944293,-29.946638],[30.944229,-29.946609],[30.944241,-29.946589],[30.944223,-29.946581],[30.944239,-29.946554],[30.944219,-29.946544],[30.944238,-29.946512]]]},"properties":{"Class":" "}},{"type":"Feature","geometry":{"type":"Polygon","coordinates":[[[30.944196,-29.946678],[30.944276,-29.946713],[30.944225,-29.946801],[30.944121,-29.946756],[30.944142,-29.94672],[30.944166,-29.94673],[30.944196,-29.946678]]]},"properties":{"Class":" "}},{"type":"Feature","geometry":{"type":"Polygon","coordinates":[[[30.944465,-29.94683],[30.944588,-29.946883],[30.944549,-29.946953],[30.94445,-29.94691],[30.944465,-29.946884],[30.944441,-29.946873],[30.944465,-29.94683]]]},"properties":{"Class":" "}},{"type":"Feature","geometry":{"type":"Polygon","coordinates":[[[30.944627,-29.946693],[30.944745,-29.946738],[30.944708,-29.946811],[30.944617,-29.946776],[30.944635,-29.946741],[30.944608,-29.94673],[30.944627,-29.946693]]]},"properties":{"Class":" "}},{"type":"Feature","geometry":{"type":"Polygon","coordinates":[[[30.943908,-29.947119],[30.944015,-29.946932],[30.944298,-29.947057],[30.94419,-29.947243],[30.944115,-29.947209],[30.944158,-29.947135],[30.944033,-29.94708],[30.943989,-29.947154],[30.943908,-29.947119]]]},"properties":{"Class":" "}},{"type":"Feature","geometry":{"type":"Polygon","coordinates":[[[30.943759,-29.947247],[30.943802,-29.947175],[30.943857,-29.9472],[30.943815,-29.947272],[30.943759,-29.947247]]]},"properties":{"Class":" "}},{"type":"Feature","geometry":{"type":"Polygon","coordinates":[[[30.943992,-29.946858],[30.944024,-29.946801],[30.944121,-29.946843],[30.944089,-29.9469],[30.943992,-29.946858]]]},"properties":{"Class":" "}},{"type":"Feature","geometry":{"type":"Polygon","coordinates":[[[30.944585,-29.947258],[30.944534,-29.947271],[30.944507,-29.947192],[30.944559,-29.947178],[30.944585,-29.947258]]]},"properties":{"Class":" "}},{"type":"Feature","geometry":{"type":"Polygon","coordinates":[[[30.945376,-29.94687],[30.945502,-29.946818],[30.94552,-29.94685],[30.945393,-29.946902],[30.945376,-29.94687]]]},"properties":{"Class":" "}},{"type":"Feature","geometry":{"type":"Polygon","coordinates":[[[30.94585,-29.94617],[30.945808,-29.946271],[30.945732,-29.946247],[30.945774,-29.946146],[30.94585,-29.94617]]]},"properties":{"Class":" "}},{"type":"Feature","geometry":{"type":"Polygon","coordinates":[[[30.945243,-29.94634],[30.945309,-29.946364],[30.945253,-29.946482],[30.945187,-29.946458],[30.945243,-29.94634]]]},"properties":{"Class":" "}},{"type":"Feature","geometry":{"type":"Polygon","coordinates":[[[30.945148,-29.946563],[30.945208,-29.946528],[30.945289,-29.946634],[30.94523,-29.946669],[30.945148,-29.946563]]]},"properties":{"Class":" "}},{"type":"Feature","geometry":{"type":"Polygon","coordinates":[[[30.945393,-29.946635],[30.945418,-29.946577],[30.945554,-29.946621],[30.945529,-29.94668],[30.945393,-29.946635]]]},"properties":{"Class":" "}},{"type":"Feature","geometry":{"type":"Polygon","coordinates":[[[30.94515,-29.946865],[30.945132,-29.946808],[30.945297,-29.946768],[30.945315,-29.946825],[30.94515,-29.946865]]]},"properties":{"Class":" "}},{"type":"Feature","geometry":{"type":"Polygon","coordinates":[[[30.945592,-29.94671],[30.945637,-29.946618],[30.94568,-29.946634],[30.945635,-29.946725],[30.945592,-29.94671]]]},"properties":{"Class":" "}},{"type":"Feature","geometry":{"type":"Polygon","coordinates":[[[30.942045,-29.948872],[30.942015,-29.948918],[30.942041,-29.948931],[30.942017,-29.948968],[30.941938,-29.948929],[30.941962,-29.948893],[30.941947,-29.948885],[30.941977,-29.948839],[30.942045,-29.948872]]]},"properties":{"Class":" "}},{"type":"Feature","geometry":{"type":"Polygon","coordinates":[[[30.942417,-29.948815],[30.942502,-29.948684],[30.942564,-29.948714],[30.942478,-29.948845],[30.942417,-29.948815]]]},"properties":{"Class":" "}},{"type":"Feature","geometry":{"type":"Polygon","coordinates":[[[30.942345,-29.948946],[30.942396,-29.948854],[30.942434,-29.94887],[30.942383,-29.948962],[30.942345,-29.948946]]]},"properties":{"Class":" "}},{"type":"Feature","geometry":{"type":"Polygon","coordinates":[[[30.942545,-29.948662],[30.942606,-29.948571],[30.942642,-29.948589],[30.942582,-29.94868],[30.942545,-29.948662]]]},"properties":{"Class":" "}},{"type":"Feature","geometry":{"type":"Polygon","coordinates":[[[30.942601,-29.948509],[30.942679,-29.948384],[30.942708,-29.948397],[30.9427,-29.948408],[30.942778,-29.948445],[30.942768,-29.94846],[30.942777,-29.948464],[30.942715,-29.948563],[30.942601,-29.948509]]]},"properties":{"Class":" "}},{"type":"Feature","geometry":{"type":"Polygon","coordinates":[[[30.942726,-29.948371],[30.942762,-29.948316],[30.942813,-29.948341],[30.942777,-29.948396],[30.942726,-29.948371]]]},"properties":{"Class":" "}},{"type":"Feature","geometry":{"type":"Polygon","coordinates":[[[30.94226,-29.948305],[30.942232,-29.94829],[30.942237,-29.948282],[30.942207,-29.948265],[30.94224,-29.94822],[30.942235,-29.948217],[30.942257,-29.948187],[30.942321,-29.948222],[30.94226,-29.948305]]]},"properties":{"Class":" "}},{"type":"Feature","geometry":{"type":"Polygon","coordinates":[[[30.942652,-29.948038],[30.942591,-29.948133],[30.942547,-29.948111],[30.942549,-29.948106],[30.942524,-29.948094],[30.94255,-29.948053],[30.942574,-29.948065],[30.942581,-29.948055],[30.942565,-29.948048],[30.942591,-29.948008],[30.942652,-29.948038]]]},"properties":{"Class":" "}},{"type":"Feature","geometry":{"type":"Polygon","coordinates":[[[30.942824,-29.947747],[30.942871,-29.947671],[30.942905,-29.947687],[30.942913,-29.947675],[30.942942,-29.947689],[30.942888,-29.947777],[30.942824,-29.947747]]]},"properties":{"Class":" "}},{"type":"Feature","geometry":{"type":"Polygon","coordinates":[[[30.942803,-29.947901],[30.942832,-29.947869],[30.94287,-29.947895],[30.942841,-29.947927],[30.942803,-29.947901]]]},"properties":{"Class":" "}},{"type":"Feature","geometry":{"type":"Polygon","coordinates":[[[30.942942,-29.948003],[30.942968,-29.94796],[30.94302,-29.947984],[30.943021,-29.947982],[30.943056,-29.947998],[30.943029,-29.948043],[30.942942,-29.948003]]]},"properties":{"Class":" "}},{"type":"Feature","geometry":{"type":"Polygon","coordinates":[[[30.94258,-29.947677],[30.942582,-29.947514],[30.94265,-29.947515],[30.942648,-29.947678],[30.94258,-29.947677]]]},"properties":{"Class":" "}},{"type":"Feature","geometry":{"type":"Polygon","coordinates":[[[30.941826,-29.949582],[30.941906,-29.949615],[30.941878,-29.949666],[30.941884,-29.949668],[30.94185,-29.94973],[30.941765,-29.949694],[30.941826,-29.949582]]]},"properties":{"Class":" "}},{"type":"Feature","geometry":{"type":"Polygon","coordinates":[[[30.941769,-29.949669],[30.941749,-29.949705],[30.941678,-29.949676],[30.941697,-29.94964],[30.941769,-29.949669]]]},"properties":{"Class":" "}},{"type":"Feature","geometry":{"type":"Polygon","coordinates":[[[30.941593,-29.950052],[30.941592,-29.949938],[30.941695,-29.949937],[30.941696,-29.950051],[30.941593,-29.950052]]]},"properties":{"Class":" "}},{"type":"Feature","geometry":{"type":"Polygon","coordinates":[[[30.941895,-29.950104],[30.941892,-29.950205],[30.941828,-29.950204],[30.941828,-29.950212],[30.941807,-29.950211],[30.94181,-29.950102],[30.941895,-29.950104]]]},"properties":{"Class":" "}},{"type":"Feature","geometry":{"type":"Polygon","coordinates":[[[30.941651,-29.950641],[30.941487,-29.950509],[30.941523,-29.950475],[30.941687,-29.950607],[30.941651,-29.950641]]]},"properties":{"Class":" "}},{"type":"Feature","geometry":{"type":"Polygon","coordinates":[[[30.941707,-29.950592],[30.941568,-29.95048],[30.941603,-29.950447],[30.941742,-29.95056],[30.941707,-29.950592]]]},"properties":{"Class":" "}},{"type":"Feature","geometry":{"type":"Polygon","coordinates":[[[30.94144,-29.950377],[30.94152,-29.950462],[30.941473,-29.950496],[30.941393,-29.95041],[30.94144,-29.950377]]]},"properties":{"Class":" "}},{"type":"Feature","geometry":{"type":"Polygon","coordinates":[[[30.941524,-29.950343],[30.941586,-29.950422],[30.941542,-29.950448],[30.94148,-29.95037],[30.941524,-29.950343]]]},"properties":{"Class":" "}},{"type":"Feature","geometry":{"type":"Polygon","coordinates":[[[30.941627,-29.950327],[30.941668,-29.950301],[30.941713,-29.950355],[30.941672,-29.950381],[30.941627,-29.950327]]]},"properties":{"Class":" "}},{"type":"Feature","geometry":{"type":"Polygon","coordinates":[[[30.942065,-29.950464],[30.94206,-29.950508],[30.941993,-29.950502],[30.941989,-29.950531],[30.941942,-29.950526],[30.941951,-29.950454],[30.942065,-29.950464]]]},"properties":{"Class":" "}},{"type":"Feature","geometry":{"type":"Polygon","coordinates":[[[30.9423,-29.950698],[30.942376,-29.950657],[30.942411,-29.950707],[30.942336,-29.950748],[30.9423,-29.950698]]]},"properties":{"Class":" "}},{"type":"Feature","geometry":{"type":"Polygon","coordinates":[[[30.942452,-29.950716],[30.942499,-29.950696],[30.942483,-29.950669],[30.942455,-29.950682],[30.942439,-29.950653],[30.942546,-29.950607],[30.942565,-29.95064],[30.942537,-29.950652],[30.942583,-29.950733],[30.942486,-29.950776],[30.942452,-29.950716]]]},"properties":{"Class":" "}},{"type":"Feature","geometry":{"type":"Polygon","coordinates":[[[30.943537,-29.950209],[30.943815,-29.950119],[30.943835,-29.950167],[30.943789,-29.950182],[30.943798,-29.950203],[30.943749,-29.950219],[30.94374,-29.950197],[30.943651,-29.950226],[30.94366,-29.950247],[30.94361,-29.950263],[30.9436,-29.95024],[30.943556,-29.950254],[30.943537,-29.950209]]]},"properties":{"Class":" "}},{"type":"Feature","geometry":{"type":"Polygon","coordinates":[[[30.943853,-29.950109],[30.943993,-29.95007],[30.94401,-29.950115],[30.943962,-29.950129],[30.94397,-29.950149],[30.94392,-29.950163],[30.943911,-29.950139],[30.943868,-29.950151],[30.943853,-29.950109]]]},"properties":{"Class":" "}},{"type":"Feature","geometry":{"type":"Polygon","coordinates":[[[30.942818,-29.950215],[30.942787,-29.950137],[30.942889,-29.950106],[30.942928,-29.950095],[30.942958,-29.950174],[30.942818,-29.950215]]]},"properties":{"Class":" "}},{"type":"Feature","geometry":{"type":"Polygon","coordinates":[[[30.943001,-29.950164],[30.942971,-29.95009],[30.943101,-29.950049],[30.943131,-29.950123],[30.943001,-29.950164]]]},"properties":{"Class":" "}},{"type":"Feature","geometry":{"type":"Polygon","coordinates":[[[30.943278,-29.950073],[30.943208,-29.950099],[30.943176,-29.950032],[30.943199,-29.950023],[30.943212,-29.950049],[30.943258,-29.950032],[30.943278,-29.950073]]]},"properties":{"Class":" "}},{"type":"Feature","geometry":{"type":"Polygon","coordinates":[[[30.943198,-29.9501],[30.94314,-29.950116],[30.943125,-29.950074],[30.943182,-29.950058],[30.943198,-29.9501]]]},"properties":{"Class":" "}},{"type":"Feature","geometry":{"type":"Polygon","coordinates":[[[30.942715,-29.950254],[30.94268,-29.950162],[30.942699,-29.950156],[30.942687,-29.950124],[30.942741,-29.950108],[30.942763,-29.950166],[30.942756,-29.950168],[30.942781,-29.950234],[30.942715,-29.950254]]]},"properties":{"Class":" "}},{"type":"Feature","geometry":{"type":"Polygon","coordinates":[[[30.94271,-29.950252],[30.942646,-29.950272],[30.942626,-29.950225],[30.942624,-29.950218],[30.942649,-29.950211],[30.942651,-29.950217],[30.94267,-29.950211],[30.942662,-29.950191],[30.942682,-29.950185],[30.94271,-29.950252]]]},"properties":{"Class":" "}},{"type":"Feature","geometry":{"type":"Polygon","coordinates":[[[30.943416,-29.950032],[30.943321,-29.950057],[30.943302,-29.950003],[30.943397,-29.949977],[30.943399,-29.949985],[30.943416,-29.950032]]]},"properties":{"Class":" "}},{"type":"Feature","geometry":{"type":"Polygon","coordinates":[[[30.943462,-29.950022],[30.943443,-29.949974],[30.943486,-29.949962],[30.943479,-29.949944],[30.943535,-29.949927],[30.943541,-29.949943],[30.943627,-29.949917],[30.943621,-29.949901],[30.943673,-29.949886],[30.943679,-29.949901],[30.943724,-29.949887],[30.943744,-29.949938],[30.943462,-29.950022]]]},"properties":{"Class":" "}},{"type":"Feature","geometry":{"type":"Polygon","coordinates":[[[30.943802,-29.949771],[30.943863,-29.949748],[30.943907,-29.94984],[30.9439,-29.949843],[30.943929,-29.949904],[30.943867,-29.949927],[30.943857,-29.949905],[30.943819,-29.949828],[30.943828,-29.949825],[30.943802,-29.949771]]]},"properties":{"Class":" "}},{"type":"Feature","geometry":{"type":"Polygon","coordinates":[[[30.943847,-29.949907],[30.943782,-29.949927],[30.943764,-29.949886],[30.943803,-29.949873],[30.943791,-29.949845],[30.943817,-29.949837],[30.943847,-29.949907]]]},"properties":{"Class":" "}},{"type":"Feature","geometry":{"type":"Polygon","coordinates":[[[30.94331,-29.949651],[30.943593,-29.949572],[30.943612,-29.949623],[30.943568,-29.949636],[30.943573,-29.949651],[30.943525,-29.949664],[30.943532,-29.949683],[30.94349,-29.949695],[30.943477,-29.94966],[30.943422,-29.949676],[30.943427,-29.949689],[30.943369,-29.949705],[30.943362,-29.949688],[30.943327,-29.949698],[30.94331,-29.949651]]]},"properties":{"Class":" "}},{"type":"Feature","geometry":{"type":"Polygon","coordinates":[[[30.94363,-29.949559],[30.943766,-29.94951],[30.943786,-29.949554],[30.943748,-29.949568],[30.94376,-29.949593],[30.943702,-29.949614],[30.943687,-29.949583],[30.943648,-29.949597],[30.94363,-29.949559]]]},"properties":{"Class":" "}},{"type":"Feature","geometry":{"type":"Polygon","coordinates":[[[30.943193,-29.949737],[30.943285,-29.949708],[30.943305,-29.949758],[30.943214,-29.949787],[30.943193,-29.949737]]]},"properties":{"Class":" "}},{"type":"Feature","geometry":{"type":"Polygon","coordinates":[[[30.942194,-29.949884],[30.942237,-29.949812],[30.942426,-29.949897],[30.942382,-29.949969],[30.942194,-29.949884]]]},"properties":{"Class":" "}},{"type":"Feature","geometry":{"type":"Polygon","coordinates":[[[30.942059,-29.950201],[30.942063,-29.950114],[30.942165,-29.950117],[30.942162,-29.950205],[30.942059,-29.950201]]]},"properties":{"Class":" "}},{"type":"Feature","geometry":{"type":"Polygon","coordinates":[[[30.942533,-29.950304],[30.942504,-29.950235],[30.942535,-29.950225],[30.942545,-29.950249],[30.942587,-29.950235],[30.942606,-29.950281],[30.942533,-29.950304]]]},"properties":{"Class":" "}},{"type":"Feature","geometry":{"type":"Polygon","coordinates":[[[30.942536,-29.950312],[30.942475,-29.950331],[30.942429,-29.950219],[30.94249,-29.9502],[30.942536,-29.950312]]]},"properties":{"Class":" "}},{"type":"Feature","geometry":{"type":"Polygon","coordinates":[[[30.942745,-29.947107],[30.942788,-29.947014],[30.942831,-29.94703],[30.942788,-29.947122],[30.942745,-29.947107]]]},"properties":{"Class":" "}},{"type":"Feature","geometry":{"type":"Polygon","coordinates":[[[30.942589,-29.947399],[30.942621,-29.947303],[30.942666,-29.947315],[30.942633,-29.947411],[30.942589,-29.947399]]]},"properties":{"Class":" "}},{"type":"Feature","geometry":{"type":"Polygon","coordinates":[[[30.942768,-29.947729],[30.942813,-29.947637],[30.942856,-29.947654],[30.94281,-29.947745],[30.942768,-29.947729]]]},"properties":{"Class":" "}},{"type":"Feature","geometry":{"type":"Polygon","coordinates":[[[30.942708,-29.947944],[30.94277,-29.94786],[30.942809,-29.947882],[30.942747,-29.947966],[30.942708,-29.947944]]]},"properties":{"Class":" "}},{"type":"Feature","geometry":{"type":"Polygon","coordinates":[[[30.941912,-29.948428],[30.941998,-29.948362],[30.942029,-29.948393],[30.941943,-29.948459],[30.941912,-29.948428]]]},"properties":{"Class":" "}},{"type":"Feature","geometry":{"type":"Polygon","coordinates":[[[30.942057,-29.949323],[30.942043,-29.949224],[30.942089,-29.949219],[30.942104,-29.949318],[30.942057,-29.949323]]]},"properties":{"Class":" "}},{"type":"Feature","geometry":{"type":"Polygon","coordinates":[[[30.941764,-29.949879],[30.941804,-29.949786],[30.941848,-29.9498],[30.941808,-29.949893],[30.941764,-29.949879]]]},"properties":{"Class":" "}},{"type":"Feature","geometry":{"type":"Polygon","coordinates":[[[30.94166,-29.950234],[30.941633,-29.950137],[30.941678,-29.950127],[30.941706,-29.950224],[30.94166,-29.950234]]]},"properties":{"Class":" "}},{"type":"Feature","geometry":{"type":"Polygon","coordinates":[[[30.941828,-29.950433],[30.941752,-29.950358],[30.941787,-29.950331],[30.941863,-29.950406],[30.941828,-29.950433]]]},"properties":{"Class":" "}},{"type":"Feature","geometry":{"type":"Polygon","coordinates":[[[30.94228,-29.950792],[30.942168,-29.950813],[30.942159,-29.950773],[30.94227,-29.950752],[30.94228,-29.950792]]]},"properties":{"Class":" "}},{"type":"Feature","geometry":{"type":"Polygon","coordinates":[[[30.943006,-29.950431],[30.942898,-29.950464],[30.942883,-29.950426],[30.942991,-29.950393],[30.943006,-29.950431]]]},"properties":{"Class":" "}},{"type":"Feature","geometry":{"type":"Polygon","coordinates":[[[30.943302,-29.950441],[30.943239,-29.950358],[30.943278,-29.950335],[30.943341,-29.950419],[30.943302,-29.950441]]]},"properties":{"Class":" "}},{"type":"Feature","geometry":{"type":"Polygon","coordinates":[[[30.943499,-29.950261],[30.943391,-29.950295],[30.943375,-29.950257],[30.943483,-29.950223],[30.943499,-29.950261]]]},"properties":{"Class":" "}},{"type":"Feature","geometry":{"type":"Polygon","coordinates":[[[30.942334,-29.949104],[30.94229,-29.949196],[30.942246,-29.94918],[30.94229,-29.949088],[30.942334,-29.949104]]]},"properties":{"Class":" "}},{"type":"Feature","geometry":{"type":"Polygon","coordinates":[[[30.941967,-29.949496],[30.942013,-29.949404],[30.942056,-29.949421],[30.94201,-29.949512],[30.941967,-29.949496]]]},"properties":{"Class":" "}},{"type":"Feature","geometry":{"type":"Polygon","coordinates":[[[30.94268,-29.950501],[30.942817,-29.950465],[30.942839,-29.950527],[30.942702,-29.950563],[30.94268,-29.950501]]]},"properties":{"Class":" "}},{"type":"Feature","geometry":{"type":"Polygon","coordinates":[[[30.942954,-29.950677],[30.94299,-29.950798],[30.942918,-29.950814],[30.942883,-29.950693],[30.942954,-29.950677]]]},"properties":{"Class":" "}},{"type":"Feature","geometry":{"type":"Polygon","coordinates":[[[30.943093,-29.950778],[30.943229,-29.950742],[30.943251,-29.950803],[30.943114,-29.95084],[30.943093,-29.950778]]]},"properties":{"Class":" "}},{"type":"Feature","geometry":{"type":"Polygon","coordinates":[[[30.943113,-29.95048],[30.943222,-29.95056],[30.943174,-29.950609],[30.943065,-29.950529],[30.943113,-29.95048]]]},"properties":{"Class":" "}},{"type":"Feature","geometry":{"type":"Polygon","coordinates":[[[30.943313,-29.950716],[30.943448,-29.950676],[30.943472,-29.950738],[30.943337,-29.950777],[30.943313,-29.950716]]]},"properties":{"Class":" "}},{"type":"Feature","geometry":{"type":"Polygon","coordinates":[[[30.943516,-29.950653],[30.943653,-29.950618],[30.943674,-29.95068],[30.943536,-29.950715],[30.943516,-29.950653]]]},"properties":{"Class":" "}},{"type":"Feature","geometry":{"type":"Polygon","coordinates":[[[30.943705,-29.950539],[30.943801,-29.950447],[30.943856,-29.950491],[30.943759,-29.950583],[30.943705,-29.950539]]]},"properties":{"Class":" "}},{"type":"Feature","geometry":{"type":"Polygon","coordinates":[[[30.943154,-29.951232],[30.943266,-29.951308],[30.943221,-29.951359],[30.943108,-29.951282],[30.943154,-29.951232]]]},"properties":{"Class":" "}},{"type":"Feature","geometry":{"type":"Polygon","coordinates":[[[30.943287,-29.951076],[30.943424,-29.951112],[30.943402,-29.951174],[30.943265,-29.951138],[30.943287,-29.951076]]]},"properties":{"Class":" "}},{"type":"Feature","geometry":{"type":"Polygon","coordinates":[[[30.943489,-29.950969],[30.943624,-29.951011],[30.943598,-29.951072],[30.943464,-29.95103],[30.943489,-29.950969]]]},"properties":{"Class":" "}},{"type":"Feature","geometry":{"type":"Polygon","coordinates":[[[30.94319,-29.951754],[30.943205,-29.951717],[30.943305,-29.951745],[30.943291,-29.951783],[30.94319,-29.951754]]]},"properties":{"Class":" "}},{"type":"Feature","geometry":{"type":"Polygon","coordinates":[[[30.943318,-29.951278],[30.943339,-29.951238],[30.943443,-29.95128],[30.943422,-29.95132],[30.943318,-29.951278]]]},"properties":{"Class":" "}},{"type":"Feature","geometry":{"type":"Polygon","coordinates":[[[30.943613,-29.951326],[30.943559,-29.951434],[30.94348,-29.951404],[30.943533,-29.951296],[30.943613,-29.951326]]]},"properties":{"Class":" "}},{"type":"Feature","geometry":{"type":"Polygon","coordinates":[[[30.94272,-29.948929],[30.942997,-29.948451],[30.943085,-29.94849],[30.942834,-29.948921],[30.942819,-29.948915],[30.942792,-29.948961],[30.94272,-29.948929]]]},"properties":{"Class":" "}},{"type":"Feature","geometry":{"type":"Polygon","coordinates":[[[30.942983,-29.949041],[30.942911,-29.94901],[30.942938,-29.948964],[30.942922,-29.948957],[30.943173,-29.948525],[30.94326,-29.948563],[30.942983,-29.949041]]]},"properties":{"Class":" "}},{"type":"Feature","geometry":{"type":"Polygon","coordinates":[[[30.943153,-29.948546],[30.943131,-29.948584],[30.943056,-29.948552],[30.943078,-29.948514],[30.943153,-29.948546]]]},"properties":{"Class":" "}},{"type":"Feature","geometry":{"type":"Polygon","coordinates":[[[30.943141,-29.948812],[30.943463,-29.948946],[30.943414,-29.949036],[30.943092,-29.948902],[30.943141,-29.948812]]]},"properties":{"Class":" "}},{"type":"Feature","geometry":{"type":"Polygon","coordinates":[[[30.942814,-29.949103],[30.942736,-29.949284],[30.942731,-29.949282],[30.942717,-29.949315],[30.942561,-29.949264],[30.94259,-29.949198],[30.942619,-29.949207],[30.942681,-29.949062],[30.94269,-29.949065],[30.942701,-29.949037],[30.942825,-29.949077],[30.942814,-29.949103]]]},"properties":{"Class":" "}},{"type":"Feature","geometry":{"type":"Polygon","coordinates":[[[30.943141,-29.949162],[30.94319,-29.949075],[30.943259,-29.949105],[30.94328,-29.949067],[30.943317,-29.949083],[30.943297,-29.949119],[30.943493,-29.949203],[30.943514,-29.949166],[30.943561,-29.949186],[30.943491,-29.949311],[30.943141,-29.949162]]]},"properties":{"Class":" "}},{"type":"Feature","geometry":{"type":"Polygon","coordinates":[[[30.94353,-29.949257],[30.943606,-29.949238],[30.943643,-29.94935],[30.943567,-29.949369],[30.94353,-29.949257]]]},"properties":{"Class":" "}},{"type":"Feature","geometry":{"type":"Polygon","coordinates":[[[30.94506,-29.94798],[30.944978,-29.948155],[30.944807,-29.948094],[30.944817,-29.948075],[30.944785,-29.948063],[30.944795,-29.948042],[30.944829,-29.948054],[30.944892,-29.94792],[30.94506,-29.94798]]]},"properties":{"Class":" "}},{"type":"Feature","geometry":{"type":"Polygon","coordinates":[[[30.945238,-29.947391],[30.945315,-29.947418],[30.945261,-29.947536],[30.945184,-29.94751],[30.945238,-29.947391]]]},"properties":{"Class":" "}},{"type":"Feature","geometry":{"type":"Polygon","coordinates":[[[30.943715,-29.947839],[30.943982,-29.947723],[30.944028,-29.947802],[30.943964,-29.94783],[30.943952,-29.947809],[30.943934,-29.947818],[30.943942,-29.947831],[30.943898,-29.947851],[30.943883,-29.947825],[30.943839,-29.947845],[30.943849,-29.947861],[30.943776,-29.947893],[30.943763,-29.94787],[30.943739,-29.947881],[30.943715,-29.947839]]]},"properties":{"Class":" "}},{"type":"Feature","geometry":{"type":"Polygon","coordinates":[[[30.944017,-29.947712],[30.944153,-29.947655],[30.944178,-29.9477],[30.944134,-29.947719],[30.944145,-29.947738],[30.944093,-29.94776],[30.944081,-29.94774],[30.944042,-29.947757],[30.944017,-29.947712]]]},"properties":{"Class":" "}},{"type":"Feature","geometry":{"type":"Polygon","coordinates":[[[30.943516,-29.94825],[30.943567,-29.948235],[30.943583,-29.948275],[30.943608,-29.948268],[30.943629,-29.94832],[30.943606,-29.948328],[30.943634,-29.9484],[30.94367,-29.948389],[30.943702,-29.948471],[30.943614,-29.948497],[30.943516,-29.94825]]]},"properties":{"Class":" "}},{"type":"Feature","geometry":{"type":"Polygon","coordinates":[[[30.943731,-29.948635],[30.94368,-29.948651],[30.943652,-29.948584],[30.943636,-29.948589],[30.943625,-29.948564],[30.943617,-29.948566],[30.943605,-29.948539],[30.94368,-29.948515],[30.943731,-29.948635]]]},"properties":{"Class":" "}},{"type":"Feature","geometry":{"type":"Polygon","coordinates":[[[30.943874,-29.949027],[30.943845,-29.949112],[30.943796,-29.949099],[30.943805,-29.949072],[30.943776,-29.949064],[30.943796,-29.949006],[30.943874,-29.949027]]]},"properties":{"Class":" "}},{"type":"Feature","geometry":{"type":"Polygon","coordinates":[[[30.94392,-29.948896],[30.943905,-29.948927],[30.943918,-29.948932],[30.943904,-29.948959],[30.943864,-29.948943],[30.943829,-29.949011],[30.943778,-29.948992],[30.943802,-29.948945],[30.943776,-29.948935],[30.94381,-29.948869],[30.943842,-29.948881],[30.943848,-29.948868],[30.94392,-29.948896]]]},"properties":{"Class":" "}},{"type":"Feature","geometry":{"type":"Polygon","coordinates":[[[30.943905,-29.948853],[30.943809,-29.948815],[30.943829,-29.948776],[30.943854,-29.948786],[30.943875,-29.948746],[30.943848,-29.948736],[30.94387,-29.948694],[30.943968,-29.948733],[30.943905,-29.948853]]]},"properties":{"Class":" "}},{"type":"Feature","geometry":{"type":"Polygon","coordinates":[[[30.943982,-29.948699],[30.943934,-29.948681],[30.943937,-29.948675],[30.943949,-29.948652],[30.943923,-29.948643],[30.943949,-29.94859],[30.943935,-29.948585],[30.943967,-29.948522],[30.943977,-29.948526],[30.944002,-29.948476],[30.944025,-29.948485],[30.944046,-29.948445],[30.9441,-29.948466],[30.943982,-29.948699]]]},"properties":{"Class":" "}},{"type":"Feature","geometry":{"type":"Polygon","coordinates":[[[30.944229,-29.948194],[30.944108,-29.94843],[30.94402,-29.948395],[30.944035,-29.948366],[30.944062,-29.948377],[30.944084,-29.948333],[30.944098,-29.948338],[30.944138,-29.948261],[30.944111,-29.94825],[30.944134,-29.948206],[30.944165,-29.948218],[30.944186,-29.948177],[30.944229,-29.948194]]]},"properties":{"Class":" "}},{"type":"Feature","geometry":{"type":"Polygon","coordinates":[[[30.944358,-29.947927],[30.944248,-29.948164],[30.944196,-29.948146],[30.944215,-29.948103],[30.944175,-29.948089],[30.944194,-29.948049],[30.944228,-29.948061],[30.944249,-29.948017],[30.94426,-29.948021],[30.944311,-29.94791],[30.944358,-29.947927]]]},"properties":{"Class":" "}},{"type":"Feature","geometry":{"type":"Polygon","coordinates":[[[30.944367,-29.947896],[30.944321,-29.947879],[30.944342,-29.947837],[30.944312,-29.947826],[30.944331,-29.947785],[30.944352,-29.947793],[30.944428,-29.947637],[30.944484,-29.947657],[30.944367,-29.947896]]]},"properties":{"Class":" "}},{"type":"Feature","geometry":{"type":"Polygon","coordinates":[[[30.944454,-29.947542],[30.944551,-29.947577],[30.944535,-29.947609],[30.944515,-29.947602],[30.944501,-29.947631],[30.944424,-29.947603],[30.944454,-29.947542]]]},"properties":{"Class":" "}},{"type":"Feature","geometry":{"type":"Polygon","coordinates":[[[30.944396,-29.947586],[30.944294,-29.947551],[30.944314,-29.947507],[30.944353,-29.94752],[30.944343,-29.947543],[30.944406,-29.947564],[30.944396,-29.947586]]]},"properties":{"Class":" "}},{"type":"Feature","geometry":{"type":"Polygon","coordinates":[[[30.944516,-29.947565],[30.944476,-29.94755],[30.944452,-29.947541],[30.944476,-29.947492],[30.944497,-29.947499],[30.94451,-29.947472],[30.944554,-29.947488],[30.944516,-29.947565]]]},"properties":{"Class":" "}},{"type":"Feature","geometry":{"type":"Polygon","coordinates":[[[30.943965,-29.948022],[30.944023,-29.948055],[30.943995,-29.948092],[30.943937,-29.948059],[30.943965,-29.948022]]]},"properties":{"Class":" "}},{"type":"Feature","geometry":{"type":"Polygon","coordinates":[[[30.9439,-29.949216],[30.944003,-29.949184],[30.944017,-29.949219],[30.944029,-29.949216],[30.944038,-29.949239],[30.944004,-29.94925],[30.944025,-29.949301],[30.944002,-29.949308],[30.944005,-29.949317],[30.943949,-29.949334],[30.9439,-29.949216]]]},"properties":{"Class":" "}},{"type":"Feature","geometry":{"type":"Polygon","coordinates":[[[30.944094,-29.948817],[30.944152,-29.948701],[30.9442,-29.94872],[30.944143,-29.948835],[30.944094,-29.948817]]]},"properties":{"Class":" "}},{"type":"Feature","geometry":{"type":"Polygon","coordinates":[[[30.944573,-29.949095],[30.944491,-29.949124],[30.944459,-29.949055],[30.944541,-29.949027],[30.944573,-29.949095]]]},"properties":{"Class":" "}},{"type":"Feature","geometry":{"type":"Polygon","coordinates":[[[30.944511,-29.948992],[30.94447,-29.948897],[30.944515,-29.948882],[30.944556,-29.948977],[30.944511,-29.948992]]]},"properties":{"Class":" "}},{"type":"Feature","geometry":{"type":"Polygon","coordinates":[[[30.944623,-29.948838],[30.944559,-29.948815],[30.944631,-29.948666],[30.944695,-29.948689],[30.944623,-29.948838]]]},"properties":{"Class":" "}},{"type":"Feature","geometry":{"type":"Polygon","coordinates":[[[30.944729,-29.948457],[30.944801,-29.948484],[30.944762,-29.948563],[30.944789,-29.948573],[30.944778,-29.948596],[30.944763,-29.94859],[30.944744,-29.948629],[30.944661,-29.948599],[30.944729,-29.948457]]]},"properties":{"Class":" "}},{"type":"Feature","geometry":{"type":"Polygon","coordinates":[[[30.94467,-29.948525],[30.944646,-29.948578],[30.944551,-29.948546],[30.944575,-29.948493],[30.94467,-29.948525]]]},"properties":{"Class":" "}},{"type":"Feature","geometry":{"type":"Polygon","coordinates":[[[30.944295,-29.948462],[30.944412,-29.948225],[30.944471,-29.948247],[30.944453,-29.948284],[30.944468,-29.94829],[30.944449,-29.948329],[30.944429,-29.948321],[30.944393,-29.948396],[30.944415,-29.948404],[30.944391,-29.948453],[30.944363,-29.948443],[30.944344,-29.94848],[30.944295,-29.948462]]]},"properties":{"Class":" "}},{"type":"Feature","geometry":{"type":"Polygon","coordinates":[[[30.944425,-29.94819],[30.944512,-29.948025],[30.944565,-29.948046],[30.944512,-29.948146],[30.944556,-29.948163],[30.944546,-29.948183],[30.944498,-29.948164],[30.944488,-29.948183],[30.944523,-29.948197],[30.944505,-29.948232],[30.944468,-29.948217],[30.944472,-29.948209],[30.944425,-29.94819]]]},"properties":{"Class":" "}},{"type":"Feature","geometry":{"type":"Polygon","coordinates":[[[30.944764,-29.948426],[30.944814,-29.948331],[30.944856,-29.948348],[30.944806,-29.948443],[30.944764,-29.948426]]]},"properties":{"Class":" "}},{"type":"Feature","geometry":{"type":"Polygon","coordinates":[[[30.94494,-29.948187],[30.944896,-29.948279],[30.944825,-29.948254],[30.944869,-29.948161],[30.94494,-29.948187]]]},"properties":{"Class":" "}},{"type":"Feature","geometry":{"type":"Polygon","coordinates":[[[30.944692,-29.948255],[30.944727,-29.948193],[30.944764,-29.948209],[30.944729,-29.948272],[30.944692,-29.948255]]]},"properties":{"Class":" "}},{"type":"Feature","geometry":{"type":"Polygon","coordinates":[[[30.945016,-29.947935],[30.94506,-29.947836],[30.945099,-29.94785],[30.945054,-29.947948],[30.945016,-29.947935]]]},"properties":{"Class":" "}},{"type":"Feature","geometry":{"type":"Polygon","coordinates":[[[30.945121,-29.94781],[30.945059,-29.947789],[30.945123,-29.947647],[30.945185,-29.947668],[30.945121,-29.94781]]]},"properties":{"Class":" "}},{"type":"Feature","geometry":{"type":"Polygon","coordinates":[[[30.945222,-29.947608],[30.945129,-29.947577],[30.945142,-29.947546],[30.945235,-29.947577],[30.945222,-29.947608]]]},"properties":{"Class":" "}},{"type":"Feature","geometry":{"type":"Polygon","coordinates":[[[30.945043,-29.947494],[30.945083,-29.947413],[30.945122,-29.947427],[30.945081,-29.947509],[30.945043,-29.947494]]]},"properties":{"Class":" "}},{"type":"Feature","geometry":{"type":"Polygon","coordinates":[[[30.944911,-29.947304],[30.944969,-29.947411],[30.9449,-29.94744],[30.944842,-29.947332],[30.944911,-29.947304]]]},"properties":{"Class":" "}},{"type":"Feature","geometry":{"type":"Polygon","coordinates":[[[30.944964,-29.947402],[30.94493,-29.947339],[30.945007,-29.947307],[30.945041,-29.94737],[30.944964,-29.947402]]]},"properties":{"Class":" "}},{"type":"Feature","geometry":{"type":"Polygon","coordinates":[[[30.94474,-29.947537],[30.944794,-29.947425],[30.944834,-29.947439],[30.944823,-29.947462],[30.944869,-29.947479],[30.944846,-29.947527],[30.944819,-29.947517],[30.944799,-29.947558],[30.94474,-29.947537]]]},"properties":{"Class":" "}},{"type":"Feature","geometry":{"type":"Polygon","coordinates":[[[30.94475,-29.947541],[30.944849,-29.947577],[30.944835,-29.947605],[30.9448,-29.947593],[30.944788,-29.947616],[30.944777,-29.947613],[30.94475,-29.94767],[30.94468,-29.947645],[30.944709,-29.947583],[30.944727,-29.94759],[30.94475,-29.947541]]]},"properties":{"Class":" "}},{"type":"Feature","geometry":{"type":"Polygon","coordinates":[[[30.945066,-29.947225],[30.945098,-29.947279],[30.945031,-29.947309],[30.945,-29.947255],[30.945066,-29.947225]]]},"properties":{"Class":" "}},{"type":"Feature","geometry":{"type":"Polygon","coordinates":[[[30.945358,-29.947097],[30.94547,-29.947048],[30.945508,-29.947114],[30.945397,-29.947163],[30.945358,-29.947097]]]},"properties":{"Class":" "}},{"type":"Feature","geometry":{"type":"Polygon","coordinates":[[[30.945411,-29.947205],[30.945296,-29.947253],[30.945277,-29.947218],[30.945391,-29.94717],[30.945411,-29.947205]]]},"properties":{"Class":" "}},{"type":"Feature","geometry":{"type":"Polygon","coordinates":[[[30.944121,-29.949768],[30.944073,-29.949643],[30.944128,-29.949628],[30.944144,-29.949669],[30.944167,-29.949662],[30.944185,-29.94971],[30.944161,-29.949717],[30.944175,-29.949753],[30.944121,-29.949768]]]},"properties":{"Class":" "}},{"type":"Feature","geometry":{"type":"Polygon","coordinates":[[[30.94406,-29.949618],[30.944015,-29.949493],[30.94407,-29.949478],[30.944085,-29.949519],[30.944108,-29.949513],[30.944125,-29.949561],[30.944101,-29.949568],[30.944114,-29.949604],[30.94406,-29.949618]]]},"properties":{"Class":" "}},{"type":"Feature","geometry":{"type":"Polygon","coordinates":[[[30.944008,-29.94949],[30.943961,-29.949365],[30.944016,-29.949349],[30.944032,-29.949391],[30.944055,-29.949384],[30.944073,-29.949432],[30.944049,-29.949439],[30.944062,-29.949475],[30.944008,-29.94949]]]},"properties":{"Class":" "}},{"type":"Feature","geometry":{"type":"Polygon","coordinates":[[[30.944337,-29.949314],[30.944381,-29.94944],[30.944326,-29.949455],[30.944311,-29.949414],[30.944288,-29.94942],[30.944271,-29.949372],[30.944295,-29.949365],[30.944282,-29.949329],[30.944337,-29.949314]]]},"properties":{"Class":" "}},{"type":"Feature","geometry":{"type":"Polygon","coordinates":[[[30.944237,-29.948862],[30.944285,-29.948987],[30.944231,-29.949003],[30.944215,-29.948962],[30.944191,-29.948969],[30.944173,-29.948921],[30.944197,-29.948914],[30.944183,-29.948878],[30.944237,-29.948862]]]},"properties":{"Class":" "}},{"type":"Feature","geometry":{"type":"Polygon","coordinates":[[[30.944292,-29.949012],[30.944342,-29.949136],[30.944287,-29.949152],[30.944271,-29.949111],[30.944248,-29.949118],[30.944229,-29.949071],[30.944253,-29.949064],[30.944239,-29.949028],[30.944292,-29.949012]]]},"properties":{"Class":" "}},{"type":"Feature","geometry":{"type":"Polygon","coordinates":[[[30.944353,-29.948658],[30.944301,-29.948534],[30.944355,-29.948517],[30.944372,-29.948558],[30.944395,-29.94855],[30.944415,-29.948598],[30.944391,-29.948605],[30.944406,-29.948641],[30.944353,-29.948658]]]},"properties":{"Class":" "}},{"type":"Feature","geometry":{"type":"Polygon","coordinates":[[[30.944609,-29.9478],[30.944669,-29.947679],[30.944722,-29.947699],[30.944702,-29.947739],[30.944725,-29.947747],[30.944702,-29.947793],[30.944678,-29.947785],[30.944661,-29.947819],[30.944609,-29.9478]]]},"properties":{"Class":" "}},{"type":"Feature","geometry":{"type":"Polygon","coordinates":[[[30.944549,-29.947929],[30.944607,-29.947807],[30.944661,-29.947827],[30.944641,-29.947867],[30.944664,-29.947875],[30.944642,-29.947921],[30.944618,-29.947913],[30.944601,-29.947948],[30.944549,-29.947929]]]},"properties":{"Class":" "}},{"type":"Feature","geometry":{"type":"Polygon","coordinates":[[[30.946221,-29.949504],[30.946232,-29.949445],[30.946305,-29.949455],[30.946294,-29.949514],[30.946221,-29.949504]]]},"properties":{"Class":" "}},{"type":"Feature","geometry":{"type":"Polygon","coordinates":[[[30.946461,-29.949503],[30.946504,-29.949505],[30.9465,-29.949558],[30.946458,-29.949556],[30.946461,-29.949503]]]},"properties":{"Class":" "}},{"type":"Feature","geometry":{"type":"Polygon","coordinates":[[[30.946493,-29.949641],[30.94654,-29.949551],[30.946583,-29.949567],[30.946535,-29.949658],[30.946493,-29.949641]]]},"properties":{"Class":" "}},{"type":"Feature","geometry":{"type":"Polygon","coordinates":[[[30.946344,-29.949532],[30.946359,-29.949475],[30.946432,-29.949489],[30.946417,-29.949546],[30.946344,-29.949532]]]},"properties":{"Class":" "}},{"type":"Feature","geometry":{"type":"Polygon","coordinates":[[[30.946184,-29.947236],[30.946255,-29.947228],[30.946274,-29.947354],[30.946203,-29.947362],[30.946184,-29.947236]]]},"properties":{"Class":" "}},{"type":"Feature","geometry":{"type":"Polygon","coordinates":[[[30.945699,-29.94732],[30.945766,-29.947343],[30.945711,-29.947461],[30.945645,-29.947437],[30.945699,-29.94732]]]},"properties":{"Class":" "}},{"type":"Feature","geometry":{"type":"Polygon","coordinates":[[[30.945597,-29.947534],[30.945664,-29.947556],[30.945611,-29.947675],[30.945544,-29.947652],[30.945597,-29.947534]]]},"properties":{"Class":" "}},{"type":"Feature","geometry":{"type":"Polygon","coordinates":[[[30.945516,-29.947757],[30.945584,-29.947739],[30.945627,-29.947861],[30.945558,-29.947879],[30.945516,-29.947757]]]},"properties":{"Class":" "}},{"type":"Feature","geometry":{"type":"Polygon","coordinates":[[[30.945828,-29.947726],[30.945893,-29.947753],[30.945828,-29.947867],[30.945764,-29.947839],[30.945828,-29.947726]]]},"properties":{"Class":" "}},{"type":"Feature","geometry":{"type":"Polygon","coordinates":[[[30.945587,-29.947971],[30.945655,-29.947951],[30.945702,-29.948071],[30.945634,-29.948091],[30.945587,-29.947971]]]},"properties":{"Class":" "}},{"type":"Feature","geometry":{"type":"Polygon","coordinates":[[[30.94598,-29.948672],[30.946043,-29.948641],[30.946114,-29.948752],[30.946051,-29.948783],[30.94598,-29.948672]]]},"properties":{"Class":" "}},{"type":"Feature","geometry":{"type":"Polygon","coordinates":[[[30.946251,-29.948631],[30.946322,-29.948622],[30.946343,-29.948748],[30.946272,-29.948757],[30.946251,-29.948631]]]},"properties":{"Class":" "}},{"type":"Feature","geometry":{"type":"Polygon","coordinates":[[[30.946199,-29.948424],[30.94627,-29.948414],[30.946294,-29.948539],[30.946223,-29.948549],[30.946199,-29.948424]]]},"properties":{"Class":" "}},{"type":"Feature","geometry":{"type":"Polygon","coordinates":[[[30.946254,-29.948196],[30.946322,-29.948215],[30.946278,-29.948336],[30.94621,-29.948317],[30.946254,-29.948196]]]},"properties":{"Class":" "}},{"type":"Feature","geometry":{"type":"Polygon","coordinates":[[[30.946322,-29.948009],[30.946391,-29.948026],[30.946352,-29.948148],[30.946283,-29.948132],[30.946322,-29.948009]]]},"properties":{"Class":" "}},{"type":"Feature","geometry":{"type":"Polygon","coordinates":[[[30.946445,-29.947836],[30.946511,-29.94786],[30.946456,-29.947978],[30.94639,-29.947954],[30.946445,-29.947836]]]},"properties":{"Class":" "}},{"type":"Feature","geometry":{"type":"Polygon","coordinates":[[[30.946553,-29.947668],[30.946621,-29.947688],[30.946575,-29.947808],[30.946507,-29.947788],[30.946553,-29.947668]]]},"properties":{"Class":" "}},{"type":"Feature","geometry":{"type":"Polygon","coordinates":[[[30.946622,-29.947484],[30.94669,-29.947506],[30.946639,-29.947625],[30.946572,-29.947603],[30.946622,-29.947484]]]},"properties":{"Class":" "}},{"type":"Feature","geometry":{"type":"Polygon","coordinates":[[[30.946775,-29.947307],[30.946811,-29.947361],[30.946684,-29.947424],[30.946648,-29.94737],[30.946775,-29.947307]]]},"properties":{"Class":" "}},{"type":"Feature","geometry":{"type":"Polygon","coordinates":[[[30.946131,-29.94892],[30.946195,-29.94889],[30.946263,-29.949002],[30.9462,-29.949032],[30.946131,-29.94892]]]},"properties":{"Class":" "}},{"type":"Feature","geometry":{"type":"Polygon","coordinates":[[[30.94612,-29.94712],[30.94601,-29.947139],[30.946001,-29.947101],[30.94598,-29.947104],[30.945965,-29.947041],[30.946028,-29.94703],[30.946033,-29.947052],[30.946101,-29.94704],[30.94612,-29.94712]]]},"properties":{"Class":" "}},{"type":"Feature","geometry":{"type":"Polygon","coordinates":[[[30.94605,-29.947813],[30.946047,-29.947822],[30.946052,-29.947823],[30.946046,-29.947843],[30.946035,-29.947841],[30.946031,-29.947856],[30.946049,-29.94786],[30.946037,-29.9479],[30.94602,-29.947896],[30.946016,-29.947909],[30.946028,-29.947911],[30.946021,-29.947933],[30.946007,-29.94793],[30.946005,-29.947936],[30.94591,-29.947916],[30.945945,-29.94779],[30.94605,-29.947813]]]},"properties":{"Class":" "}},{"type":"Feature","geometry":{"type":"Polygon","coordinates":[[[30.945708,-29.948321],[30.945606,-29.94831],[30.945616,-29.948237],[30.945719,-29.948248],[30.945708,-29.948321]]]},"properties":{"Class":" "}},{"type":"Feature","geometry":{"type":"Polygon","coordinates":[[[30.945668,-29.947707],[30.94563,-29.947681],[30.945677,-29.94763],[30.945715,-29.947657],[30.945668,-29.947707]]]},"properties":{"Class":" "}},{"type":"Feature","geometry":{"type":"Polygon","coordinates":[[[30.94571,-29.948473],[30.945731,-29.948375],[30.945777,-29.948383],[30.945756,-29.948481],[30.94571,-29.948473]]]},"properties":{"Class":" "}},{"type":"Feature","geometry":{"type":"Polygon","coordinates":[[[30.945736,-29.94822],[30.94577,-29.948125],[30.945814,-29.948137],[30.945781,-29.948232],[30.945736,-29.94822]]]},"properties":{"Class":" "}},{"type":"Feature","geometry":{"type":"Polygon","coordinates":[[[30.945802,-29.948056],[30.945842,-29.947963],[30.945886,-29.947977],[30.945846,-29.948071],[30.945802,-29.948056]]]},"properties":{"Class":" "}},{"type":"Feature","geometry":{"type":"Polygon","coordinates":[[[30.946033,-29.94775],[30.946053,-29.947652],[30.946099,-29.947659],[30.946079,-29.947757],[30.946033,-29.94775]]]},"properties":{"Class":" "}},{"type":"Feature","geometry":{"type":"Polygon","coordinates":[[[30.946121,-29.947601],[30.94615,-29.947504],[30.946196,-29.947515],[30.946166,-29.947611],[30.946121,-29.947601]]]},"properties":{"Class":" "}},{"type":"Feature","geometry":{"type":"Polygon","coordinates":[[[30.945792,-29.947285],[30.945867,-29.947209],[30.945902,-29.947236],[30.945827,-29.947311],[30.945792,-29.947285]]]},"properties":{"Class":" "}},{"type":"Feature","geometry":{"type":"Polygon","coordinates":[[[30.945984,-29.947422],[30.946048,-29.947449],[30.945983,-29.947563],[30.945919,-29.947535],[30.945984,-29.947422]]]},"properties":{"Class":" "}},{"type":"Feature","geometry":{"type":"Polygon","coordinates":[[[30.946494,-29.948471],[30.94656,-29.948352],[30.946649,-29.94839],[30.946637,-29.948412],[30.946658,-29.948421],[30.94663,-29.948471],[30.946612,-29.948464],[30.946587,-29.94851],[30.946494,-29.948471]]]},"properties":{"Class":" "}},{"type":"Feature","geometry":{"type":"Polygon","coordinates":[[[30.946488,-29.948341],[30.946458,-29.94833],[30.946479,-29.948286],[30.946419,-29.948264],[30.94644,-29.948223],[30.94653,-29.948256],[30.946488,-29.948341]]]},"properties":{"Class":" "}},{"type":"Feature","geometry":{"type":"Polygon","coordinates":[[[30.94661,-29.9483],[30.946648,-29.948209],[30.946684,-29.948221],[30.946646,-29.948311],[30.94661,-29.9483]]]},"properties":{"Class":" "}},{"type":"Feature","geometry":{"type":"Polygon","coordinates":[[[30.946651,-29.947986],[30.94673,-29.94801],[30.946704,-29.948076],[30.946625,-29.948052],[30.946651,-29.947986]]]},"properties":{"Class":" "}},{"type":"Feature","geometry":{"type":"Polygon","coordinates":[[[30.946921,-29.947434],[30.946961,-29.94734],[30.947005,-29.947354],[30.946965,-29.947448],[30.946921,-29.947434]]]},"properties":{"Class":" "}},{"type":"Feature","geometry":{"type":"Polygon","coordinates":[[[30.946912,-29.947623],[30.94695,-29.947529],[30.946994,-29.947543],[30.946956,-29.947637],[30.946912,-29.947623]]]},"properties":{"Class":" "}},{"type":"Feature","geometry":{"type":"Polygon","coordinates":[[[30.946855,-29.947816],[30.946894,-29.947723],[30.946938,-29.947737],[30.946899,-29.94783],[30.946855,-29.947816]]]},"properties":{"Class":" "}},{"type":"Feature","geometry":{"type":"Polygon","coordinates":[[[30.946782,-29.947979],[30.946679,-29.947936],[30.946699,-29.947899],[30.946802,-29.947942],[30.946782,-29.947979]]]},"properties":{"Class":" "}},{"type":"Feature","geometry":{"type":"Polygon","coordinates":[[[30.947459,-29.947547],[30.947412,-29.947628],[30.947316,-29.947585],[30.947341,-29.94754],[30.947364,-29.94755],[30.947385,-29.947514],[30.947459,-29.947547]]]},"properties":{"Class":" "}},{"type":"Feature","geometry":{"type":"Polygon","coordinates":[[[30.947211,-29.947778],[30.947262,-29.947681],[30.947303,-29.947697],[30.947252,-29.947795],[30.947211,-29.947778]]]},"properties":{"Class":" "}},{"type":"Feature","geometry":{"type":"Polygon","coordinates":[[[30.947203,-29.947988],[30.947154,-29.948074],[30.947083,-29.948042],[30.947108,-29.948],[30.947101,-29.947997],[30.947126,-29.947954],[30.947203,-29.947988]]]},"properties":{"Class":" "}},{"type":"Feature","geometry":{"type":"Polygon","coordinates":[[[30.947147,-29.948086],[30.947095,-29.948175],[30.947007,-29.948136],[30.947033,-29.948091],[30.947024,-29.948088],[30.94705,-29.948043],[30.947147,-29.948086]]]},"properties":{"Class":" "}},{"type":"Feature","geometry":{"type":"Polygon","coordinates":[[[30.947091,-29.948182],[30.947055,-29.948243],[30.947044,-29.948263],[30.946948,-29.94822],[30.946995,-29.94814],[30.947091,-29.948182]]]},"properties":{"Class":" "}},{"type":"Feature","geometry":{"type":"Polygon","coordinates":[[[30.947043,-29.94827],[30.947022,-29.948361],[30.946956,-29.948349],[30.946958,-29.948337],[30.946943,-29.948335],[30.946945,-29.948328],[30.946917,-29.948323],[30.946928,-29.948276],[30.946943,-29.948278],[30.946948,-29.948253],[30.947043,-29.94827]]]},"properties":{"Class":" "}},{"type":"Feature","geometry":{"type":"Polygon","coordinates":[[[30.947018,-29.948377],[30.947001,-29.948454],[30.94687,-29.948431],[30.946879,-29.948392],[30.946909,-29.948397],[30.946918,-29.948359],[30.947018,-29.948377]]]},"properties":{"Class":" "}},{"type":"Feature","geometry":{"type":"Polygon","coordinates":[[[30.946548,-29.948996],[30.94653,-29.949029],[30.946524,-29.949027],[30.946507,-29.949059],[30.946495,-29.949055],[30.946461,-29.949042],[30.946456,-29.949051],[30.946435,-29.949043],[30.946427,-29.949059],[30.946353,-29.949031],[30.9464,-29.948939],[30.946548,-29.948996]]]},"properties":{"Class":" "}},{"type":"Feature","geometry":{"type":"Polygon","coordinates":[[[30.946923,-29.948782],[30.946906,-29.948852],[30.946836,-29.94884],[30.946853,-29.94877],[30.946923,-29.948782]]]},"properties":{"Class":" "}},{"type":"Feature","geometry":{"type":"Polygon","coordinates":[[[30.946112,-29.94936],[30.946048,-29.949374],[30.946028,-29.949306],[30.946042,-29.949302],[30.94603,-29.949261],[30.94608,-29.94925],[30.946112,-29.94936]]]},"properties":{"Class":" "}},{"type":"Feature","geometry":{"type":"Polygon","coordinates":[[[30.945978,-29.949095],[30.945988,-29.949196],[30.945942,-29.9492],[30.945932,-29.949098],[30.945978,-29.949095]]]},"properties":{"Class":" "}},{"type":"Feature","geometry":{"type":"Polygon","coordinates":[[[30.946468,-29.949131],[30.946574,-29.949168],[30.946531,-29.949261],[30.946485,-29.949245],[30.946504,-29.949202],[30.946444,-29.949181],[30.946468,-29.949131]]]},"properties":{"Class":" "}},{"type":"Feature","geometry":{"type":"Polygon","coordinates":[[[30.946483,-29.949429],[30.946517,-29.949334],[30.946562,-29.949346],[30.946527,-29.949441],[30.946483,-29.949429]]]},"properties":{"Class":" "}},{"type":"Feature","geometry":{"type":"Polygon","coordinates":[[[30.946583,-29.946545],[30.946651,-29.946565],[30.946606,-29.946685],[30.946537,-29.946666],[30.946583,-29.946545]]]},"properties":{"Class":" "}},{"type":"Feature","geometry":{"type":"Polygon","coordinates":[[[30.946367,-29.946481],[30.946435,-29.9465],[30.946391,-29.946621],[30.946323,-29.946603],[30.946367,-29.946481]]]},"properties":{"Class":" "}},{"type":"Feature","geometry":{"type":"Polygon","coordinates":[[[30.946491,-29.946388],[30.946508,-29.946328],[30.94665,-29.946357],[30.946633,-29.946418],[30.946491,-29.946388]]]},"properties":{"Class":" "}},{"type":"Feature","geometry":{"type":"Polygon","coordinates":[[[30.946908,-29.946709],[30.946934,-29.946651],[30.94707,-29.946697],[30.947044,-29.946756],[30.946908,-29.946709]]]},"properties":{"Class":" "}},{"type":"Feature","geometry":{"type":"Polygon","coordinates":[[[30.947273,-29.946756],[30.947251,-29.946815],[30.947112,-29.946776],[30.947134,-29.946717],[30.947273,-29.946756]]]},"properties":{"Class":" "}},{"type":"Feature","geometry":{"type":"Polygon","coordinates":[[[30.946329,-29.946836],[30.946302,-29.946894],[30.946167,-29.946847],[30.946193,-29.946789],[30.946329,-29.946836]]]},"properties":{"Class":" "}},{"type":"Feature","geometry":{"type":"Polygon","coordinates":[[[30.946573,-29.946905],[30.946548,-29.946963],[30.946411,-29.946919],[30.946436,-29.94686],[30.946573,-29.946905]]]},"properties":{"Class":" "}},{"type":"Feature","geometry":{"type":"Polygon","coordinates":[[[30.946862,-29.947001],[30.946836,-29.947059],[30.9467,-29.947013],[30.946726,-29.946955],[30.946862,-29.947001]]]},"properties":{"Class":" "}},{"type":"Feature","geometry":{"type":"Polygon","coordinates":[[[30.947128,-29.947079],[30.947106,-29.947138],[30.946967,-29.9471],[30.946989,-29.94704],[30.947128,-29.947079]]]},"properties":{"Class":" "}},{"type":"Feature","geometry":{"type":"Polygon","coordinates":[[[30.947382,-29.947062],[30.947355,-29.947119],[30.94722,-29.947072],[30.947246,-29.947014],[30.947382,-29.947062]]]},"properties":{"Class":" "}},{"type":"Feature","geometry":{"type":"Polygon","coordinates":[[[30.947439,-29.947073],[30.947499,-29.947038],[30.947579,-29.947144],[30.94752,-29.947179],[30.947439,-29.947073]]]},"properties":{"Class":" "}},{"type":"Feature","geometry":{"type":"Polygon","coordinates":[[[30.94744,-29.947306],[30.947511,-29.94731],[30.947504,-29.947437],[30.947432,-29.947433],[30.94744,-29.947306]]]},"properties":{"Class":" "}},{"type":"Feature","geometry":{"type":"Polygon","coordinates":[[[30.947185,-29.946899],[30.947137,-29.947004],[30.947004,-29.946959],[30.947017,-29.94693],[30.947068,-29.946948],[30.947103,-29.946871],[30.947185,-29.946899]]]},"properties":{"Class":" "}},{"type":"Feature","geometry":{"type":"Polygon","coordinates":[[[30.946689,-29.946899],[30.94666,-29.9468],[30.946702,-29.946791],[30.946731,-29.946889],[30.946689,-29.946899]]]},"properties":{"Class":" "}},{"type":"Feature","geometry":{"type":"Polygon","coordinates":[[[30.946053,-29.946765],[30.946093,-29.946672],[30.946137,-29.946686],[30.946097,-29.946779],[30.946053,-29.946765]]]},"properties":{"Class":" "}},{"type":"Feature","geometry":{"type":"Polygon","coordinates":[[[30.946043,-29.946561],[30.946091,-29.946471],[30.946133,-29.946487],[30.946086,-29.946578],[30.946043,-29.946561]]]},"properties":{"Class":" "}},{"type":"Feature","geometry":{"type":"Polygon","coordinates":[[[30.946117,-29.946572],[30.946168,-29.946483],[30.94621,-29.946501],[30.946159,-29.94659],[30.946117,-29.946572]]]},"properties":{"Class":" "}},{"type":"Feature","geometry":{"type":"Polygon","coordinates":[[[30.946145,-29.946415],[30.946195,-29.946325],[30.946237,-29.946343],[30.946187,-29.946433],[30.946145,-29.946415]]]},"properties":{"Class":" "}},{"type":"Feature","geometry":{"type":"Polygon","coordinates":[[[30.946189,-29.946167],[30.94624,-29.946078],[30.946282,-29.946096],[30.946231,-29.946185],[30.946189,-29.946167]]]},"properties":{"Class":" "}},{"type":"Feature","geometry":{"type":"Polygon","coordinates":[[[30.946838,-29.946545],[30.946894,-29.946632],[30.946853,-29.946652],[30.946797,-29.946565],[30.946838,-29.946545]]]},"properties":{"Class":" "}},{"type":"Feature","geometry":{"type":"Polygon","coordinates":[[[30.938676,-29.946325],[30.938732,-29.946224],[30.938813,-29.946258],[30.938767,-29.946342],[30.938709,-29.946318],[30.938699,-29.946335],[30.938676,-29.946325]]]},"properties":{"Class":" "}},{"type":"Feature","geometry":{"type":"Polygon","coordinates":[[[30.945762,-29.948753],[30.945748,-29.948654],[30.945794,-29.948649],[30.945809,-29.948748],[30.945762,-29.948753]]]},"properties":{"Class":" "}},{"type":"Feature","geometry":{"type":"Polygon","coordinates":[[[30.943856,-29.95062],[30.943835,-29.950647],[30.943802,-29.950627],[30.943786,-29.950647],[30.943749,-29.950624],[30.943755,-29.950616],[30.943746,-29.95061],[30.943761,-29.950591],[30.943772,-29.950598],[30.943788,-29.950579],[30.943815,-29.950595],[30.943816,-29.950595],[30.943856,-29.95062]]]},"properties":{"Class":" "}},{"type":"Feature","geometry":{"type":"Polygon","coordinates":[[[30.944191,-29.949374],[30.944212,-29.949429],[30.944173,-29.94944],[30.944152,-29.949385],[30.944191,-29.949374]]]},"properties":{"Class":" "}},{"type":"Feature","geometry":{"type":"Polygon","coordinates":[[[30.940742,-29.947461],[30.940804,-29.947374],[30.94084,-29.947393],[30.940778,-29.94748],[30.940742,-29.947461]]]},"properties":{"Class":" "}},{"type":"Feature","geometry":{"type":"Polygon","coordinates":[[[30.940625,-29.945877],[30.94051,-29.945824],[30.940533,-29.945787],[30.940647,-29.945839],[30.940625,-29.945877]]]},"properties":{"Class":" "}},{"type":"Feature","geometry":{"type":"Polygon","coordinates":[[[30.938493,-29.946285],[30.938497,-29.946211],[30.938636,-29.946217],[30.938633,-29.94626],[30.938604,-29.946259],[30.938602,-29.94629],[30.938493,-29.946285]]]},"properties":{"Class":" "}},{"type":"Feature","geometry":{"type":"Polygon","coordinates":[[[30.940243,-29.944596],[30.940276,-29.944541],[30.940324,-29.944563],[30.94029,-29.944618],[30.940243,-29.944596]]]},"properties":{"Class":" "}},{"type":"Feature","geometry":{"type":"Polygon","coordinates":[[[30.933414,-29.946352],[30.933417,-29.946312],[30.933411,-29.946311],[30.933415,-29.946267],[30.933424,-29.946267],[30.933426,-29.946246],[30.933551,-29.946255],[30.933546,-29.946311],[30.933494,-29.946307],[30.93349,-29.946357],[30.933414,-29.946352]]]},"properties":{"Class":" "}},{"type":"Feature","geometry":{"type":"Polygon","coordinates":[[[30.946825,-29.94885],[30.946811,-29.948914],[30.946752,-29.948904],[30.946767,-29.94884],[30.946825,-29.94885]]]},"properties":{"Class":" "}},{"type":"Feature","geometry":{"type":"Polygon","coordinates":[[[30.946796,-29.949028],[30.946844,-29.949039],[30.94683,-29.949082],[30.946783,-29.94907],[30.946796,-29.949028]]]},"properties":{"Class":" "}},{"type":"Feature","geometry":{"type":"Polygon","coordinates":[[[30.931997,-29.954592],[30.932097,-29.954535],[30.93211,-29.954552],[30.932121,-29.954546],[30.932159,-29.954597],[30.932077,-29.954643],[30.93206,-29.95462],[30.932027,-29.954639],[30.932043,-29.95466],[30.932015,-29.954677],[30.931979,-29.954629],[30.932011,-29.954611],[30.931997,-29.954592]]]},"properties":{"Class":" "}},{"type":"Feature","geometry":{"type":"Polygon","coordinates":[[[30.932217,-29.954467],[30.932301,-29.954438],[30.932324,-29.95449],[30.93224,-29.954518],[30.932217,-29.954467]]]},"properties":{"Class":" "}},{"type":"Feature","geometry":{"type":"Polygon","coordinates":[[[30.932439,-29.954431],[30.932387,-29.954335],[30.932398,-29.95433],[30.932393,-29.954319],[30.932458,-29.954293],[30.932476,-29.954328],[30.932493,-29.954321],[30.932533,-29.954395],[30.932515,-29.954403],[30.932526,-29.954424],[30.932464,-29.95445],[30.932451,-29.954426],[30.932439,-29.954431]]]},"properties":{"Class":" "}},{"type":"Feature","geometry":{"type":"Polygon","coordinates":[[[30.932831,-29.954299],[30.932929,-29.9543],[30.932927,-29.954368],[30.93283,-29.954367],[30.932831,-29.954299]]]},"properties":{"Class":" "}},{"type":"Feature","geometry":{"type":"Polygon","coordinates":[[[30.933026,-29.954407],[30.933026,-29.954384],[30.933013,-29.954384],[30.933013,-29.954325],[30.933023,-29.954325],[30.933023,-29.954289],[30.933061,-29.954289],[30.933061,-29.95427],[30.933133,-29.95427],[30.933133,-29.954356],[30.933114,-29.954356],[30.933114,-29.954407],[30.933026,-29.954407]]]},"properties":{"Class":" "}},{"type":"Feature","geometry":{"type":"Polygon","coordinates":[[[30.932236,-29.954216],[30.932129,-29.954275],[30.932124,-29.954268],[30.9321,-29.954282],[30.932047,-29.954209],[30.932114,-29.954173],[30.932126,-29.954189],[30.932153,-29.954174],[30.932168,-29.954194],[30.932205,-29.954174],[30.932236,-29.954216]]]},"properties":{"Class":" "}},{"type":"Feature","geometry":{"type":"Polygon","coordinates":[[[30.933067,-29.954085],[30.933092,-29.953958],[30.933124,-29.953963],[30.933129,-29.953937],[30.933196,-29.953947],[30.933166,-29.9541],[30.933067,-29.954085]]]},"properties":{"Class":" "}},{"type":"Feature","geometry":{"type":"Polygon","coordinates":[[[30.933052,-29.953914],[30.933025,-29.954077],[30.932903,-29.954061],[30.93292,-29.953963],[30.932949,-29.953967],[30.932954,-29.95394],[30.932998,-29.953945],[30.933004,-29.953908],[30.933052,-29.953914]]]},"properties":{"Class":" "}},{"type":"Feature","geometry":{"type":"Polygon","coordinates":[[[30.93291,-29.953964],[30.932893,-29.954059],[30.932837,-29.954052],[30.932837,-29.954056],[30.93276,-29.954045],[30.932772,-29.953974],[30.932814,-29.953979],[30.932815,-29.953972],[30.932848,-29.953976],[30.932851,-29.953956],[30.93291,-29.953964]]]},"properties":{"Class":" "}},{"type":"Feature","geometry":{"type":"Polygon","coordinates":[[[30.933506,-29.953147],[30.933681,-29.953265],[30.933602,-29.953353],[30.933575,-29.953334],[30.933564,-29.953346],[30.933504,-29.953305],[30.933521,-29.953286],[30.933434,-29.953227],[30.933506,-29.953147]]]},"properties":{"Class":" "}},{"type":"Feature","geometry":{"type":"Polygon","coordinates":[[[30.933357,-29.953532],[30.93342,-29.953487],[30.93345,-29.953518],[30.933387,-29.953563],[30.933357,-29.953532]]]},"properties":{"Class":" "}},{"type":"Feature","geometry":{"type":"Polygon","coordinates":[[[30.932842,-29.954431],[30.932842,-29.954376],[30.932932,-29.954376],[30.932932,-29.954431],[30.932842,-29.954431]]]},"properties":{"Class":" "}},{"type":"Feature","geometry":{"type":"Polygon","coordinates":[[[30.933417,-29.954076],[30.93351,-29.954072],[30.933514,-29.954135],[30.93342,-29.954139],[30.933417,-29.954076]]]},"properties":{"Class":" "}},{"type":"Feature","geometry":{"type":"Polygon","coordinates":[[[30.933124,-29.954826],[30.933161,-29.954767],[30.933228,-29.954799],[30.933191,-29.954858],[30.933124,-29.954826]]]},"properties":{"Class":" "}},{"type":"Feature","geometry":{"type":"Polygon","coordinates":[[[30.932679,-29.954662],[30.932798,-29.954665],[30.932796,-29.954732],[30.932749,-29.954731],[30.932748,-29.95476],[30.932674,-29.954757],[30.932679,-29.954662]]]},"properties":{"Class":" "}},{"type":"Feature","geometry":{"type":"Polygon","coordinates":[[[30.932675,-29.954677],[30.932662,-29.954784],[30.932619,-29.95478],[30.932632,-29.954673],[30.932675,-29.954677]]]},"properties":{"Class":" "}},{"type":"Feature","geometry":{"type":"Polygon","coordinates":[[[30.933002,-29.954955],[30.933086,-29.954861],[30.933164,-29.954914],[30.933111,-29.954974],[30.933092,-29.954961],[30.933062,-29.954995],[30.933002,-29.954955]]]},"properties":{"Class":" "}},{"type":"Feature","geometry":{"type":"Polygon","coordinates":[[[30.932669,-29.955137],[30.932722,-29.955077],[30.932791,-29.955122],[30.932763,-29.955154],[30.932757,-29.955149],[30.932731,-29.955178],[30.932669,-29.955137]]]},"properties":{"Class":" "}},{"type":"Feature","geometry":{"type":"Polygon","coordinates":[[[30.932006,-29.955628],[30.932061,-29.955496],[30.93213,-29.955517],[30.932118,-29.955546],[30.932137,-29.955552],[30.93212,-29.955594],[30.932112,-29.955591],[30.932086,-29.955653],[30.932006,-29.955628]]]},"properties":{"Class":" "}},{"type":"Feature","geometry":{"type":"Polygon","coordinates":[[[30.932292,-29.954762],[30.932349,-29.954804],[30.932327,-29.954827],[30.932269,-29.954785],[30.932292,-29.954762]]]},"properties":{"Class":" "}},{"type":"Feature","geometry":{"type":"Polygon","coordinates":[[[30.932206,-29.955963],[30.932168,-29.956],[30.932128,-29.95597],[30.932166,-29.955932],[30.932206,-29.955963]]]},"properties":{"Class":" "}},{"type":"Feature","geometry":{"type":"Polygon","coordinates":[[[30.932152,-29.956175],[30.932109,-29.956247],[30.932045,-29.956218],[30.932088,-29.956146],[30.932152,-29.956175]]]},"properties":{"Class":" "}},{"type":"Feature","geometry":{"type":"Polygon","coordinates":[[[30.932399,-29.954757],[30.932343,-29.954717],[30.932397,-29.954659],[30.932453,-29.954699],[30.932399,-29.954757]]]},"properties":{"Class":" "}},{"type":"Feature","geometry":{"type":"Polygon","coordinates":[[[30.932253,-29.954913],[30.932196,-29.954874],[30.932249,-29.954815],[30.932306,-29.954853],[30.932253,-29.954913]]]},"properties":{"Class":" "}},{"type":"Feature","geometry":{"type":"Polygon","coordinates":[[[30.932202,-29.955045],[30.932133,-29.955026],[30.93216,-29.954955],[30.932228,-29.954974],[30.932202,-29.955045]]]},"properties":{"Class":" "}},{"type":"Feature","geometry":{"type":"Polygon","coordinates":[[[30.932177,-29.955194],[30.932105,-29.955192],[30.932108,-29.955117],[30.93218,-29.95512],[30.932177,-29.955194]]]},"properties":{"Class":" "}},{"type":"Feature","geometry":{"type":"Polygon","coordinates":[[[30.932162,-29.955363],[30.93209,-29.955359],[30.932097,-29.955284],[30.932169,-29.955289],[30.932162,-29.955363]]]},"properties":{"Class":" "}},{"type":"Feature","geometry":{"type":"Polygon","coordinates":[[[30.932682,-29.95442],[30.932683,-29.954357],[30.932768,-29.954358],[30.932768,-29.954421],[30.932682,-29.95442]]]},"properties":{"Class":" "}},{"type":"Feature","geometry":{"type":"Polygon","coordinates":[[[30.933437,-29.953746],[30.933504,-29.95377],[30.933472,-29.953839],[30.933405,-29.953816],[30.933437,-29.953746]]]},"properties":{"Class":" "}},{"type":"Feature","geometry":{"type":"Polygon","coordinates":[[[30.933011,-29.954685],[30.933008,-29.954748],[30.932922,-29.954744],[30.932925,-29.954682],[30.933011,-29.954685]]]},"properties":{"Class":" "}},{"type":"Feature","geometry":{"type":"Polygon","coordinates":[[[30.934664,-29.952232],[30.934747,-29.952314],[30.934681,-29.952364],[30.934599,-29.952283],[30.934664,-29.952232]]]},"properties":{"Class":" "}},{"type":"Feature","geometry":{"type":"Polygon","coordinates":[[[30.936609,-29.951468],[30.936691,-29.951398],[30.937247,-29.951901],[30.937164,-29.95197],[30.936609,-29.951468]]]},"properties":{"Class":" "}},{"type":"Feature","geometry":{"type":"Polygon","coordinates":[[[30.93698,-29.951413],[30.937062,-29.951343],[30.937618,-29.951846],[30.937535,-29.951915],[30.93698,-29.951413]]]},"properties":{"Class":" "}},{"type":"Feature","geometry":{"type":"Polygon","coordinates":[[[30.93736,-29.951363],[30.937443,-29.951293],[30.937998,-29.951796],[30.937916,-29.951865],[30.93736,-29.951363]]]},"properties":{"Class":" "}},{"type":"Feature","geometry":{"type":"Polygon","coordinates":[[[30.937336,-29.95206],[30.937435,-29.95201],[30.937837,-29.952613],[30.937738,-29.952663],[30.937336,-29.95206]]]},"properties":{"Class":" "}},{"type":"Feature","geometry":{"type":"Polygon","coordinates":[[[30.937704,-29.952063],[30.937803,-29.952013],[30.938205,-29.952616],[30.938106,-29.952666],[30.937704,-29.952063]]]},"properties":{"Class":" "}},{"type":"Feature","geometry":{"type":"Polygon","coordinates":[[[30.938083,-29.952083],[30.938182,-29.952033],[30.938584,-29.952636],[30.938485,-29.952686],[30.938083,-29.952083]]]},"properties":{"Class":" "}},{"type":"Feature","geometry":{"type":"Polygon","coordinates":[[[30.937832,-29.952819],[30.937947,-29.952819],[30.937945,-29.953517],[30.93783,-29.953517],[30.937832,-29.952819]]]},"properties":{"Class":" "}},{"type":"Feature","geometry":{"type":"Polygon","coordinates":[[[30.938144,-29.953017],[30.938259,-29.953017],[30.938257,-29.953715],[30.938142,-29.953714],[30.938144,-29.953017]]]},"properties":{"Class":" "}},{"type":"Feature","geometry":{"type":"Polygon","coordinates":[[[30.938467,-29.953209],[30.938582,-29.953209],[30.93858,-29.953907],[30.938466,-29.953906],[30.938467,-29.953209]]]},"properties":{"Class":" "}},{"type":"Feature","geometry":{"type":"Polygon","coordinates":[[[30.937837,-29.953784],[30.937952,-29.953784],[30.93795,-29.954482],[30.937835,-29.954481],[30.937837,-29.953784]]]},"properties":{"Class":" "}},{"type":"Feature","geometry":{"type":"Polygon","coordinates":[[[30.938149,-29.953976],[30.938264,-29.953976],[30.938262,-29.954674],[30.938147,-29.954673],[30.938149,-29.953976]]]},"properties":{"Class":" "}},{"type":"Feature","geometry":{"type":"Polygon","coordinates":[[[30.93847,-29.954173],[30.938584,-29.954173],[30.938583,-29.95487],[30.938468,-29.95487],[30.93847,-29.954173]]]},"properties":{"Class":" "}},{"type":"Feature","geometry":{"type":"Polygon","coordinates":[[[30.937907,-29.954678],[30.937903,-29.955362],[30.937827,-29.955361],[30.93783,-29.954677],[30.937907,-29.954678]]]},"properties":{"Class":" "}},{"type":"Feature","geometry":{"type":"Polygon","coordinates":[[[30.938222,-29.954877],[30.938218,-29.955562],[30.938142,-29.955561],[30.938145,-29.954877],[30.938222,-29.954877]]]},"properties":{"Class":" "}},{"type":"Feature","geometry":{"type":"Polygon","coordinates":[[[30.938538,-29.95507],[30.938535,-29.955755],[30.938458,-29.955754],[30.938462,-29.95507],[30.938538,-29.95507]]]},"properties":{"Class":" "}},{"type":"Feature","geometry":{"type":"Polygon","coordinates":[[[30.938356,-29.951782],[30.938356,-29.951088],[30.938677,-29.951088],[30.938676,-29.951782],[30.938356,-29.951782]]]},"properties":{"Class":" "}},{"type":"Feature","geometry":{"type":"Polygon","coordinates":[[[30.93804,-29.951898],[30.938094,-29.951855],[30.93818,-29.951937],[30.938126,-29.95198],[30.93804,-29.951898]]]},"properties":{"Class":" "}},{"type":"Feature","geometry":{"type":"Polygon","coordinates":[[[30.938631,-29.952901],[30.938561,-29.952797],[30.938623,-29.952765],[30.938694,-29.95287],[30.938631,-29.952901]]]},"properties":{"Class":" "}},{"type":"Feature","geometry":{"type":"Polygon","coordinates":[[[30.938024,-29.954911],[30.938086,-29.954911],[30.938085,-29.955029],[30.938023,-29.955028],[30.938024,-29.954911]]]},"properties":{"Class":" "}},{"type":"Feature","geometry":{"type":"Polygon","coordinates":[[[30.938602,-29.955137],[30.938666,-29.955138],[30.938664,-29.955288],[30.9386,-29.955288],[30.938602,-29.955137]]]},"properties":{"Class":" "}},{"type":"Feature","geometry":{"type":"Polygon","coordinates":[[[30.939342,-29.953825],[30.939347,-29.954718],[30.938943,-29.95472],[30.938938,-29.953827],[30.939342,-29.953825]]]},"properties":{"Class":" "}},{"type":"Feature","geometry":{"type":"Polygon","coordinates":[[[30.939576,-29.953221],[30.939476,-29.953308],[30.939574,-29.953391],[30.939579,-29.953449],[30.939528,-29.953496],[30.939464,-29.953494],[30.939385,-29.953427],[30.939328,-29.95348],[30.93933,-29.953763],[30.939103,-29.953764],[30.939103,-29.9537],[30.939,-29.9537],[30.938998,-29.953291],[30.939034,-29.953291],[30.939028,-29.952167],[30.939173,-29.952167],[30.939173,-29.952201],[30.939964,-29.952198],[30.939964,-29.952153],[30.940269,-29.952152],[30.94027,-29.952389],[30.939972,-29.95239],[30.939973,-29.952542],[30.940041,-29.952542],[30.940041,-29.952471],[30.940639,-29.952469],[30.940639,-29.952408],[30.94091,-29.952407],[30.94091,-29.952472],[30.940983,-29.952471],[30.940988,-29.95342],[30.94103,-29.953419],[30.941037,-29.954851],[30.940715,-29.954852],[30.940707,-29.953499],[30.940621,-29.95343],[30.940538,-29.953488],[30.940479,-29.953492],[30.940429,-29.953447],[30.940432,-29.953394],[30.940538,-29.953312],[30.940513,-29.953291],[30.940436,-29.953224],[30.939576,-29.953221]]]},"properties":{"Class":" "}},{"type":"Feature","geometry":{"type":"Polygon","coordinates":[[[30.940687,-29.95486],[30.941095,-29.954856],[30.941099,-29.955466],[30.941072,-29.955468],[30.941074,-29.955582],[30.941045,-29.955584],[30.941045,-29.955663],[30.941077,-29.955661],[30.941077,-29.955704],[30.941023,-29.95574],[30.940939,-29.955768],[30.940875,-29.955774],[30.940802,-29.955768],[30.940735,-29.955749],[30.940676,-29.955721],[30.940676,-29.95568],[30.940652,-29.95568],[30.940652,-29.955256],[30.940677,-29.955256],[30.940687,-29.95486]]]},"properties":{"Class":" "}},{"type":"Feature","geometry":{"type":"Polygon","coordinates":[[[30.934299,-29.953734],[30.934328,-29.953618],[30.935211,-29.953786],[30.935182,-29.953902],[30.934299,-29.953734]]]},"properties":{"Class":" "}},{"type":"Feature","geometry":{"type":"Polygon","coordinates":[[[30.934931,-29.955235],[30.934932,-29.955147],[30.934944,-29.955147],[30.934944,-29.955113],[30.93508,-29.955114],[30.935079,-29.955147],[30.935191,-29.955148],[30.935191,-29.955118],[30.935258,-29.955119],[30.935258,-29.95515],[30.935418,-29.955152],[30.935419,-29.955121],[30.935529,-29.955123],[30.935529,-29.955153],[30.935644,-29.955155],[30.935645,-29.955123],[30.935713,-29.955124],[30.935712,-29.955156],[30.935925,-29.955159],[30.935926,-29.955125],[30.936054,-29.955127],[30.936054,-29.95516],[30.936155,-29.955161],[30.936154,-29.955252],[30.934931,-29.955235]]]},"properties":{"Class":" "}},{"type":"Feature","geometry":{"type":"Polygon","coordinates":[[[30.935358,-29.953562],[30.937,-29.95358],[30.936997,-29.953826],[30.935354,-29.953808],[30.935358,-29.953562]]]},"properties":{"Class":" "}},{"type":"Feature","geometry":{"type":"Polygon","coordinates":[[[30.93461,-29.956268],[30.934691,-29.956124],[30.934963,-29.95624],[30.934935,-29.95629],[30.936502,-29.956958],[30.936449,-29.957052],[30.93461,-29.956268]]]},"properties":{"Class":" "}},{"type":"Feature","geometry":{"type":"Polygon","coordinates":[[[30.933582,-29.958756],[30.933112,-29.958657],[30.9333,-29.957988],[30.933769,-29.958088],[30.933582,-29.958756]]]},"properties":{"Class":" "}},{"type":"Feature","geometry":{"type":"Polygon","coordinates":[[[30.936056,-29.952209],[30.936513,-29.952293],[30.93649,-29.952384],[30.936309,-29.952351],[30.936296,-29.952402],[30.935986,-29.952345],[30.935996,-29.952304],[30.93621,-29.952343],[30.936213,-29.952334],[30.936034,-29.952301],[30.936056,-29.952209]]]},"properties":{"Class":" "}},{"type":"Feature","geometry":{"type":"Polygon","coordinates":[[[30.935947,-29.952281],[30.935961,-29.952213],[30.936038,-29.952226],[30.936024,-29.952293],[30.935947,-29.952281]]]},"properties":{"Class":" "}},{"type":"Feature","geometry":{"type":"Polygon","coordinates":[[[30.935676,-29.95225],[30.935689,-29.952197],[30.935847,-29.952226],[30.935834,-29.952279],[30.935676,-29.95225]]]},"properties":{"Class":" "}},{"type":"Feature","geometry":{"type":"Polygon","coordinates":[[[30.936406,-29.952997],[30.936409,-29.952752],[30.936785,-29.952756],[30.936784,-29.952804],[30.937175,-29.952808],[30.937172,-29.953006],[30.936406,-29.952997]]]},"properties":{"Class":" "}},{"type":"Feature","geometry":{"type":"Polygon","coordinates":[[[30.936842,-29.953387],[30.935465,-29.953371],[30.935469,-29.953125],[30.936846,-29.953141],[30.936842,-29.953387]]]},"properties":{"Class":" "}},{"type":"Feature","geometry":{"type":"Polygon","coordinates":[[[30.935308,-29.952507],[30.936395,-29.95272],[30.936379,-29.952937],[30.935176,-29.952699],[30.935201,-29.952601],[30.936309,-29.952818],[30.936312,-29.952805],[30.935283,-29.952604],[30.935308,-29.952507]]]},"properties":{"Class":" "}},{"type":"Feature","geometry":{"type":"Polygon","coordinates":[[[30.93497,-29.953012],[30.934993,-29.952921],[30.935443,-29.953008],[30.935419,-29.953099],[30.93497,-29.953012]]]},"properties":{"Class":" "}},{"type":"Feature","geometry":{"type":"Polygon","coordinates":[[[30.935,-29.952901],[30.935023,-29.95281],[30.935473,-29.952897],[30.93545,-29.952988],[30.935,-29.952901]]]},"properties":{"Class":" "}},{"type":"Feature","geometry":{"type":"Polygon","coordinates":[[[30.934937,-29.953126],[30.934961,-29.953034],[30.935411,-29.953121],[30.935387,-29.953213],[30.934937,-29.953126]]]},"properties":{"Class":" "}},{"type":"Feature","geometry":{"type":"Polygon","coordinates":[[[30.934911,-29.953239],[30.934934,-29.953148],[30.935384,-29.953235],[30.93536,-29.953326],[30.934911,-29.953239]]]},"properties":{"Class":" "}},{"type":"Feature","geometry":{"type":"Polygon","coordinates":[[[30.934882,-29.953351],[30.934906,-29.953259],[30.935356,-29.953346],[30.935332,-29.953438],[30.934882,-29.953351]]]},"properties":{"Class":" "}},{"type":"Feature","geometry":{"type":"Polygon","coordinates":[[[30.934851,-29.953464],[30.934875,-29.953373],[30.935325,-29.95346],[30.935301,-29.953551],[30.934851,-29.953464]]]},"properties":{"Class":" "}},{"type":"Feature","geometry":{"type":"Polygon","coordinates":[[[30.934822,-29.953579],[30.934845,-29.953488],[30.935295,-29.953575],[30.935272,-29.953666],[30.934822,-29.953579]]]},"properties":{"Class":" "}},{"type":"Feature","geometry":{"type":"Polygon","coordinates":[[[30.934793,-29.953689],[30.934817,-29.953597],[30.935267,-29.953684],[30.935243,-29.953775],[30.934793,-29.953689]]]},"properties":{"Class":" "}},{"type":"Feature","geometry":{"type":"Polygon","coordinates":[[[30.935859,-29.952272],[30.935936,-29.952283],[30.935918,-29.952374],[30.935841,-29.952363],[30.935859,-29.952272]]]},"properties":{"Class":" "}},{"type":"Feature","geometry":{"type":"Polygon","coordinates":[[[30.936979,-29.953325],[30.936986,-29.953132],[30.937058,-29.953134],[30.937058,-29.953128],[30.937111,-29.95313],[30.93711,-29.953171],[30.937073,-29.95317],[30.937067,-29.953328],[30.936979,-29.953325]]]},"properties":{"Class":" "}},{"type":"Feature","geometry":{"type":"Polygon","coordinates":[[[30.936371,-29.952691],[30.935328,-29.952491],[30.935341,-29.952439],[30.935403,-29.952451],[30.935414,-29.952407],[30.936404,-29.952597],[30.936403,-29.952599],[30.936485,-29.952615],[30.936461,-29.95271],[30.93637,-29.952693],[30.936371,-29.952691]]]},"properties":{"Class":" "}},{"type":"Feature","geometry":{"type":"Polygon","coordinates":[[[30.93632,-29.952945],[30.936354,-29.952952],[30.936341,-29.953002],[30.936356,-29.953005],[30.936349,-29.953031],[30.9363,-29.953022],[30.936296,-29.953035],[30.935652,-29.952907],[30.935636,-29.95297],[30.935603,-29.952963],[30.935614,-29.952924],[30.935469,-29.952895],[30.935474,-29.952877],[30.93503,-29.952789],[30.935055,-29.952694],[30.935089,-29.9527],[30.93632,-29.952945],[30.93632,-29.952945]]]},"properties":{"Class":" "}},{"type":"Feature","geometry":{"type":"Polygon","coordinates":[[[30.934732,-29.953944],[30.934756,-29.953853],[30.935206,-29.95394],[30.935182,-29.954031],[30.934732,-29.953944]]]},"properties":{"Class":" "}},{"type":"Feature","geometry":{"type":"Polygon","coordinates":[[[30.9347,-29.954057],[30.934723,-29.953965],[30.935173,-29.954052],[30.93515,-29.954144],[30.9347,-29.954057]]]},"properties":{"Class":" "}},{"type":"Feature","geometry":{"type":"Polygon","coordinates":[[[30.934673,-29.954168],[30.934697,-29.954077],[30.935147,-29.954164],[30.935123,-29.954255],[30.934673,-29.954168]]]},"properties":{"Class":" "}},{"type":"Feature","geometry":{"type":"Polygon","coordinates":[[[30.934645,-29.954284],[30.934668,-29.954193],[30.935118,-29.95428],[30.935095,-29.954371],[30.934645,-29.954284]]]},"properties":{"Class":" "}},{"type":"Feature","geometry":{"type":"Polygon","coordinates":[[[30.934609,-29.954397],[30.934633,-29.954305],[30.935083,-29.954392],[30.935059,-29.954484],[30.934609,-29.954397]]]},"properties":{"Class":" "}},{"type":"Feature","geometry":{"type":"Polygon","coordinates":[[[30.934584,-29.954509],[30.934607,-29.954418],[30.935057,-29.954505],[30.935034,-29.954596],[30.934584,-29.954509]]]},"properties":{"Class":" "}},{"type":"Feature","geometry":{"type":"Polygon","coordinates":[[[30.934556,-29.954622],[30.934579,-29.95453],[30.935029,-29.954617],[30.935006,-29.954709],[30.934556,-29.954622]]]},"properties":{"Class":" "}},{"type":"Feature","geometry":{"type":"Polygon","coordinates":[[[30.934529,-29.954736],[30.934552,-29.954644],[30.935002,-29.954731],[30.934979,-29.954823],[30.934529,-29.954736]]]},"properties":{"Class":" "}},{"type":"Feature","geometry":{"type":"Polygon","coordinates":[[[30.934498,-29.954846],[30.934521,-29.954754],[30.934971,-29.954841],[30.934948,-29.954933],[30.934498,-29.954846]]]},"properties":{"Class":" "}},{"type":"Feature","geometry":{"type":"Polygon","coordinates":[[[30.934464,-29.954962],[30.934488,-29.95487],[30.934938,-29.954957],[30.934914,-29.955049],[30.934464,-29.954962]]]},"properties":{"Class":" "}},{"type":"Feature","geometry":{"type":"Polygon","coordinates":[[[30.934438,-29.955071],[30.934461,-29.954979],[30.934911,-29.955066],[30.934887,-29.955158],[30.934438,-29.955071]]]},"properties":{"Class":" "}},{"type":"Feature","geometry":{"type":"Polygon","coordinates":[[[30.934409,-29.955188],[30.934432,-29.955096],[30.934882,-29.955183],[30.934859,-29.955275],[30.934409,-29.955188]]]},"properties":{"Class":" "}},{"type":"Feature","geometry":{"type":"Polygon","coordinates":[[[30.934375,-29.955301],[30.934398,-29.955209],[30.934848,-29.955296],[30.934824,-29.955388],[30.934375,-29.955301]]]},"properties":{"Class":" "}},{"type":"Feature","geometry":{"type":"Polygon","coordinates":[[[30.934341,-29.95541],[30.934364,-29.955318],[30.934814,-29.955405],[30.934791,-29.955497],[30.934341,-29.95541]]]},"properties":{"Class":" "}},{"type":"Feature","geometry":{"type":"Polygon","coordinates":[[[30.934311,-29.955525],[30.934335,-29.955433],[30.934784,-29.95552],[30.934761,-29.955612],[30.934311,-29.955525]]]},"properties":{"Class":" "}},{"type":"Feature","geometry":{"type":"Polygon","coordinates":[[[30.934282,-29.955639],[30.934305,-29.955547],[30.934755,-29.955634],[30.934731,-29.955726],[30.934282,-29.955639]]]},"properties":{"Class":" "}},{"type":"Feature","geometry":{"type":"Polygon","coordinates":[[[30.93422,-29.955865],[30.934243,-29.955773],[30.934693,-29.95586],[30.93467,-29.955952],[30.93422,-29.955865]]]},"properties":{"Class":" "}},{"type":"Feature","geometry":{"type":"Polygon","coordinates":[[[30.934289,-29.953902],[30.934312,-29.953814],[30.934599,-29.953872],[30.934617,-29.953805],[30.934735,-29.953829],[30.934693,-29.953984],[30.934289,-29.953902]]]},"properties":{"Class":" "}},{"type":"Feature","geometry":{"type":"Polygon","coordinates":[[[30.933939,-29.955471],[30.933971,-29.955359],[30.93416,-29.9554],[30.934168,-29.955372],[30.934319,-29.955404],[30.934312,-29.955428],[30.934269,-29.955419],[30.934248,-29.955493],[30.934121,-29.955465],[30.934109,-29.955508],[30.933939,-29.955471]]]},"properties":{"Class":" "}},{"type":"Feature","geometry":{"type":"Polygon","coordinates":[[[30.933775,-29.955898],[30.933744,-29.955894],[30.933688,-29.955866],[30.93364,-29.955801],[30.933629,-29.95573],[30.933653,-29.955659],[30.933696,-29.95561],[30.933768,-29.955576],[30.933834,-29.955562],[30.933915,-29.955584],[30.933973,-29.955613],[30.934019,-29.955679],[30.934029,-29.955746],[30.934011,-29.955804],[30.933995,-29.955834],[30.933978,-29.955863],[30.933942,-29.95588],[30.933824,-29.955767],[30.933832,-29.955738],[30.933823,-29.955724],[30.933803,-29.955722],[30.93379,-29.955725],[30.933786,-29.955744],[30.933788,-29.955745],[30.933782,-29.955821],[30.933775,-29.955898]]]},"properties":{"Class":" "}},{"type":"Feature","geometry":{"type":"Polygon","coordinates":[[[30.935267,-29.953941],[30.936516,-29.953954],[30.936512,-29.954201],[30.935263,-29.954187],[30.935267,-29.953941]]]},"properties":{"Class":" "}},{"type":"Feature","geometry":{"type":"Polygon","coordinates":[[[30.935151,-29.954378],[30.936398,-29.954393],[30.936394,-29.954637],[30.935147,-29.954622],[30.935151,-29.954378]]]},"properties":{"Class":" "}},{"type":"Feature","geometry":{"type":"Polygon","coordinates":[[[30.936315,-29.955014],[30.935048,-29.954998],[30.935052,-29.954759],[30.936319,-29.954774],[30.936315,-29.955014]]]},"properties":{"Class":" "}},{"type":"Feature","geometry":{"type":"Polygon","coordinates":[[[30.936729,-29.953999],[30.936824,-29.954018],[30.936757,-29.954277],[30.936661,-29.954258],[30.936729,-29.953999]]]},"properties":{"Class":" "}},{"type":"Feature","geometry":{"type":"Polygon","coordinates":[[[30.934728,-29.95575],[30.934809,-29.955766],[30.934785,-29.955856],[30.934705,-29.95584],[30.934705,-29.95584],[30.934255,-29.955754],[30.934278,-29.955662],[30.934728,-29.955749],[30.934728,-29.95575]]]},"properties":{"Class":" "}},{"type":"Feature","geometry":{"type":"Polygon","coordinates":[[[30.934193,-29.95598],[30.934216,-29.955888],[30.934666,-29.955975],[30.934643,-29.956067],[30.934193,-29.95598]]]},"properties":{"Class":" "}},{"type":"Feature","geometry":{"type":"Polygon","coordinates":[[[30.934162,-29.956092],[30.934185,-29.956001],[30.934635,-29.956088],[30.934612,-29.956179],[30.934162,-29.956092]]]},"properties":{"Class":" "}},{"type":"Feature","geometry":{"type":"Polygon","coordinates":[[[30.93413,-29.956206],[30.934153,-29.956115],[30.934603,-29.956201],[30.934579,-29.956293],[30.93413,-29.956206]]]},"properties":{"Class":" "}},{"type":"Feature","geometry":{"type":"Polygon","coordinates":[[[30.9341,-29.956317],[30.934123,-29.956226],[30.934573,-29.956313],[30.93455,-29.956404],[30.9341,-29.956317]]]},"properties":{"Class":" "}},{"type":"Feature","geometry":{"type":"Polygon","coordinates":[[[30.934865,-29.956655],[30.934951,-29.956499],[30.935009,-29.956523],[30.935029,-29.956488],[30.935164,-29.956544],[30.935144,-29.95658],[30.935337,-29.95666],[30.935252,-29.956816],[30.934865,-29.956655]]]},"properties":{"Class":" "}},{"type":"Feature","geometry":{"type":"Polygon","coordinates":[[[30.934548,-29.956421],[30.934531,-29.956485],[30.934087,-29.956396],[30.934104,-29.956333],[30.934548,-29.956421]]]},"properties":{"Class":" "}},{"type":"Feature","geometry":{"type":"Polygon","coordinates":[[[30.932549,-29.955893],[30.932674,-29.95589],[30.932675,-29.955919],[30.932731,-29.955918],[30.932737,-29.95612],[30.932669,-29.956121],[30.93267,-29.956146],[30.93288,-29.956141],[30.932885,-29.956307],[30.932561,-29.956314],[30.932549,-29.955893]]]},"properties":{"Class":" "}},{"type":"Feature","geometry":{"type":"Polygon","coordinates":[[[30.932536,-29.956666],[30.932505,-29.956707],[30.932456,-29.956679],[30.932486,-29.956638],[30.932536,-29.956666]]]},"properties":{"Class":" "}},{"type":"Feature","geometry":{"type":"Polygon","coordinates":[[[30.932474,-29.956628],[30.932458,-29.956651],[30.932419,-29.95663],[30.932436,-29.956607],[30.932474,-29.956628]]]},"properties":{"Class":" "}},{"type":"Feature","geometry":{"type":"Polygon","coordinates":[[[30.932224,-29.956567],[30.932237,-29.956532],[30.932424,-29.956586],[30.93241,-29.956621],[30.932224,-29.956567]]]},"properties":{"Class":" "}},{"type":"Feature","geometry":{"type":"Polygon","coordinates":[[[30.93273,-29.956842],[30.932521,-29.956706],[30.932569,-29.95665],[30.932778,-29.956786],[30.93273,-29.956842]]]},"properties":{"Class":" "}},{"type":"Feature","geometry":{"type":"Polygon","coordinates":[[[30.933915,-29.958141],[30.933924,-29.9581],[30.934052,-29.95812],[30.934043,-29.958161],[30.933915,-29.958141]]]},"properties":{"Class":" "}},{"type":"Feature","geometry":{"type":"Polygon","coordinates":[[[30.931907,-29.959411],[30.931975,-29.959341],[30.932038,-29.959388],[30.932027,-29.9594],[30.932054,-29.95942],[30.93202,-29.959454],[30.932012,-29.959448],[30.931988,-29.959472],[30.931907,-29.959411]]]},"properties":{"Class":" "}},{"type":"Feature","geometry":{"type":"Polygon","coordinates":[[[30.932107,-29.959558],[30.932038,-29.959492],[30.932101,-29.959442],[30.932123,-29.959463],[30.932148,-29.959444],[30.932195,-29.959489],[30.932107,-29.959558]]]},"properties":{"Class":" "}},{"type":"Feature","geometry":{"type":"Polygon","coordinates":[[[30.931889,-29.959646],[30.931938,-29.959574],[30.931932,-29.959571],[30.931945,-29.959552],[30.932004,-29.959582],[30.931996,-29.959594],[30.932061,-29.959628],[30.932007,-29.959707],[30.931889,-29.959646]]]},"properties":{"Class":" "}},{"type":"Feature","geometry":{"type":"Polygon","coordinates":[[[30.932039,-29.959724],[30.932086,-29.959632],[30.932153,-29.959659],[30.932164,-29.959637],[30.932203,-29.959652],[30.932181,-29.959694],[30.932213,-29.959707],[30.932183,-29.959765],[30.932148,-29.959751],[30.932142,-29.959764],[30.932039,-29.959724]]]},"properties":{"Class":" "}},{"type":"Feature","geometry":{"type":"Polygon","coordinates":[[[30.932343,-29.959686],[30.932372,-29.959629],[30.932423,-29.959648],[30.932426,-29.959642],[30.932467,-29.959657],[30.932436,-29.95972],[30.932343,-29.959686]]]},"properties":{"Class":" "}},{"type":"Feature","geometry":{"type":"Polygon","coordinates":[[[30.932298,-29.959828],[30.932339,-29.959748],[30.932418,-29.959779],[30.932378,-29.959858],[30.932298,-29.959828]]]},"properties":{"Class":" "}},{"type":"Feature","geometry":{"type":"Polygon","coordinates":[[[30.932532,-29.959642],[30.932601,-29.959671],[30.932562,-29.959742],[30.93257,-29.959746],[30.932539,-29.959802],[30.932476,-29.959776],[30.932483,-29.959764],[30.932468,-29.959758],[30.932532,-29.959642]]]},"properties":{"Class":" "}},{"type":"Feature","geometry":{"type":"Polygon","coordinates":[[[30.932569,-29.959811],[30.932599,-29.95972],[30.932635,-29.959729],[30.932643,-29.959704],[30.932702,-29.959718],[30.932692,-29.959747],[30.932721,-29.959754],[30.932692,-29.959841],[30.932569,-29.959811]]]},"properties":{"Class":" "}},{"type":"Feature","geometry":{"type":"Polygon","coordinates":[[[30.932718,-29.959845],[30.932745,-29.959774],[30.932825,-29.959797],[30.932798,-29.959868],[30.932718,-29.959845]]]},"properties":{"Class":" "}},{"type":"Feature","geometry":{"type":"Polygon","coordinates":[[[30.932852,-29.959906],[30.932858,-29.959892],[30.932826,-29.959882],[30.932849,-29.959827],[30.932873,-29.959835],[30.932879,-29.959821],[30.933,-29.95986],[30.932965,-29.959943],[30.932852,-29.959906]]]},"properties":{"Class":" "}},{"type":"Feature","geometry":{"type":"Polygon","coordinates":[[[30.932385,-29.959916],[30.932424,-29.959817],[30.932489,-29.959836],[30.932491,-29.959832],[30.932538,-29.959846],[30.932501,-29.959941],[30.932425,-29.959918],[30.932422,-29.959927],[30.932385,-29.959916]]]},"properties":{"Class":" "}},{"type":"Feature","geometry":{"type":"Polygon","coordinates":[[[30.932541,-29.959889],[30.93264,-29.959928],[30.932617,-29.959972],[30.932518,-29.959933],[30.932541,-29.959889]]]},"properties":{"Class":" "}},{"type":"Feature","geometry":{"type":"Polygon","coordinates":[[[30.932647,-29.95998],[30.932671,-29.959913],[30.932784,-29.959944],[30.93276,-29.960011],[30.932647,-29.95998]]]},"properties":{"Class":" "}},{"type":"Feature","geometry":{"type":"Polygon","coordinates":[[[30.933031,-29.960092],[30.932919,-29.960053],[30.932948,-29.959988],[30.933061,-29.960028],[30.933031,-29.960092]]]},"properties":{"Class":" "}},{"type":"Feature","geometry":{"type":"Polygon","coordinates":[[[30.933188,-29.960134],[30.933061,-29.960089],[30.933093,-29.960021],[30.93322,-29.960067],[30.933188,-29.960134]]]},"properties":{"Class":" "}},{"type":"Feature","geometry":{"type":"Polygon","coordinates":[[[30.933121,-29.959877],[30.933276,-29.959923],[30.933245,-29.960003],[30.93309,-29.959958],[30.933121,-29.959877]]]},"properties":{"Class":" "}},{"type":"Feature","geometry":{"type":"Polygon","coordinates":[[[30.933249,-29.960058],[30.93336,-29.960085],[30.933332,-29.960173],[30.933285,-29.960162],[30.933287,-29.960156],[30.933223,-29.96014],[30.933249,-29.960058]]]},"properties":{"Class":" "}},{"type":"Feature","geometry":{"type":"Polygon","coordinates":[[[30.933388,-29.960117],[30.933477,-29.960141],[30.933457,-29.960198],[30.933368,-29.960174],[30.933388,-29.960117]]]},"properties":{"Class":" "}},{"type":"Feature","geometry":{"type":"Polygon","coordinates":[[[30.93352,-29.960074],[30.933403,-29.960032],[30.933438,-29.959956],[30.93349,-29.959975],[30.933484,-29.959986],[30.933501,-29.959992],[30.933505,-29.959984],[30.933525,-29.959992],[30.933519,-29.960005],[30.933548,-29.960015],[30.93352,-29.960074]]]},"properties":{"Class":" "}},{"type":"Feature","geometry":{"type":"Polygon","coordinates":[[[30.933514,-29.960232],[30.933541,-29.960123],[30.933627,-29.960139],[30.9336,-29.960248],[30.933514,-29.960232]]]},"properties":{"Class":" "}},{"type":"Feature","geometry":{"type":"Polygon","coordinates":[[[30.933718,-29.960093],[30.933633,-29.960085],[30.933642,-29.960008],[30.933727,-29.960016],[30.933718,-29.960093]]]},"properties":{"Class":" "}},{"type":"Feature","geometry":{"type":"Polygon","coordinates":[[[30.933798,-29.9601],[30.9338,-29.960008],[30.93385,-29.960011],[30.933849,-29.96003],[30.933881,-29.960031],[30.93388,-29.960046],[30.933912,-29.960047],[30.933909,-29.960104],[30.933798,-29.9601]]]},"properties":{"Class":" "}},{"type":"Feature","geometry":{"type":"Polygon","coordinates":[[[30.933647,-29.960201],[30.933733,-29.960212],[30.933727,-29.960249],[30.93364,-29.960238],[30.933647,-29.960201]]]},"properties":{"Class":" "}},{"type":"Feature","geometry":{"type":"Polygon","coordinates":[[[30.933956,-29.960249],[30.93395,-29.960169],[30.933999,-29.960167],[30.934,-29.960177],[30.934051,-29.960174],[30.934055,-29.960244],[30.933956,-29.960249]]]},"properties":{"Class":" "}},{"type":"Feature","geometry":{"type":"Polygon","coordinates":[[[30.934085,-29.960177],[30.934229,-29.960146],[30.934247,-29.960211],[30.934123,-29.960237],[30.934114,-29.960203],[30.934094,-29.960208],[30.934085,-29.960177]]]},"properties":{"Class":" "}},{"type":"Feature","geometry":{"type":"Polygon","coordinates":[[[30.934103,-29.960117],[30.934108,-29.960029],[30.934154,-29.960031],[30.934153,-29.960039],[30.934218,-29.960042],[30.934214,-29.960122],[30.934103,-29.960117]]]},"properties":{"Class":" "}},{"type":"Feature","geometry":{"type":"Polygon","coordinates":[[[30.934708,-29.960015],[30.934807,-29.960017],[30.934807,-29.96002],[30.934871,-29.96002],[30.93487,-29.960079],[30.934805,-29.960078],[30.934805,-29.960086],[30.934725,-29.960085],[30.934725,-29.960058],[30.934708,-29.960058],[30.934708,-29.960015]]]},"properties":{"Class":" "}},{"type":"Feature","geometry":{"type":"Polygon","coordinates":[[[30.934585,-29.96013],[30.934423,-29.960151],[30.934418,-29.960116],[30.934407,-29.960117],[30.934399,-29.960068],[30.934463,-29.960059],[30.934466,-29.960077],[30.934512,-29.960071],[30.934518,-29.960103],[30.934579,-29.960095],[30.934585,-29.96013]]]},"properties":{"Class":" "}},{"type":"Feature","geometry":{"type":"Polygon","coordinates":[[[30.932118,-29.959915],[30.932068,-29.960005],[30.931973,-29.959965],[30.932005,-29.959907],[30.932058,-29.959929],[30.932075,-29.959897],[30.932118,-29.959915]]]},"properties":{"Class":" "}},{"type":"Feature","geometry":{"type":"Polygon","coordinates":[[[30.932202,-29.960356],[30.932218,-29.960289],[30.93226,-29.960297],[30.932265,-29.960276],[30.932334,-29.960289],[30.932337,-29.960278],[30.93238,-29.960286],[30.932356,-29.960385],[30.932202,-29.960356]]]},"properties":{"Class":" "}},{"type":"Feature","geometry":{"type":"Polygon","coordinates":[[[30.93228,-29.960064],[30.93239,-29.960085],[30.932374,-29.96015],[30.932264,-29.96013],[30.93228,-29.960064]]]},"properties":{"Class":" "}},{"type":"Feature","geometry":{"type":"Polygon","coordinates":[[[30.932513,-29.960221],[30.932429,-29.960209],[30.932439,-29.960161],[30.932416,-29.960158],[30.932425,-29.960106],[30.932532,-29.960122],[30.932513,-29.960221]]]},"properties":{"Class":" "}},{"type":"Feature","geometry":{"type":"Polygon","coordinates":[[[30.932401,-29.960369],[30.932413,-29.960299],[30.932539,-29.960315],[30.932526,-29.960386],[30.932401,-29.960369]]]},"properties":{"Class":" "}},{"type":"Feature","geometry":{"type":"Polygon","coordinates":[[[30.932634,-29.960414],[30.932561,-29.960397],[30.932565,-29.960383],[30.93255,-29.96038],[30.93256,-29.960346],[30.932568,-29.960348],[30.932587,-29.960288],[30.932627,-29.960298],[30.93263,-29.96029],[30.93267,-29.960299],[30.932634,-29.960414]]]},"properties":{"Class":" "}},{"type":"Feature","geometry":{"type":"Polygon","coordinates":[[[30.932603,-29.960222],[30.932621,-29.960158],[30.932671,-29.960168],[30.932673,-29.960161],[30.932717,-29.96017],[30.932697,-29.960242],[30.932603,-29.960222]]]},"properties":{"Class":" "}},{"type":"Feature","geometry":{"type":"Polygon","coordinates":[[[30.93288,-29.96021],[30.932849,-29.960338],[30.932769,-29.960323],[30.932791,-29.96023],[30.932777,-29.960228],[30.932786,-29.960193],[30.93288,-29.96021]]]},"properties":{"Class":" "}},{"type":"Feature","geometry":{"type":"Polygon","coordinates":[[[30.932874,-29.9604],[30.932897,-29.960267],[30.932956,-29.960275],[30.93295,-29.960308],[30.93299,-29.960313],[30.932981,-29.960366],[30.932969,-29.960365],[30.932961,-29.960411],[30.932874,-29.9604]]]},"properties":{"Class":" "}},{"type":"Feature","geometry":{"type":"Polygon","coordinates":[[[30.933242,-29.960366],[30.933319,-29.960383],[30.933287,-29.960491],[30.93321,-29.960474],[30.933242,-29.960366]]]},"properties":{"Class":" "}},{"type":"Feature","geometry":{"type":"Polygon","coordinates":[[[30.933117,-29.960411],[30.933077,-29.960508],[30.933035,-29.960495],[30.93304,-29.960482],[30.932978,-29.960462],[30.932994,-29.960423],[30.933017,-29.96043],[30.933027,-29.960406],[30.933069,-29.960419],[30.933077,-29.960399],[30.933117,-29.960411]]]},"properties":{"Class":" "}},{"type":"Feature","geometry":{"type":"Polygon","coordinates":[[[30.933147,-29.960363],[30.933128,-29.960359],[30.933124,-29.96037],[30.933055,-29.960354],[30.933058,-29.960342],[30.933026,-29.960334],[30.93305,-29.960255],[30.933093,-29.960265],[30.933091,-29.960273],[30.933127,-29.960281],[30.93313,-29.960269],[30.933173,-29.960279],[30.933147,-29.960363]]]},"properties":{"Class":" "}},{"type":"Feature","geometry":{"type":"Polygon","coordinates":[[[30.933521,-29.960448],[30.933528,-29.960367],[30.933625,-29.960373],[30.933619,-29.960454],[30.933521,-29.960448]]]},"properties":{"Class":" "}},{"type":"Feature","geometry":{"type":"Polygon","coordinates":[[[30.933953,-29.960543],[30.933942,-29.960454],[30.933992,-29.96045],[30.933995,-29.960468],[30.93403,-29.960464],[30.934032,-29.960478],[30.934065,-29.960474],[30.934073,-29.960531],[30.933953,-29.960543]]]},"properties":{"Class":" "}},{"type":"Feature","geometry":{"type":"Polygon","coordinates":[[[30.934239,-29.960433],[30.934405,-29.960427],[30.934409,-29.960508],[30.934372,-29.960509],[30.934373,-29.960513],[30.934317,-29.960516],[30.934316,-29.960505],[30.934291,-29.960506],[30.934291,-29.960515],[30.934243,-29.960517],[30.934239,-29.960433]]]},"properties":{"Class":" "}},{"type":"Feature","geometry":{"type":"Polygon","coordinates":[[[30.934121,-29.960519],[30.934119,-29.9605],[30.934134,-29.960499],[30.934131,-29.960467],[30.934224,-29.960459],[30.934229,-29.96051],[30.934121,-29.960519]]]},"properties":{"Class":" "}},{"type":"Feature","geometry":{"type":"Polygon","coordinates":[[[30.934596,-29.960489],[30.934597,-29.960423],[30.934642,-29.960423],[30.934642,-29.960435],[30.934712,-29.960436],[30.934712,-29.96049],[30.934596,-29.960489]]]},"properties":{"Class":" "}},{"type":"Feature","geometry":{"type":"Polygon","coordinates":[[[30.934771,-29.960486],[30.934776,-29.960423],[30.934823,-29.960425],[30.934824,-29.960413],[30.93488,-29.960416],[30.934879,-29.960431],[30.934915,-29.960433],[30.93491,-29.960503],[30.934871,-29.960501],[30.934872,-29.960491],[30.934771,-29.960486]]]},"properties":{"Class":" "}},{"type":"Feature","geometry":{"type":"Polygon","coordinates":[[[30.934845,-29.960341],[30.934844,-29.960324],[30.934772,-29.960325],[30.93477,-29.960265],[30.934832,-29.960263],[30.934832,-29.960249],[30.93488,-29.960248],[30.93488,-29.96026],[30.934948,-29.960258],[30.934951,-29.960314],[30.934931,-29.960315],[30.934932,-29.960338],[30.934845,-29.960341]]]},"properties":{"Class":" "}},{"type":"Feature","geometry":{"type":"Polygon","coordinates":[[[30.935033,-29.960318],[30.934989,-29.960236],[30.935029,-29.960219],[30.935034,-29.960227],[30.935064,-29.960214],[30.935071,-29.960226],[30.935117,-29.960207],[30.935152,-29.96027],[30.935033,-29.960318]]]},"properties":{"Class":" "}},{"type":"Feature","geometry":{"type":"Polygon","coordinates":[[[30.939037,-29.955407],[30.939039,-29.954869],[30.939347,-29.95487],[30.939347,-29.954909],[30.939368,-29.954909],[30.939367,-29.954989],[30.939348,-29.954989],[30.939347,-29.955408],[30.939037,-29.955407]]]},"properties":{"Class":" "}},{"type":"Feature","geometry":{"type":"Polygon","coordinates":[[[30.93985,-29.956587],[30.939838,-29.956374],[30.939975,-29.956369],[30.939986,-29.956581],[30.93985,-29.956587]]]},"properties":{"Class":" "}},{"type":"Feature","geometry":{"type":"Polygon","coordinates":[[[30.938872,-29.956691],[30.939011,-29.956688],[30.939013,-29.956774],[30.938874,-29.956776],[30.938872,-29.956691]]]},"properties":{"Class":" "}},{"type":"Feature","geometry":{"type":"Polygon","coordinates":[[[30.937463,-29.956329],[30.937459,-29.956234],[30.937516,-29.956233],[30.93752,-29.956327],[30.937463,-29.956329]]]},"properties":{"Class":" "}},{"type":"Feature","geometry":{"type":"Polygon","coordinates":[[[30.940276,-29.958192],[30.940195,-29.958187],[30.940203,-29.958083],[30.940154,-29.95808],[30.940156,-29.95805],[30.940206,-29.958053],[30.940213,-29.957961],[30.940144,-29.957957],[30.940151,-29.95787],[30.940219,-29.957874],[30.940226,-29.957778],[30.940178,-29.957775],[30.94018,-29.957749],[30.940229,-29.957752],[30.940237,-29.957651],[30.940319,-29.957656],[30.940276,-29.958192]]]},"properties":{"Class":" "}},{"type":"Feature","geometry":{"type":"Polygon","coordinates":[[[30.93968,-29.958269],[30.939601,-29.958251],[30.939632,-29.958149],[30.939585,-29.958138],[30.939593,-29.958109],[30.939641,-29.95812],[30.939668,-29.958032],[30.939601,-29.958016],[30.939627,-29.957932],[30.939692,-29.957947],[30.939721,-29.957853],[30.939674,-29.957843],[30.939682,-29.957818],[30.939729,-29.957829],[30.939758,-29.95773],[30.939838,-29.957748],[30.93968,-29.958269]]]},"properties":{"Class":" "}},{"type":"Feature","geometry":{"type":"Polygon","coordinates":[[[30.940146,-29.958898],[30.940067,-29.958881],[30.940096,-29.958779],[30.940049,-29.958769],[30.940057,-29.95874],[30.940105,-29.95875],[30.94013,-29.958661],[30.940063,-29.958647],[30.940087,-29.958562],[30.940153,-29.958576],[30.940179,-29.958482],[30.940132,-29.958472],[30.940139,-29.958447],[30.940187,-29.958457],[30.940215,-29.958358],[30.940294,-29.958375],[30.940146,-29.958898]]]},"properties":{"Class":" "}},{"type":"Feature","geometry":{"type":"Polygon","coordinates":[[[30.939151,-29.959153],[30.93908,-29.959119],[30.939138,-29.959027],[30.939095,-29.959006],[30.939112,-29.95898],[30.939155,-29.959001],[30.939206,-29.958921],[30.939145,-29.958892],[30.939194,-29.958815],[30.939253,-29.958844],[30.939307,-29.958759],[30.939264,-29.958739],[30.939279,-29.958716],[30.939321,-29.958736],[30.939378,-29.958647],[30.939449,-29.958682],[30.939151,-29.959153]]]},"properties":{"Class":" "}},{"type":"Feature","geometry":{"type":"Polygon","coordinates":[[[30.939489,-29.959333],[30.939414,-29.959306],[30.93946,-29.959209],[30.939415,-29.959193],[30.939428,-29.959165],[30.939473,-29.959182],[30.939514,-29.959097],[30.93945,-29.959074],[30.939488,-29.958994],[30.93955,-29.959016],[30.939593,-29.958926],[30.939548,-29.95891],[30.93956,-29.958887],[30.939605,-29.958903],[30.939649,-29.958809],[30.939725,-29.958836],[30.939489,-29.959333]]]},"properties":{"Class":" "}},{"type":"Feature","geometry":{"type":"Polygon","coordinates":[[[30.939957,-29.959526],[30.939878,-29.959508],[30.939909,-29.959406],[30.939862,-29.959395],[30.939871,-29.959366],[30.939919,-29.959377],[30.939946,-29.959289],[30.939879,-29.959273],[30.939905,-29.959189],[30.93997,-29.959204],[30.939999,-29.959111],[30.939953,-29.9591],[30.93996,-29.959075],[30.940007,-29.959086],[30.940037,-29.958988],[30.940116,-29.959006],[30.939957,-29.959526]]]},"properties":{"Class":" "}},{"type":"Feature","geometry":{"type":"Polygon","coordinates":[[[30.938732,-29.959791],[30.938652,-29.959778],[30.938673,-29.959675],[30.938625,-29.959667],[30.938631,-29.959638],[30.93868,-29.959645],[30.938699,-29.959555],[30.938631,-29.959544],[30.938649,-29.959459],[30.938715,-29.959469],[30.938735,-29.959374],[30.938688,-29.959366],[30.938693,-29.959341],[30.938741,-29.959349],[30.938762,-29.959249],[30.938843,-29.959261],[30.938732,-29.959791]]]},"properties":{"Class":" "}},{"type":"Feature","geometry":{"type":"Polygon","coordinates":[[[30.93921,-29.959952],[30.939132,-29.959933],[30.939164,-29.959832],[30.939117,-29.95982],[30.939126,-29.959791],[30.939174,-29.959803],[30.939202,-29.959714],[30.939136,-29.959698],[30.939163,-29.959614],[30.939228,-29.95963],[30.939258,-29.959537],[30.939211,-29.959526],[30.939219,-29.959501],[30.939266,-29.959512],[30.939298,-29.959414],[30.939377,-29.959434],[30.93921,-29.959952]]]},"properties":{"Class":" "}},{"type":"Feature","geometry":{"type":"Polygon","coordinates":[[[30.939823,-29.96013],[30.939743,-29.960116],[30.939767,-29.960013],[30.939719,-29.960005],[30.939725,-29.959976],[30.939774,-29.959984],[30.939794,-29.959894],[30.939727,-29.959882],[30.939746,-29.959797],[30.939813,-29.959808],[30.939834,-29.959713],[30.939787,-29.959705],[30.939793,-29.95968],[30.939841,-29.959688],[30.939864,-29.959589],[30.939944,-29.959602],[30.939823,-29.96013]]]},"properties":{"Class":" "}},{"type":"Feature","geometry":{"type":"Polygon","coordinates":[[[30.938769,-29.960494],[30.938688,-29.960498],[30.93868,-29.960393],[30.938631,-29.960396],[30.938629,-29.960366],[30.938678,-29.960363],[30.938672,-29.960272],[30.938603,-29.960276],[30.938597,-29.960189],[30.938664,-29.960185],[30.938657,-29.960088],[30.938609,-29.960091],[30.938607,-29.960065],[30.938656,-29.960063],[30.938649,-29.959961],[30.93873,-29.959957],[30.938769,-29.960494]]]},"properties":{"Class":" "}},{"type":"Feature","geometry":{"type":"Polygon","coordinates":[[[30.938313,-29.95993],[30.938232,-29.959922],[30.938246,-29.959818],[30.938198,-29.959813],[30.938202,-29.959783],[30.938251,-29.959788],[30.938263,-29.959697],[30.938195,-29.95969],[30.938206,-29.959603],[30.938273,-29.95961],[30.938286,-29.959514],[30.938239,-29.959509],[30.938242,-29.959484],[30.93829,-29.959489],[30.938304,-29.959387],[30.938385,-29.959396],[30.938313,-29.95993]]]},"properties":{"Class":" "}},{"type":"Feature","geometry":{"type":"Polygon","coordinates":[[[30.938222,-29.960588],[30.938141,-29.960587],[30.938144,-29.960482],[30.938095,-29.96048],[30.938096,-29.960451],[30.938145,-29.960452],[30.938148,-29.96036],[30.938079,-29.960358],[30.938082,-29.960271],[30.938149,-29.960273],[30.938153,-29.960176],[30.938104,-29.960175],[30.938105,-29.960149],[30.938154,-29.96015],[30.938157,-29.960049],[30.938239,-29.960051],[30.938222,-29.960588]]]},"properties":{"Class":" "}},{"type":"Feature","geometry":{"type":"Polygon","coordinates":[[[30.938243,-29.961207],[30.938161,-29.961209],[30.938158,-29.961104],[30.938109,-29.961105],[30.938108,-29.961075],[30.938157,-29.961074],[30.938154,-29.960982],[30.938085,-29.960984],[30.938082,-29.960897],[30.93815,-29.960895],[30.938146,-29.960798],[30.938098,-29.9608],[30.938097,-29.960774],[30.938146,-29.960773],[30.938142,-29.960671],[30.938224,-29.960669],[30.938243,-29.961207]]]},"properties":{"Class":" "}},{"type":"Feature","geometry":{"type":"Polygon","coordinates":[[[30.939119,-29.961382],[30.939041,-29.961402],[30.939007,-29.961301],[30.93896,-29.961313],[30.93895,-29.961285],[30.938997,-29.961272],[30.938967,-29.961184],[30.938901,-29.961201],[30.938873,-29.961118],[30.938938,-29.961101],[30.938906,-29.961008],[30.93886,-29.96102],[30.938852,-29.960996],[30.938898,-29.960984],[30.938865,-29.960886],[30.938944,-29.960866],[30.939119,-29.961382]]]},"properties":{"Class":" "}},{"type":"Feature","geometry":{"type":"Polygon","coordinates":[[[30.939412,-29.960817],[30.939341,-29.960607],[30.939435,-29.960583],[30.939506,-29.960793],[30.939412,-29.960817]]]},"properties":{"Class":" "}},{"type":"Feature","geometry":{"type":"Polygon","coordinates":[[[30.93951,-29.961125],[30.939439,-29.960915],[30.939533,-29.960891],[30.939604,-29.961101],[30.93951,-29.961125]]]},"properties":{"Class":" "}},{"type":"Feature","geometry":{"type":"Polygon","coordinates":[[[30.939677,-29.960443],[30.939686,-29.960224],[30.939784,-29.960227],[30.939775,-29.960446],[30.939677,-29.960443]]]},"properties":{"Class":" "}},{"type":"Feature","geometry":{"type":"Polygon","coordinates":[[[30.939661,-29.960761],[30.93967,-29.960542],[30.939768,-29.960545],[30.93976,-29.960764],[30.939661,-29.960761]]]},"properties":{"Class":" "}},{"type":"Feature","geometry":{"type":"Polygon","coordinates":[[[30.939648,-29.960534],[30.93965,-29.960453],[30.939806,-29.960457],[30.939803,-29.960538],[30.939648,-29.960534]]]},"properties":{"Class":" "}},{"type":"Feature","geometry":{"type":"Polygon","coordinates":[[[30.939417,-29.960911],[30.93939,-29.960834],[30.939539,-29.960795],[30.939566,-29.960872],[30.939417,-29.960911]]]},"properties":{"Class":" "}},{"type":"Feature","geometry":{"type":"Polygon","coordinates":[[[30.938799,-29.958429],[30.938859,-29.958384],[30.938878,-29.958403],[30.938885,-29.958398],[30.938991,-29.958505],[30.938985,-29.95851],[30.939003,-29.958528],[30.938942,-29.958573],[30.938799,-29.958429]]]},"properties":{"Class":" "}},{"type":"Feature","geometry":{"type":"Polygon","coordinates":[[[30.938466,-29.95868],[30.938526,-29.958635],[30.938545,-29.958655],[30.938551,-29.95865],[30.938657,-29.958757],[30.938651,-29.958761],[30.938669,-29.958779],[30.938609,-29.958825],[30.938466,-29.95868]]]},"properties":{"Class":" "}},{"type":"Feature","geometry":{"type":"Polygon","coordinates":[[[30.939148,-29.958167],[30.939207,-29.958122],[30.939226,-29.958142],[30.939233,-29.958137],[30.939339,-29.958244],[30.939333,-29.958248],[30.939351,-29.958266],[30.93929,-29.958312],[30.939148,-29.958167]]]},"properties":{"Class":" "}},{"type":"Feature","geometry":{"type":"Polygon","coordinates":[[[30.938136,-29.958936],[30.938195,-29.958891],[30.938214,-29.95891],[30.938221,-29.958905],[30.938327,-29.959013],[30.938321,-29.959017],[30.938339,-29.959035],[30.938278,-29.95908],[30.938136,-29.958936]]]},"properties":{"Class":" "}},{"type":"Feature","geometry":{"type":"Polygon","coordinates":[[[30.937818,-29.959177],[30.937878,-29.959133],[30.937897,-29.959152],[30.937903,-29.959147],[30.938009,-29.959254],[30.938003,-29.959259],[30.938021,-29.959277],[30.937961,-29.959322],[30.937818,-29.959177]]]},"properties":{"Class":" "}},{"type":"Feature","geometry":{"type":"Polygon","coordinates":[[[30.938405,-29.958731],[30.938548,-29.958875],[30.938488,-29.95892],[30.93847,-29.958902],[30.938464,-29.958907],[30.938358,-29.9588],[30.938365,-29.958795],[30.938346,-29.958775],[30.938405,-29.958731]]]},"properties":{"Class":" "}},{"type":"Feature","geometry":{"type":"Polygon","coordinates":[[[30.938087,-29.958971],[30.93823,-29.959115],[30.938169,-29.959161],[30.938151,-29.959143],[30.938145,-29.959147],[30.938039,-29.95904],[30.938046,-29.959035],[30.938027,-29.959016],[30.938087,-29.958971]]]},"properties":{"Class":" "}},{"type":"Feature","geometry":{"type":"Polygon","coordinates":[[[30.938736,-29.958478],[30.938879,-29.958622],[30.938818,-29.958668],[30.938801,-29.95865],[30.938794,-29.958654],[30.938688,-29.958547],[30.938695,-29.958542],[30.938676,-29.958523],[30.938736,-29.958478]]]},"properties":{"Class":" "}},{"type":"Feature","geometry":{"type":"Polygon","coordinates":[[[30.939074,-29.958224],[30.939217,-29.958368],[30.939156,-29.958414],[30.939138,-29.958396],[30.939132,-29.9584],[30.939026,-29.958293],[30.939033,-29.958288],[30.939014,-29.958269],[30.939074,-29.958224]]]},"properties":{"Class":" "}},{"type":"Feature","geometry":{"type":"Polygon","coordinates":[[[30.938449,-29.95857],[30.938612,-29.958443],[30.938665,-29.958495],[30.938645,-29.958511],[30.93865,-29.958516],[30.938529,-29.95861],[30.938523,-29.958604],[30.938501,-29.958621],[30.938449,-29.95857]]]},"properties":{"Class":" "}},{"type":"Feature","geometry":{"type":"Polygon","coordinates":[[[30.938779,-29.958317],[30.938943,-29.958191],[30.938996,-29.958243],[30.938975,-29.958259],[30.938981,-29.958264],[30.938859,-29.958358],[30.938853,-29.958352],[30.938831,-29.958369],[30.938779,-29.958317]]]},"properties":{"Class":" "}},{"type":"Feature","geometry":{"type":"Polygon","coordinates":[[[30.939129,-29.958057],[30.939292,-29.95793],[30.939345,-29.957982],[30.939325,-29.957998],[30.93933,-29.958003],[30.939209,-29.958097],[30.939203,-29.958091],[30.939181,-29.958108],[30.939129,-29.958057]]]},"properties":{"Class":" "}},{"type":"Feature","geometry":{"type":"Polygon","coordinates":[[[30.938109,-29.958827],[30.938273,-29.958701],[30.938326,-29.958753],[30.938305,-29.958768],[30.938311,-29.958774],[30.938189,-29.958867],[30.938183,-29.958862],[30.938161,-29.958878],[30.938109,-29.958827]]]},"properties":{"Class":" "}},{"type":"Feature","geometry":{"type":"Polygon","coordinates":[[[30.93779,-29.959069],[30.937954,-29.958943],[30.938007,-29.958995],[30.937987,-29.959011],[30.937992,-29.959016],[30.93787,-29.95911],[30.937864,-29.959104],[30.937843,-29.959121],[30.93779,-29.959069]]]},"properties":{"Class":" "}},{"type":"Feature","geometry":{"type":"Polygon","coordinates":[[[30.939408,-29.957953],[30.93955,-29.958097],[30.93949,-29.958142],[30.939472,-29.958124],[30.939466,-29.958129],[30.93936,-29.958022],[30.939367,-29.958017],[30.939348,-29.957997],[30.939408,-29.957953]]]},"properties":{"Class":" "}},{"type":"Feature","geometry":{"type":"Polygon","coordinates":[[[30.936284,-29.960507],[30.936302,-29.96053],[30.936402,-29.960471],[30.936451,-29.960535],[30.936249,-29.960654],[30.936199,-29.96059],[30.936276,-29.960545],[30.936258,-29.960522],[30.935941,-29.960704],[30.935893,-29.960641],[30.935972,-29.960596],[30.935955,-29.960574],[30.935851,-29.960634],[30.935801,-29.960568],[30.936006,-29.96045],[30.936054,-29.960514],[30.935979,-29.960557],[30.935996,-29.96058],[30.936308,-29.9604],[30.936312,-29.960398],[30.936361,-29.960462],[30.936284,-29.960507]]]},"properties":{"Class":" "}},{"type":"Feature","geometry":{"type":"Polygon","coordinates":[[[30.936653,-29.960666],[30.937047,-29.960441],[30.937032,-29.960421],[30.936934,-29.960477],[30.936879,-29.960405],[30.937082,-29.960289],[30.937139,-29.960363],[30.937066,-29.960405],[30.937079,-29.960422],[30.937177,-29.960365],[30.93723,-29.960435],[30.937025,-29.960552],[30.937027,-29.960556],[30.936949,-29.9606],[30.936964,-29.96062],[30.937065,-29.960562],[30.937117,-29.960631],[30.936907,-29.960751],[30.936856,-29.960682],[30.936931,-29.960639],[30.936916,-29.960619],[30.936604,-29.960799],[30.93655,-29.960728],[30.936629,-29.960683],[30.936616,-29.960667],[30.936515,-29.960725],[30.936462,-29.960655],[30.936665,-29.960539],[30.936716,-29.960606],[30.93664,-29.960649],[30.936653,-29.960666]]]},"properties":{"Class":" "}},{"type":"Feature","geometry":{"type":"Polygon","coordinates":[[[30.937214,-29.959574],[30.937608,-29.959348],[30.937593,-29.959328],[30.937495,-29.959385],[30.93744,-29.959312],[30.937643,-29.959196],[30.937699,-29.95927],[30.937626,-29.959312],[30.937639,-29.959329],[30.937738,-29.959273],[30.93779,-29.959342],[30.937585,-29.95946],[30.937588,-29.959463],[30.937509,-29.959508],[30.937524,-29.959527],[30.937625,-29.959469],[30.937677,-29.959538],[30.937468,-29.959658],[30.937416,-29.959589],[30.937492,-29.959546],[30.937477,-29.959527],[30.937164,-29.959706],[30.937111,-29.959636],[30.937189,-29.959591],[30.937177,-29.959574],[30.937075,-29.959632],[30.937023,-29.959562],[30.937225,-29.959446],[30.937276,-29.959514],[30.937201,-29.959557],[30.937214,-29.959574]]]},"properties":{"Class":" "}},{"type":"Feature","geometry":{"type":"Polygon","coordinates":[[[30.936652,-29.960108],[30.936972,-29.959936],[30.937019,-29.960002],[30.936943,-29.960043],[30.936955,-29.96006],[30.937273,-29.959889],[30.937325,-29.959962],[30.937252,-29.960002],[30.93726,-29.960014],[30.937365,-29.959957],[30.937419,-29.960032],[30.937206,-29.960147],[30.937156,-29.960077],[30.937236,-29.960034],[30.937223,-29.960015],[30.936899,-29.960189],[30.936849,-29.960119],[30.936926,-29.960077],[30.936916,-29.960063],[30.936595,-29.960236],[30.936546,-29.960167],[30.936624,-29.960125],[30.936611,-29.960107],[30.936505,-29.960164],[30.936457,-29.960095],[30.936667,-29.959982],[30.936715,-29.960051],[30.93664,-29.960091],[30.936652,-29.960108]]]},"properties":{"Class":" "}},{"type":"Feature","geometry":{"type":"Polygon","coordinates":[[[30.935335,-29.960619],[30.935338,-29.96054],[30.935461,-29.960543],[30.935462,-29.960515],[30.935372,-29.960513],[30.935375,-29.960436],[30.935623,-29.960442],[30.93562,-29.960523],[30.935498,-29.96052],[30.935498,-29.960543],[30.935582,-29.960545],[30.93558,-29.960625],[30.935335,-29.960619]]]},"properties":{"Class":" "}},{"type":"Feature","geometry":{"type":"Polygon","coordinates":[[[30.938201,-29.961706],[30.938278,-29.961714],[30.938255,-29.961887],[30.938177,-29.96188],[30.938201,-29.961706]]]},"properties":{"Class":" "}},{"type":"Feature","geometry":{"type":"Polygon","coordinates":[[[30.938791,-29.961768],[30.938864,-29.961792],[30.938792,-29.961955],[30.938719,-29.96193],[30.938791,-29.961768]]]},"properties":{"Class":" "}},{"type":"Feature","geometry":{"type":"Polygon","coordinates":[[[30.936132,-29.961113],[30.936168,-29.961],[30.936144,-29.960954],[30.936275,-29.960962],[30.93626,-29.961008],[30.936267,-29.961122],[30.936132,-29.961113]]]},"properties":{"Class":" "}},{"type":"Feature","geometry":{"type":"Polygon","coordinates":[[[30.941057,-29.957913],[30.940967,-29.958059],[30.941156,-29.958159],[30.941013,-29.958387],[30.940902,-29.95832],[30.940954,-29.958245],[30.940892,-29.958213],[30.940947,-29.958132],[30.940875,-29.95809],[30.940904,-29.957989],[30.940941,-29.957938],[30.94092,-29.957924],[30.940963,-29.957864],[30.941057,-29.957913]]]},"properties":{"Class":" "}},{"type":"Feature","geometry":{"type":"Polygon","coordinates":[[[30.942907,-29.957758],[30.94341,-29.956987],[30.943907,-29.957233],[30.943404,-29.958004],[30.942907,-29.957758]]]},"properties":{"Class":" "}},{"type":"Feature","geometry":{"type":"Polygon","coordinates":[[[30.943363,-29.959067],[30.943146,-29.958963],[30.943252,-29.958796],[30.943222,-29.958782],[30.943276,-29.958697],[30.943248,-29.958684],[30.943271,-29.958647],[30.943335,-29.958678],[30.943381,-29.958606],[30.943591,-29.958707],[30.943363,-29.959067]]]},"properties":{"Class":" "}},{"type":"Feature","geometry":{"type":"Polygon","coordinates":[[[30.941298,-29.961774],[30.941559,-29.961909],[30.941455,-29.962061],[30.941367,-29.962015],[30.941419,-29.96194],[30.941246,-29.96185],[30.941298,-29.961774]]]},"properties":{"Class":" "}},{"type":"Feature","geometry":{"type":"Polygon","coordinates":[[[30.942956,-29.959754],[30.941883,-29.961366],[30.940989,-29.960915],[30.941336,-29.960393],[30.940814,-29.960129],[30.940769,-29.960196],[30.940636,-29.960129],[30.940957,-29.959647],[30.941076,-29.959707],[30.94138,-29.959259],[30.941424,-29.959253],[30.941425,-29.95925],[30.941758,-29.959418],[30.941863,-29.95926],[30.941948,-29.959258],[30.942598,-29.959586],[30.942604,-29.959577],[30.942956,-29.959754]]]},"properties":{"Class":" "}},{"type":"Feature","geometry":{"type":"Polygon","coordinates":[[[30.940534,-29.960158],[30.941087,-29.960457],[30.941051,-29.960506],[30.941084,-29.960524],[30.941012,-29.960626],[30.94101,-29.960625],[30.941003,-29.960635],[30.94087,-29.960821],[30.94084,-29.960805],[30.940801,-29.960859],[30.940691,-29.960799],[30.940669,-29.96083],[30.940364,-29.960665],[30.9404,-29.960615],[30.940382,-29.960605],[30.940412,-29.960564],[30.940361,-29.960536],[30.940445,-29.960418],[30.940484,-29.960439],[30.940506,-29.960408],[30.940398,-29.96035],[30.940534,-29.960158]]]},"properties":{"Class":" "}},{"type":"Feature","geometry":{"type":"Polygon","coordinates":[[[30.941508,-29.958196],[30.941537,-29.958146],[30.941557,-29.958003],[30.941632,-29.958008],[30.941701,-29.95804],[30.941663,-29.958102],[30.943048,-29.95881],[30.942585,-29.959496],[30.941853,-29.959122],[30.941811,-29.959183],[30.941708,-29.95913],[30.941615,-29.959268],[30.940865,-29.958884],[30.94091,-29.958817],[30.940851,-29.958786],[30.941315,-29.958099],[30.941364,-29.958124],[30.941319,-29.958189],[30.941345,-29.958202],[30.94139,-29.958135],[30.941508,-29.958196]]]},"properties":{"Class":" "}},{"type":"Feature","geometry":{"type":"Polygon","coordinates":[[[30.943011,-29.959443],[30.943264,-29.959575],[30.943108,-29.9598],[30.94297,-29.959727],[30.942988,-29.959701],[30.943004,-29.95971],[30.94307,-29.959614],[30.94294,-29.959546],[30.943011,-29.959443]]]},"properties":{"Class":" "}},{"type":"Feature","geometry":{"type":"Polygon","coordinates":[[[30.94311,-29.957415],[30.942859,-29.957788],[30.942871,-29.957795],[30.942767,-29.95795],[30.94219,-29.957655],[30.94238,-29.957374],[30.942291,-29.957328],[30.94239,-29.957181],[30.94247,-29.957221],[30.942537,-29.957122],[30.942798,-29.957064],[30.943164,-29.95725],[30.943067,-29.957393],[30.94311,-29.957415]]]},"properties":{"Class":" "}},{"type":"Feature","geometry":{"type":"Polygon","coordinates":[[[30.942906,-29.957763],[30.943171,-29.957895],[30.943099,-29.958005],[30.943126,-29.958018],[30.942942,-29.958299],[30.9428,-29.958228],[30.942857,-29.958141],[30.942745,-29.958085],[30.942818,-29.957975],[30.942779,-29.957956],[30.942906,-29.957763]]]},"properties":{"Class":" "}},{"type":"Feature","geometry":{"type":"Polygon","coordinates":[[[30.933001,-29.961364],[30.933017,-29.96127],[30.933063,-29.96127],[30.933097,-29.961242],[30.933136,-29.961275],[30.93376,-29.961302],[30.933811,-29.961275],[30.933854,-29.961307],[30.933882,-29.961311],[30.933877,-29.961398],[30.933001,-29.961364]]]},"properties":{"Class":" "}},{"type":"Feature","geometry":{"type":"Polygon","coordinates":[[[30.933353,-29.961547],[30.933356,-29.961485],[30.933663,-29.961497],[30.93366,-29.961559],[30.933353,-29.961547]]]},"properties":{"Class":" "}},{"type":"Feature","geometry":{"type":"Polygon","coordinates":[[[30.93309,-29.961539],[30.933072,-29.961537],[30.93308,-29.961463],[30.933105,-29.961462],[30.933107,-29.96145],[30.933138,-29.961425],[30.933172,-29.961445],[30.933174,-29.961458],[30.933308,-29.961463],[30.933306,-29.961547],[30.93309,-29.961539]]]},"properties":{"Class":" "}},{"type":"Feature","geometry":{"type":"Polygon","coordinates":[[[30.932657,-29.960662],[30.932736,-29.960657],[30.932743,-29.960748],[30.932664,-29.960752],[30.932657,-29.960662]]]},"properties":{"Class":" "}},{"type":"Feature","geometry":{"type":"Polygon","coordinates":[[[30.932584,-29.960923],[30.93266,-29.960932],[30.93265,-29.961],[30.932574,-29.960992],[30.932584,-29.960923]]]},"properties":{"Class":" "}},{"type":"Feature","geometry":{"type":"Polygon","coordinates":[[[30.93258,-29.961545],[30.932517,-29.961546],[30.932515,-29.96144],[30.932578,-29.961439],[30.93258,-29.961545]]]},"properties":{"Class":" "}},{"type":"Feature","geometry":{"type":"Polygon","coordinates":[[[30.932799,-29.961411],[30.932739,-29.96141],[30.932742,-29.961343],[30.932801,-29.961344],[30.932799,-29.961411]]]},"properties":{"Class":" "}},{"type":"Feature","geometry":{"type":"Polygon","coordinates":[[[30.932405,-29.962072],[30.932388,-29.961995],[30.932423,-29.961989],[30.93243,-29.962018],[30.932459,-29.962013],[30.932471,-29.962061],[30.932405,-29.962072]]]},"properties":{"Class":" "}},{"type":"Feature","geometry":{"type":"Polygon","coordinates":[[[30.932176,-29.961791],[30.932036,-29.962001],[30.932037,-29.962083],[30.932037,-29.962089],[30.931944,-29.96209],[30.931945,-29.961989],[30.931992,-29.96191],[30.931962,-29.961893],[30.932021,-29.961804],[30.932047,-29.961812],[30.932103,-29.961729],[30.93218,-29.961684],[30.932233,-29.961744],[30.932186,-29.961778],[30.932176,-29.961791]]]},"properties":{"Class":" "}},{"type":"Feature","geometry":{"type":"Polygon","coordinates":[[[30.932892,-29.960843],[30.932895,-29.960781],[30.932975,-29.960784],[30.932972,-29.960846],[30.932892,-29.960843]]]},"properties":{"Class":" "}},{"type":"Feature","geometry":{"type":"Polygon","coordinates":[[[30.933029,-29.960952],[30.933032,-29.960862],[30.933326,-29.960871],[30.933323,-29.960961],[30.933029,-29.960952]]]},"properties":{"Class":" "}},{"type":"Feature","geometry":{"type":"Polygon","coordinates":[[[30.933372,-29.960966],[30.933378,-29.960865],[30.933539,-29.960873],[30.93354,-29.960857],[30.933593,-29.96086],[30.933592,-29.960872],[30.933739,-29.960879],[30.933729,-29.961029],[30.933618,-29.961024],[30.93362,-29.960978],[30.933372,-29.960966]]]},"properties":{"Class":" "}},{"type":"Feature","geometry":{"type":"Polygon","coordinates":[[[30.933766,-29.96078],[30.933889,-29.960788],[30.933865,-29.96108],[30.933742,-29.961072],[30.933766,-29.96078]]]},"properties":{"Class":" "}},{"type":"Feature","geometry":{"type":"Polygon","coordinates":[[[30.934017,-29.960832],[30.933988,-29.961121],[30.933886,-29.961113],[30.933916,-29.960825],[30.934017,-29.960832]]]},"properties":{"Class":" "}},{"type":"Feature","geometry":{"type":"Polygon","coordinates":[[[30.93413,-29.960802],[30.934233,-29.960816],[30.934176,-29.96114],[30.934074,-29.961127],[30.93413,-29.960802]]]},"properties":{"Class":" "}},{"type":"Feature","geometry":{"type":"Polygon","coordinates":[[[30.934084,-29.96066],[30.93425,-29.960681],[30.934234,-29.960777],[30.934068,-29.960756],[30.934084,-29.96066]]]},"properties":{"Class":" "}},{"type":"Feature","geometry":{"type":"Polygon","coordinates":[[[30.934595,-29.960694],[30.934579,-29.96079],[30.934337,-29.96076],[30.934344,-29.96072],[30.934253,-29.960709],[30.934262,-29.960659],[30.934341,-29.960669],[30.934342,-29.960662],[30.934595,-29.960694]]]},"properties":{"Class":" "}},{"type":"Feature","geometry":{"type":"Polygon","coordinates":[[[30.934355,-29.960881],[30.934466,-29.960778],[30.934541,-29.960839],[30.93443,-29.960943],[30.934355,-29.960881]]]},"properties":{"Class":" "}},{"type":"Feature","geometry":{"type":"Polygon","coordinates":[[[30.933293,-29.96116],[30.933164,-29.961157],[30.933167,-29.961069],[30.933296,-29.961073],[30.933293,-29.96116]]]},"properties":{"Class":" "}},{"type":"Feature","geometry":{"type":"Polygon","coordinates":[[[30.933044,-29.961085],[30.933098,-29.96109],[30.93309,-29.961162],[30.933036,-29.961158],[30.933044,-29.961085]]]},"properties":{"Class":" "}},{"type":"Feature","geometry":{"type":"Polygon","coordinates":[[[30.93298,-29.961079],[30.933032,-29.961083],[30.933023,-29.961161],[30.932971,-29.961156],[30.93298,-29.961079]]]},"properties":{"Class":" "}},{"type":"Feature","geometry":{"type":"Polygon","coordinates":[[[30.933754,-29.961206],[30.933759,-29.961158],[30.933852,-29.961166],[30.933846,-29.961214],[30.933754,-29.961206]]]},"properties":{"Class":" "}},{"type":"Feature","geometry":{"type":"Polygon","coordinates":[[[30.93376,-29.961149],[30.933766,-29.961098],[30.933858,-29.961106],[30.933851,-29.961158],[30.93376,-29.961149]]]},"properties":{"Class":" "}},{"type":"Feature","geometry":{"type":"Polygon","coordinates":[[[30.93368,-29.962195],[30.933585,-29.962124],[30.933644,-29.962064],[30.933602,-29.962033],[30.933611,-29.962023],[30.93358,-29.962001],[30.933634,-29.961945],[30.933803,-29.962071],[30.93368,-29.962195]]]},"properties":{"Class":" "}},{"type":"Feature","geometry":{"type":"Polygon","coordinates":[[[30.937448,-29.960627],[30.937658,-29.960679],[30.937637,-29.960745],[30.937609,-29.960738],[30.937606,-29.960745],[30.93745,-29.960707],[30.937452,-29.9607],[30.937426,-29.960693],[30.937448,-29.960627]]]},"properties":{"Class":" "}},{"type":"Feature","geometry":{"type":"Polygon","coordinates":[[[30.93732,-29.960998],[30.937342,-29.960931],[30.937368,-29.960937],[30.93737,-29.960931],[30.937527,-29.960969],[30.937524,-29.960977],[30.937552,-29.960984],[30.937531,-29.96105],[30.93732,-29.960998]]]},"properties":{"Class":" "}},{"type":"Feature","geometry":{"type":"Polygon","coordinates":[[[30.937667,-29.960784],[30.937612,-29.960969],[30.937536,-29.960951],[30.937543,-29.960927],[30.937534,-29.960925],[30.937575,-29.960788],[30.937583,-29.96079],[30.93759,-29.960767],[30.937667,-29.960784]]]},"properties":{"Class":" "}},{"type":"Feature","geometry":{"type":"Polygon","coordinates":[[[30.93776,-29.96025],[30.937758,-29.960389],[30.937676,-29.960388],[30.937678,-29.960249],[30.93776,-29.96025]]]},"properties":{"Class":" "}},{"type":"Feature","geometry":{"type":"Polygon","coordinates":[[[30.937462,-29.961288],[30.937413,-29.961294],[30.937404,-29.961239],[30.937452,-29.961233],[30.937462,-29.961288]]]},"properties":{"Class":" "}},{"type":"Feature","geometry":{"type":"Polygon","coordinates":[[[30.937754,-29.961536],[30.937755,-29.961482],[30.937879,-29.961484],[30.937878,-29.961538],[30.937754,-29.961536]]]},"properties":{"Class":" "}},{"type":"Feature","geometry":{"type":"Polygon","coordinates":[[[30.937696,-29.961924],[30.937697,-29.961865],[30.937934,-29.961867],[30.937934,-29.961925],[30.937696,-29.961924]]]},"properties":{"Class":" "}},{"type":"Feature","geometry":{"type":"Polygon","coordinates":[[[30.937856,-29.960755],[30.93791,-29.960764],[30.9379,-29.960807],[30.937847,-29.960798],[30.937856,-29.960755]]]},"properties":{"Class":" "}},{"type":"Feature","geometry":{"type":"Polygon","coordinates":[[[30.93608,-29.961979],[30.93635,-29.962148],[30.936253,-29.962266],[30.936216,-29.962243],[30.936209,-29.96225],[30.936153,-29.962215],[30.936167,-29.962198],[30.936124,-29.962171],[30.936075,-29.962232],[30.93594,-29.962148],[30.93608,-29.961979]]]},"properties":{"Class":" "}},{"type":"Feature","geometry":{"type":"Polygon","coordinates":[[[30.936694,-29.960898],[30.936926,-29.960897],[30.936926,-29.960937],[30.936977,-29.960936],[30.936978,-29.961031],[30.936857,-29.961032],[30.936857,-29.96107],[30.936766,-29.961071],[30.936766,-29.961117],[30.936702,-29.961118],[30.936702,-29.961133],[30.936602,-29.961134],[30.936601,-29.961036],[30.936695,-29.961036],[30.936694,-29.960898]]]},"properties":{"Class":" "}},{"type":"Feature","geometry":{"type":"Polygon","coordinates":[[[30.936339,-29.961049],[30.936547,-29.961046],[30.936549,-29.96117],[30.936341,-29.961173],[30.936339,-29.961049]]]},"properties":{"Class":" "}},{"type":"Feature","geometry":{"type":"Polygon","coordinates":[[[30.93617,-29.961705],[30.936097,-29.961701],[30.936115,-29.96149],[30.936187,-29.961494],[30.93617,-29.961705]]]},"properties":{"Class":" "}},{"type":"Feature","geometry":{"type":"Polygon","coordinates":[[[30.939556,-29.961944],[30.939595,-29.961877],[30.939663,-29.961907],[30.939624,-29.961974],[30.939556,-29.961944]]]},"properties":{"Class":" "}},{"type":"Feature","geometry":{"type":"Polygon","coordinates":[[[30.939656,-29.961993],[30.939696,-29.961926],[30.939764,-29.961957],[30.939725,-29.962024],[30.939656,-29.961993]]]},"properties":{"Class":" "}},{"type":"Feature","geometry":{"type":"Polygon","coordinates":[[[30.939418,-29.961975],[30.939457,-29.961908],[30.939526,-29.961939],[30.939486,-29.962006],[30.939418,-29.961975]]]},"properties":{"Class":" "}},{"type":"Feature","geometry":{"type":"Polygon","coordinates":[[[30.940294,-29.962023],[30.940241,-29.961996],[30.940289,-29.961926],[30.940261,-29.961911],[30.940291,-29.961867],[30.940371,-29.961909],[30.940294,-29.962023]]]},"properties":{"Class":" "}},{"type":"Feature","geometry":{"type":"Polygon","coordinates":[[[30.941408,-29.957711],[30.941651,-29.957398],[30.941739,-29.95745],[30.941496,-29.957763],[30.941408,-29.957711]]]},"properties":{"Class":" "}},{"type":"Feature","geometry":{"type":"Polygon","coordinates":[[[30.94122,-29.957967],[30.940992,-29.957765],[30.941172,-29.957612],[30.941226,-29.957661],[30.941123,-29.957749],[30.941295,-29.957903],[30.94122,-29.957967]]]},"properties":{"Class":" "}},{"type":"Feature","geometry":{"type":"Polygon","coordinates":[[[30.940655,-29.959473],[30.940926,-29.959084],[30.941178,-29.959216],[30.940904,-29.959611],[30.940782,-29.959547],[30.940729,-29.959624],[30.94056,-29.959535],[30.940617,-29.959453],[30.940655,-29.959473]]]},"properties":{"Class":" "}},{"type":"Feature","geometry":{"type":"Polygon","coordinates":[[[30.93979,-29.961588],[30.939746,-29.961455],[30.939862,-29.961426],[30.939827,-29.961322],[30.939814,-29.961325],[30.939802,-29.961286],[30.939959,-29.961247],[30.940051,-29.961522],[30.93979,-29.961588]]]},"properties":{"Class":" "}},{"type":"Feature","geometry":{"type":"Polygon","coordinates":[[[30.93977,-29.961291],[30.939799,-29.961374],[30.939723,-29.961393],[30.939695,-29.961311],[30.93977,-29.961291]]]},"properties":{"Class":" "}},{"type":"Feature","geometry":{"type":"Polygon","coordinates":[[[30.940832,-29.95866],[30.940736,-29.958613],[30.94074,-29.958606],[30.940716,-29.958594],[30.940775,-29.958505],[30.940801,-29.958518],[30.940806,-29.958509],[30.9409,-29.958556],[30.940832,-29.95866]]]},"properties":{"Class":" "}},{"type":"Feature","geometry":{"type":"Polygon","coordinates":[[[30.940464,-29.960008],[30.940697,-29.959657],[30.94082,-29.959719],[30.940587,-29.96007],[30.940464,-29.960008]]]},"properties":{"Class":" "}},{"type":"Feature","geometry":{"type":"Polygon","coordinates":[[[30.943219,-29.958316],[30.943124,-29.95827],[30.943184,-29.958175],[30.943279,-29.95822],[30.943219,-29.958316]]]},"properties":{"Class":" "}},{"type":"Feature","geometry":{"type":"Polygon","coordinates":[[[30.943665,-29.958865],[30.943745,-29.958748],[30.943887,-29.958821],[30.943807,-29.958938],[30.943665,-29.958865]]]},"properties":{"Class":" "}},{"type":"Feature","geometry":{"type":"Polygon","coordinates":[[[30.941299,-29.961656],[30.94129,-29.961669],[30.941193,-29.96162],[30.941241,-29.961548],[30.941253,-29.961554],[30.941268,-29.961531],[30.941342,-29.961569],[30.941326,-29.961589],[30.941562,-29.961713],[30.94158,-29.961689],[30.941644,-29.961721],[30.941629,-29.961744],[30.941647,-29.961754],[30.9416,-29.961823],[30.941499,-29.961772],[30.941506,-29.961762],[30.941299,-29.961656]]]},"properties":{"Class":" "}},{"type":"Feature","geometry":{"type":"Polygon","coordinates":[[[30.941856,-29.961705],[30.941776,-29.961662],[30.941858,-29.961548],[30.941938,-29.961591],[30.941856,-29.961705]]]},"properties":{"Class":" "}},{"type":"Feature","geometry":{"type":"Polygon","coordinates":[[[30.941522,-29.962022],[30.941622,-29.961886],[30.941673,-29.961914],[30.941573,-29.96205],[30.941522,-29.962022]]]},"properties":{"Class":" "}},{"type":"Feature","geometry":{"type":"Polygon","coordinates":[[[30.941654,-29.961854],[30.941709,-29.961787],[30.941759,-29.961819],[30.941704,-29.961885],[30.941654,-29.961854]]]},"properties":{"Class":" "}},{"type":"Feature","geometry":{"type":"Polygon","coordinates":[[[30.942542,-29.960691],[30.942468,-29.960653],[30.942694,-29.960316],[30.942677,-29.960307],[30.942753,-29.960193],[30.942845,-29.96024],[30.942542,-29.960691]]]},"properties":{"Class":" "}},{"type":"Feature","geometry":{"type":"Polygon","coordinates":[[[30.942848,-29.96023],[30.942754,-29.960182],[30.942798,-29.960117],[30.942892,-29.960165],[30.942848,-29.96023]]]},"properties":{"Class":" "}},{"type":"Feature","geometry":{"type":"Polygon","coordinates":[[[30.943647,-29.960679],[30.943542,-29.960627],[30.943673,-29.960425],[30.943778,-29.960477],[30.943647,-29.960679]]]},"properties":{"Class":" "}},{"type":"Feature","geometry":{"type":"Polygon","coordinates":[[[30.94271,-29.961277],[30.942771,-29.96119],[30.942751,-29.961179],[30.942786,-29.961129],[30.942904,-29.961192],[30.942871,-29.961239],[30.942833,-29.961219],[30.942808,-29.961254],[30.942826,-29.961264],[30.942788,-29.961317],[30.94271,-29.961277]]]},"properties":{"Class":" "}},{"type":"Feature","geometry":{"type":"Polygon","coordinates":[[[30.943381,-29.960285],[30.943442,-29.960198],[30.943422,-29.960187],[30.943458,-29.960137],[30.943575,-29.9602],[30.943542,-29.960247],[30.943505,-29.960227],[30.94348,-29.960262],[30.943498,-29.960272],[30.94346,-29.960325],[30.943381,-29.960285]]]},"properties":{"Class":" "}},{"type":"Feature","geometry":{"type":"Polygon","coordinates":[[[30.942288,-29.961896],[30.942348,-29.961808],[30.942328,-29.961798],[30.942364,-29.961747],[30.942482,-29.96181],[30.942448,-29.961858],[30.942411,-29.961838],[30.942386,-29.961873],[30.942404,-29.961882],[30.942366,-29.961936],[30.942288,-29.961896]]]},"properties":{"Class":" "}},{"type":"Feature","geometry":{"type":"Polygon","coordinates":[[[30.942554,-29.961421],[30.942628,-29.961311],[30.942767,-29.961382],[30.942732,-29.961434],[30.942654,-29.961394],[30.942615,-29.961452],[30.942554,-29.961421]]]},"properties":{"Class":" "}},{"type":"Feature","geometry":{"type":"Polygon","coordinates":[[[30.943202,-29.960467],[30.94328,-29.960355],[30.943418,-29.960427],[30.943381,-29.96048],[30.943305,-29.960439],[30.943263,-29.960499],[30.943202,-29.960467]]]},"properties":{"Class":" "}},{"type":"Feature","geometry":{"type":"Polygon","coordinates":[[[30.94333,-29.961713],[30.94333,-29.961614],[30.943403,-29.961614],[30.943403,-29.96162],[30.943488,-29.96162],[30.943488,-29.961713],[30.94333,-29.961713]]]},"properties":{"Class":" "}},{"type":"Feature","geometry":{"type":"Polygon","coordinates":[[[30.943361,-29.961],[30.943378,-29.960902],[30.94345,-29.960911],[30.943449,-29.960918],[30.943533,-29.960928],[30.943517,-29.96102],[30.943361,-29.961]]]},"properties":{"Class":" "}},{"type":"Feature","geometry":{"type":"Polygon","coordinates":[[[30.942714,-29.961975],[30.942793,-29.961886],[30.942895,-29.961956],[30.942831,-29.962027],[30.942778,-29.961991],[30.942763,-29.962008],[30.942714,-29.961975]]]},"properties":{"Class":" "}},{"type":"Feature","geometry":{"type":"Polygon","coordinates":[[[30.943947,-29.961627],[30.944034,-29.961619],[30.944051,-29.961775],[30.943965,-29.961782],[30.943947,-29.961627]]]},"properties":{"Class":" "}},{"type":"Feature","geometry":{"type":"Polygon","coordinates":[[[30.942973,-29.960855],[30.943035,-29.960757],[30.94315,-29.960811],[30.943109,-29.960876],[30.94308,-29.960863],[30.943059,-29.960896],[30.942973,-29.960855]]]},"properties":{"Class":" "}},{"type":"Feature","geometry":{"type":"Polygon","coordinates":[[[30.943782,-29.961611],[30.94388,-29.961617],[30.943877,-29.961655],[30.943909,-29.961657],[30.943904,-29.961731],[30.943773,-29.961724],[30.943782,-29.961611]]]},"properties":{"Class":" "}},{"type":"Feature","geometry":{"type":"Polygon","coordinates":[[[30.943458,-29.961947],[30.943557,-29.961949],[30.943558,-29.961923],[30.943629,-29.961924],[30.943627,-29.962007],[30.943562,-29.962006],[30.943561,-29.962027],[30.943491,-29.962025],[30.943492,-29.962007],[30.943456,-29.962007],[30.943458,-29.961947]]]},"properties":{"Class":" "}},{"type":"Feature","geometry":{"type":"Polygon","coordinates":[[[30.943183,-29.961216],[30.943256,-29.961274],[30.943276,-29.961255],[30.943329,-29.961297],[30.943265,-29.961358],[30.943217,-29.96132],[30.9432,-29.961336],[30.943149,-29.961294],[30.943163,-29.961281],[30.943137,-29.96126],[30.943183,-29.961216]]]},"properties":{"Class":" "}},{"type":"Feature","geometry":{"type":"Polygon","coordinates":[[[30.943475,-29.961234],[30.943605,-29.961236],[30.943603,-29.961349],[30.943518,-29.961348],[30.943518,-29.96132],[30.943474,-29.961319],[30.943475,-29.961234]]]},"properties":{"Class":" "}},{"type":"Feature","geometry":{"type":"Polygon","coordinates":[[[30.943115,-29.961918],[30.943245,-29.96192],[30.943243,-29.962034],[30.943158,-29.962032],[30.943158,-29.962004],[30.943114,-29.962004],[30.943115,-29.961918]]]},"properties":{"Class":" "}},{"type":"Feature","geometry":{"type":"Polygon","coordinates":[[[30.942924,-29.960957],[30.943012,-29.961004],[30.942976,-29.961055],[30.942986,-29.961061],[30.942942,-29.961122],[30.942844,-29.961069],[30.942924,-29.960957]]]},"properties":{"Class":" "}},{"type":"Feature","geometry":{"type":"Polygon","coordinates":[[[30.942427,-29.961672],[30.942489,-29.961573],[30.942604,-29.961628],[30.942563,-29.961693],[30.942534,-29.961679],[30.942513,-29.961713],[30.942427,-29.961672]]]},"properties":{"Class":" "}},{"type":"Feature","geometry":{"type":"Polygon","coordinates":[[[30.943896,-29.961229],[30.943895,-29.961319],[30.943826,-29.961318],[30.943826,-29.961329],[30.943742,-29.961328],[30.943744,-29.961227],[30.943896,-29.961229]]]},"properties":{"Class":" "}},{"type":"Feature","geometry":{"type":"Polygon","coordinates":[[[30.943102,-29.961695],[30.942955,-29.961728],[30.942926,-29.96163],[30.943007,-29.961612],[30.94301,-29.961623],[30.943076,-29.961608],[30.943102,-29.961695]]]},"properties":{"Class":" "}},{"type":"Feature","geometry":{"type":"Polygon","coordinates":[[[30.943975,-29.961912],[30.944042,-29.961979],[30.94399,-29.962019],[30.943998,-29.962027],[30.943935,-29.962074],[30.943859,-29.961998],[30.943975,-29.961912]]]},"properties":{"Class":" "}},{"type":"Feature","geometry":{"type":"Polygon","coordinates":[[[30.943111,-29.960686],[30.943195,-29.96057],[30.943285,-29.960619],[30.943239,-29.960682],[30.943246,-29.960685],[30.943207,-29.960739],[30.943111,-29.960686]]]},"properties":{"Class":" "}},{"type":"Feature","geometry":{"type":"Polygon","coordinates":[[[30.943691,-29.960876],[30.943751,-29.960891],[30.943744,-29.960912],[30.943808,-29.960928],[30.943778,-29.961015],[30.943654,-29.960983],[30.943691,-29.960876]]]},"properties":{"Class":" "}},{"type":"Feature","geometry":{"type":"Polygon","coordinates":[[[30.944772,-29.961432],[30.944805,-29.961406],[30.944864,-29.96138],[30.944902,-29.961375],[30.944963,-29.961376],[30.944979,-29.961379],[30.944977,-29.961409],[30.944988,-29.961451],[30.945003,-29.961478],[30.945022,-29.961498],[30.944969,-29.96153],[30.944929,-29.961545],[30.944893,-29.961553],[30.944851,-29.961553],[30.944814,-29.961552],[30.944772,-29.961432]]]},"properties":{"Class":" "}},{"type":"Feature","geometry":{"type":"Polygon","coordinates":[[[30.933238,-29.961707],[30.933283,-29.961706],[30.933285,-29.96177],[30.93324,-29.961772],[30.933238,-29.961707]]]},"properties":{"Class":" "}},{"type":"Feature","geometry":{"type":"Polygon","coordinates":[[[30.933243,-29.961811],[30.933284,-29.96181],[30.933286,-29.96187],[30.933245,-29.961871],[30.933243,-29.961811]]]},"properties":{"Class":" "}},{"type":"Feature","geometry":{"type":"Polygon","coordinates":[[[30.933294,-29.961893],[30.933293,-29.961858],[30.933354,-29.961857],[30.933355,-29.961892],[30.933294,-29.961893]]]},"properties":{"Class":" "}},{"type":"Feature","geometry":{"type":"Polygon","coordinates":[[[30.938548,-29.960981],[30.93851,-29.960821],[30.938596,-29.960806],[30.938634,-29.960966],[30.938548,-29.960981]]]},"properties":{"Class":" "}},{"type":"Feature","geometry":{"type":"Polygon","coordinates":[[[30.93798,-29.960454],[30.938052,-29.960455],[30.938051,-29.960519],[30.937979,-29.960518],[30.93798,-29.960454]]]},"properties":{"Class":" "}},{"type":"Feature","geometry":{"type":"Polygon","coordinates":[[[30.937137,-29.95052],[30.93719,-29.950489],[30.937221,-29.950531],[30.937168,-29.950561],[30.937137,-29.95052]]]},"properties":{"Class":" "}}]}