<?xml version="1.0" encoding="UTF-8"?><kml xmlns="http://www.opengis.net/kml/2.2"><Document><Placemark><name>Mossel Bay</name><description>Local Municipality 176</description><ExtendedData><Data name="code"><value>176</value></Data><Data name="name"><value>Mossel Bay</value></Data><Data name="description"><value>Local Municipality 176</value></Data></ExtendedData><MultiGeometry><Polygon><outerBoundaryIs><LinearRing><coordinates>22.1119,-34.16286 22.11196,-34.16307 22.11199,-34.16321 22.11223,-34.16369 22.11231,-34.16388 22.11244,-34.16408 22.1125,-34.1642 22.11256,-34.16437 22.11262,-34.16446 22.11272,-34.16474 22.11297,-34.16488 22.11316,-34.16505 22.11328,-34.16505 22.11343,-34.16503 22.11356,-34.16508 22.11358,-34.16519 22.11364,-34.16528 22.11368,-34.16531 22.11375,-34.16528 22.11381,-34.16521 22.11384,-34.16514 22.11392,-34.16508 22.11403,-34.16513 22.11403,-34.16521 22.11402,-34.16533 22.11404,-34.16539 22.11412,-34.16534 22.11415,-34.1653 22.11428,-34.16527 22.11442,-34.16527 22.11453,-34.16531 22.11453,-34.16544 22.11455,-34.1655 22.1147,-34.16552 22.11478,-34.16547 22.11483,-34.16543 22.11488,-34.16538 22.11493,-34.16538 22.11508,-34.1654 22.11516,-34.16544 22.11516,-34.16555 22.11519,-34.16562 22.1153,-34.16561 22.11533,-34.16558 22.1154,-34.16552 22.1156,-34.16552 22.11564,-34.16556 22.11564,-34.16569 22.11576,-34.16572 22.11584,-34.16572 22.11596,-34.16564 22.11606,-34.16564 22.11614,-34.1657 22.11615,-34.16581 22.11626,-34.16584 22.11632,-34.16578 22.11642,-34.16572 22.11656,-34.1657 22.11673,-34.16577 22.11677,-34.16587 22.11682,-34.1659 22.11693,-34.16589 22.117,-34.16586 22.11706,-34.16586 22.11714,-34.16587 22.11727,-34.1659 22.11732,-34.16596 22.11737,-34.166 22.11741,-34.16606 22.11745,-34.16606 22.11749,-34.16599 22.11756,-34.16596 22.11766,-34.16596 22.11772,-34.16602 22.11772,-34.16608 22.11778,-34.16614 22.1178,-34.16618 22.1179,-34.16618 22.11795,-34.16617 22.11801,-34.16612 22.11809,-34.16608 22.11819,-34.16608 22.11825,-34.16609 22.11826,-34.16618 22.11827,-34.16625 22.11832,-34.16629 22.1184,-34.16627 22.11846,-34.16623 22.11858,-34.1662 22.11868,-34.1662 22.11875,-34.16621 22.11886,-34.16627 22.1189,-34.16633 22.11894,-34.1664 22.119,-34.16642 22.11907,-34.1664 22.11929,-34.1664 22.11938,-34.16645 22.11938,-34.16662 22.1194,-34.16668 22.11962,-34.16668 22.1197,-34.16669 22.11982,-34.16669 22.11989,-34.16661 22.11994,-34.16655 22.12008,-34.16658 22.12016,-34.1667 22.12008,-34.16681 22.12008,-34.16688 22.12018,-34.16692 22.12029,-34.16692 22.12036,-34.16694 22.12046,-34.16693 22.12052,-34.16692 22.12057,-34.16688 22.12064,-34.16686 22.1207,-34.167 22.12072,-34.16707 22.12079,-34.16707 22.12089,-34.16706 22.12096,-34.16702 22.12101,-34.16698 22.1211,-34.16698 22.12128,-34.167 22.12138,-34.16705 22.12138,-34.16711 22.1214,-34.16718 22.12151,-34.16721 22.12159,-34.16721 22.12173,-34.16717 22.12181,-34.16713 22.12189,-34.16714 22.12194,-34.16716 22.12197,-34.16724 22.12197,-34.16732 22.122,-34.16741 22.12212,-34.16739 22.12221,-34.16738 22.12237,-34.16742 22.12243,-34.16751 22.12244,-34.1677 22.12234,-34.16772 22.12234,-34.16776 22.12238,-34.16785 22.12257,-34.16785 22.12265,-34.16787 22.12271,-34.16794 22.12271,-34.168 22.12269,-34.16808 22.12259,-34.1681 22.12253,-34.1681 22.12251,-34.16812 22.12253,-34.16819 22.12263,-34.16819 22.12271,-34.16828 22.12272,-34.16836 22.12272,-34.16841 22.12281,-34.16841 22.1229,-34.16844 22.12291,-34.16855 22.1229,-34.16861 22.1229,-34.16867 22.12287,-34.16869 22.12282,-34.16869 22.12278,-34.1687 22.12277,-34.16875 22.12278,-34.16882 22.12282,-34.16885 22.12289,-34.16885 22.12309,-34.16886 22.12314,-34.16893 22.12314,-34.16901 22.12313,-34.16922 22.12312,-34.16926 22.12312,-34.1693 22.12316,-34.16932 22.1233,-34.16932 22.12339,-34.16935 22.1234,-34.1694 22.12339,-34.16948 22.12334,-34.1695 22.12328,-34.16954 22.12327,-34.16961 22.12333,-34.16967 22.12344,-34.16963 22.12358,-34.16969 22.1237,-34.16981 22.12371,-34.16988 22.12375,-34.17002 22.12394,-34.16997 22.12407,-34.16997 22.12417,-34.17002 22.12421,-34.17005 22.12422,-34.17015 22.12424,-34.17021 22.12428,-34.17023 22.12437,-34.17022 22.12442,-34.17017 22.12445,-34.1701 22.12451,-34.17005 22.12462,-34.17003 22.12467,-34.17004 22.12473,-34.17012 22.12484,-34.17015 22.12497,-34.17011 22.12497,-34.17006 22.12499,-34.16998 22.12505,-34.16996 22.12526,-34.16994 22.12534,-34.16997 22.12538,-34.17002 22.12541,-34.17006 22.12548,-34.17006 22.12554,-34.17004 22.12557,-34.16991 22.12565,-34.16978 22.12575,-34.16973 22.12588,-34.16973 22.12597,-34.16977 22.12603,-34.1698 22.12607,-34.16994 22.12617,-34.17 22.12623,-34.17 22.12627,-34.16997 22.12631,-34.16992 22.12635,-34.16986 22.12645,-34.16986 22.12653,-34.16987 22.12658,-34.16997 22.12651,-34.17008 22.12646,-34.17012 22.12642,-34.17018 22.12642,-34.17022 22.1265,-34.17027 22.12658,-34.17018 22.1266,-34.17013 22.12671,-34.17011 22.12682,-34.17016 22.12688,-34.17023 22.12688,-34.17042 22.12694,-34.17047 22.12708,-34.17044 22.12714,-34.17042 22.12723,-34.17042 22.12729,-34.17047 22.12732,-34.17054 22.12721,-34.17065 22.12721,-34.17071 22.12725,-34.17077 22.12733,-34.17075 22.12741,-34.17074 22.12765,-34.17074 22.12774,-34.17077 22.12778,-34.17083 22.12777,-34.17091 22.12775,-34.17096 22.12775,-34.17105 22.12776,-34.17111 22.12782,-34.17117 22.12789,-34.17111 22.12806,-34.17108 22.12816,-34.17115 22.12818,-34.17118 22.12814,-34.17126 22.12811,-34.17131 22.12808,-34.17134 22.12808,-34.17139 22.12813,-34.17143 22.12815,-34.17148 22.12824,-34.17152 22.12845,-34.17152 22.12852,-34.17154 22.12862,-34.17162 22.12865,-34.1717 22.12871,-34.17184 22.12875,-34.1719 22.12881,-34.17195 22.12887,-34.17195 22.12893,-34.17192 22.12901,-34.1718 22.12909,-34.17173 22.12914,-34.17172 22.12927,-34.17179 22.12924,-34.1719 22.12921,-34.17204 22.12923,-34.17208 22.12926,-34.17208 22.12934,-34.17204 22.12944,-34.17198 22.12955,-34.17197 22.12963,-34.17196 22.12973,-34.17196 22.12976,-34.17201 22.12977,-34.17211 22.12985,-34.17216 22.12989,-34.17217 22.12994,-34.17216 22.12995,-34.17198 22.12998,-34.1719 22.13005,-34.17189 22.13017,-34.17193 22.13017,-34.17207 22.1302,-34.17215 22.13032,-34.17216 22.13037,-34.17215 22.13037,-34.17205 22.13039,-34.17195 22.13051,-34.17189 22.13061,-34.17186 22.13072,-34.17191 22.13073,-34.17205 22.13075,-34.1721 22.13091,-34.1721 22.13093,-34.17201 22.13097,-34.17192 22.13104,-34.17186 22.13126,-34.17186 22.13126,-34.17201 22.13132,-34.17217 22.13141,-34.17216 22.13142,-34.17211 22.13142,-34.17203 22.13149,-34.17202 22.13163,-34.17202 22.13173,-34.17204 22.13179,-34.17207 22.1318,-34.17215 22.13188,-34.17222 22.13198,-34.17222 22.13206,-34.1722 22.13211,-34.17213 22.13217,-34.17205 22.13228,-34.17204 22.13235,-34.17205 22.13238,-34.17217 22.13238,-34.17229 22.13242,-34.17236 22.1325,-34.17235 22.13256,-34.17228 22.13265,-34.17228 22.13279,-34.17229 22.13287,-34.17234 22.13292,-34.17241 22.13292,-34.17257 22.133,-34.1726 22.13308,-34.17255 22.13312,-34.17246 22.13316,-34.17235 22.13329,-34.17235 22.13342,-34.17247 22.13344,-34.17266 22.1335,-34.17276 22.13354,-34.17277 22.13365,-34.17274 22.13377,-34.17271 22.13387,-34.17274 22.134,-34.17289 22.13399,-34.173 22.13395,-34.17308 22.13398,-34.17313 22.13406,-34.17313 22.13418,-34.17311 22.13425,-34.17315 22.13427,-34.17323 22.13421,-34.17328 22.13419,-34.17335 22.13419,-34.17344 22.13427,-34.17348 22.13433,-34.17348 22.13434,-34.17345 22.13439,-34.17338 22.13445,-34.17335 22.13459,-34.17345 22.13459,-34.17356 22.13464,-34.17366 22.13471,-34.17369 22.13477,-34.17366 22.13487,-34.17362 22.13495,-34.17362 22.135,-34.17372 22.135,-34.17381 22.13501,-34.17391 22.13507,-34.17393 22.13512,-34.17389 22.13529,-34.17382 22.13532,-34.17382 22.13541,-34.17388 22.13549,-34.17394 22.13562,-34.17401 22.13566,-34.17401 22.13572,-34.1739 22.1358,-34.17385 22.13599,-34.17389 22.13606,-34.17396 22.13607,-34.17412 22.13616,-34.17422 22.13624,-34.17422 22.13631,-34.17414 22.13636,-34.17408 22.13642,-34.17402 22.13654,-34.17402 22.13659,-34.17416 22.13656,-34.17425 22.13656,-34.17437 22.13659,-34.17441 22.13659,-34.17447 22.13656,-34.17452 22.13654,-34.1746 22.13661,-34.17495 22.13662,-34.17525 22.13666,-34.17541 22.13681,-34.17565 22.13699,-34.176 22.13709,-34.17618 22.13731,-34.17657 22.13742,-34.17674 22.13775,-34.1773 22.13796,-34.17749 22.13813,-34.17766 22.13852,-34.17801 22.13859,-34.17807 22.13874,-34.17823 22.13885,-34.1783 22.13914,-34.17848 22.13939,-34.1787 22.13948,-34.17878 22.1396,-34.17887 22.13968,-34.17897 22.13979,-34.17905 22.13991,-34.17913 22.14002,-34.17923 22.14014,-34.17934 22.14028,-34.17943 22.14046,-34.17951 22.14052,-34.1795 22.14064,-34.17956 22.14073,-34.17956 22.14079,-34.17955 22.1409,-34.17947 22.14098,-34.17935 22.14107,-34.17916 22.14111,-34.17904 22.14122,-34.17892 22.14129,-34.17888 22.14148,-34.17882 22.14184,-34.17882 22.14206,-34.17881 22.1422,-34.17878 22.14226,-34.17874 22.14239,-34.17864 22.14247,-34.1786 22.14257,-34.17854 22.14272,-34.17843 22.14284,-34.17826 22.14303,-34.17813 22.14326,-34.178 22.14343,-34.17788 22.14356,-34.17777 22.14371,-34.17768 22.1438,-34.17768 22.1439,-34.17757 22.14398,-34.17748 22.14416,-34.17733 22.14448,-34.17706 22.14466,-34.1769 22.14479,-34.17679 22.14496,-34.17656 22.14514,-34.17638 22.14532,-34.17625 22.14545,-34.17614 22.14559,-34.17613 22.14564,-34.17613 22.1458,-34.1763 22.14595,-34.17644 22.14602,-34.17649 22.14613,-34.17658 22.14615,-34.17667 22.1461,-34.17673 22.14601,-34.17681 22.14586,-34.17698 22.14569,-34.17711 22.14558,-34.1772 22.14543,-34.17735 22.14533,-34.17744 22.14518,-34.17754 22.14503,-34.17763 22.14487,-34.17777 22.14454,-34.17806 22.14448,-34.17813 22.14441,-34.17824 22.14421,-34.17839 22.14417,-34.1785 22.14421,-34.17873 22.14428,-34.1789 22.14436,-34.17894 22.14451,-34.17899 22.14462,-34.17905 22.14492,-34.1792 22.14546,-34.17959 22.14576,-34.17988 22.14595,-34.18011 22.14593,-34.18022 22.14589,-34.18031 22.14592,-34.1804 22.14601,-34.18049 22.14619,-34.18065 22.14641,-34.18078 22.14648,-34.18081 22.1466,-34.18081 22.14672,-34.18078 22.14691,-34.18068 22.14709,-34.18061 22.14725,-34.18044 22.14743,-34.18022 22.14746,-34.18006 22.14759,-34.17965 22.14765,-34.17955 22.14775,-34.17954 22.14787,-34.17955 22.14794,-34.17974 22.14792,-34.17988 22.14792,-34.18005 22.14784,-34.18018 22.14784,-34.18043 22.14785,-34.18065 22.14784,-34.18087 22.14792,-34.18112 22.14807,-34.18117 22.14818,-34.18122 22.14848,-34.18117 22.14867,-34.18109 22.14879,-34.181 22.14884,-34.18093 22.14884,-34.18074 22.14883,-34.18066 22.14875,-34.18059 22.14868,-34.18053 22.14865,-34.18049 22.14861,-34.1805 22.14864,-34.18044 22.14865,-34.18034 22.14872,-34.18023 22.14875,-34.18011 22.14881,-34.18004 22.14889,-34.17997 22.14893,-34.17987 22.14902,-34.17969 22.14909,-34.17957 22.14906,-34.17953 22.14902,-34.17943 22.14902,-34.17935 22.14908,-34.17923 22.14911,-34.17918 22.14918,-34.17907 22.14915,-34.17895 22.14914,-34.17882 22.14914,-34.1787 22.1491,-34.1786 22.14903,-34.17849 22.14891,-34.17837 22.14884,-34.17825 22.1488,-34.17819 22.14868,-34.178 22.14857,-34.17781 22.14844,-34.17763 22.1483,-34.17741 22.1483,-34.17731 22.14833,-34.17729 22.1484,-34.17719 22.14815,-34.1769 22.14806,-34.17675 22.14795,-34.17656 22.14779,-34.17639 22.14762,-34.17612 22.14752,-34.17599 22.1474,-34.17577 22.14728,-34.17561 22.14715,-34.1754 22.14706,-34.17526 22.14698,-34.1751 22.14701,-34.17502 22.14704,-34.17496 22.14712,-34.17496 22.14731,-34.17505 22.14744,-34.17515 22.14753,-34.1753 22.1477,-34.17551 22.14794,-34.17588 22.14811,-34.17608 22.14822,-34.17628 22.14831,-34.17644 22.14848,-34.17671 22.1486,-34.17687 22.14869,-34.17704 22.14898,-34.17742 22.1491,-34.17757 22.14921,-34.17781 22.14936,-34.17801 22.14965,-34.17847 22.14997,-34.17881 22.1502,-34.17912 22.15032,-34.17925 22.15046,-34.17934 22.15096,-34.17923 22.15097,-34.17917 22.15101,-34.17906 22.15107,-34.17904 22.15113,-34.17904 22.15121,-34.17908 22.15129,-34.17916 22.15135,-34.17914 22.15135,-34.17908 22.15138,-34.179 22.15159,-34.179 22.15167,-34.17906 22.1517,-34.17914 22.1517,-34.17921 22.15171,-34.17927 22.15178,-34.17931 22.15192,-34.17927 22.15195,-34.1792 22.15197,-34.17912 22.15207,-34.17912 22.15212,-34.17916 22.15215,-34.17926 22.15215,-34.17938 22.15216,-34.17944 22.15225,-34.17941 22.15229,-34.17935 22.15239,-34.17937 22.15248,-34.17944 22.1525,-34.17952 22.15259,-34.17959 22.15263,-34.17957 22.15272,-34.17952 22.15282,-34.17964 22.15286,-34.17967 22.15304,-34.17973 22.15322,-34.17974 22.15337,-34.17976 22.15355,-34.17976 22.15384,-34.17979 22.15402,-34.17979 22.15414,-34.17977 22.15418,-34.17974 22.15424,-34.17968 22.15431,-34.17967 22.15441,-34.17967 22.15451,-34.17976 22.15454,-34.17984 22.1546,-34.17984 22.15465,-34.17979 22.15468,-34.17967 22.15473,-34.17962 22.15483,-34.17962 22.15491,-34.17964 22.15498,-34.17969 22.15498,-34.17981 22.15501,-34.1799 22.15503,-34.17993 22.1551,-34.17992 22.15516,-34.17986 22.1552,-34.17984 22.15536,-34.17988 22.15544,-34.17992 22.15548,-34.17998 22.15547,-34.18005 22.15545,-34.1801 22.15545,-34.1802 22.15551,-34.18022 22.15557,-34.18018 22.15565,-34.18012 22.15572,-34.18011 22.15578,-34.18012 22.15583,-34.18016 22.15584,-34.18029 22.15578,-34.18034 22.15574,-34.18038 22.15574,-34.18043 22.15577,-34.18043 22.15581,-34.1804 22.15589,-34.18037 22.15593,-34.18037 22.15603,-34.18051 22.156,-34.18062 22.15597,-34.18067 22.15596,-34.18071 22.15596,-34.18077 22.156,-34.18082 22.15626,-34.18096 22.15651,-34.18096 22.15671,-34.18093 22.15683,-34.18091 22.15692,-34.18085 22.15707,-34.18077 22.15719,-34.18075 22.15734,-34.18077 22.15749,-34.18081 22.1576,-34.18082 22.15771,-34.18086 22.15778,-34.18087 22.1579,-34.18091 22.15809,-34.18103 22.15813,-34.1811 22.15812,-34.18117 22.15803,-34.18123 22.15799,-34.18126 22.15796,-34.18138 22.15799,-34.1815 22.15805,-34.18152 22.15813,-34.18146 22.15839,-34.18144 22.15847,-34.1815 22.15852,-34.18157 22.15852,-34.18162 22.15851,-34.18173 22.15853,-34.1818 22.15857,-34.18182 22.1586,-34.18182 22.15871,-34.1818 22.1588,-34.1818 22.15883,-34.18192 22.15875,-34.18203 22.15869,-34.18208 22.15869,-34.18216 22.15874,-34.18223 22.15886,-34.18224 22.15894,-34.18226 22.15896,-34.18235 22.15894,-34.18245 22.15888,-34.1825 22.15878,-34.18251 22.15872,-34.18252 22.1587,-34.18256 22.15871,-34.18269 22.15878,-34.18273 22.15887,-34.18275 22.15889,-34.1828 22.1588,-34.18293 22.15851,-34.18293 22.15847,-34.18297 22.15849,-34.18304 22.15861,-34.18314 22.15864,-34.18317 22.15861,-34.18339 22.15874,-34.18347 22.15886,-34.18353 22.15894,-34.18361 22.15894,-34.18369 22.15893,-34.18381 22.15895,-34.18393 22.15901,-34.18397 22.15906,-34.18395 22.15911,-34.18388 22.15918,-34.18388 22.15927,-34.18392 22.1594,-34.18403 22.15941,-34.18415 22.15941,-34.18426 22.15944,-34.18433 22.15951,-34.18436 22.1596,-34.18432 22.15967,-34.18434 22.1598,-34.1844 22.15981,-34.18445 22.15986,-34.18453 22.15986,-34.18458 22.15992,-34.18463 22.16,-34.18464 22.16007,-34.18467 22.16011,-34.18469 22.16018,-34.18473 22.1603,-34.18473 22.16042,-34.18475 22.16047,-34.18476 22.16057,-34.18487 22.16059,-34.18498 22.16059,-34.18509 22.16053,-34.1852 22.16051,-34.18526 22.16051,-34.18541 22.16052,-34.18547 22.16059,-34.1855 22.16069,-34.18554 22.16076,-34.1856 22.1608,-34.18568 22.16078,-34.18579 22.1607,-34.18581 22.16065,-34.18581 22.16059,-34.18582 22.16055,-34.18587 22.16057,-34.18591 22.16065,-34.18597 22.16071,-34.18598 22.16076,-34.186 22.16078,-34.18609 22.16077,-34.18613 22.16041,-34.18613 22.16036,-34.18617 22.16034,-34.18622 22.16036,-34.18632 22.16052,-34.18639 22.16059,-34.18644 22.16065,-34.18651 22.16064,-34.18666 22.16061,-34.18675 22.16053,-34.1868 22.16049,-34.18694 22.16069,-34.18694 22.1608,-34.18699 22.16083,-34.18705 22.16087,-34.18709 22.16092,-34.18711 22.1609,-34.18717 22.16086,-34.18721 22.1608,-34.18724 22.16076,-34.1873 22.16076,-34.1875 22.16077,-34.18758 22.16077,-34.18762 22.16072,-34.18768 22.1607,-34.18774 22.1607,-34.1878 22.16066,-34.18783 22.16061,-34.18786 22.16053,-34.18787 22.16047,-34.18784 22.16041,-34.18783 22.16039,-34.1878 22.16037,-34.1877 22.16034,-34.18765 22.16028,-34.18756 22.16022,-34.18756 22.1602,-34.18762 22.16014,-34.18766 22.16007,-34.18764 22.16005,-34.18759 22.16007,-34.18754 22.16013,-34.18748 22.16014,-34.1874 22.16013,-34.18734 22.16002,-34.18727 22.15995,-34.18731 22.15993,-34.18742 22.15986,-34.18745 22.15976,-34.18741 22.15971,-34.18734 22.15972,-34.18728 22.15976,-34.18722 22.1598,-34.18717 22.15983,-34.1871 22.15982,-34.18704 22.15977,-34.187 22.15967,-34.187 22.1596,-34.18703 22.15954,-34.18703 22.15949,-34.18701 22.15946,-34.187 22.15941,-34.18698 22.15939,-34.18691 22.15939,-34.18687 22.15942,-34.18681 22.15949,-34.18676 22.15953,-34.18674 22.15952,-34.1867 22.15945,-34.18669 22.15936,-34.18668 22.15931,-34.18663 22.1593,-34.18653 22.15934,-34.18646 22.15937,-34.18641 22.15941,-34.18638 22.15945,-34.18638 22.15937,-34.18629 22.15924,-34.18629 22.15904,-34.18622 22.15899,-34.18622 22.15895,-34.18624 22.15895,-34.18628 22.15894,-34.18642 22.15882,-34.18642 22.15875,-34.1864 22.15872,-34.18635 22.15869,-34.18628 22.15865,-34.18622 22.15859,-34.18626 22.15855,-34.18634 22.15849,-34.18635 22.15843,-34.18638 22.1584,-34.18639 22.1584,-34.18659 22.15837,-34.18668 22.1583,-34.18671 22.15821,-34.18674 22.15807,-34.18674 22.15802,-34.18669 22.158,-34.18665 22.15796,-34.18664 22.15789,-34.18664 22.15786,-34.1867 22.15786,-34.18694 22.1578,-34.187 22.15776,-34.18703 22.15768,-34.18703 22.15763,-34.187 22.15759,-34.18699 22.15759,-34.18691 22.15757,-34.18683 22.15757,-34.1868 22.15752,-34.18676 22.15743,-34.18676 22.15737,-34.18677 22.15736,-34.18685 22.15736,-34.18691 22.15735,-34.18701 22.15735,-34.18706 22.15733,-34.18709 22.15712,-34.18709 22.15705,-34.18704 22.15704,-34.187 22.157,-34.18689 22.15688,-34.18691 22.15683,-34.18698 22.15681,-34.18705 22.1568,-34.18711 22.15675,-34.18715 22.15671,-34.18715 22.15657,-34.18717 22.15633,-34.18717 22.15629,-34.18711 22.15611,-34.18695 22.15604,-34.18695 22.15597,-34.18699 22.15594,-34.18707 22.15593,-34.18716 22.15592,-34.18723 22.15588,-34.18725 22.15577,-34.18725 22.15565,-34.18723 22.1556,-34.18717 22.15558,-34.18711 22.15558,-34.18706 22.15552,-34.18697 22.15542,-34.18703 22.1554,-34.18707 22.15536,-34.1871 22.1553,-34.18709 22.15519,-34.18709 22.15515,-34.1871 22.1551,-34.18711 22.15499,-34.18721 22.15494,-34.18722 22.1548,-34.18722 22.15469,-34.18718 22.15463,-34.18712 22.15462,-34.18706 22.15452,-34.18701 22.15444,-34.18701 22.1544,-34.18704 22.15436,-34.1871 22.15435,-34.18713 22.15431,-34.18723 22.15429,-34.18727 22.15425,-34.18729 22.15415,-34.18729 22.1541,-34.18727 22.15406,-34.18723 22.15406,-34.18717 22.154,-34.18712 22.15392,-34.18712 22.15383,-34.18718 22.1538,-34.18727 22.15381,-34.18734 22.15387,-34.18744 22.15378,-34.18753 22.15374,-34.18756 22.15365,-34.18756 22.15359,-34.18754 22.15352,-34.18751 22.15346,-34.18745 22.15341,-34.18745 22.15335,-34.18746 22.15327,-34.18741 22.15319,-34.18731 22.15315,-34.18731 22.15305,-34.18742 22.15304,-34.1875 22.15305,-34.18766 22.15309,-34.18777 22.15309,-34.18782 22.15303,-34.18789 22.15299,-34.18797 22.15295,-34.18799 22.15288,-34.18799 22.15274,-34.18797 22.1527,-34.18797 22.15264,-34.18798 22.15259,-34.188 22.15258,-34.1881 22.15269,-34.18824 22.1527,-34.18831 22.15268,-34.18835 22.15263,-34.18837 22.15256,-34.18834 22.15251,-34.1883 22.15244,-34.18824 22.15228,-34.18815 22.15222,-34.18816 22.15222,-34.18825 22.15224,-34.18833 22.15229,-34.18839 22.15235,-34.18846 22.1523,-34.18853 22.15224,-34.18853 22.15215,-34.18846 22.15204,-34.18841 22.15201,-34.18841 22.15195,-34.18842 22.15191,-34.18846 22.15192,-34.18856 22.152,-34.18862 22.15199,-34.18865 22.15187,-34.18872 22.15175,-34.18875 22.15179,-34.18882 22.15183,-34.18886 22.15188,-34.18887 22.15193,-34.1889 22.15191,-34.18898 22.15185,-34.18901 22.1518,-34.18901 22.15173,-34.18903 22.15168,-34.18903 22.15162,-34.18911 22.15163,-34.18922 22.15165,-34.18927 22.15174,-34.18931 22.1518,-34.18936 22.15183,-34.1894 22.15183,-34.18946 22.15186,-34.18951 22.15191,-34.18954 22.15203,-34.18957 22.15215,-34.18964 22.15212,-34.18974 22.15201,-34.18976 22.15192,-34.18977 22.15185,-34.18977 22.1518,-34.18978 22.15179,-34.18984 22.15182,-34.18994 22.15184,-34.19 22.15186,-34.19009 22.15186,-34.19016 22.15174,-34.19021 22.15162,-34.19023 22.15151,-34.19029 22.15142,-34.19033 22.15131,-34.19041 22.15126,-34.19048 22.15127,-34.19064 22.15139,-34.1907 22.15144,-34.19071 22.15144,-34.19081 22.15142,-34.19087 22.15135,-34.19095 22.15133,-34.19102 22.15129,-34.19109 22.15131,-34.19112 22.15136,-34.19117 22.15139,-34.19122 22.15148,-34.19125 22.1516,-34.1913 22.15173,-34.19139 22.15177,-34.19146 22.15167,-34.19155 22.15163,-34.19164 22.15165,-34.19168 22.15166,-34.19171 22.15163,-34.19177 22.15157,-34.19182 22.15156,-34.19188 22.15163,-34.19187 22.15168,-34.1919 22.1517,-34.19199 22.15167,-34.19207 22.15162,-34.19208 22.15157,-34.19208 22.15154,-34.19202 22.15148,-34.19194 22.15139,-34.19192 22.15131,-34.19195 22.1513,-34.19202 22.15129,-34.19206 22.15124,-34.19206 22.15115,-34.19207 22.15101,-34.19207 22.15101,-34.19214 22.151,-34.19222 22.15095,-34.19229 22.15079,-34.19234 22.15072,-34.19234 22.15065,-34.19233 22.15059,-34.19224 22.15054,-34.19224 22.15053,-34.19228 22.15055,-34.19237 22.15057,-34.19245 22.15059,-34.19249 22.15059,-34.19255 22.15057,-34.1926 22.15054,-34.19261 22.15047,-34.19261 22.15043,-34.19259 22.15038,-34.19254 22.15036,-34.19248 22.1503,-34.19249 22.15027,-34.19258 22.15027,-34.19265 22.15025,-34.19271 22.15015,-34.19271 22.15011,-34.19264 22.15009,-34.1926 22.15008,-34.19253 22.15,-34.19249 22.14992,-34.19253 22.14984,-34.19258 22.14977,-34.19268 22.14972,-34.19269 22.14965,-34.19273 22.14961,-34.19279 22.14961,-34.19286 22.14958,-34.19292 22.14955,-34.19294 22.14949,-34.19295 22.1494,-34.19292 22.14931,-34.19285 22.14924,-34.19289 22.14923,-34.19295 22.14917,-34.19303 22.14912,-34.19308 22.14906,-34.19311 22.149,-34.19312 22.14894,-34.19312 22.14884,-34.1931 22.14879,-34.19304 22.14873,-34.19302 22.14867,-34.19302 22.14864,-34.19306 22.14861,-34.19314 22.14861,-34.19322 22.14863,-34.19327 22.14843,-34.19327 22.14841,-34.19333 22.14841,-34.19339 22.1484,-34.19345 22.14831,-34.1935 22.14826,-34.19355 22.1482,-34.19355 22.1481,-34.19352 22.14802,-34.1935 22.14797,-34.19353 22.14784,-34.19361 22.14779,-34.19364 22.14773,-34.1937 22.14769,-34.19373 22.14762,-34.1937 22.14756,-34.19364 22.1475,-34.19357 22.14732,-34.19357 22.14725,-34.19348 22.14722,-34.19341 22.14721,-34.19334 22.14716,-34.19326 22.14707,-34.19321 22.14701,-34.19312 22.14687,-34.193 22.14672,-34.193 22.14661,-34.19294 22.14658,-34.19286 22.14656,-34.1928 22.14649,-34.1928 22.14648,-34.19289 22.14648,-34.19303 22.14642,-34.19312 22.14622,-34.1932 22.14617,-34.19315 22.14613,-34.19314 22.14605,-34.19316 22.14604,-34.19321 22.14605,-34.19326 22.14615,-34.19336 22.14616,-34.19344 22.14608,-34.19347 22.14596,-34.19347 22.14587,-34.19344 22.14581,-34.19344 22.14575,-34.19346 22.14575,-34.19351 22.14576,-34.19358 22.14584,-34.19363 22.14585,-34.19371 22.14578,-34.19377 22.14575,-34.19381 22.14562,-34.19381 22.14556,-34.19389 22.14556,-34.19393 22.14563,-34.19395 22.1457,-34.19398 22.14575,-34.194 22.14579,-34.19406 22.14573,-34.19415 22.14568,-34.19415 22.1456,-34.19417 22.14554,-34.19417 22.14554,-34.19422 22.14558,-34.19426 22.14569,-34.19429 22.14579,-34.19434 22.1458,-34.19445 22.14575,-34.19453 22.14567,-34.19457 22.14554,-34.19457 22.14546,-34.19459 22.14543,-34.19461 22.14543,-34.19464 22.14549,-34.19469 22.14554,-34.19473 22.14551,-34.19477 22.1454,-34.1948 22.14533,-34.19482 22.14523,-34.19482 22.14519,-34.19477 22.14516,-34.19473 22.1451,-34.19465 22.14502,-34.19468 22.14502,-34.19475 22.14504,-34.19482 22.14505,-34.19486 22.14505,-34.19491 22.14499,-34.19494 22.14487,-34.19494 22.1448,-34.19493 22.14473,-34.19493 22.14464,-34.19491 22.14455,-34.19491 22.14449,-34.19493 22.14449,-34.195 22.14452,-34.1951 22.14457,-34.19523 22.14443,-34.19523 22.14438,-34.19522 22.14431,-34.19516 22.14428,-34.19515 22.14422,-34.19515 22.14421,-34.19522 22.14423,-34.19535 22.14425,-34.19542 22.14427,-34.19551 22.14427,-34.19562 22.14422,-34.19567 22.14416,-34.19567 22.1441,-34.19569 22.14411,-34.19577 22.14416,-34.1958 22.14432,-34.1958 22.14439,-34.19586 22.14438,-34.19595 22.14436,-34.19603 22.14436,-34.19607 22.14445,-34.19609 22.14461,-34.1961 22.14467,-34.19612 22.14475,-34.19628 22.14476,-34.19641 22.14464,-34.19651 22.14458,-34.19646 22.14448,-34.19645 22.14438,-34.19647 22.14436,-34.19651 22.14439,-34.19663 22.14434,-34.19664 22.1443,-34.19665 22.14407,-34.19665 22.14399,-34.19663 22.14396,-34.19658 22.14393,-34.1965 22.14387,-34.19648 22.1438,-34.19651 22.14379,-34.19659 22.14373,-34.19659 22.14368,-34.19658 22.14356,-34.19658 22.1435,-34.19656 22.14343,-34.19645 22.14342,-34.19636 22.14336,-34.1963 22.14326,-34.19636 22.14321,-34.19644 22.1431,-34.19642 22.14297,-34.19634 22.14293,-34.19632 22.14285,-34.19616 22.14274,-34.19615 22.14269,-34.19617 22.14256,-34.19615 22.1425,-34.1961 22.14252,-34.19599 22.14256,-34.19594 22.14261,-34.19587 22.14256,-34.19576 22.14251,-34.19571 22.14242,-34.19574 22.14234,-34.19574 22.14232,-34.19571 22.14232,-34.19567 22.14231,-34.19563 22.14222,-34.19556 22.14215,-34.19556 22.14207,-34.19554 22.14201,-34.19554 22.14192,-34.19551 22.14193,-34.19544 22.14195,-34.19539 22.14196,-34.19533 22.14205,-34.19532 22.14212,-34.19526 22.14212,-34.19516 22.14209,-34.19507 22.14201,-34.19501 22.14197,-34.19497 22.14196,-34.19493 22.14191,-34.19487 22.14189,-34.1948 22.14185,-34.19479 22.14175,-34.19485 22.14152,-34.19485 22.14144,-34.19481 22.14142,-34.19474 22.1414,-34.19463 22.14137,-34.19459 22.14128,-34.19458 22.14124,-34.19462 22.14118,-34.19464 22.14113,-34.19463 22.14109,-34.19453 22.1411,-34.19446 22.14114,-34.19439 22.1411,-34.19435 22.14104,-34.1943 22.14098,-34.1943 22.14091,-34.19435 22.14087,-34.19439 22.14084,-34.19441 22.14077,-34.19439 22.14072,-34.19438 22.1406,-34.19432 22.14057,-34.19424 22.14059,-34.19418 22.14046,-34.19418 22.1404,-34.19428 22.1404,-34.19448 22.14039,-34.19453 22.14025,-34.19456 22.14015,-34.1945 22.14015,-34.19442 22.14006,-34.19439 22.14001,-34.1945 22.14001,-34.19456 22.14,-34.19459 22.14,-34.19464 22.13997,-34.19469 22.13992,-34.19471 22.13985,-34.19471 22.13975,-34.19469 22.13973,-34.19465 22.13968,-34.19461 22.13963,-34.19461 22.1396,-34.19467 22.1396,-34.19479 22.13967,-34.19491 22.13965,-34.19497 22.13961,-34.19501 22.13956,-34.19501 22.13951,-34.195 22.13947,-34.19498 22.13944,-34.19493 22.13938,-34.19493 22.13934,-34.19495 22.13934,-34.19501 22.1394,-34.19509 22.13943,-34.19518 22.13936,-34.19523 22.13928,-34.19529 22.1392,-34.19529 22.13918,-34.19532 22.13919,-34.19538 22.13926,-34.19544 22.13926,-34.19548 22.13922,-34.19562 22.13912,-34.19562 22.13907,-34.1956 22.13889,-34.19562 22.13889,-34.19565 22.1389,-34.19569 22.13894,-34.1957 22.13898,-34.19575 22.13896,-34.19585 22.13897,-34.19589 22.13907,-34.19593 22.13909,-34.19597 22.13909,-34.1961 22.139,-34.19615 22.13886,-34.19616 22.13881,-34.19626 22.13886,-34.19633 22.13891,-34.19638 22.13891,-34.19642 22.13889,-34.19647 22.13878,-34.19651 22.13868,-34.19648 22.13859,-34.19642 22.13849,-34.19641 22.13844,-34.19642 22.13837,-34.19648 22.13836,-34.19659 22.13837,-34.19666 22.13834,-34.19675 22.13828,-34.19681 22.13814,-34.19675 22.13814,-34.19664 22.1381,-34.19659 22.13801,-34.19654 22.13794,-34.19654 22.13789,-34.19665 22.13786,-34.19672 22.1378,-34.19679 22.13768,-34.19681 22.13753,-34.19674 22.13751,-34.19668 22.13738,-34.19665 22.13732,-34.19666 22.13732,-34.19675 22.1373,-34.19682 22.13718,-34.19685 22.13701,-34.19679 22.13702,-34.19669 22.13702,-34.19662 22.13697,-34.19659 22.13691,-34.19659 22.13684,-34.19663 22.13683,-34.19668 22.1368,-34.19671 22.13666,-34.19671 22.13661,-34.19669 22.13656,-34.1966 22.13655,-34.19656 22.13644,-34.19656 22.13637,-34.19658 22.13639,-34.19664 22.13647,-34.19677 22.13638,-34.19682 22.13621,-34.19682 22.13614,-34.19679 22.13612,-34.19677 22.13608,-34.19676 22.13602,-34.19674 22.13597,-34.19682 22.13595,-34.19685 22.13597,-34.19689 22.13608,-34.19699 22.13608,-34.19707 22.13607,-34.19717 22.13603,-34.19721 22.13596,-34.19721 22.1358,-34.19723 22.13573,-34.19728 22.13573,-34.19734 22.13577,-34.1974 22.1358,-34.19747 22.13576,-34.19765 22.1356,-34.19764 22.1355,-34.19757 22.13537,-34.19752 22.13529,-34.19753 22.13526,-34.19758 22.13529,-34.19769 22.13529,-34.19783 22.1352,-34.19783 22.13517,-34.1978 22.13513,-34.19772 22.13503,-34.19765 22.13494,-34.19765 22.13491,-34.19772 22.1349,-34.1978 22.13484,-34.19783 22.13472,-34.19783 22.13465,-34.19781 22.13459,-34.19777 22.13455,-34.19774 22.13454,-34.19768 22.13448,-34.1976 22.13439,-34.19763 22.13435,-34.19769 22.1343,-34.19777 22.13423,-34.19777 22.13414,-34.19771 22.13414,-34.19753 22.13413,-34.1975 22.13407,-34.19747 22.13398,-34.19747 22.13391,-34.1975 22.13386,-34.1976 22.13384,-34.19763 22.13356,-34.19763 22.1335,-34.19758 22.13349,-34.19752 22.13345,-34.19745 22.13338,-34.19744 22.13333,-34.19747 22.1333,-34.19754 22.13326,-34.19758 22.13319,-34.19759 22.13309,-34.19759 22.13305,-34.19758 22.13301,-34.19753 22.13299,-34.19741 22.13294,-34.19739 22.13284,-34.19739 22.13278,-34.19741 22.13276,-34.19746 22.13273,-34.1975 22.13262,-34.19753 22.13247,-34.19748 22.13239,-34.19742 22.13237,-34.19735 22.13225,-34.19736 22.13221,-34.1974 22.13219,-34.19745 22.13219,-34.1975 22.13215,-34.19756 22.13209,-34.19757 22.13205,-34.19754 22.13196,-34.19746 22.13188,-34.19746 22.13179,-34.19747 22.13174,-34.19756 22.13176,-34.19763 22.13178,-34.19777 22.1317,-34.19778 22.13154,-34.19778 22.13144,-34.1978 22.13141,-34.19786 22.13143,-34.19793 22.13155,-34.19798 22.13147,-34.19807 22.13131,-34.19807 22.13123,-34.19815 22.13121,-34.19824 22.13117,-34.1983 22.13097,-34.1983 22.13089,-34.19829 22.1308,-34.19829 22.13073,-34.19835 22.13073,-34.19848 22.1308,-34.19854 22.13083,-34.19859 22.13077,-34.19864 22.1307,-34.19863 22.1306,-34.19857 22.13052,-34.19854 22.13035,-34.19852 22.13031,-34.19852 22.13029,-34.19859 22.13025,-34.19866 22.13018,-34.19871 22.13012,-34.19876 22.13009,-34.19886 22.13009,-34.19892 22.13006,-34.19904 22.12995,-34.1991 22.12989,-34.19905 22.12983,-34.19894 22.12958,-34.19894 22.12947,-34.199 22.12946,-34.19905 22.12954,-34.19915 22.12954,-34.19924 22.12942,-34.19927 22.12934,-34.19922 22.12928,-34.19913 22.1292,-34.19911 22.12914,-34.19915 22.12914,-34.19919 22.1292,-34.19933 22.12911,-34.19939 22.12899,-34.19941 22.12891,-34.19939 22.12889,-34.19934 22.12869,-34.19934 22.1286,-34.1994 22.12859,-34.1995 22.12858,-34.19959 22.12847,-34.19959 22.12832,-34.1996 22.12824,-34.19957 22.12819,-34.19948 22.12812,-34.19945 22.128,-34.19946 22.12789,-34.19951 22.12789,-34.19958 22.12793,-34.19968 22.12783,-34.19969 22.12769,-34.19976 22.12763,-34.19975 22.12756,-34.19968 22.12755,-34.19958 22.12753,-34.19954 22.12735,-34.19954 22.12735,-34.19971 22.1273,-34.19975 22.12726,-34.19969 22.12725,-34.19964 22.12711,-34.1996 22.12702,-34.1996 22.12693,-34.19963 22.12691,-34.19969 22.12691,-34.19975 22.12687,-34.19982 22.12677,-34.19987 22.12665,-34.19992 22.1266,-34.19994 22.12654,-34.19987 22.12654,-34.19976 22.1265,-34.1997 22.12641,-34.19969 22.12635,-34.19969 22.12631,-34.19974 22.1263,-34.1998 22.12623,-34.19986 22.12616,-34.19986 22.1261,-34.19981 22.1261,-34.19968 22.12607,-34.19963 22.12599,-34.19965 22.12596,-34.19972 22.12577,-34.19972 22.12573,-34.19974 22.12573,-34.1999 22.12567,-34.19994 22.12558,-34.19994 22.12553,-34.19992 22.12551,-34.19986 22.12551,-34.1998 22.12546,-34.19972 22.1254,-34.19972 22.12535,-34.19975 22.12532,-34.19982 22.12532,-34.19988 22.12529,-34.19992 22.1252,-34.1999 22.12513,-34.19989 22.12512,-34.19986 22.12511,-34.19977 22.12506,-34.19976 22.12498,-34.19981 22.12496,-34.19986 22.1249,-34.19989 22.12479,-34.1999 22.12475,-34.19992 22.12465,-34.19995 22.12463,-34.19998 22.12463,-34.20017 22.12457,-34.20018 22.12451,-34.20018 22.12445,-34.20016 22.12442,-34.2001 22.12442,-34.19999 22.12432,-34.19999 22.1243,-34.20006 22.1243,-34.20017 22.12425,-34.20022 22.12422,-34.20022 22.12411,-34.20019 22.12407,-34.20016 22.12404,-34.20011 22.12402,-34.20006 22.12399,-34.20005 22.12387,-34.20005 22.12379,-34.20009 22.12378,-34.20012 22.12378,-34.20033 22.12375,-34.20035 22.1237,-34.20036 22.12352,-34.20036 22.12347,-34.20035 22.12344,-34.20027 22.1233,-34.20027 22.12324,-34.20029 22.12323,-34.20035 22.12323,-34.20041 22.12324,-34.20045 22.12325,-34.20054 22.12325,-34.20058 22.12322,-34.20059 22.12311,-34.20059 22.12304,-34.20054 22.1229,-34.2005 22.12282,-34.20054 22.12283,-34.20068 22.12282,-34.20076 22.12278,-34.20082 22.12265,-34.20082 22.12257,-34.20081 22.12254,-34.20078 22.12248,-34.20075 22.12243,-34.20075 22.12237,-34.20081 22.12234,-34.20089 22.12234,-34.20095 22.12231,-34.20104 22.12228,-34.20109 22.12216,-34.2011 22.12205,-34.2011 22.12199,-34.20106 22.12198,-34.20099 22.12196,-34.20095 22.12186,-34.20098 22.12176,-34.20099 22.12175,-34.20106 22.12172,-34.20113 22.12169,-34.20119 22.12164,-34.20122 22.12154,-34.20118 22.12148,-34.20112 22.12133,-34.20116 22.12128,-34.20119 22.12118,-34.20128 22.12102,-34.2013 22.12096,-34.20131 22.12092,-34.20128 22.12088,-34.20118 22.12075,-34.20116 22.12066,-34.20122 22.12066,-34.20135 22.12065,-34.20142 22.12058,-34.20145 22.12046,-34.20143 22.12039,-34.20137 22.12036,-34.20129 22.12036,-34.20121 22.12027,-34.20115 22.12021,-34.20117 22.12017,-34.20125 22.12017,-34.20134 22.12013,-34.20139 22.12006,-34.20141 22.11998,-34.20143 22.11994,-34.20143 22.1199,-34.20149 22.11989,-34.20162 22.11986,-34.20168 22.11958,-34.20168 22.11956,-34.20162 22.11956,-34.20157 22.11943,-34.20151 22.11937,-34.20151 22.11934,-34.20155 22.11934,-34.20162 22.11931,-34.2017 22.11928,-34.20174 22.11915,-34.20172 22.11907,-34.20165 22.11907,-34.20151 22.11904,-34.20148 22.11896,-34.20148 22.1189,-34.20152 22.1189,-34.20158 22.11888,-34.20165 22.11887,-34.20168 22.11872,-34.20168 22.11868,-34.20164 22.11865,-34.20158 22.11864,-34.20153 22.11862,-34.20148 22.11858,-34.20146 22.11853,-34.20145 22.11845,-34.20145 22.11839,-34.20152 22.11836,-34.20159 22.11835,-34.20163 22.1183,-34.20165 22.11824,-34.20165 22.11819,-34.20162 22.11811,-34.20154 22.11811,-34.20149 22.11806,-34.20149 22.118,-34.20151 22.11795,-34.20153 22.11794,-34.20162 22.11794,-34.20168 22.11792,-34.20175 22.11784,-34.20181 22.11771,-34.20181 22.11766,-34.20174 22.11765,-34.20163 22.11764,-34.2016 22.11759,-34.20154 22.1175,-34.20154 22.11746,-34.20163 22.11746,-34.20176 22.1174,-34.20178 22.11717,-34.20178 22.11715,-34.20174 22.11714,-34.2017 22.11706,-34.20165 22.11703,-34.20165 22.11695,-34.20168 22.11695,-34.20187 22.11683,-34.20188 22.11675,-34.20188 22.1167,-34.20183 22.11668,-34.2018 22.11668,-34.20176 22.11662,-34.20178 22.11656,-34.20184 22.11653,-34.20186 22.11645,-34.20189 22.11637,-34.20194 22.11637,-34.20204 22.11635,-34.20207 22.11635,-34.20212 22.11626,-34.20213 22.11621,-34.20213 22.11612,-34.20211 22.11608,-34.20205 22.11608,-34.20202 22.11601,-34.20195 22.11592,-34.20194 22.11586,-34.20196 22.11582,-34.20199 22.11577,-34.202 22.11572,-34.20202 22.11566,-34.20206 22.11562,-34.2021 22.11562,-34.20216 22.1156,-34.20221 22.11554,-34.20224 22.11547,-34.20228 22.1153,-34.20227 22.11525,-34.20221 22.11524,-34.20216 22.1152,-34.20208 22.11516,-34.20208 22.1151,-34.2021 22.11504,-34.20216 22.11504,-34.20223 22.11506,-34.20229 22.11506,-34.20237 22.11496,-34.20242 22.11484,-34.20242 22.1148,-34.20237 22.11479,-34.20233 22.11473,-34.20231 22.11467,-34.20231 22.11459,-34.20234 22.11459,-34.20239 22.11457,-34.20247 22.1145,-34.20249 22.11445,-34.20251 22.11438,-34.20248 22.11437,-34.20245 22.11431,-34.20237 22.11421,-34.20245 22.11418,-34.20249 22.11409,-34.20255 22.11402,-34.20259 22.11401,-34.20263 22.11404,-34.20268 22.11406,-34.20272 22.11403,-34.20277 22.11397,-34.20281 22.11388,-34.20281 22.11383,-34.20276 22.11376,-34.20275 22.11366,-34.20277 22.11359,-34.20282 22.11355,-34.20294 22.11356,-34.20299 22.11353,-34.20308 22.11344,-34.20311 22.11335,-34.2031 22.11329,-34.20307 22.11325,-34.203 22.11323,-34.20294 22.11317,-34.203 22.11315,-34.2031 22.11309,-34.20316 22.11298,-34.20321 22.11294,-34.2033 22.11288,-34.20333 22.1128,-34.20335 22.11278,-34.20337 22.11273,-34.20339 22.11267,-34.20343 22.11264,-34.20347 22.1126,-34.20352 22.11256,-34.20354 22.11251,-34.20357 22.11249,-34.20361 22.11249,-34.20372 22.11243,-34.20376 22.11237,-34.20378 22.11219,-34.20381 22.11212,-34.20377 22.11208,-34.20372 22.11201,-34.20361 22.11195,-34.20361 22.11188,-34.20364 22.11183,-34.20367 22.11179,-34.20376 22.1117,-34.20381 22.11155,-34.20371 22.11155,-34.20365 22.11148,-34.20357 22.11133,-34.2036 22.11126,-34.20363 22.11124,-34.20369 22.11124,-34.2038 22.11121,-34.20386 22.11111,-34.20383 22.11105,-34.20378 22.11103,-34.20374 22.11102,-34.2037 22.11093,-34.20364 22.11085,-34.20364 22.11081,-34.20365 22.11079,-34.20369 22.11076,-34.20374 22.11073,-34.20378 22.11063,-34.20378 22.11058,-34.20377 22.11052,-34.20376 22.11049,-34.20375 22.11045,-34.20371 22.11044,-34.20366 22.11044,-34.20357 22.11041,-34.20352 22.11034,-34.20352 22.11028,-34.20353 22.11023,-34.20354 22.11023,-34.2036 22.11024,-34.20366 22.11024,-34.20374 22.11022,-34.20376 22.11015,-34.20376 22.11011,-34.20366 22.11011,-34.20354 22.11002,-34.20346 22.10994,-34.20345 22.10992,-34.20349 22.10992,-34.20355 22.1099,-34.20361 22.10985,-34.20363 22.10968,-34.20365 22.10964,-34.20361 22.10964,-34.20358 22.10961,-34.20349 22.10951,-34.20348 22.10946,-34.20348 22.10941,-34.20352 22.10935,-34.20361 22.10935,-34.20371 22.10927,-34.20374 22.1092,-34.20366 22.10916,-34.20359 22.10916,-34.20353 22.1091,-34.20353 22.10906,-34.20355 22.10905,-34.20361 22.10904,-34.20377 22.10893,-34.20381 22.10879,-34.20381 22.10873,-34.20378 22.1087,-34.20372 22.1087,-34.20364 22.10865,-34.20355 22.10862,-34.20355 22.10855,-34.20359 22.10853,-34.20363 22.10853,-34.20378 22.10844,-34.20386 22.10839,-34.20386 22.10831,-34.20384 22.10824,-34.20382 22.10822,-34.20376 22.10821,-34.2037 22.10816,-34.20365 22.1081,-34.20365 22.10806,-34.20371 22.10805,-34.20381 22.10803,-34.20386 22.1079,-34.20392 22.1078,-34.20393 22.10771,-34.20386 22.1077,-34.20382 22.10756,-34.20381 22.10746,-34.20383 22.10746,-34.2039 22.10745,-34.204 22.10745,-34.20412 22.10741,-34.20417 22.10735,-34.2042 22.10728,-34.20422 22.10718,-34.20417 22.10712,-34.20408 22.10706,-34.20407 22.107,-34.20413 22.107,-34.20425 22.10698,-34.20435 22.10692,-34.20436 22.10685,-34.2044 22.10678,-34.20433 22.10675,-34.20424 22.1067,-34.20422 22.10672,-34.20419 22.10668,-34.20418 22.10663,-34.20418 22.10657,-34.20424 22.10657,-34.20445 22.10652,-34.20443 22.10649,-34.20443 22.10637,-34.20445 22.10629,-34.20443 22.10624,-34.2044 22.10622,-34.20436 22.10618,-34.20431 22.10618,-34.20428 22.10613,-34.20427 22.10605,-34.20427 22.106,-34.20433 22.10599,-34.20439 22.10593,-34.20442 22.10588,-34.20446 22.10582,-34.20446 22.10576,-34.20443 22.1057,-34.20435 22.10569,-34.20429 22.10569,-34.20419 22.10559,-34.20414 22.10554,-34.20414 22.10549,-34.20418 22.10535,-34.20425 22.10516,-34.20417 22.10512,-34.20412 22.10512,-34.20404 22.10508,-34.20401 22.10501,-34.20398 22.10487,-34.20395 22.10483,-34.20401 22.10481,-34.2041 22.10476,-34.20413 22.10471,-34.20417 22.10461,-34.20417 22.10457,-34.2041 22.10457,-34.20404 22.10459,-34.20398 22.1046,-34.20392 22.10452,-34.20384 22.10432,-34.20384 22.10425,-34.20383 22.10422,-34.20387 22.10422,-34.20392 22.10416,-34.20401 22.10413,-34.20401 22.10404,-34.20402 22.10396,-34.20402 22.10393,-34.20396 22.10393,-34.20384 22.10396,-34.2038 22.10396,-34.20375 22.10384,-34.20374 22.10377,-34.20376 22.10373,-34.20381 22.10367,-34.20387 22.10352,-34.20381 22.10348,-34.20377 22.10347,-34.2037 22.10346,-34.20366 22.10345,-34.20361 22.10342,-34.20359 22.10334,-34.20358 22.10325,-34.20358 22.10324,-34.20365 22.10319,-34.2037 22.10304,-34.20361 22.10301,-34.20354 22.10302,-34.20347 22.10305,-34.20339 22.103,-34.20334 22.10294,-34.20336 22.10293,-34.20341 22.10289,-34.20343 22.10275,-34.20343 22.10265,-34.20342 22.10261,-34.20342 22.10255,-34.20345 22.10255,-34.20349 22.10252,-34.20355 22.10237,-34.20355 22.10236,-34.20346 22.1023,-34.20337 22.10222,-34.20339 22.10219,-34.20345 22.10217,-34.20354 22.10212,-34.20361 22.10207,-34.20364 22.1019,-34.20366 22.10176,-34.20363 22.10178,-34.20353 22.10175,-34.20349 22.1016,-34.20349 22.10153,-34.20354 22.10149,-34.20363 22.10142,-34.20371 22.10134,-34.20372 22.10123,-34.20364 22.10119,-34.2036 22.10111,-34.20361 22.10111,-34.20374 22.10115,-34.20381 22.10115,-34.20387 22.10109,-34.20394 22.10097,-34.20398 22.10089,-34.20398 22.1008,-34.20394 22.10075,-34.20387 22.10068,-34.20386 22.10062,-34.20389 22.10057,-34.20399 22.10057,-34.20405 22.10049,-34.20411 22.10043,-34.20411 22.10032,-34.2041 22.10026,-34.20408 22.10017,-34.20408 22.10007,-34.20413 22.10004,-34.20423 22.10001,-34.2043 22.09986,-34.20428 22.09981,-34.20423 22.09977,-34.20412 22.09968,-34.20411 22.09961,-34.20413 22.0996,-34.2042 22.09956,-34.20427 22.09945,-34.20428 22.09937,-34.20425 22.09931,-34.20423 22.09928,-34.20414 22.09928,-34.20406 22.09915,-34.204 22.09904,-34.204 22.09901,-34.20404 22.09893,-34.20418 22.09889,-34.20418 22.09881,-34.20413 22.09877,-34.2041 22.09872,-34.20405 22.09869,-34.20399 22.09878,-34.20386 22.09878,-34.2038 22.09873,-34.20372 22.09865,-34.20371 22.09856,-34.20372 22.09851,-34.20381 22.09846,-34.20384 22.09834,-34.20384 22.0983,-34.20383 22.09822,-34.2038 22.09819,-34.20376 22.09819,-34.20372 22.0982,-34.20367 22.09822,-34.20361 22.09821,-34.20357 22.0981,-34.20348 22.09804,-34.20346 22.09801,-34.20347 22.09797,-34.20349 22.09786,-34.20352 22.09781,-34.20349 22.09778,-34.20347 22.09774,-34.20343 22.09774,-34.20334 22.09775,-34.20327 22.09774,-34.20323 22.09768,-34.20317 22.09759,-34.20316 22.09754,-34.20319 22.09744,-34.20321 22.09738,-34.20321 22.09733,-34.20317 22.09728,-34.20311 22.09722,-34.20304 22.0972,-34.20298 22.09719,-34.20293 22.09713,-34.20288 22.09706,-34.20287 22.09701,-34.20287 22.09697,-34.20293 22.09693,-34.203 22.09693,-34.20307 22.09689,-34.20311 22.09684,-34.20311 22.09678,-34.20307 22.09674,-34.203 22.09674,-34.20293 22.09671,-34.20284 22.09665,-34.2028 22.09657,-34.2028 22.09648,-34.20284 22.09644,-34.20284 22.09633,-34.20286 22.09628,-34.20288 22.09625,-34.20294 22.09625,-34.20302 22.09624,-34.2031 22.09624,-34.20314 22.09622,-34.20318 22.09616,-34.20319 22.09606,-34.20317 22.09601,-34.20312 22.09596,-34.20298 22.09591,-34.20296 22.0958,-34.20299 22.09575,-34.20306 22.09577,-34.20316 22.09581,-34.20324 22.09581,-34.20331 22.09568,-34.20334 22.09553,-34.20336 22.09549,-34.20335 22.09544,-34.20327 22.09537,-34.20323 22.09524,-34.20323 22.09521,-34.20329 22.09522,-34.20339 22.09522,-34.20346 22.09521,-34.20352 22.09516,-34.20357 22.09508,-34.2036 22.09502,-34.2036 22.09497,-34.20349 22.09496,-34.2034 22.09488,-34.20339 22.09472,-34.20339 22.09465,-34.20341 22.0946,-34.20346 22.0946,-34.20352 22.09461,-34.20361 22.09461,-34.2037 22.09459,-34.20375 22.09448,-34.2038 22.09433,-34.20386 22.0943,-34.20393 22.0943,-34.20396 22.09431,-34.20404 22.0943,-34.20408 22.09427,-34.20413 22.09416,-34.20418 22.09408,-34.20418 22.09402,-34.20417 22.09394,-34.20419 22.09394,-34.2043 22.09396,-34.20434 22.09402,-34.20437 22.09413,-34.20443 22.09414,-34.20455 22.0941,-34.20464 22.094,-34.20469 22.09396,-34.20473 22.09392,-34.20473 22.09388,-34.20472 22.09383,-34.2047 22.09379,-34.20475 22.09376,-34.20481 22.09376,-34.20489 22.09382,-34.20493 22.09385,-34.20498 22.09385,-34.20502 22.09377,-34.20512 22.09361,-34.20516 22.09356,-34.20514 22.09349,-34.20507 22.09338,-34.20507 22.09332,-34.2051 22.09332,-34.2052 22.09335,-34.20525 22.09335,-34.20535 22.09333,-34.20539 22.09325,-34.20546 22.09321,-34.20549 22.09309,-34.20549 22.09302,-34.20547 22.09297,-34.20547 22.0929,-34.20554 22.09289,-34.2056 22.09297,-34.20564 22.09303,-34.2057 22.09303,-34.20582 22.09297,-34.20592 22.0929,-34.20595 22.09282,-34.20595 22.09272,-34.20594 22.09266,-34.20594 22.09261,-34.20596 22.09257,-34.20606 22.09257,-34.20617 22.09261,-34.20624 22.09267,-34.20626 22.09268,-34.20635 22.09262,-34.20641 22.09254,-34.20645 22.09247,-34.20645 22.09243,-34.20654 22.09243,-34.20661 22.09244,-34.20667 22.09253,-34.20673 22.09256,-34.20682 22.09255,-34.2069 22.09245,-34.20695 22.09235,-34.20694 22.09229,-34.20694 22.09224,-34.20698 22.09223,-34.20702 22.09223,-34.20708 22.0922,-34.20719 22.09212,-34.2072 22.09202,-34.20716 22.09195,-34.20707 22.09189,-34.20705 22.09182,-34.20714 22.09176,-34.2072 22.09176,-34.20728 22.09168,-34.2073 22.09154,-34.20734 22.09149,-34.20732 22.09147,-34.2073 22.09138,-34.20728 22.09133,-34.20734 22.09125,-34.20738 22.09121,-34.20747 22.09123,-34.20752 22.09129,-34.20759 22.09132,-34.20767 22.0913,-34.20773 22.09119,-34.20777 22.09111,-34.20777 22.09103,-34.20776 22.09101,-34.20773 22.09095,-34.20772 22.0909,-34.20777 22.09088,-34.20787 22.09088,-34.20794 22.09094,-34.208 22.09097,-34.20802 22.09102,-34.20808 22.09102,-34.20817 22.09095,-34.20823 22.09082,-34.20825 22.09067,-34.20824 22.09058,-34.20824 22.09054,-34.20828 22.09054,-34.20832 22.09067,-34.20846 22.09066,-34.20855 22.09062,-34.20866 22.09054,-34.20872 22.09042,-34.20872 22.09037,-34.20869 22.09032,-34.20865 22.09021,-34.20865 22.09015,-34.20869 22.09013,-34.20876 22.09014,-34.20883 22.09021,-34.20889 22.09026,-34.20897 22.09023,-34.20905 22.09014,-34.20908 22.09009,-34.20903 22.09003,-34.20899 22.08995,-34.20897 22.08985,-34.209 22.0898,-34.20903 22.0898,-34.20917 22.08976,-34.20923 22.08948,-34.20928 22.08939,-34.20928 22.08936,-34.20923 22.08931,-34.20911 22.08915,-34.20911 22.08912,-34.20916 22.08911,-34.20925 22.08908,-34.20932 22.08901,-34.20934 22.08894,-34.20931 22.0889,-34.20924 22.0889,-34.20905 22.08872,-34.20899 22.08865,-34.209 22.08856,-34.209 22.08847,-34.20894 22.08833,-34.20902 22.08825,-34.20907 22.08818,-34.20906 22.08812,-34.20906 22.08803,-34.20901 22.08795,-34.20894 22.08795,-34.20882 22.08797,-34.20873 22.08794,-34.20866 22.08791,-34.20863 22.08784,-34.20859 22.08779,-34.20861 22.08773,-34.20866 22.0877,-34.20873 22.08766,-34.20879 22.08761,-34.20881 22.08756,-34.20876 22.08752,-34.20871 22.08749,-34.20866 22.08749,-34.20858 22.08754,-34.20852 22.08754,-34.20848 22.08752,-34.20843 22.08743,-34.20843 22.08736,-34.20841 22.08727,-34.2085 22.08723,-34.20859 22.08719,-34.20866 22.08694,-34.20866 22.08685,-34.20864 22.08683,-34.2086 22.08677,-34.20849 22.08665,-34.20849 22.08658,-34.20854 22.08656,-34.2086 22.08656,-34.20866 22.08654,-34.20872 22.08637,-34.20875 22.08626,-34.20873 22.08623,-34.2087 22.08621,-34.20861 22.08621,-34.20849 22.08615,-34.20849 22.08611,-34.20853 22.08594,-34.20854 22.08589,-34.20854 22.08582,-34.20855 22.08575,-34.20857 22.08568,-34.2087 22.08564,-34.20876 22.0856,-34.20878 22.0855,-34.20881 22.08547,-34.20883 22.08532,-34.20885 22.08525,-34.20885 22.08519,-34.20878 22.08519,-34.20869 22.08517,-34.20857 22.08508,-34.20857 22.08496,-34.20858 22.08489,-34.20872 22.08485,-34.20882 22.08478,-34.20882 22.08471,-34.20878 22.08467,-34.20878 22.08461,-34.20875 22.08459,-34.20864 22.08459,-34.20854 22.08458,-34.20846 22.0845,-34.20842 22.08438,-34.20847 22.08422,-34.20847 22.08412,-34.20854 22.08411,-34.20863 22.08408,-34.20875 22.08408,-34.20881 22.08403,-34.20883 22.08391,-34.20883 22.08382,-34.20873 22.08381,-34.20865 22.08378,-34.20854 22.08372,-34.20849 22.08364,-34.20849 22.08357,-34.20852 22.08353,-34.2086 22.0835,-34.2087 22.08344,-34.20871 22.08334,-34.20871 22.08319,-34.20865 22.08315,-34.20856 22.08314,-34.20846 22.0831,-34.20844 22.08298,-34.20845 22.08296,-34.2085 22.08297,-34.20862 22.08297,-34.20869 22.08285,-34.20874 22.08269,-34.20874 22.08265,-34.2087 22.08263,-34.20867 22.08262,-34.20863 22.08262,-34.20856 22.08258,-34.2085 22.08243,-34.2085 22.08236,-34.20852 22.08235,-34.20857 22.08231,-34.20866 22.08226,-34.20869 22.08207,-34.20869 22.08194,-34.20864 22.08192,-34.20859 22.08192,-34.20855 22.08186,-34.20848 22.08176,-34.20844 22.08168,-34.20845 22.08165,-34.20852 22.08164,-34.20859 22.08161,-34.20865 22.08156,-34.20868 22.0815,-34.20868 22.08143,-34.20865 22.08138,-34.20865 22.08131,-34.20863 22.08128,-34.20859 22.08126,-34.20851 22.08122,-34.2084 22.08114,-34.2084 22.08107,-34.20845 22.08105,-34.20854 22.08105,-34.20857 22.08103,-34.20862 22.08098,-34.20863 22.08093,-34.20863 22.08083,-34.20859 22.08074,-34.20851 22.08073,-34.20844 22.08073,-34.20839 22.08072,-34.20832 22.08071,-34.20828 22.08065,-34.20826 22.08053,-34.20826 22.08048,-34.20831 22.08041,-34.2084 22.08037,-34.20846 22.08035,-34.20851 22.08032,-34.20856 22.08023,-34.20856 22.08013,-34.20845 22.08012,-34.20838 22.08013,-34.2083 22.0802,-34.20821 22.0802,-34.20815 22.08012,-34.20814 22.08004,-34.20812 22.07997,-34.20819 22.07973,-34.20819 22.07953,-34.20818 22.07948,-34.20809 22.07948,-34.20803 22.07947,-34.20795 22.07944,-34.2079 22.07935,-34.20784 22.07929,-34.20788 22.07924,-34.20794 22.0792,-34.20801 22.07919,-34.20804 22.07916,-34.20809 22.07899,-34.20809 22.07887,-34.20807 22.07886,-34.20796 22.07892,-34.20786 22.07889,-34.2078 22.07886,-34.20776 22.07877,-34.20771 22.07873,-34.20771 22.07867,-34.20777 22.07862,-34.2078 22.07859,-34.20788 22.07858,-34.20791 22.07853,-34.20794 22.07843,-34.20794 22.07829,-34.20789 22.07826,-34.2078 22.07823,-34.20774 22.07823,-34.20771 22.0782,-34.20767 22.07798,-34.20767 22.07792,-34.20769 22.07791,-34.20772 22.07791,-34.20777 22.07788,-34.20782 22.07782,-34.20782 22.07774,-34.20778 22.0777,-34.2077 22.07768,-34.2076 22.07773,-34.20748 22.07777,-34.20742 22.07783,-34.20739 22.07777,-34.20731 22.07762,-34.20733 22.0775,-34.20729 22.07738,-34.20727 22.07729,-34.20727 22.07722,-34.20729 22.07715,-34.20737 22.07707,-34.20748 22.07698,-34.20754 22.07691,-34.20757 22.07685,-34.20753 22.07682,-34.20745 22.07687,-34.20735 22.07682,-34.20727 22.07674,-34.20725 22.07668,-34.20729 22.07663,-34.20734 22.07652,-34.20739 22.07647,-34.20739 22.07637,-34.20734 22.07634,-34.20731 22.07635,-34.20725 22.07644,-34.20716 22.07662,-34.20703 22.07671,-34.20697 22.07671,-34.20686 22.07656,-34.2068 22.07649,-34.20682 22.07643,-34.20691 22.07638,-34.20695 22.07635,-34.207 22.07621,-34.207 22.07615,-34.20695 22.0761,-34.20694 22.07609,-34.20691 22.07608,-34.20683 22.07612,-34.20676 22.07614,-34.20666 22.07601,-34.20657 22.0759,-34.20663 22.07586,-34.2067 22.07579,-34.20676 22.07572,-34.20678 22.07567,-34.20674 22.0756,-34.20667 22.07556,-34.20661 22.07554,-34.20651 22.0755,-34.20634 22.07542,-34.20633 22.0753,-34.20636 22.07518,-34.20642 22.07511,-34.20645 22.07505,-34.20642 22.07503,-34.20638 22.075,-34.20637 22.07499,-34.20631 22.07513,-34.20621 22.07515,-34.20614 22.07505,-34.20612 22.07494,-34.2061 22.07488,-34.20607 22.07482,-34.20607 22.07476,-34.20612 22.07469,-34.20618 22.07462,-34.20621 22.07451,-34.20621 22.07446,-34.20615 22.07449,-34.20606 22.07455,-34.20601 22.07459,-34.20592 22.07449,-34.20587 22.07443,-34.20587 22.07432,-34.20591 22.07422,-34.20597 22.07418,-34.20597 22.0741,-34.20595 22.07406,-34.20588 22.07404,-34.20579 22.07402,-34.20571 22.07395,-34.20563 22.07391,-34.20563 22.07383,-34.20567 22.07379,-34.20578 22.07379,-34.20584 22.07373,-34.20585 22.0737,-34.20585 22.07358,-34.20584 22.07351,-34.20583 22.07346,-34.20577 22.07346,-34.20561 22.07327,-34.2056 22.07311,-34.20564 22.07305,-34.20567 22.07299,-34.20577 22.07299,-34.20583 22.07297,-34.20591 22.07294,-34.20596 22.07288,-34.20601 22.07281,-34.20602 22.0727,-34.20602 22.07267,-34.20588 22.07267,-34.20582 22.07263,-34.20576 22.07248,-34.20579 22.0724,-34.20579 22.07236,-34.20585 22.07233,-34.20591 22.07226,-34.20595 22.07215,-34.20595 22.07204,-34.20594 22.07198,-34.20591 22.07196,-34.20588 22.07196,-34.20577 22.07194,-34.2057 22.07189,-34.20567 22.07182,-34.2057 22.07178,-34.20566 22.07176,-34.20573 22.07171,-34.20588 22.07163,-34.20589 22.07158,-34.20584 22.07154,-34.20576 22.07154,-34.20567 22.07143,-34.20561 22.07133,-34.20561 22.07128,-34.20564 22.07125,-34.2057 22.07121,-34.20571 22.0711,-34.20573 22.07103,-34.20573 22.071,-34.20577 22.07097,-34.20583 22.07095,-34.20589 22.07094,-34.20594 22.07086,-34.20596 22.0708,-34.20595 22.07075,-34.20588 22.07075,-34.20581 22.07072,-34.20571 22.07062,-34.20567 22.07026,-34.20567 22.0701,-34.20561 22.06996,-34.20553 22.06969,-34.20541 22.06953,-34.20534 22.06931,-34.20525 22.06917,-34.20518 22.0689,-34.20516 22.06863,-34.20517 22.06856,-34.20517 22.06831,-34.20522 22.06824,-34.20523 22.06817,-34.2053 22.06811,-34.20535 22.06801,-34.20537 22.0679,-34.20536 22.06784,-34.20531 22.06784,-34.20523 22.06772,-34.20513 22.06769,-34.20513 22.06761,-34.20517 22.06761,-34.20528 22.06759,-34.20534 22.06748,-34.20535 22.06736,-34.20534 22.06727,-34.20527 22.06727,-34.20518 22.06731,-34.20505 22.0673,-34.205 22.06717,-34.20501 22.06708,-34.20507 22.06687,-34.20507 22.06681,-34.20511 22.06672,-34.20527 22.06666,-34.2053 22.06658,-34.2053 22.06651,-34.20524 22.06651,-34.20517 22.06647,-34.20506 22.06638,-34.20505 22.0663,-34.20506 22.06627,-34.20519 22.06612,-34.20519 22.06606,-34.20516 22.06603,-34.20513 22.06596,-34.20519 22.06596,-34.20529 22.06592,-34.20535 22.06588,-34.20539 22.06575,-34.20539 22.06569,-34.20534 22.06564,-34.20525 22.06564,-34.20512 22.06554,-34.205 22.06544,-34.205 22.06535,-34.20509 22.06526,-34.20536 22.06521,-34.20537 22.06515,-34.20537 22.06508,-34.20535 22.06503,-34.20521 22.06503,-34.2051 22.06494,-34.20503 22.06485,-34.20503 22.06479,-34.20506 22.06477,-34.20512 22.06473,-34.20517 22.06469,-34.20525 22.06464,-34.20529 22.06458,-34.20528 22.06454,-34.20522 22.06453,-34.20513 22.0645,-34.20504 22.0644,-34.20499 22.06427,-34.20498 22.06422,-34.20499 22.0642,-34.2051 22.06417,-34.20521 22.06416,-34.20529 22.06416,-34.20535 22.06414,-34.20543 22.06403,-34.20542 22.06396,-34.2054 22.06393,-34.20534 22.06393,-34.20523 22.06391,-34.20512 22.06382,-34.20509 22.06372,-34.20517 22.06369,-34.20522 22.06368,-34.20527 22.06368,-34.20531 22.06362,-34.20534 22.06344,-34.20534 22.06339,-34.20528 22.06339,-34.20519 22.06338,-34.20511 22.06329,-34.20507 22.06318,-34.20507 22.06315,-34.20518 22.06311,-34.20529 22.06308,-34.20536 22.06306,-34.20539 22.06296,-34.20539 22.06295,-34.20536 22.06295,-34.20531 22.06279,-34.20531 22.06276,-34.20529 22.06272,-34.20529 22.06271,-34.20524 22.06266,-34.20522 22.06258,-34.20521 22.0625,-34.20521 22.06242,-34.20524 22.06234,-34.20531 22.06224,-34.20546 22.0621,-34.2056 22.06181,-34.20566 22.06167,-34.20566 22.06157,-34.20565 22.06143,-34.20564 22.06132,-34.20561 22.06118,-34.20559 22.06098,-34.20551 22.06089,-34.20547 22.06077,-34.20541 22.06065,-34.20533 22.06056,-34.20525 22.06047,-34.20522 22.06034,-34.20516 22.06023,-34.20512 22.05997,-34.20515 22.05972,-34.20515 22.05955,-34.20516 22.05942,-34.20521 22.05919,-34.20519 22.05911,-34.20521 22.05895,-34.20523 22.05848,-34.20533 22.0583,-34.20537 22.05813,-34.20541 22.05797,-34.20546 22.05785,-34.20547 22.05777,-34.20552 22.0576,-34.20557 22.0573,-34.20564 22.05608,-34.20564 22.05595,-34.20565 22.05541,-34.20565 22.05536,-34.20566 22.055,-34.20571 22.05481,-34.20573 22.05467,-34.20577 22.05451,-34.20579 22.05434,-34.20579 22.05421,-34.20583 22.05398,-34.20585 22.0537,-34.20584 22.05352,-34.20587 22.05307,-34.20587 22.05286,-34.20585 22.05265,-34.2059 22.05237,-34.2059 22.05226,-34.20591 22.0521,-34.20591 22.05192,-34.20592 22.05177,-34.20595 22.05158,-34.20597 22.05148,-34.20598 22.0513,-34.206 22.05117,-34.20601 22.05103,-34.20601 22.05093,-34.20602 22.05053,-34.20602 22.05012,-34.20596 22.04976,-34.20596 22.04932,-34.20595 22.04903,-34.20594 22.04881,-34.20591 22.04815,-34.20591 22.04796,-34.20592 22.04784,-34.20594 22.04772,-34.20595 22.04743,-34.20595 22.04729,-34.20596 22.04713,-34.206 22.04695,-34.20602 22.04682,-34.20604 22.04654,-34.20609 22.04645,-34.20612 22.04637,-34.2062 22.04613,-34.20626 22.04601,-34.2063 22.04584,-34.20632 22.04567,-34.20638 22.04533,-34.20643 22.0451,-34.20644 22.04491,-34.20649 22.04386,-34.20649 22.04372,-34.20651 22.04316,-34.20651 22.04307,-34.20652 22.04296,-34.20657 22.04276,-34.20663 22.04258,-34.20669 22.04247,-34.20673 22.04229,-34.20678 22.0421,-34.20679 22.04193,-34.20685 22.04154,-34.20694 22.04097,-34.20694 22.04066,-34.20693 22.04025,-34.20699 22.03987,-34.20699 22.03971,-34.20698 22.03961,-34.20699 22.03929,-34.20699 22.03911,-34.207 22.03897,-34.20701 22.03878,-34.20703 22.03861,-34.20706 22.03845,-34.20709 22.0382,-34.20713 22.03787,-34.20719 22.03779,-34.20721 22.03765,-34.20723 22.03755,-34.20724 22.03729,-34.20734 22.03717,-34.20735 22.03704,-34.20735 22.03696,-34.20739 22.03684,-34.20739 22.03675,-34.2074 22.03662,-34.2074 22.03649,-34.20741 22.03621,-34.20741 22.03611,-34.20742 22.03594,-34.20743 22.03582,-34.20745 22.0357,-34.20745 22.03548,-34.20748 22.03541,-34.20748 22.03533,-34.20749 22.03526,-34.20752 22.03514,-34.20755 22.03503,-34.20759 22.03477,-34.20761 22.03459,-34.20767 22.03444,-34.20767 22.03427,-34.20772 22.0342,-34.20772 22.03407,-34.20773 22.03378,-34.2078 22.03341,-34.20776 22.0332,-34.20778 22.03306,-34.20779 22.03296,-34.20782 22.03284,-34.20782 22.03273,-34.20785 22.03259,-34.20788 22.03211,-34.20797 22.03196,-34.20797 22.03162,-34.20804 22.03151,-34.20809 22.03136,-34.20813 22.03124,-34.20815 22.03111,-34.20816 22.03098,-34.20819 22.03084,-34.20821 22.03069,-34.20828 22.03044,-34.20833 22.03035,-34.20836 22.03023,-34.20832 22.03017,-34.20831 22.03013,-34.20827 22.03008,-34.20824 22.03002,-34.20822 22.02998,-34.20822 22.02992,-34.20827 22.0299,-34.20836 22.02993,-34.20848 22.02992,-34.20854 22.0299,-34.20858 22.02986,-34.20863 22.02971,-34.20859 22.02969,-34.20852 22.02968,-34.20846 22.02965,-34.20839 22.02963,-34.20833 22.02956,-34.20833 22.02951,-34.20844 22.02946,-34.2085 22.02943,-34.20857 22.02939,-34.20859 22.02932,-34.20859 22.02928,-34.20855 22.02922,-34.20843 22.02915,-34.20839 22.0291,-34.20839 22.02905,-34.20848 22.02904,-34.20856 22.02904,-34.20862 22.02896,-34.20864 22.02889,-34.20862 22.0288,-34.20852 22.02879,-34.20843 22.02877,-34.20833 22.02861,-34.20825 22.0285,-34.20827 22.02844,-34.20834 22.02844,-34.20844 22.0284,-34.20857 22.02835,-34.20863 22.02828,-34.20869 22.02819,-34.2087 22.02807,-34.20873 22.02786,-34.20874 22.0277,-34.20874 22.02749,-34.20876 22.02738,-34.20876 22.02702,-34.2088 22.02689,-34.2088 22.02662,-34.20871 22.02655,-34.20874 22.02642,-34.20874 22.02635,-34.20868 22.02631,-34.20858 22.02626,-34.20854 22.02617,-34.20854 22.02616,-34.20857 22.02616,-34.20861 22.02618,-34.20869 22.02617,-34.20874 22.02612,-34.20874 22.02605,-34.20873 22.02599,-34.2087 22.0259,-34.20865 22.02589,-34.20859 22.02587,-34.2085 22.02576,-34.20849 22.0257,-34.2085 22.02565,-34.20855 22.02559,-34.20859 22.02553,-34.20859 22.02546,-34.20862 22.0255,-34.20864 22.02547,-34.20867 22.02546,-34.20874 22.02542,-34.2088 22.02537,-34.20886 22.02532,-34.20886 22.02525,-34.20885 22.02519,-34.2088 22.02514,-34.20871 22.02511,-34.20862 22.02499,-34.20862 22.02492,-34.20865 22.02489,-34.20869 22.02491,-34.20882 22.02491,-34.20886 22.02485,-34.20893 22.0248,-34.20895 22.02473,-34.20892 22.02468,-34.20885 22.02464,-34.20876 22.02461,-34.20871 22.02453,-34.20873 22.02451,-34.20883 22.02446,-34.20898 22.02426,-34.20898 22.02419,-34.20893 22.02415,-34.20886 22.02403,-34.20882 22.02391,-34.20882 22.02386,-34.20886 22.02384,-34.20892 22.02384,-34.20903 22.02377,-34.20911 22.02371,-34.2091 22.02367,-34.20905 22.02364,-34.20898 22.02364,-34.2088 22.02358,-34.20877 22.0235,-34.2088 22.02348,-34.20892 22.02338,-34.20897 22.02332,-34.20898 22.02329,-34.20899 22.02322,-34.20899 22.02318,-34.20906 22.02317,-34.20913 22.02316,-34.20918 22.02313,-34.20923 22.02312,-34.20928 22.02304,-34.2093 22.02295,-34.20929 22.02292,-34.20919 22.02291,-34.20912 22.02291,-34.20903 22.02283,-34.20899 22.02277,-34.20903 22.02274,-34.2091 22.02273,-34.20913 22.02268,-34.20918 22.02259,-34.20919 22.02253,-34.20922 22.0225,-34.20925 22.0225,-34.20945 22.02247,-34.2095 22.02245,-34.20952 22.02238,-34.2095 22.02232,-34.20946 22.02226,-34.20943 22.02209,-34.20943 22.022,-34.20945 22.02161,-34.2095 22.02138,-34.20947 22.0208,-34.20947 22.02059,-34.20948 22.02031,-34.20953 22.02016,-34.20954 22.02003,-34.20954 22.01975,-34.20955 22.01955,-34.20955 22.01915,-34.20967 22.01903,-34.20968 22.01895,-34.2097 22.01878,-34.20973 22.01861,-34.20978 22.01846,-34.20979 22.01829,-34.20984 22.01813,-34.20991 22.01793,-34.21003 22.0178,-34.21009 22.0177,-34.21012 22.01757,-34.21018 22.01744,-34.21021 22.01734,-34.21025 22.017,-34.2104 22.01682,-34.21044 22.01667,-34.21045 22.01657,-34.21046 22.0164,-34.21049 22.01622,-34.21049 22.01607,-34.2105 22.01589,-34.2105 22.01545,-34.21053 22.01531,-34.21053 22.01522,-34.21055 22.01512,-34.21057 22.01498,-34.21058 22.01488,-34.21059 22.01455,-34.21063 22.01434,-34.21064 22.0142,-34.21067 22.01409,-34.21067 22.01387,-34.21071 22.01371,-34.21073 22.01357,-34.21076 22.01333,-34.21077 22.01321,-34.21081 22.01304,-34.21082 22.01281,-34.21088 22.01263,-34.21093 22.0122,-34.21105 22.01191,-34.21112 22.01177,-34.21115 22.0116,-34.21119 22.01117,-34.21131 22.01105,-34.21131 22.0109,-34.21129 22.01086,-34.21128 22.01081,-34.21128 22.01069,-34.21119 22.01047,-34.21116 22.01041,-34.2111 22.01034,-34.21106 22.01022,-34.21107 22.01014,-34.21109 22.01014,-34.21112 22.01012,-34.21121 22.01012,-34.21131 22.01004,-34.21135 22.00994,-34.2113 22.00991,-34.21119 22.00991,-34.21112 22.00986,-34.21107 22.00978,-34.21111 22.00975,-34.21118 22.00975,-34.21137 22.00973,-34.2114 22.00964,-34.2114 22.0096,-34.21135 22.00957,-34.21128 22.00947,-34.21123 22.00939,-34.21128 22.00936,-34.21132 22.0093,-34.21134 22.00923,-34.21134 22.00917,-34.21136 22.00917,-34.21156 22.00911,-34.21161 22.00907,-34.21165 22.009,-34.21162 22.00894,-34.21155 22.00887,-34.21155 22.00878,-34.21156 22.00873,-34.21166 22.00872,-34.21172 22.00867,-34.21176 22.00859,-34.21179 22.00851,-34.21178 22.00844,-34.21174 22.00842,-34.2117 22.00839,-34.21158 22.00832,-34.21158 22.00828,-34.21166 22.00828,-34.21183 22.00818,-34.21185 22.0081,-34.2118 22.00797,-34.2118 22.00792,-34.21182 22.00787,-34.21183 22.00781,-34.21178 22.00775,-34.21174 22.00771,-34.21174 22.00766,-34.21176 22.00762,-34.21183 22.00762,-34.21203 22.0076,-34.21208 22.00756,-34.21208 22.00751,-34.21206 22.00749,-34.212 22.00749,-34.21194 22.00741,-34.21191 22.00733,-34.21191 22.00727,-34.21192 22.00721,-34.21198 22.00721,-34.21218 22.00718,-34.21222 22.00713,-34.21222 22.00707,-34.21221 22.00702,-34.21215 22.00699,-34.21207 22.00697,-34.212 22.00693,-34.21197 22.00683,-34.21196 22.00681,-34.21201 22.00681,-34.21218 22.00676,-34.21223 22.00671,-34.21227 22.0066,-34.21226 22.00652,-34.2122 22.00648,-34.21214 22.00647,-34.21206 22.00642,-34.21201 22.00635,-34.21201 22.00629,-34.21207 22.00623,-34.21212 22.00622,-34.21222 22.00622,-34.21246 22.00615,-34.21253 22.00603,-34.21253 22.00595,-34.21238 22.00593,-34.21225 22.00584,-34.21222 22.00562,-34.21235 22.00538,-34.21244 22.00524,-34.21246 22.00512,-34.21249 22.00501,-34.21253 22.0048,-34.21259 22.00475,-34.21259 22.0046,-34.21263 22.00432,-34.21269 22.00413,-34.21277 22.00398,-34.21277 22.00381,-34.21286 22.00359,-34.21292 22.00341,-34.21298 22.00269,-34.21312 22.00259,-34.21313 22.00246,-34.21317 22.00236,-34.2132 22.00227,-34.21323 22.0021,-34.21326 22.00203,-34.21318 22.00193,-34.2131 22.00181,-34.2131 22.00178,-34.21316 22.00177,-34.21323 22.00177,-34.21338 22.00174,-34.21343 22.00169,-34.21343 22.00165,-34.2134 22.00161,-34.2133 22.00155,-34.21326 22.0015,-34.21329 22.00147,-34.21332 22.00147,-34.2135 22.00142,-34.21353 22.0013,-34.21353 22.00123,-34.21352 22.0012,-34.21352 22.00118,-34.21349 22.00117,-34.21342 22.00114,-34.21337 22.00105,-34.21331 22.001,-34.21331 22.00098,-34.21338 22.00099,-34.21346 22.00099,-34.21352 22.00098,-34.21358 22.00089,-34.21358 22.00084,-34.21353 22.00083,-34.21348 22.00082,-34.21344 22.00076,-34.2134 22.0007,-34.21346 22.00069,-34.21352 22.00065,-34.21355 22.00058,-34.21358 22.00053,-34.21358 22.00045,-34.21356 22.00045,-34.21353 22.00041,-34.21348 22.00033,-34.21344 22.00026,-34.21344 22.00023,-34.2135 22.00022,-34.21362 22.00022,-34.21377 22.00021,-34.21382 22.00019,-34.21386 22.00016,-34.2139 22.00009,-34.21391 22.00001,-34.21389 21.99998,-34.21386 21.99996,-34.2138 21.99996,-34.21376 21.99995,-34.21368 21.99986,-34.21367 21.9998,-34.2137 21.99978,-34.21373 21.99978,-34.21388 21.99975,-34.2139 21.99973,-34.21395 21.9996,-34.21397 21.99958,-34.21383 21.99958,-34.21373 21.99956,-34.21366 21.99952,-34.21358 21.99935,-34.21354 21.99928,-34.21354 21.99914,-34.21358 21.99891,-34.21362 21.998,-34.21378 21.9979,-34.2138 21.99764,-34.21385 21.9975,-34.21386 21.99716,-34.21396 21.99704,-34.214 21.99691,-34.21402 21.9968,-34.21409 21.99662,-34.21411 21.99652,-34.21416 21.9964,-34.21419 21.99625,-34.21421 21.99616,-34.21425 21.99599,-34.21428 21.99588,-34.21431 21.99579,-34.21433 21.99574,-34.21435 21.99558,-34.2144 21.99553,-34.2144 21.99535,-34.21446 21.99519,-34.21451 21.99509,-34.21453 21.99483,-34.21462 21.99466,-34.21465 21.99438,-34.21474 21.99431,-34.21475 21.99403,-34.21475 21.99373,-34.21481 21.99361,-34.21481 21.99348,-34.21482 21.99338,-34.21483 21.99323,-34.2149 21.99303,-34.21496 21.99293,-34.215 21.99273,-34.21504 21.99253,-34.21504 21.99246,-34.21505 21.99214,-34.21513 21.99203,-34.21518 21.99189,-34.21522 21.99171,-34.2153 21.99148,-34.21537 21.99137,-34.21542 21.99121,-34.21548 21.99106,-34.21555 21.99082,-34.21562 21.99069,-34.21568 21.99054,-34.21568 21.99038,-34.21574 21.99013,-34.21578 21.98996,-34.21583 21.98979,-34.21585 21.98966,-34.21587 21.98949,-34.2159 21.98939,-34.21593 21.98934,-34.21596 21.98921,-34.21599 21.98891,-34.21604 21.98879,-34.21607 21.98858,-34.21614 21.98833,-34.21615 21.98789,-34.21626 21.98778,-34.21629 21.98767,-34.21633 21.98758,-34.21635 21.98747,-34.21641 21.98721,-34.2165 21.98711,-34.21655 21.98697,-34.21665 21.98686,-34.2167 21.98672,-34.21676 21.98658,-34.2168 21.9865,-34.21683 21.98632,-34.21684 21.98625,-34.21687 21.98612,-34.21689 21.98601,-34.21693 21.98587,-34.21698 21.98577,-34.21701 21.98567,-34.21706 21.98555,-34.2171 21.98543,-34.21712 21.98525,-34.21717 21.98514,-34.21719 21.98487,-34.21725 21.98469,-34.21736 21.98451,-34.21743 21.98444,-34.21747 21.98431,-34.21748 21.98425,-34.2175 21.98414,-34.21755 21.98406,-34.21756 21.98389,-34.21758 21.98381,-34.21761 21.98371,-34.21766 21.98347,-34.21768 21.98345,-34.21771 21.98333,-34.21774 21.98324,-34.21777 21.98302,-34.21783 21.98296,-34.21786 21.98282,-34.21791 21.98244,-34.21802 21.98235,-34.21804 21.98215,-34.21814 21.98201,-34.21823 21.98184,-34.21831 21.98175,-34.21834 21.98163,-34.21841 21.98148,-34.21844 21.9813,-34.21849 21.98111,-34.21857 21.98063,-34.21869 21.98048,-34.21871 21.98036,-34.21877 21.98027,-34.21884 21.9802,-34.21894 21.98009,-34.21899 21.97996,-34.21901 21.97965,-34.21916 21.97948,-34.21917 21.97935,-34.2192 21.97921,-34.21926 21.97903,-34.21931 21.97889,-34.21934 21.97876,-34.21935 21.97863,-34.21937 21.97851,-34.21938 21.97841,-34.21941 21.97821,-34.21949 21.97808,-34.21954 21.97799,-34.21957 21.97789,-34.21961 21.97777,-34.21965 21.97756,-34.21974 21.97736,-34.21981 21.97719,-34.21985 21.97693,-34.21996 21.97681,-34.21999 21.97666,-34.22003 21.97654,-34.2201 21.97616,-34.22028 21.97584,-34.22044 21.97569,-34.2205 21.97557,-34.22053 21.9753,-34.22062 21.97516,-34.22065 21.97502,-34.22072 21.97489,-34.22078 21.97477,-34.22083 21.97457,-34.22094 21.97447,-34.221 21.97436,-34.22111 21.97423,-34.22116 21.97414,-34.22118 21.97396,-34.22118 21.97368,-34.22121 21.97353,-34.22132 21.9734,-34.22137 21.97325,-34.22142 21.97311,-34.22149 21.97301,-34.22151 21.9729,-34.22156 21.97274,-34.2216 21.97256,-34.22168 21.97249,-34.22172 21.97238,-34.22175 21.97223,-34.22181 21.97214,-34.22185 21.97199,-34.22192 21.97184,-34.22195 21.97171,-34.22198 21.97159,-34.22208 21.97143,-34.2221 21.97114,-34.22232 21.97105,-34.22235 21.97096,-34.22239 21.97087,-34.22239 21.97079,-34.22242 21.97067,-34.22247 21.97061,-34.22252 21.97052,-34.22256 21.97038,-34.2226 21.97029,-34.22263 21.97019,-34.22266 21.97015,-34.22268 21.97008,-34.22269 21.97002,-34.22274 21.96995,-34.22277 21.96988,-34.22281 21.96978,-34.22286 21.96965,-34.22287 21.96959,-34.22289 21.96944,-34.22296 21.9693,-34.22306 21.96922,-34.22309 21.96905,-34.22311 21.96875,-34.22311 21.96867,-34.22312 21.96857,-34.22319 21.96847,-34.22324 21.96839,-34.22331 21.96827,-34.22343 21.96803,-34.22349 21.96791,-34.2235 21.96779,-34.2235 21.96765,-34.22357 21.96749,-34.22368 21.9674,-34.22371 21.96726,-34.22386 21.96719,-34.22391 21.96695,-34.22405 21.96681,-34.2241 21.96668,-34.22411 21.96653,-34.22416 21.96634,-34.22418 21.96616,-34.22429 21.96604,-34.22432 21.96598,-34.22435 21.96585,-34.22445 21.96573,-34.22448 21.96564,-34.22453 21.96558,-34.22458 21.96533,-34.22465 21.96525,-34.22469 21.96512,-34.22472 21.96501,-34.22475 21.96488,-34.22478 21.96474,-34.22478 21.96467,-34.2248 21.96456,-34.22488 21.9644,-34.22508 21.96413,-34.22525 21.96407,-34.22531 21.96398,-34.22533 21.96386,-34.22542 21.96373,-34.22545 21.96363,-34.22547 21.96359,-34.22547 21.96354,-34.2255 21.96346,-34.22553 21.96337,-34.22556 21.96324,-34.22563 21.96319,-34.22569 21.96298,-34.22584 21.96295,-34.22586 21.96279,-34.22596 21.96271,-34.22598 21.96263,-34.22602 21.96252,-34.22608 21.96237,-34.22612 21.96216,-34.22618 21.96205,-34.22622 21.96197,-34.22626 21.96182,-34.2263 21.96173,-34.22636 21.96162,-34.22645 21.96149,-34.22657 21.96134,-34.22675 21.96118,-34.22685 21.96106,-34.2269 21.96078,-34.22699 21.96067,-34.22709 21.9606,-34.22711 21.96032,-34.22729 21.9602,-34.22731 21.96008,-34.22736 21.95993,-34.22742 21.95979,-34.22745 21.95958,-34.22756 21.95942,-34.22758 21.9593,-34.22766 21.95922,-34.22772 21.95917,-34.2278 21.95902,-34.2279 21.95893,-34.22797 21.9589,-34.22799 21.95869,-34.22808 21.95862,-34.22814 21.95854,-34.2282 21.95824,-34.22832 21.95813,-34.22841 21.95802,-34.22846 21.95791,-34.22854 21.95775,-34.22861 21.95745,-34.22871 21.95729,-34.22872 21.95715,-34.22872 21.95702,-34.22879 21.95688,-34.22887 21.95667,-34.22896 21.95634,-34.22917 21.95626,-34.22924 21.95609,-34.22933 21.95596,-34.22942 21.95575,-34.2295 21.95569,-34.22955 21.95548,-34.22972 21.95532,-34.22978 21.9552,-34.2299 21.95507,-34.22999 21.95495,-34.23005 21.95454,-34.23025 21.95436,-34.23049 21.95429,-34.23055 21.9542,-34.23061 21.9541,-34.23064 21.95388,-34.23073 21.95375,-34.23077 21.95367,-34.23081 21.95359,-34.23088 21.95348,-34.23095 21.95331,-34.23106 21.9532,-34.23112 21.95311,-34.23118 21.95288,-34.23128 21.95271,-34.23142 21.95241,-34.23166 21.95207,-34.23184 21.95196,-34.23188 21.95172,-34.23207 21.95158,-34.23216 21.95144,-34.23221 21.9513,-34.23227 21.95118,-34.23231 21.95104,-34.23239 21.95086,-34.23249 21.95069,-34.23267 21.95061,-34.23273 21.95051,-34.23282 21.95039,-34.23288 21.95024,-34.233 21.95017,-34.23302 21.95008,-34.23306 21.94999,-34.23312 21.94992,-34.23315 21.94974,-34.23332 21.94964,-34.23334 21.94952,-34.23343 21.9494,-34.23349 21.94927,-34.23356 21.94911,-34.23363 21.94893,-34.23373 21.94875,-34.23387 21.94837,-34.23406 21.9483,-34.2341 21.94819,-34.23422 21.94811,-34.23427 21.948,-34.23436 21.94788,-34.23446 21.94756,-34.23465 21.94736,-34.23474 21.94725,-34.23484 21.94685,-34.23515 21.94679,-34.23522 21.94657,-34.23536 21.94635,-34.23548 21.94623,-34.23557 21.9461,-34.23565 21.94587,-34.23576 21.94571,-34.23585 21.94558,-34.23593 21.94537,-34.2361 21.94515,-34.23618 21.94486,-34.2363 21.9445,-34.23654 21.94441,-34.23659 21.94428,-34.23671 21.94418,-34.23676 21.94389,-34.23685 21.94369,-34.23694 21.94355,-34.23703 21.94345,-34.23708 21.94337,-34.23715 21.94328,-34.23726 21.94317,-34.23739 21.94297,-34.23759 21.94279,-34.23774 21.94272,-34.2378 21.94265,-34.23785 21.9425,-34.23795 21.94241,-34.23798 21.9423,-34.238 21.94224,-34.23804 21.94218,-34.23807 21.9421,-34.23816 21.94199,-34.23821 21.94177,-34.23837 21.94164,-34.23847 21.94152,-34.23856 21.94135,-34.23873 21.94128,-34.23879 21.94105,-34.23892 21.94096,-34.23897 21.9409,-34.23903 21.94079,-34.23912 21.94067,-34.23918 21.94049,-34.23929 21.94041,-34.23937 21.94031,-34.23943 21.94023,-34.23947 21.93997,-34.23967 21.93986,-34.23976 21.93967,-34.23988 21.93951,-34.23997 21.93944,-34.24001 21.939,-34.2404 21.93879,-34.2405 21.93871,-34.24058 21.93856,-34.2407 21.93841,-34.24079 21.93818,-34.24095 21.93803,-34.24106 21.93795,-34.24115 21.93782,-34.24127 21.9377,-34.24138 21.93756,-34.24151 21.93736,-34.24161 21.93709,-34.24182 21.937,-34.24192 21.9368,-34.24212 21.93667,-34.24217 21.93645,-34.24234 21.93634,-34.2424 21.93613,-34.24246 21.93588,-34.24264 21.93585,-34.24265 21.93572,-34.24274 21.93554,-34.24292 21.93545,-34.24299 21.9354,-34.24308 21.9353,-34.24317 21.93525,-34.24327 21.93516,-34.24339 21.93511,-34.24346 21.93499,-34.24353 21.93488,-34.24355 21.93477,-34.24361 21.93472,-34.24367 21.9346,-34.24374 21.93442,-34.24382 21.93424,-34.24393 21.93412,-34.24399 21.93394,-34.24407 21.93388,-34.24411 21.93377,-34.24419 21.93369,-34.24425 21.93352,-34.24435 21.93292,-34.24474 21.93264,-34.24492 21.93252,-34.24497 21.93239,-34.24507 21.93225,-34.24513 21.93212,-34.24529 21.93204,-34.24535 21.93188,-34.24551 21.93167,-34.24566 21.93143,-34.24596 21.93134,-34.24601 21.93127,-34.24606 21.93104,-34.24624 21.93099,-34.24629 21.93092,-34.24635 21.93082,-34.24647 21.93078,-34.2465 21.93073,-34.24655 21.93069,-34.24657 21.9305,-34.24668 21.93043,-34.24673 21.93032,-34.24678 21.93028,-34.24681 21.93025,-34.24684 21.9302,-34.24686 21.93014,-34.24695 21.93008,-34.24695 21.93003,-34.24697 21.9299,-34.24702 21.92983,-34.24704 21.92982,-34.2471 21.92971,-34.24716 21.92966,-34.24722 21.92958,-34.24733 21.92955,-34.24734 21.92949,-34.2474 21.92939,-34.24746 21.92933,-34.24754 21.92926,-34.2476 21.92916,-34.24774 21.9291,-34.24781 21.92881,-34.24817 21.92871,-34.2482 21.92859,-34.24832 21.92849,-34.24841 21.92838,-34.24853 21.92824,-34.24861 21.92817,-34.24867 21.92806,-34.24878 21.92797,-34.24884 21.92788,-34.24893 21.92775,-34.24909 21.92766,-34.24918 21.92755,-34.24926 21.92747,-34.24933 21.92729,-34.2495 21.92723,-34.24962 21.92717,-34.24972 21.92709,-34.24987 21.92705,-34.24998 21.927,-34.25013 21.92686,-34.25026 21.92676,-34.25036 21.9267,-34.25039 21.92663,-34.25044 21.92659,-34.25051 21.92655,-34.25067 21.9263,-34.251 21.9262,-34.25112 21.92615,-34.2512 21.92608,-34.25127 21.92593,-34.25147 21.92587,-34.25153 21.92582,-34.25159 21.92573,-34.25166 21.92568,-34.25174 21.9256,-34.25184 21.92553,-34.25195 21.9255,-34.25201 21.92533,-34.25211 21.92521,-34.25215 21.92509,-34.25226 21.92499,-34.25235 21.92481,-34.25247 21.92471,-34.25254 21.92461,-34.2526 21.92428,-34.253 21.92417,-34.25311 21.92406,-34.2532 21.92399,-34.25324 21.92397,-34.25328 21.92393,-34.25342 21.92389,-34.25351 21.9238,-34.2536 21.92375,-34.25369 21.92372,-34.25377 21.92371,-34.25384 21.92367,-34.25393 21.92365,-34.25411 21.92353,-34.2542 21.9233,-34.25439 21.92313,-34.2545 21.92309,-34.25454 21.92303,-34.25462 21.92296,-34.25472 21.92282,-34.25486 21.92276,-34.25493 21.92266,-34.25504 21.92244,-34.25534 21.92238,-34.25545 21.92233,-34.25549 21.92228,-34.25555 21.92221,-34.25563 21.9221,-34.25575 21.92207,-34.25581 21.92201,-34.25588 21.92196,-34.25595 21.92185,-34.25609 21.92159,-34.25644 21.92152,-34.25651 21.92148,-34.25658 21.92124,-34.25682 21.92113,-34.25692 21.92103,-34.25699 21.92093,-34.25705 21.92084,-34.25717 21.92073,-34.25731 21.92066,-34.25741 21.92061,-34.25747 21.92053,-34.25754 21.92032,-34.25775 21.92019,-34.25784 21.91999,-34.25808 21.91992,-34.25815 21.91981,-34.25824 21.91972,-34.25832 21.9196,-34.25842 21.91947,-34.25851 21.91933,-34.25868 21.91925,-34.25876 21.91916,-34.25888 21.91902,-34.259 21.91893,-34.25916 21.91881,-34.25927 21.91862,-34.25955 21.91845,-34.25983 21.91838,-34.25994 21.91828,-34.26007 21.91819,-34.26014 21.91796,-34.26038 21.9179,-34.26042 21.9178,-34.26055 21.91773,-34.26064 21.91761,-34.26088 21.91754,-34.26105 21.91752,-34.26115 21.91732,-34.26155 21.91726,-34.2616 21.91717,-34.26172 21.91698,-34.26208 21.9169,-34.2622 21.91681,-34.26236 21.91676,-34.26244 21.91669,-34.26255 21.91664,-34.26262 21.91658,-34.2627 21.91649,-34.26292 21.91645,-34.26304 21.91633,-34.26324 21.91628,-34.26329 21.91622,-34.26342 21.91617,-34.26348 21.91613,-34.26357 21.91602,-34.26372 21.91598,-34.2638 21.91593,-34.26395 21.91581,-34.2641 21.91574,-34.26431 21.9157,-34.26442 21.91565,-34.26452 21.91559,-34.26465 21.91552,-34.26468 21.91542,-34.26481 21.91531,-34.26504 21.91526,-34.26512 21.91524,-34.26518 21.9152,-34.26531 21.9151,-34.26548 21.91501,-34.26566 21.91496,-34.26577 21.91489,-34.26585 21.91475,-34.26608 21.9147,-34.26618 21.91462,-34.26639 21.9145,-34.26662 21.91446,-34.26673 21.9144,-34.26689 21.91437,-34.267 21.91431,-34.26716 21.91413,-34.26746 21.91408,-34.26758 21.91404,-34.26766 21.91402,-34.26774 21.91398,-34.26783 21.91394,-34.26794 21.91388,-34.2682 21.91385,-34.26832 21.91377,-34.26845 21.91376,-34.26856 21.91376,-34.26928 21.91367,-34.26964 21.91362,-34.26998 21.91359,-34.27007 21.91353,-34.27014 21.91347,-34.27017 21.91338,-34.27027 21.91335,-34.27038 21.91331,-34.27045 21.91324,-34.27056 21.9132,-34.27067 21.91311,-34.271 21.91304,-34.27128 21.91299,-34.27135 21.91294,-34.27143 21.91289,-34.27158 21.91287,-34.27174 21.91285,-34.27189 21.91285,-34.27201 21.91273,-34.27238 21.91265,-34.27265 21.91258,-34.27277 21.91249,-34.27287 21.91242,-34.27295 21.9124,-34.27312 21.91235,-34.27331 21.91231,-34.27347 21.91228,-34.2736 21.91224,-34.27368 21.91219,-34.27403 21.91217,-34.27437 21.91216,-34.27443 21.91216,-34.27448 21.91215,-34.27454 21.91215,-34.27466 21.91211,-34.27478 21.91211,-34.27488 21.91209,-34.27506 21.91209,-34.27541 21.912,-34.27563 21.912,-34.27605 21.9119,-34.2766 21.91188,-34.27672 21.91186,-34.27693 21.91184,-34.27713 21.9118,-34.27733 21.9117,-34.2784 21.91171,-34.27864 21.91175,-34.27924 21.91175,-34.27972 21.91174,-34.27986 21.91174,-34.27994 21.91175,-34.28012 21.91174,-34.28063 21.91176,-34.28126 21.91178,-34.28143 21.91182,-34.28155 21.91186,-34.28172 21.9119,-34.28184 21.91192,-34.28202 21.91198,-34.28223 21.91195,-34.28244 21.91192,-34.28253 21.91189,-34.28317 21.9119,-34.28337 21.9119,-34.28346 21.91192,-34.28362 21.91192,-34.28375 21.91199,-34.284 21.91201,-34.28414 21.91201,-34.28448 21.91204,-34.28461 21.91205,-34.28472 21.9121,-34.28493 21.91217,-34.28521 21.91218,-34.28531 21.91219,-34.28537 21.9122,-34.28549 21.91225,-34.28562 21.91226,-34.28573 21.9123,-34.28582 21.9123,-34.2859 21.91237,-34.28618 21.91247,-34.2863 21.91252,-34.28639 21.9126,-34.28651 21.91264,-34.28661 21.91276,-34.28678 21.91282,-34.287 21.91292,-34.28719 21.91303,-34.28738 21.91306,-34.28748 21.91312,-34.2878 21.9134,-34.28864 21.91349,-34.28901 21.91355,-34.28919 21.91364,-34.28938 21.91377,-34.2895 21.91388,-34.28957 21.91398,-34.28967 21.91411,-34.28975 21.91428,-34.28987 21.9143,-34.28999 21.91437,-34.29011 21.91441,-34.29021 21.9145,-34.29035 21.91462,-34.29052 21.91476,-34.29078 21.91482,-34.29086 21.91499,-34.29108 21.91521,-34.29115 21.91538,-34.29119 21.91561,-34.29121 21.91577,-34.29122 21.91607,-34.29124 21.91622,-34.29126 21.91642,-34.29131 21.91658,-34.29133 21.91697,-34.29137 21.91711,-34.2914 21.91734,-34.29144 21.91755,-34.2915 21.91774,-34.29152 21.91787,-34.29156 21.918,-34.29164 21.91819,-34.29171 21.9184,-34.29174 21.9186,-34.29173 21.91876,-34.29176 21.91895,-34.29181 21.91901,-34.29182 21.91922,-34.29189 21.9193,-34.29192 21.91939,-34.29195 21.91953,-34.29201 21.91968,-34.29205 21.91993,-34.29212 21.9201,-34.29213 21.92076,-34.29213 21.92117,-34.2921 21.92131,-34.29211 21.92145,-34.29211 21.92162,-34.29217 21.92168,-34.29223 21.92178,-34.29228 21.92184,-34.2924 21.92189,-34.29247 21.92197,-34.29249 21.9221,-34.29249 21.92224,-34.29246 21.92244,-34.29246 21.92263,-34.29245 21.92287,-34.29242 21.92307,-34.2924 21.92333,-34.29243 21.92351,-34.29245 21.924,-34.29243 21.9242,-34.29245 21.92434,-34.29247 21.92468,-34.29247 21.9248,-34.29246 21.92501,-34.29242 21.92529,-34.29242 21.92543,-34.2924 21.92559,-34.29235 21.92574,-34.2923 21.92605,-34.29233 21.92628,-34.29234 21.92645,-34.29236 21.92657,-34.29241 21.92695,-34.29259 21.92706,-34.2927 21.92717,-34.29278 21.92721,-34.29283 21.92738,-34.2929 21.92749,-34.29292 21.92757,-34.29294 21.92767,-34.29303 21.92775,-34.29306 21.92786,-34.29309 21.92797,-34.2931 21.92803,-34.29312 21.92811,-34.29319 21.92814,-34.29327 21.92822,-34.29331 21.9283,-34.29331 21.92841,-34.29338 21.92848,-34.29343 21.92859,-34.29343 21.92876,-34.29344 21.92891,-34.29346 21.92898,-34.29347 21.92908,-34.29356 21.92918,-34.29364 21.92923,-34.2937 21.92935,-34.29375 21.92954,-34.29375 21.92959,-34.29371 21.92969,-34.29368 21.92973,-34.29368 21.92987,-34.29375 21.93006,-34.2938 21.93017,-34.29382 21.93024,-34.29383 21.93037,-34.29383 21.93048,-34.29381 21.93057,-34.29379 21.93068,-34.29376 21.93087,-34.29375 21.93099,-34.29373 21.93117,-34.29369 21.93146,-34.29356 21.93157,-34.29355 21.93165,-34.29351 21.93178,-34.29347 21.93206,-34.29346 21.93222,-34.29343 21.93225,-34.29344 21.93236,-34.29346 21.93246,-34.29349 21.93261,-34.29355 21.93273,-34.29358 21.93281,-34.29359 21.93287,-34.29361 21.93297,-34.29367 21.9331,-34.29373 21.93326,-34.29379 21.93339,-34.29383 21.93351,-34.29391 21.93391,-34.29401 21.93397,-34.29404 21.93409,-34.29406 21.93424,-34.29406 21.93435,-34.29409 21.93452,-34.29409 21.93477,-34.29411 21.93498,-34.29415 21.9351,-34.29419 21.9353,-34.29421 21.93544,-34.29419 21.93556,-34.29419 21.93567,-34.29428 21.93568,-34.29434 21.93582,-34.29442 21.9361,-34.29442 21.93619,-34.29443 21.93629,-34.29443 21.93639,-34.29447 21.93643,-34.29449 21.93643,-34.29458 21.93642,-34.29464 21.93642,-34.29467 21.93645,-34.2947 21.93666,-34.2947 21.93674,-34.29478 21.93673,-34.29497 21.93677,-34.29506 21.93686,-34.29513 21.93692,-34.29516 21.93698,-34.2952 21.93703,-34.29524 21.9371,-34.29528 21.93721,-34.29528 21.93728,-34.29529 21.93736,-34.29535 21.93736,-34.29543 21.93731,-34.29545 21.93731,-34.2955 21.93742,-34.29553 21.93747,-34.29556 21.93756,-34.29558 21.93763,-34.29563 21.93767,-34.29567 21.93763,-34.29571 21.9375,-34.29574 21.93739,-34.29577 21.93725,-34.29577 21.93716,-34.29579 21.93712,-34.29585 21.93712,-34.29592 21.93707,-34.29601 21.937,-34.29614 21.93695,-34.29626 21.93694,-34.29638 21.93698,-34.29649 21.93704,-34.29659 21.93711,-34.29665 21.93733,-34.29679 21.93741,-34.29683 21.93752,-34.29691 21.93758,-34.29703 21.93761,-34.29713 21.93765,-34.29721 21.93772,-34.29722 21.93788,-34.29728 21.93813,-34.29733 21.93822,-34.29733 21.93833,-34.29732 21.93843,-34.29731 21.93855,-34.29729 21.93868,-34.29731 21.93879,-34.29738 21.93886,-34.29743 21.93903,-34.29751 21.93912,-34.29753 21.93922,-34.29756 21.93926,-34.29757 21.93942,-34.29763 21.93944,-34.2977 21.93954,-34.29777 21.93961,-34.29783 21.93966,-34.29794 21.93982,-34.29804 21.93996,-34.29811 21.94002,-34.29813 21.94009,-34.29818 21.94013,-34.2982 21.9402,-34.29825 21.94021,-34.29829 21.94022,-34.29836 21.94025,-34.29847 21.94033,-34.29852 21.94049,-34.29852 21.94058,-34.29854 21.94064,-34.2986 21.94074,-34.29867 21.94086,-34.29873 21.94089,-34.29874 21.94124,-34.29874 21.94131,-34.29878 21.94134,-34.29885 21.94136,-34.29889 21.94143,-34.2989 21.94152,-34.29889 21.94162,-34.29887 21.94172,-34.29887 21.94178,-34.29893 21.94174,-34.29898 21.94171,-34.29907 21.94171,-34.29915 21.94175,-34.2992 21.94194,-34.29929 21.94198,-34.29931 21.94207,-34.29939 21.94222,-34.29952 21.94231,-34.29959 21.94238,-34.29967 21.94259,-34.29982 21.94274,-34.2999 21.9429,-34.29994 21.94311,-34.29994 21.94322,-34.29993 21.94327,-34.2999 21.94335,-34.29983 21.94341,-34.29977 21.9435,-34.29975 21.94361,-34.29974 21.94365,-34.29974 21.94369,-34.2997 21.94373,-34.29958 21.94377,-34.29951 21.94386,-34.29941 21.94395,-34.29932 21.9441,-34.29927 21.94438,-34.29923 21.94461,-34.29916 21.94481,-34.29916 21.94503,-34.29914 21.9452,-34.29914 21.94531,-34.29907 21.94533,-34.29901 21.94537,-34.29892 21.94544,-34.29893 21.94546,-34.29909 21.94546,-34.29913 21.94551,-34.29914 21.94562,-34.29915 21.9457,-34.29915 21.94576,-34.29914 21.9458,-34.29911 21.94592,-34.2991 21.94596,-34.2991 21.94602,-34.29915 21.94602,-34.29922 21.94601,-34.29932 21.94598,-34.29937 21.94598,-34.29943 21.94606,-34.29951 21.94616,-34.29953 21.94625,-34.29957 21.94625,-34.29965 21.94622,-34.29975 21.94618,-34.29976 21.94612,-34.29986 21.94612,-34.29993 21.94614,-34.29999 21.94614,-34.30002 21.94617,-34.30004 21.94622,-34.30006 21.94626,-34.30007 21.94628,-34.30016 21.94619,-34.30019 21.94616,-34.30025 21.94616,-34.30032 21.94619,-34.30035 21.94624,-34.30038 21.94614,-34.3005 21.94605,-34.30054 21.94594,-34.30052 21.94572,-34.30052 21.94566,-34.30058 21.94563,-34.30063 21.94563,-34.30068 21.94564,-34.30077 21.94562,-34.30083 21.9456,-34.30086 21.94554,-34.3009 21.94546,-34.3009 21.94537,-34.30091 21.94532,-34.30098 21.94529,-34.30103 21.94527,-34.30117 21.94533,-34.30128 21.94539,-34.30131 21.94547,-34.30134 21.94554,-34.30138 21.94557,-34.30146 21.94552,-34.30151 21.94541,-34.30148 21.94532,-34.30146 21.94521,-34.30146 21.94516,-34.30153 21.94513,-34.30157 21.94508,-34.30159 21.94502,-34.30165 21.94503,-34.30178 21.94496,-34.30182 21.94478,-34.30187 21.94473,-34.30181 21.94468,-34.30176 21.94462,-34.30172 21.9445,-34.3018 21.9444,-34.30182 21.94428,-34.30181 21.94423,-34.3018 21.94416,-34.30178 21.94399,-34.30178 21.94392,-34.30181 21.94387,-34.30183 21.94381,-34.30199 21.94376,-34.30205 21.94375,-34.3021 21.94371,-34.30218 21.94368,-34.30223 21.94367,-34.30226 21.94363,-34.30234 21.94358,-34.30238 21.94358,-34.30245 21.94361,-34.30253 21.94352,-34.30256 21.94344,-34.30257 21.94335,-34.30259 21.94328,-34.30261 21.94323,-34.30263 21.94313,-34.30266 21.94307,-34.30262 21.94303,-34.30257 21.94298,-34.30251 21.94298,-34.30245 21.94295,-34.30241 21.94286,-34.30238 21.94282,-34.30238 21.94278,-34.30239 21.94277,-34.30244 21.94274,-34.30248 21.94265,-34.30247 21.9426,-34.30243 21.94259,-34.30236 21.94253,-34.30229 21.94247,-34.30229 21.94243,-34.30234 21.9424,-34.30236 21.9423,-34.30236 21.94218,-34.30228 21.94214,-34.30222 21.94214,-34.30216 21.94212,-34.30212 21.94207,-34.30214 21.94199,-34.30219 21.94189,-34.30217 21.94181,-34.30206 21.94181,-34.30194 21.94179,-34.30192 21.94165,-34.30174 21.94167,-34.30165 21.94167,-34.30129 21.94165,-34.30122 21.94165,-34.30113 21.94162,-34.30108 21.94147,-34.30102 21.94135,-34.30099 21.9412,-34.30099 21.94104,-34.30095 21.94083,-34.30101 21.94068,-34.30102 21.94057,-34.30107 21.94038,-34.30114 21.9403,-34.3012 21.94026,-34.30132 21.94014,-34.30149 21.94008,-34.30162 21.94002,-34.3017 21.9399,-34.30182 21.9399,-34.30192 21.93991,-34.30197 21.93999,-34.3021 21.93991,-34.30219 21.93979,-34.30224 21.93963,-34.30224 21.93959,-34.30233 21.93954,-34.30242 21.93959,-34.30248 21.93962,-34.30255 21.93959,-34.30267 21.93954,-34.30269 21.93951,-34.30273 21.93963,-34.30284 21.93962,-34.30292 21.93957,-34.30298 21.93938,-34.30303 21.93932,-34.30303 21.93929,-34.30307 21.93935,-34.30318 21.93939,-34.30322 21.93942,-34.30333 21.93939,-34.30342 21.93926,-34.30354 21.93917,-34.30351 21.93911,-34.30343 21.93906,-34.30339 21.93897,-34.30348 21.939,-34.30363 21.939,-34.30376 21.93896,-34.30384 21.93885,-34.30385 21.93875,-34.30387 21.93866,-34.3039 21.93854,-34.30397 21.93848,-34.30402 21.93846,-34.30409 21.93851,-34.30418 21.93848,-34.30427 21.93833,-34.30433 21.93819,-34.30432 21.93807,-34.30426 21.93801,-34.30427 21.93794,-34.3043 21.93791,-34.30441 21.93788,-34.30445 21.93776,-34.30447 21.9377,-34.30442 21.93765,-34.30439 21.93752,-34.30439 21.93737,-34.30441 21.93734,-34.30448 21.93739,-34.3046 21.9374,-34.30477 21.93733,-34.30483 21.93725,-34.30486 21.93716,-34.30489 21.93704,-34.30489 21.93695,-34.3049 21.93689,-34.30495 21.9368,-34.30499 21.93676,-34.30505 21.93673,-34.30508 21.93665,-34.30514 21.93658,-34.30514 21.93652,-34.30518 21.93641,-34.30517 21.93634,-34.30512 21.93628,-34.30505 21.93608,-34.30496 21.93596,-34.30501 21.93593,-34.30507 21.93593,-34.30517 21.93592,-34.30523 21.93586,-34.30526 21.93574,-34.3052 21.93569,-34.30511 21.93556,-34.30502 21.93542,-34.30501 21.93541,-34.30495 21.93536,-34.30484 21.93516,-34.30484 21.93505,-34.30483 21.9349,-34.30483 21.93478,-34.30478 21.93463,-34.30472 21.93457,-34.30468 21.93447,-34.3046 21.93427,-34.3046 21.93411,-34.30468 21.93405,-34.30468 21.93403,-34.30474 21.934,-34.30478 21.93394,-34.30477 21.93391,-34.30474 21.93387,-34.30466 21.93387,-34.30454 21.93372,-34.30451 21.93366,-34.30451 21.93364,-34.30456 21.93342,-34.30456 21.93331,-34.30454 21.93328,-34.30448 21.93328,-34.30441 21.93325,-34.30436 21.93322,-34.30436 21.93312,-34.30432 21.93307,-34.30429 21.93306,-34.30424 21.93306,-34.30417 21.93301,-34.30411 21.93294,-34.30411 21.9329,-34.30409 21.93278,-34.304 21.93242,-34.30385 21.93206,-34.30382 21.93186,-34.30384 21.93155,-34.30397 21.93111,-34.30408 21.93093,-34.30417 21.93075,-34.30444 21.93074,-34.30466 21.93068,-34.3048 21.93049,-34.30502 21.93041,-34.30512 21.93028,-34.30524 21.93014,-34.30542 21.93011,-34.30547 21.93008,-34.30554 21.93002,-34.30556 21.92996,-34.30559 21.92998,-34.30569 21.93004,-34.30574 21.93005,-34.30583 21.92998,-34.30589 21.92987,-34.30589 21.9298,-34.3058 21.92975,-34.30572 21.92965,-34.30577 21.92963,-34.30586 21.92965,-34.30602 21.92962,-34.30611 21.92951,-34.30611 21.92947,-34.3061 21.92935,-34.30604 21.92926,-34.30604 21.92918,-34.30611 21.92918,-34.30619 21.92915,-34.30625 21.92908,-34.30628 21.92894,-34.30628 21.92887,-34.30623 21.92884,-34.30622 21.92876,-34.30617 21.92876,-34.30608 21.92869,-34.30608 21.92859,-34.30607 21.92844,-34.30607 21.92794,-34.3061 21.92766,-34.3061 21.92733,-34.3062 21.9272,-34.30626 21.92704,-34.30629 21.9268,-34.30637 21.92659,-34.30649 21.92645,-34.30655 21.92629,-34.30665 21.92608,-34.30673 21.9259,-34.30682 21.92576,-34.30686 21.92546,-34.30701 21.9251,-34.30718 21.92463,-34.30741 21.92446,-34.30749 21.92428,-34.30756 21.92415,-34.30762 21.92386,-34.3078 21.92377,-34.30789 21.92362,-34.30797 21.92341,-34.30804 21.92329,-34.3081 21.92316,-34.30816 21.92295,-34.30822 21.92284,-34.30824 21.92272,-34.30833 21.9226,-34.30839 21.92228,-34.30861 21.9218,-34.30888 21.92124,-34.30914 21.92107,-34.30926 21.9208,-34.30942 21.92067,-34.30948 21.92043,-34.30959 21.92011,-34.30973 21.91996,-34.30981 21.9198,-34.30991 21.91972,-34.30997 21.91941,-34.31017 21.91885,-34.31056 21.91859,-34.31071 21.91846,-34.3108 21.91832,-34.31092 21.91806,-34.31107 21.91789,-34.31117 21.91765,-34.31129 21.91749,-34.3114 21.91737,-34.3115 21.91725,-34.31161 21.91716,-34.31168 21.91702,-34.31176 21.91692,-34.31182 21.91677,-34.31192 21.9166,-34.31202 21.91625,-34.31231 21.91612,-34.31243 21.91592,-34.31261 21.91555,-34.31285 21.91547,-34.31297 21.91532,-34.31316 21.91513,-34.31328 21.91498,-34.31345 21.91486,-34.31351 21.91467,-34.31364 21.91449,-34.31369 21.91432,-34.31375 21.91414,-34.31382 21.91401,-34.3139 21.91378,-34.31413 21.91365,-34.31428 21.91333,-34.31455 21.91312,-34.31473 21.91303,-34.31482 21.91287,-34.31493 21.91275,-34.31499 21.9126,-34.31505 21.91244,-34.31515 21.91224,-34.31526 21.91211,-34.31541 21.91188,-34.3155 21.91173,-34.31563 21.91155,-34.31575 21.91142,-34.31589 21.91128,-34.31602 21.91109,-34.31623 21.91069,-34.31653 21.91048,-34.31671 21.91029,-34.31683 21.91005,-34.31708 21.90985,-34.31722 21.90976,-34.31734 21.9093,-34.3178 21.90918,-34.31797 21.90896,-34.31831 21.90887,-34.31845 21.9087,-34.31858 21.90855,-34.31882 21.90834,-34.319 21.90824,-34.31909 21.9081,-34.31921 21.90798,-34.31936 21.90785,-34.31952 21.90776,-34.3197 21.90761,-34.31988 21.90749,-34.32005 21.90728,-34.32024 21.907,-34.32078 21.90693,-34.32088 21.90688,-34.32099 21.90654,-34.32156 21.90639,-34.3218 21.9063,-34.32198 21.90619,-34.32219 21.9061,-34.32235 21.90594,-34.3228 21.90579,-34.32316 21.90569,-34.32334 21.9056,-34.32353 21.90555,-34.32379 21.90543,-34.32398 21.90506,-34.32445 21.90491,-34.32475 21.90485,-34.32488 21.90478,-34.32511 21.90473,-34.32527 21.90471,-34.32542 21.90466,-34.32552 21.90454,-34.32603 21.90453,-34.32623 21.90451,-34.32636 21.90441,-34.32686 21.90441,-34.32741 21.90439,-34.32752 21.90438,-34.32761 21.9043,-34.32769 21.90419,-34.32781 21.90417,-34.3279 21.90414,-34.32804 21.90413,-34.32814 21.90408,-34.32828 21.90404,-34.32853 21.9041,-34.32879 21.9041,-34.32906 21.90407,-34.32918 21.90404,-34.32928 21.90398,-34.32943 21.90387,-34.32963 21.90383,-34.32969 21.90377,-34.32985 21.90374,-34.32995 21.90374,-34.3303 21.90375,-34.33058 21.90384,-34.33076 21.90389,-34.3309 21.90396,-34.33102 21.90405,-34.3312 21.90405,-34.33127 21.90408,-34.33169 21.90406,-34.33198 21.90405,-34.33218 21.90405,-34.33244 21.90406,-34.33256 21.90411,-34.33265 21.90418,-34.33275 21.90436,-34.33299 21.90444,-34.33308 21.90448,-34.33314 21.90462,-34.33317 21.90511,-34.33317 21.90521,-34.33322 21.9053,-34.33331 21.90541,-34.33338 21.90547,-34.33343 21.90551,-34.33347 21.90562,-34.33365 21.90569,-34.33374 21.90577,-34.33389 21.90583,-34.33404 21.90589,-34.33416 21.90595,-34.33431 21.90598,-34.33439 21.90601,-34.33446 21.90611,-34.33459 21.90613,-34.3347 21.90613,-34.33488 21.90615,-34.33498 21.90622,-34.3351 21.90643,-34.33519 21.90661,-34.33522 21.90687,-34.33536 21.90697,-34.3354 21.90715,-34.33549 21.90735,-34.3356 21.90747,-34.33569 21.90772,-34.33584 21.90801,-34.33603 21.90805,-34.33606 21.90815,-34.33612 21.90839,-34.33624 21.90857,-34.33635 21.90875,-34.33644 21.90902,-34.33651 21.90911,-34.33656 21.90926,-34.3366 21.90943,-34.33666 21.90955,-34.33676 21.90958,-34.33684 21.90967,-34.33691 21.90974,-34.33697 21.90983,-34.33711 21.90992,-34.33715 21.91007,-34.3372 21.91027,-34.33721 21.9104,-34.33721 21.91053,-34.33724 21.91071,-34.33727 21.91089,-34.33732 21.91101,-34.33735 21.91121,-34.33744 21.91134,-34.3375 21.91151,-34.33756 21.91161,-34.33757 21.91183,-34.33769 21.9119,-34.33774 21.91208,-34.33772 21.91232,-34.33769 21.91249,-34.33771 21.91288,-34.33778 21.91316,-34.33786 21.91358,-34.33793 21.91375,-34.33792 21.91382,-34.33781 21.91409,-34.33781 21.91416,-34.3379 21.91418,-34.33804 21.91433,-34.33804 21.9144,-34.33807 21.91445,-34.33819 21.91449,-34.33829 21.91449,-34.33834 21.91443,-34.3384 21.9144,-34.33844 21.9144,-34.33853 21.91445,-34.33861 21.9144,-34.33868 21.91439,-34.33876 21.9143,-34.33877 21.91421,-34.33874 21.91416,-34.33873 21.91404,-34.33876 21.91397,-34.33883 21.91395,-34.33889 21.91395,-34.33893 21.91391,-34.33899 21.91377,-34.33899 21.91372,-34.33898 21.91364,-34.33898 21.91363,-34.33904 21.91361,-34.3391 21.91361,-34.33916 21.91366,-34.3392 21.91363,-34.33926 21.91345,-34.33932 21.9134,-34.33929 21.91334,-34.33925 21.91333,-34.33922 21.91322,-34.33923 21.91321,-34.33932 21.91321,-34.33941 21.91318,-34.33946 21.9131,-34.33947 21.91306,-34.33947 21.91298,-34.33946 21.91297,-34.33943 21.91292,-34.33943 21.91285,-34.33946 21.91279,-34.33952 21.91279,-34.33958 21.91276,-34.33962 21.91271,-34.33965 21.91268,-34.33968 21.91259,-34.33968 21.91253,-34.33967 21.91247,-34.33961 21.91244,-34.33961 21.91241,-34.33964 21.91235,-34.33979 21.91231,-34.33994 21.91211,-34.3401 21.91207,-34.34016 21.91202,-34.34022 21.9119,-34.34028 21.91183,-34.3403 21.91174,-34.34039 21.9116,-34.34045 21.91157,-34.34045 21.91147,-34.34046 21.91143,-34.34051 21.91122,-34.34054 21.9109,-34.3407 21.91074,-34.34075 21.91062,-34.34076 21.91038,-34.34087 21.91023,-34.34093 21.91011,-34.341 21.90994,-34.34118 21.90981,-34.34133 21.90964,-34.34157 21.90954,-34.34164 21.90948,-34.34167 21.90928,-34.34182 21.90914,-34.34187 21.909,-34.34193 21.90878,-34.34203 21.90862,-34.34206 21.90847,-34.34206 21.90821,-34.34203 21.90801,-34.34202 21.90784,-34.34202 21.90751,-34.34205 21.90721,-34.34205 21.90703,-34.34208 21.90694,-34.34209 21.90681,-34.34226 21.90672,-34.3423 21.90666,-34.34236 21.90652,-34.34245 21.90643,-34.3425 21.90628,-34.3426 21.90601,-34.34272 21.90582,-34.34283 21.90573,-34.34289 21.90561,-34.34295 21.90558,-34.34304 21.90549,-34.34314 21.9054,-34.34323 21.90534,-34.34335 21.90534,-34.34341 21.90539,-34.34347 21.90536,-34.34357 21.90534,-34.34362 21.90527,-34.34362 21.90521,-34.34357 21.90516,-34.34347 21.9051,-34.34348 21.9051,-34.34362 21.90512,-34.34374 21.905,-34.34384 21.90492,-34.34386 21.90488,-34.34389 21.9048,-34.34389 21.90471,-34.34396 21.90471,-34.34407 21.9047,-34.34413 21.90468,-34.34419 21.90459,-34.34422 21.90452,-34.34419 21.90447,-34.34411 21.90435,-34.3441 21.90421,-34.34413 21.90419,-34.34423 21.90419,-34.34429 21.90414,-34.34435 21.90392,-34.34438 21.90383,-34.34432 21.90378,-34.34425 21.90372,-34.34423 21.90366,-34.34426 21.90363,-34.34432 21.90363,-34.34441 21.90359,-34.3445 21.90353,-34.34453 21.90347,-34.34453 21.90338,-34.34447 21.90337,-34.3444 21.90331,-34.34435 21.9032,-34.34434 21.90316,-34.34426 21.90316,-34.3442 21.90307,-34.3442 21.90302,-34.34426 21.90302,-34.34435 21.90295,-34.34437 21.90284,-34.34434 21.90278,-34.34431 21.90274,-34.34426 21.90263,-34.34426 21.90253,-34.34429 21.90251,-34.34434 21.90247,-34.34437 21.90238,-34.34441 21.90224,-34.34435 21.9022,-34.34431 21.90208,-34.34428 21.90199,-34.34428 21.90191,-34.34429 21.90184,-34.34435 21.90181,-34.34441 21.90178,-34.34444 21.90163,-34.34447 21.9016,-34.34446 21.90152,-34.3444 21.90143,-34.34429 21.90137,-34.34425 21.9013,-34.34425 21.90129,-34.34429 21.90129,-34.34437 21.90132,-34.34443 21.90133,-34.34449 21.90133,-34.34464 21.90126,-34.34465 21.90115,-34.34465 21.90103,-34.34456 21.90097,-34.34449 21.90088,-34.34437 21.90085,-34.34437 21.90076,-34.3444 21.90075,-34.34447 21.90075,-34.34455 21.90081,-34.34468 21.90079,-34.34473 21.90058,-34.3447 21.90049,-34.34462 21.90043,-34.34456 21.90025,-34.34444 21.90018,-34.34444 21.90013,-34.34449 21.9001,-34.34459 21.90009,-34.34464 21.90006,-34.3447 21.90003,-34.34473 21.89995,-34.34473 21.89989,-34.3447 21.89986,-34.34465 21.89983,-34.34456 21.89968,-34.34449 21.89961,-34.34449 21.89955,-34.34452 21.89952,-34.34459 21.89948,-34.3447 21.89941,-34.34471 21.89935,-34.34468 21.89931,-34.34465 21.89922,-34.34456 21.89914,-34.34459 21.89885,-34.34461 21.8988,-34.34455 21.89876,-34.34444 21.89873,-34.34435 21.89867,-34.34426 21.89856,-34.34428 21.89849,-34.34434 21.89843,-34.34438 21.89832,-34.34437 21.89825,-34.34428 21.89825,-34.3442 21.89811,-34.34411 21.89789,-34.34411 21.89783,-34.34416 21.89775,-34.34416 21.89765,-34.34414 21.89762,-34.34414 21.89747,-34.34407 21.89742,-34.34401 21.89726,-34.34393 21.89718,-34.34387 21.89709,-34.34384 21.89702,-34.34384 21.89691,-34.34399 21.89684,-34.34405 21.89681,-34.3441 21.89672,-34.3441 21.89668,-34.34408 21.89662,-34.34401 21.8966,-34.34392 21.8965,-34.34389 21.89644,-34.3439 21.89638,-34.34402 21.89635,-34.3441 21.89623,-34.34414 21.89615,-34.34408 21.89606,-34.34398 21.89603,-34.34392 21.89602,-34.34384 21.89588,-34.34384 21.89578,-34.34387 21.89573,-34.34396 21.89567,-34.34404 21.89566,-34.3441 21.89561,-34.34413 21.89554,-34.3441 21.8954,-34.34401 21.89539,-34.34392 21.89534,-34.34386 21.89524,-34.34392 21.89518,-34.34404 21.8951,-34.34405 21.89489,-34.34405 21.89486,-34.34404 21.89482,-34.34396 21.89474,-34.34392 21.89464,-34.34392 21.89457,-34.34395 21.89455,-34.34404 21.89454,-34.34414 21.89449,-34.34422 21.8944,-34.34425 21.8943,-34.34425 21.89425,-34.3442 21.89419,-34.3441 21.89415,-34.34401 21.89403,-34.34399 21.89379,-34.34405 21.89376,-34.3441 21.89371,-34.34416 21.89367,-34.3442 21.89361,-34.3442 21.89355,-34.34422 21.89352,-34.34428 21.89352,-34.34438 21.89339,-34.34437 21.89329,-34.34438 21.89327,-34.34444 21.89327,-34.34449 21.89317,-34.34452 21.89308,-34.34455 21.89297,-34.34452 21.89296,-34.34444 21.89294,-34.34432 21.89281,-34.34434 21.89275,-34.34435 21.89267,-34.34432 21.89261,-34.34428 21.89257,-34.34417 21.89239,-34.34419 21.89234,-34.34429 21.89234,-34.34441 21.89233,-34.34446 21.89228,-34.34449 21.89218,-34.34449 21.89209,-34.34444 21.89204,-34.3444 21.89201,-34.34425 21.89197,-34.34422 21.89185,-34.34422 21.89177,-34.34426 21.89174,-34.34432 21.89173,-34.34438 21.89168,-34.34443 21.89158,-34.3444 21.89152,-34.34437 21.89147,-34.34431 21.89135,-34.34417 21.8912,-34.34417 21.8911,-34.34422 21.89109,-34.34428 21.89109,-34.34435 21.89097,-34.34441 21.89088,-34.34441 21.89076,-34.34435 21.89074,-34.34426 21.89073,-34.34422 21.89061,-34.3442 21.89041,-34.3442 21.89034,-34.34425 21.89029,-34.34431 21.89017,-34.34431 21.8901,-34.34432 21.89005,-34.34437 21.89005,-34.34441 21.89001,-34.34446 21.8898,-34.34446 21.88969,-34.34441 21.88963,-34.34434 21.88963,-34.34422 21.88956,-34.34416 21.8895,-34.34419 21.88945,-34.34426 21.88944,-34.34432 21.88935,-34.34432 21.88924,-34.34425 21.88921,-34.34416 21.88915,-34.34407 21.88905,-34.34404 21.88896,-34.34404 21.88889,-34.3441 21.88886,-34.34419 21.88883,-34.34423 21.8888,-34.34426 21.88863,-34.34423 21.88853,-34.34417 21.88853,-34.34408 21.88851,-34.34401 21.88847,-34.34399 21.88841,-34.34393 21.88838,-34.34384 21.88836,-34.34377 21.88827,-34.34366 21.88815,-34.34366 21.88811,-34.3438 21.88805,-34.34392 21.88791,-34.34386 21.88791,-34.34363 21.88785,-34.34356 21.88782,-34.34354 21.88773,-34.34359 21.88767,-34.34371 21.88763,-34.34372 21.88758,-34.34372 21.88749,-34.34368 21.88746,-34.34359 21.88745,-34.34354 21.88745,-34.34345 21.88737,-34.34342 21.88722,-34.34345 21.88713,-34.34344 21.88707,-34.3434 21.88706,-34.34335 21.88706,-34.34329 21.88701,-34.34323 21.88697,-34.34323 21.88695,-34.34332 21.88697,-34.34345 21.88697,-34.34358 21.8866,-34.34326 21.8863,-34.34316 21.88591,-34.34304 21.88561,-34.34295 21.88526,-34.34283 21.88495,-34.34272 21.88447,-34.34253 21.88418,-34.34241 21.88374,-34.34231 21.88338,-34.34221 21.88311,-34.34213 21.88279,-34.34205 21.88236,-34.34192 21.88186,-34.34172 21.88144,-34.34149 21.88106,-34.34121 21.88075,-34.34092 21.88062,-34.34082 21.88032,-34.34059 21.88014,-34.34039 21.87992,-34.34006 21.87978,-34.33973 21.87962,-34.33944 21.87949,-34.33921 21.87931,-34.33884 21.87889,-34.33818 21.8786,-34.33785 21.87794,-34.33738 21.87732,-34.33709 21.87685,-34.33688 21.87624,-34.33669 21.87572,-34.33653 21.87517,-34.33632 21.87451,-34.33615 21.87361,-34.33602 21.87241,-34.33593 21.8714,-34.33584 21.87137,-34.33584 21.8691,-34.33574 21.86809,-34.3357 21.86704,-34.3357 21.86625,-34.33566 21.86549,-34.3356 21.8645,-34.33547 21.8641,-34.33542 21.86353,-34.33537 21.8631,-34.33536 21.86261,-34.33538 21.86215,-34.33542 21.86167,-34.3354 21.86105,-34.3354 21.85999,-34.33536 21.85945,-34.33528 21.85899,-34.33523 21.85861,-34.33516 21.85806,-34.33501 21.85769,-34.33489 21.85718,-34.33472 21.85649,-34.33443 21.85553,-34.33392 21.85514,-34.33374 21.85472,-34.33354 21.85445,-34.33337 21.85118,-34.33094 21.85068,-34.33055 21.85016,-34.33018 21.84968,-34.32979 21.84687,-34.32752 21.84647,-34.32728 21.84553,-34.32664 21.84471,-34.32608 21.84397,-34.32544 21.84254,-34.32421 21.84224,-34.32397 21.84172,-34.32359 21.84112,-34.323 21.83847,-34.3208 21.83711,-34.31975 21.83425,-34.31768 21.83399,-34.31755 21.83324,-34.31702 21.83284,-34.31677 21.83259,-34.31658 21.83195,-34.31613 21.82981,-34.3142 21.82975,-34.31418 21.82956,-34.31396 21.82937,-34.31382 21.82922,-34.31368 21.82909,-34.3135 21.82882,-34.3132 21.82843,-34.31268 21.82821,-34.31244 21.82802,-34.31215 21.82781,-34.31184 21.82763,-34.31154 21.82728,-34.31073 21.8265,-34.30714 21.82583,-34.30379 21.82503,-34.30037 21.8248,-34.29963 21.82456,-34.2989 21.82447,-34.29872 21.82438,-34.29838 21.82435,-34.29822 21.82434,-34.29812 21.82428,-34.29788 21.82428,-34.29771 21.82427,-34.2976 21.82428,-34.29739 21.82433,-34.29724 21.8245,-34.29694 21.82457,-34.29682 21.82473,-34.2966 21.82497,-34.29636 21.82535,-34.29615 21.82555,-34.29604 21.82579,-34.2959 21.82615,-34.29566 21.82644,-34.29541 21.8267,-34.29517 21.82699,-34.29505 21.82724,-34.29495 21.82929,-34.29425 21.82963,-34.29411 21.82993,-34.29403 21.83008,-34.29396 21.83025,-34.2939 21.83049,-34.29376 21.83068,-34.29363 21.83092,-34.2935 21.83105,-34.29341 21.83138,-34.29324 21.83156,-34.29314 21.83173,-34.29306 21.83186,-34.293 21.83204,-34.29293 21.8323,-34.29281 21.83241,-34.29277 21.83259,-34.29269 21.83278,-34.29262 21.83295,-34.29252 21.83317,-34.29234 21.83341,-34.29218 21.83349,-34.29212 21.83369,-34.29188 21.83373,-34.29181 21.8339,-34.29124 21.83391,-34.29086 21.83388,-34.29064 21.83382,-34.29038 21.83378,-34.29024 21.83365,-34.28993 21.83348,-34.28963 21.83297,-34.28852 21.8323,-34.28734 21.83172,-34.28656 21.83104,-34.28569 21.83031,-34.28477 21.82959,-34.284 21.82865,-34.28325 21.82785,-34.28248 21.82703,-34.2819 21.82625,-34.28151 21.82591,-34.28139 21.82471,-34.28117 21.82328,-34.281 21.82161,-34.28098 21.81915,-34.28098 21.81869,-34.28103 21.81799,-34.28112 21.81658,-34.28146 21.81477,-34.28175 21.81235,-34.28221 21.81129,-34.28265 21.80916,-34.28318 21.80689,-34.28374 21.80384,-34.28453 21.80227,-34.28504 21.80044,-34.2855 21.79899,-34.28572 21.79746,-34.28603 21.79654,-34.28613 21.79536,-34.28618 21.79408,-34.2862 21.79258,-34.28613 21.79125,-34.28594 21.78968,-34.28565 21.78888,-34.28538 21.7884,-34.28519 21.78774,-34.2847 21.78738,-34.28436 21.78692,-34.28383 21.78663,-34.28342 21.78627,-34.28311 21.78552,-34.2826 21.78518,-34.28229 21.78458,-34.28141 21.78409,-34.2805 21.78277,-34.27827 21.78157,-34.27621 21.78138,-34.27585 21.78085,-34.27489 21.77846,-34.27182 21.77818,-34.27145 21.77783,-34.27106 21.77747,-34.27059 21.77694,-34.26991 21.77599,-34.2688 21.7756,-34.26831 21.77541,-34.26809 21.77518,-34.26769 21.77493,-34.26727 21.77461,-34.26693 21.77438,-34.26654 21.77413,-34.2662 21.7735,-34.26528 21.77304,-34.26457 21.77285,-34.26433 21.77256,-34.26387 21.77238,-34.26348 21.77212,-34.26302 21.77153,-34.26212 21.77118,-34.26143 21.77096,-34.26071 21.77084,-34.26033 21.77073,-34.25994 21.77053,-34.2593 21.77019,-34.25894 21.77001,-34.25883 21.76965,-34.25853 21.76933,-34.25807 21.76914,-34.25782 21.76895,-34.25756 21.76884,-34.25726 21.76884,-34.25709 21.76887,-34.25694 21.76893,-34.25665 21.76892,-34.25645 21.76892,-34.25622 21.76858,-34.25535 21.76836,-34.25486 21.76766,-34.25386 21.76733,-34.25313 21.7672,-34.25257 21.76719,-34.25195 21.76707,-34.25133 21.76704,-34.25089 21.76699,-34.25045 21.76692,-34.25009 21.76686,-34.24981 21.76681,-34.24973 21.76672,-34.24942 21.76649,-34.24874 21.76634,-34.24836 21.76619,-34.24786 21.76607,-34.24752 21.76599,-34.24713 21.76585,-34.24679 21.76542,-34.2456 21.76515,-34.24506 21.76495,-34.24459 21.76474,-34.24412 21.7644,-34.24354 21.76328,-34.24127 21.7631,-34.24093 21.76285,-34.24035 21.7626,-34.23964 21.76198,-34.23823 21.76185,-34.23799 21.76173,-34.23778 21.76138,-34.23709 21.76118,-34.23669 21.76093,-34.23635 21.76056,-34.23606 21.76003,-34.23555 21.75971,-34.23507 21.75912,-34.23434 21.75798,-34.23282 21.75784,-34.23263 21.7575,-34.2321 21.7572,-34.23164 21.75683,-34.23108 21.75624,-34.23027 21.75611,-34.22986 21.75561,-34.22876 21.75547,-34.22859 21.75529,-34.22834 21.75507,-34.22799 21.75479,-34.22746 21.75424,-34.22634 21.75429,-34.22649 21.75364,-34.22509 21.75357,-34.22468 21.75357,-34.22443 21.7536,-34.22407 21.75365,-34.22378 21.7537,-34.2234 21.75402,-34.22269 21.7543,-34.22226 21.75446,-34.2219 21.75455,-34.22159 21.75457,-34.22135 21.7546,-34.22066 21.7546,-34.22058 21.75442,-34.21997 21.7542,-34.21955 21.75401,-34.21929 21.75374,-34.21902 21.75349,-34.21869 21.75319,-34.21824 21.75312,-34.21814 21.75209,-34.21676 21.75186,-34.21634 21.75156,-34.21589 21.75133,-34.21546 21.75107,-34.21483 21.75082,-34.21437 21.75054,-34.2139 21.75005,-34.21333 21.74961,-34.21302 21.74932,-34.21278 21.74888,-34.21259 21.74834,-34.21241 21.74779,-34.21224 21.74735,-34.2121 21.74679,-34.21194 21.74632,-34.21176 21.74592,-34.21159 21.74553,-34.21141 21.74511,-34.21118 21.74473,-34.21093 21.74429,-34.21062 21.74399,-34.21032 21.7437,-34.20979 21.74341,-34.20911 21.74299,-34.20845 21.74082,-34.20837 21.73171,-34.20807 21.73158,-34.20636 21.73143,-34.20439 21.73028,-34.18932 21.73026,-34.18906 21.73026,-34.18902 21.73015,-34.18769 21.72959,-34.18016 21.72951,-34.17913 21.72891,-34.17134 21.72836,-34.16431 21.73518,-34.16277 21.7363,-34.16253 21.74282,-34.15841 21.7382,-34.15304 21.73389,-34.1481 21.73351,-34.14767 21.73105,-34.14484 21.72961,-34.14319 21.72662,-34.13975 21.7255,-34.13845 21.72433,-34.13713 21.7235,-34.13618 21.71865,-34.13059 21.71718,-34.12888 21.71252,-34.12799 21.71205,-34.12789 21.71053,-34.12758 21.703,-34.12639 21.69996,-34.12591 21.69809,-34.1256 21.69753,-34.12552 21.69163,-34.12458 21.68426,-34.1234 21.67881,-34.12262 21.68504,-34.10366 21.6879,-34.09482 21.68801,-34.09452 21.68957,-34.08988 21.69335,-34.08996 21.70093,-34.09012 21.7051,-34.09021 21.70926,-34.0903 21.71343,-34.09038 21.71759,-34.09047 21.72176,-34.09056 21.72611,-34.09064 21.72918,-34.0907 21.72943,-34.09068 21.73008,-34.0905 21.73074,-34.09033 21.73134,-34.09035 21.73193,-34.09053 21.73218,-34.09072 21.73227,-34.09082 21.73235,-34.09102 21.73245,-34.09117 21.73256,-34.09135 21.73261,-34.09151 21.73267,-34.09164 21.73273,-34.09184 21.73277,-34.09201 21.73284,-34.09223 21.73288,-34.09253 21.73291,-34.09272 21.73299,-34.09398 21.73298,-34.09442 21.73303,-34.09488 21.73298,-34.0956 21.73292,-34.09631 21.73299,-34.09729 21.73308,-34.09793 21.73315,-34.0984 21.73327,-34.09881 21.7333,-34.09919 21.73339,-34.09975 21.73355,-34.10048 21.73363,-34.101 21.73371,-34.10153 21.73381,-34.10186 21.73396,-34.10219 21.73425,-34.1026 21.73459,-34.10275 21.73487,-34.10286 21.73521,-34.10296 21.73561,-34.10298 21.73695,-34.10292 21.7382,-34.10287 21.73907,-34.1028 21.73973,-34.10276 21.74049,-34.10272 21.741,-34.10271 21.74127,-34.10266 21.74287,-34.10243 21.7435,-34.10232 21.74386,-34.10222 21.74467,-34.10185 21.74492,-34.10175 21.7451,-34.10161 21.74537,-34.10142 21.74565,-34.10123 21.74583,-34.10111 21.74613,-34.10089 21.7462,-34.09973 21.74734,-34.08021 21.74736,-34.07981 21.74654,-34.07995 21.74453,-34.08038 21.74176,-34.08074 21.74094,-34.08094 21.73845,-34.08156 21.73738,-34.08176 21.73584,-34.08197 21.73466,-34.08212 21.73297,-34.08207 21.72994,-34.08238 21.72913,-34.08236 21.72666,-34.08236 21.72467,-34.08212 21.72143,-34.08125 21.71969,-34.08067 21.71877,-34.08009 21.71828,-34.07946 21.7179,-34.07825 21.71785,-34.07694 21.71799,-34.07534 21.718,-34.07519 21.71813,-34.07038 21.71818,-34.06849 21.71828,-34.0671 21.71828,-34.06557 21.71808,-34.06439 21.71803,-34.06346 21.71792,-34.06321 21.71782,-34.06259 21.71762,-34.06203 21.71715,-34.06111 21.71672,-34.05906 21.71656,-34.05783 21.71662,-34.05644 21.71672,-34.05553 21.71733,-34.05372 21.71846,-34.05219 21.71899,-34.0514 21.71964,-34.05085 21.72046,-34.05029 21.7222,-34.04942 21.72395,-34.04865 21.72571,-34.04752 21.72797,-34.04629 21.73069,-34.04491 21.73161,-34.0445 21.73243,-34.04409 21.7334,-34.04363 21.73417,-34.04317 21.73495,-34.04251 21.73591,-34.04173 21.73648,-34.04096 21.73674,-34.04065 21.73715,-34.04009 21.7375,-34.03942 21.73791,-34.03865 21.73827,-34.03778 21.73848,-34.0364 21.73822,-34.03553 21.73797,-34.03482 21.73766,-34.03447 21.73694,-34.03365 21.73581,-34.03272 21.73416,-34.03179 21.73275,-34.03128 21.73155,-34.03097 21.73042,-34.0307 21.72832,-34.03018 21.72616,-34.0297 21.72492,-34.02953 21.72362,-34.02949 21.72245,-34.02953 21.72129,-34.02956 21.72029,-34.0298 21.71971,-34.02994 21.71874,-34.03059 21.7183,-34.03097 21.71789,-34.03155 21.71761,-34.03214 21.71747,-34.03269 21.71737,-34.03372 21.71737,-34.03475 21.71734,-34.03571 21.71723,-34.03674 21.71723,-34.03777 21.71717,-34.03887 21.71693,-34.03979 21.71634,-34.041 21.716,-34.04203 21.71587,-34.04233 21.71562,-34.04296 21.71536,-34.04358 21.71495,-34.04414 21.71444,-34.04486 21.71351,-34.04598 21.712,-34.04691 21.71123,-34.04721 21.71036,-34.04727 21.70964,-34.04727 21.70867,-34.04732 21.7077,-34.04742 21.70662,-34.04747 21.70519,-34.04752 21.70426,-34.04778 21.7037,-34.04798 21.70272,-34.04834 21.7017,-34.0488 21.70083,-34.04968 21.69991,-34.05024 21.69834,-34.05149 21.69834,-34.05145 21.69588,-34.03003 21.69458,-34.01892 21.69439,-34.01691 21.67071,-34.0168 21.66723,-34.01096 21.66674,-34.01017 21.66665,-34.00936 21.66643,-34.00908 21.66609,-34.00886 21.66561,-34.00873 21.66495,-34.0087 21.66419,-34.0087 21.66363,-34.00879 21.66284,-34.00886 21.66208,-34.00895 21.66032,-34.00914 21.65827,-34.00939 21.6572,-34.00968 21.65622,-34.00993 21.65524,-34.01006 21.65367,-34.01015 21.65269,-34.0104 21.65209,-34.01062 21.65146,-34.01081 21.65007,-34.01097 21.64922,-34.01097 21.64825,-34.01087 21.64746,-34.01059 21.64677,-34.01034 21.64595,-34.00996 21.6456,-34.00974 21.645,-34.00946 21.64443,-34.00911 21.64355,-34.00867 21.64289,-34.00854 21.64235,-34.00854 21.64172,-34.00848 21.641,-34.00832 21.64059,-34.00791 21.64037,-34.00753 21.64024,-34.00719 21.64018,-34.00659 21.63999,-34.00583 21.63993,-34.00549 21.63996,-34.00526 21.64008,-34.00511 21.6403,-34.0047 21.64034,-34.00426 21.64034,-34.004 21.64037,-34.00353 21.6404,-34.003 21.64062,-34.00221 21.64084,-34.00136 21.64106,-34.00079 21.64106,-34.00019 21.64087,-33.99984 21.64065,-33.99965 21.64024,-33.99953 21.63996,-33.99943 21.63986,-33.99931 21.63977,-33.99889 21.63978,-33.99885 21.64013,-33.99778 21.64043,-33.99706 21.6405,-33.99683 21.64076,-33.99618 21.64085,-33.99598 21.64097,-33.99571 21.64105,-33.99554 21.64115,-33.99537 21.64124,-33.99522 21.64156,-33.9947 21.6417,-33.9945 21.64185,-33.99428 21.64205,-33.994 21.64218,-33.99383 21.64222,-33.99377 21.64245,-33.99351 21.64266,-33.9934 21.6429,-33.99331 21.64323,-33.99318 21.64345,-33.99309 21.6435,-33.99304 21.64355,-33.99296 21.64361,-33.99288 21.64391,-33.99233 21.64402,-33.9921 21.64416,-33.99187 21.64421,-33.99176 21.64428,-33.9916 21.64439,-33.99141 21.64449,-33.99122 21.64457,-33.99103 21.64469,-33.9907 21.64487,-33.99052 21.64496,-33.99037 21.64504,-33.99027 21.64524,-33.99004 21.64529,-33.98989 21.64543,-33.98967 21.64568,-33.98924 21.64596,-33.98895 21.64606,-33.98883 21.64631,-33.98862 21.64647,-33.98848 21.64676,-33.98829 21.64705,-33.98802 21.64749,-33.98734 21.6476,-33.98715 21.64787,-33.98675 21.64803,-33.98651 21.64825,-33.9862 21.64837,-33.98605 21.64857,-33.98575 21.6487,-33.98551 21.64894,-33.98521 21.64917,-33.98482 21.6493,-33.98468 21.64936,-33.98458 21.64958,-33.98431 21.64967,-33.98424 21.64985,-33.984 21.65002,-33.98379 21.65024,-33.98356 21.65044,-33.98336 21.65067,-33.98318 21.65086,-33.98304 21.65106,-33.98287 21.65141,-33.98256 21.65155,-33.98232 21.65165,-33.98219 21.65177,-33.982 21.65193,-33.9818 21.6521,-33.98156 21.65228,-33.98132 21.65243,-33.98117 21.65269,-33.9808 21.65311,-33.97997 21.65318,-33.97967 21.65322,-33.97948 21.65328,-33.9792 21.65336,-33.97895 21.65361,-33.97824 21.65364,-33.97808 21.65408,-33.97702 21.65441,-33.97633 21.65456,-33.97595 21.65471,-33.97565 21.65496,-33.97529 21.65513,-33.97506 21.65545,-33.97458 21.65576,-33.97405 21.65595,-33.97378 21.65612,-33.97348 21.65676,-33.9722 21.65684,-33.97201 21.6569,-33.97184 21.65728,-33.97057 21.65744,-33.96998 21.65759,-33.96916 21.65759,-33.96897 21.65767,-33.96833 21.65798,-33.96667 21.65809,-33.96613 21.6581,-33.96603 21.65809,-33.96585 21.65819,-33.96517 21.65821,-33.96493 21.65824,-33.96466 21.65833,-33.96419 21.6584,-33.96396 21.65845,-33.96378 21.65853,-33.96349 21.65855,-33.96333 21.65857,-33.96315 21.65857,-33.96296 21.65855,-33.96275 21.65856,-33.96254 21.65861,-33.96221 21.65862,-33.96204 21.65884,-33.96004 21.65886,-33.95934 21.65889,-33.95876 21.65889,-33.95834 21.65888,-33.95821 21.65893,-33.95699 21.65897,-33.95676 21.65896,-33.95629 21.65902,-33.95598 21.65907,-33.95571 21.65916,-33.95541 21.65933,-33.95473 21.65945,-33.9541 21.65947,-33.9538 21.65951,-33.95358 21.6595,-33.95326 21.65944,-33.95271 21.65942,-33.9522 21.65945,-33.95105 21.65955,-33.95033 21.65962,-33.94964 21.65972,-33.94857 21.65978,-33.94806 21.65978,-33.94768 21.65973,-33.94724 21.65963,-33.94698 21.65952,-33.94671 21.65944,-33.94651 21.65936,-33.94628 21.65929,-33.94602 21.65922,-33.94578 21.65916,-33.94557 21.65893,-33.94509 21.65885,-33.94492 21.65874,-33.94462 21.65868,-33.94442 21.65861,-33.94421 21.65854,-33.94407 21.65848,-33.94387 21.65844,-33.9437 21.65839,-33.94351 21.65834,-33.94329 21.65829,-33.9431 21.65829,-33.94293 21.65825,-33.94278 21.6582,-33.94211 21.6582,-33.94207 21.6582,-33.94204 21.6582,-33.942 21.65818,-33.94176 21.65816,-33.94156 21.6581,-33.94136 21.65809,-33.94115 21.6581,-33.94089 21.6581,-33.94071 21.65812,-33.94053 21.65814,-33.9404 21.65816,-33.94022 21.65818,-33.94002 21.65823,-33.93978 21.65827,-33.93962 21.65827,-33.93938 21.65825,-33.93931 21.65821,-33.93925 21.65819,-33.93917 21.6582,-33.93905 21.65823,-33.93893 21.65825,-33.93877 21.65829,-33.93844 21.65828,-33.93835 21.65826,-33.93819 21.65823,-33.93802 21.6582,-33.93789 21.65814,-33.93775 21.65799,-33.93757 21.65777,-33.93739 21.65753,-33.93719 21.65713,-33.93685 21.65707,-33.93678 21.65687,-33.93664 21.6567,-33.93652 21.65636,-33.9363 21.65593,-33.93606 21.65534,-33.93575 21.65487,-33.9355 21.65436,-33.93527 21.65394,-33.93508 21.65356,-33.93492 21.65313,-33.93476 21.65304,-33.93469 21.6529,-33.93461 21.65278,-33.93454 21.65272,-33.93449 21.65261,-33.93435 21.65249,-33.93419 21.65243,-33.93398 21.65225,-33.93349 21.65213,-33.93333 21.65201,-33.9331 21.65192,-33.93293 21.65188,-33.93272 21.65187,-33.93248 21.65187,-33.93231 21.65184,-33.93218 21.65183,-33.932 21.6518,-33.93172 21.65178,-33.93144 21.6517,-33.93047 21.65168,-33.93015 21.65167,-33.92995 21.65159,-33.9297 21.65154,-33.92953 21.65147,-33.92892 21.65139,-33.92857 21.65139,-33.92819 21.65145,-33.92792 21.65158,-33.92768 21.65224,-33.92702 21.65255,-33.92665 21.65269,-33.92635 21.65294,-33.92571 21.65307,-33.92532 21.65317,-33.92506 21.65334,-33.92447 21.65335,-33.92436 21.65342,-33.92402 21.65352,-33.92364 21.65355,-33.92336 21.65361,-33.92248 21.65364,-33.92143 21.65359,-33.92119 21.6535,-33.92083 21.65338,-33.92036 21.65322,-33.92011 21.65284,-33.91955 21.65274,-33.91929 21.65265,-33.91902 21.65261,-33.91876 21.65258,-33.91845 21.65264,-33.91821 21.65268,-33.91802 21.65273,-33.9178 21.65277,-33.91751 21.65279,-33.91733 21.65282,-33.9171 21.65293,-33.91644 21.65301,-33.91626 21.65314,-33.91587 21.65315,-33.91583 21.65558,-33.91689 21.65768,-33.91632 21.66489,-33.91429 21.67388,-33.90153 21.67427,-33.89808 21.67591,-33.88347 21.67606,-33.8829 21.67618,-33.88246 21.67601,-33.88242 21.67496,-33.8823 21.67391,-33.88219 21.67287,-33.88208 21.67009,-33.88176 21.6687,-33.88161 21.66732,-33.88145 21.66593,-33.88129 21.66454,-33.88114 21.66386,-33.88105 21.66358,-33.88106 21.66337,-33.88098 21.66284,-33.88094 21.66243,-33.88089 21.66253,-33.88051 21.66274,-33.87991 21.66279,-33.87979 21.66291,-33.87962 21.663,-33.87944 21.66318,-33.87922 21.66334,-33.87908 21.66353,-33.87895 21.66419,-33.87872 21.66505,-33.87849 21.66602,-33.8783 21.66715,-33.87813 21.66744,-33.8781 21.66779,-33.87799 21.66815,-33.87793 21.66859,-33.87782 21.66875,-33.8778 21.66914,-33.87777 21.66948,-33.87775 21.67007,-33.87772 21.67102,-33.87768 21.67149,-33.87766 21.67192,-33.87766 21.67216,-33.87763 21.67241,-33.87758 21.6726,-33.87753 21.6731,-33.87733 21.67327,-33.87722 21.67345,-33.87709 21.67374,-33.8768 21.67404,-33.87652 21.6742,-33.87629 21.67428,-33.8761 21.67429,-33.87603 21.67434,-33.87586 21.67444,-33.87531 21.67446,-33.87517 21.6745,-33.87501 21.67465,-33.87467 21.67478,-33.87433 21.67493,-33.87411 21.67498,-33.87402 21.67511,-33.8738 21.67534,-33.87362 21.67558,-33.87349 21.67595,-33.87329 21.67622,-33.87307 21.67638,-33.87295 21.67658,-33.87284 21.67675,-33.87266 21.67705,-33.87233 21.67722,-33.87216 21.67739,-33.87196 21.67776,-33.87158 21.67816,-33.87124 21.67847,-33.87098 21.67872,-33.87081 21.67959,-33.86994 21.68005,-33.8694 21.68058,-33.86881 21.68083,-33.86854 21.68127,-33.86792 21.68155,-33.86762 21.68195,-33.86716 21.68236,-33.86671 21.68295,-33.86612 21.68323,-33.86588 21.68411,-33.8652 21.68452,-33.86484 21.68483,-33.86466 21.68501,-33.86455 21.68524,-33.86443 21.68558,-33.86423 21.68625,-33.86394 21.68689,-33.86372 21.68744,-33.86339 21.68784,-33.86313 21.68796,-33.86306 21.68812,-33.86292 21.68841,-33.8627 21.68877,-33.86251 21.6891,-33.86234 21.68952,-33.86214 21.68982,-33.86198 21.69019,-33.86185 21.69056,-33.86165 21.69085,-33.86149 21.69133,-33.86123 21.69209,-33.86085 21.69228,-33.86076 21.69242,-33.86068 21.69254,-33.86062 21.69274,-33.8605 21.6931,-33.86027 21.69355,-33.8599 21.69387,-33.85968 21.69397,-33.8596 21.69415,-33.85954 21.69432,-33.85951 21.69472,-33.85941 21.69519,-33.85939 21.6954,-33.85939 21.69568,-33.85941 21.6963,-33.85944 21.69664,-33.85939 21.69695,-33.85929 21.69714,-33.85921 21.69738,-33.85909 21.69758,-33.85902 21.69771,-33.85893 21.69779,-33.85889 21.69787,-33.85886 21.69811,-33.85875 21.69826,-33.85864 21.69863,-33.85827 21.69875,-33.85812 21.69891,-33.85794 21.69903,-33.85776 21.69916,-33.85756 21.69929,-33.85737 21.69951,-33.85695 21.69967,-33.8568 21.69997,-33.85626 21.7,-33.85619 21.70009,-33.85603 21.70022,-33.85568 21.7003,-33.85544 21.70037,-33.85513 21.70046,-33.85422 21.70047,-33.85397 21.70049,-33.85375 21.70047,-33.85348 21.70045,-33.85313 21.70035,-33.85285 21.74446,-33.85469 21.74952,-33.85464 21.76911,-33.85319 21.78391,-33.85208 21.78909,-33.85266 21.80361,-33.85436 21.80367,-33.85493 21.80384,-33.85495 21.82166,-33.85508 21.86438,-33.85539 21.88297,-33.85812 21.88598,-33.85856 21.91789,-33.86324 21.93278,-33.86542 21.98534,-33.86623 21.99086,-33.86504 22.01701,-33.85941 22.03,-33.8709 22.03138,-33.87231 22.04274,-33.88392 22.06365,-33.88301 22.06553,-33.87688 22.06594,-33.87553 22.07002,-33.86394 22.07509,-33.84955 22.1184,-33.84672 22.12368,-33.84637 22.12817,-33.85624 22.13423,-33.86956 22.17086,-33.86912 22.17101,-33.86919 22.18745,-33.87687 22.19863,-33.87818 22.21386,-33.88811 22.23375,-33.88824 22.23349,-33.90305 22.26786,-33.92502 22.26794,-33.92752 22.26799,-33.93237 22.268,-33.93333 22.26802,-33.93507 22.26802,-33.93594 22.26804,-33.93768 22.26806,-33.93795 22.26808,-33.93823 22.2681,-33.9385 22.26812,-33.93878 22.26814,-33.93905 22.26818,-33.93961 22.2682,-33.93988 22.26822,-33.94016 22.26824,-33.94043 22.26746,-33.94188 22.26667,-33.94333 22.26589,-33.94478 22.26431,-33.94768 22.26353,-33.94913 22.26274,-33.95058 22.26196,-33.95203 22.26117,-33.95349 22.26039,-33.95494 22.26035,-33.95523 22.26046,-33.95549 22.26048,-33.95576 22.26034,-33.95588 22.26028,-33.95603 22.26027,-33.9565 22.26036,-33.95687 22.26044,-33.95717 22.26034,-33.95768 22.26019,-33.95826 22.26009,-33.95889 22.2602,-33.95971 22.26028,-33.96048 22.26093,-33.9634 22.26099,-33.96367 22.26138,-33.96541 22.26355,-33.9759 22.26277,-33.97628 22.263,-33.97657 22.26316,-33.97704 22.26321,-33.97733 22.26323,-33.97749 22.26335,-33.97763 22.26338,-33.97784 22.26334,-33.97802 22.26335,-33.97823 22.26337,-33.97836 22.26342,-33.97891 22.26342,-33.97948 22.2634,-33.97981 22.26341,-33.98025 22.2635,-33.9806 22.26356,-33.98079 22.26365,-33.98108 22.2639,-33.98144 22.26446,-33.98182 22.265,-33.982 22.26538,-33.98221 22.26572,-33.98235 22.26596,-33.98255 22.26623,-33.98278 22.26641,-33.98294 22.26692,-33.98314 22.26755,-33.98323 22.26825,-33.98338 22.26876,-33.98348 22.26908,-33.98357 22.26936,-33.98375 22.26981,-33.98398 22.27009,-33.98427 22.2703,-33.98478 22.27047,-33.9852 22.27077,-33.98557 22.27115,-33.98583 22.27163,-33.98644 22.27186,-33.98695 22.27203,-33.98734 22.27211,-33.98758 22.27216,-33.98776 22.27219,-33.98788 22.27226,-33.98814 22.27267,-33.9884 22.27318,-33.98843 22.2739,-33.98865 22.27446,-33.98885 22.2749,-33.98913 22.27525,-33.98956 22.27539,-33.98993 22.27544,-33.99013 22.27577,-33.99045 22.27601,-33.99064 22.27627,-33.99085 22.27682,-33.99083 22.27715,-33.99055 22.27738,-33.99037 22.27769,-33.99021 22.27803,-33.99022 22.27832,-33.99028 22.27865,-33.9904 22.27375,-33.99979 22.27319,-34.00081 22.27089,-34.00517 22.27188,-34.00696 22.27307,-34.00912 22.27476,-34.0122 22.27524,-34.01308 22.27589,-34.01427 22.2769,-34.0161 22.27738,-34.01697 22.27774,-34.01763 22.27922,-34.02032 22.27986,-34.02149 22.2797,-34.02163 22.2777,-34.02331 22.27663,-34.0242 22.27418,-34.02626 22.27203,-34.02806 22.26951,-34.03017 22.26802,-34.03142 22.26599,-34.03313 22.26587,-34.03323 22.26513,-34.03385 22.26456,-34.03482 22.26382,-34.03598 22.26282,-34.03755 22.26359,-34.03776 22.26364,-34.03971 22.26359,-34.04178 22.26331,-34.04199 22.26305,-34.04204 22.26305,-34.04212 22.26307,-34.04223 22.26294,-34.04243 22.26282,-34.04254 22.26268,-34.04264 22.26262,-34.0428 22.26263,-34.04318 22.26274,-34.04359 22.26294,-34.04402 22.26305,-34.04439 22.26312,-34.04462 22.26319,-34.04495 22.26333,-34.04529 22.26346,-34.04552 22.26358,-34.0456 22.26361,-34.0457 22.26364,-34.04578 22.26373,-34.04591 22.26377,-34.04606 22.26389,-34.04618 22.26392,-34.04629 22.26395,-34.04642 22.26401,-34.0465 22.26402,-34.04664 22.26409,-34.04675 22.26416,-34.04679 22.26429,-34.04683 22.26443,-34.04688 22.26452,-34.04693 22.26459,-34.04697 22.26468,-34.047 22.26481,-34.04703 22.26493,-34.04708 22.265,-34.04712 22.26508,-34.0472 22.26517,-34.0473 22.26531,-34.04743 22.26541,-34.04751 22.26569,-34.04765 22.26576,-34.04771 22.26585,-34.04778 22.26596,-34.04784 22.26607,-34.04791 22.26616,-34.04798 22.26617,-34.04801 22.26615,-34.04808 22.26603,-34.04817 22.26592,-34.04825 22.26586,-34.04832 22.26582,-34.04838 22.26669,-34.04825 22.26727,-34.04815 22.26738,-34.04814 22.2687,-34.0477 22.26987,-34.04664 22.27078,-34.04624 22.27179,-34.04605 22.27349,-34.04658 22.27456,-34.04641 22.27539,-34.04575 22.27583,-34.04521 22.27691,-34.045 22.27721,-34.04499 22.28029,-34.04493 22.28123,-34.0451 22.28252,-34.04548 22.28403,-34.04559 22.28425,-34.04561 22.28434,-34.04561 22.2846,-34.04563 22.28502,-34.04566 22.28542,-34.04568 22.28558,-34.04569 22.2862,-34.04573 22.2865,-34.04575 22.28657,-34.04576 22.28687,-34.04577 22.28727,-34.0458 22.28907,-34.04592 22.28934,-34.04603 22.28952,-34.0461 22.28991,-34.04626 22.29007,-34.04632 22.29034,-34.04643 22.29047,-34.04648 22.29052,-34.0465 22.29071,-34.04654 22.29106,-34.04663 22.29138,-34.04672 22.29175,-34.04681 22.29227,-34.04694 22.29232,-34.04696 22.29341,-34.04593 22.29347,-34.04587 22.2936,-34.04514 22.29466,-34.04509 22.29577,-34.0459 22.29589,-34.04591 22.29683,-34.0458 22.29749,-34.04555 22.299,-34.04503 22.29906,-34.04583 22.29991,-34.04638 22.30078,-34.04642 22.30356,-34.04587 22.30558,-34.04631 22.30665,-34.04565 22.30622,-34.04805 22.30755,-34.04812 22.30777,-34.04713 22.30778,-34.04706 22.30859,-34.04342 22.31143,-34.04321 22.30969,-34.03966 22.31436,-34.04014 22.313,-34.04323 22.31544,-34.04352 22.31642,-34.04166 22.31857,-34.0424 22.3196,-34.04275 22.31886,-34.04478 22.31865,-34.04536 22.31846,-34.04588 22.31805,-34.04702 22.31799,-34.04718 22.31788,-34.04749 22.31779,-34.04772 22.31767,-34.04806 22.3176,-34.04825 22.31753,-34.04843 22.31744,-34.04868 22.31737,-34.04889 22.31729,-34.04912 22.31722,-34.04929 22.31755,-34.04939 22.31787,-34.04948 22.31805,-34.04954 22.31818,-34.04958 22.31822,-34.04959 22.31844,-34.04965 22.31886,-34.04977 22.31907,-34.04984 22.31911,-34.0497 22.31915,-34.04957 22.31922,-34.04959 22.31926,-34.0496 22.32033,-34.04992 22.32147,-34.05026 22.32147,-34.05045 22.32146,-34.05083 22.32159,-34.05082 22.32177,-34.05087 22.32193,-34.05095 22.32208,-34.05105 22.32217,-34.05115 22.32225,-34.05126 22.32237,-34.05136 22.32251,-34.05141 22.32272,-34.05138 22.3229,-34.0513 22.32309,-34.05117 22.3233,-34.05109 22.32357,-34.05107 22.32394,-34.05107 22.32445,-34.05117 22.32505,-34.05119 22.32551,-34.05134 22.32583,-34.05137 22.32611,-34.05132 22.32651,-34.05124 22.32685,-34.05119 22.32742,-34.05123 22.32802,-34.0514 22.32835,-34.0515 22.32849,-34.05149 22.32922,-34.05164 22.3299,-34.05164 22.33046,-34.05163 22.33096,-34.05162 22.33145,-34.05171 22.33175,-34.05164 22.3323,-34.05163 22.33302,-34.05166 22.33387,-34.0517 22.3347,-34.05174 22.33532,-34.05185 22.33592,-34.05192 22.33653,-34.05195 22.33761,-34.05197 22.33787,-34.05202 22.33817,-34.05224 22.33857,-34.05256 22.33891,-34.05295 22.33913,-34.05321 22.33946,-34.05338 22.33956,-34.05342 22.33974,-34.05337 22.34015,-34.05325 22.34078,-34.05308 22.34109,-34.05292 22.34132,-34.05284 22.34176,-34.05287 22.34233,-34.05293 22.34268,-34.05296 22.34304,-34.05289 22.34365,-34.05263 22.34404,-34.05255 22.34448,-34.05261 22.3448,-34.05271 22.34506,-34.05293 22.34535,-34.05322 22.34548,-34.0534 22.34564,-34.05345 22.34581,-34.0534 22.3459,-34.0533 22.346,-34.05315 22.34614,-34.05304 22.34633,-34.05296 22.34657,-34.05304 22.34711,-34.05325 22.34765,-34.05348 22.34811,-34.05364 22.34872,-34.05384 22.34916,-34.05399 22.34953,-34.05397 22.34981,-34.05378 22.35014,-34.05367 22.3504,-34.05367 22.3507,-34.05382 22.35103,-34.05382 22.35128,-34.05372 22.35168,-34.05361 22.35202,-34.0536 22.35255,-34.05364 22.35308,-34.05377 22.35331,-34.05386 22.35351,-34.0539 22.35368,-34.05393 22.35383,-34.05393 22.35393,-34.05388 22.35399,-34.05383 22.35404,-34.05375 22.35402,-34.05347 22.354,-34.05272 22.35392,-34.05199 22.35386,-34.05177 22.35335,-34.05066 22.35305,-34.04982 22.35283,-34.0494 22.35279,-34.04889 22.35293,-34.04801 22.35303,-34.04703 22.35315,-34.04582 22.35314,-34.04555 22.35279,-34.04493 22.35215,-34.04411 22.35158,-34.04344 22.35112,-34.04278 22.35071,-34.04209 22.35057,-34.0417 22.35123,-34.04139 22.35131,-34.04189 22.35165,-34.04241 22.35199,-34.04296 22.35271,-34.04384 22.35336,-34.04467 22.35379,-34.04563 22.35379,-34.0464 22.3536,-34.0473 22.3535,-34.04867 22.35347,-34.04928 22.3535,-34.04937 22.35425,-34.05095 22.35457,-34.05235 22.3547,-34.05361 22.35465,-34.05414 22.35464,-34.05425 22.35461,-34.05435 22.35457,-34.05443 22.35448,-34.05438 22.35437,-34.05434 22.35425,-34.05434 22.35407,-34.05436 22.35381,-34.05436 22.35375,-34.05439 22.35371,-34.05444 22.35367,-34.05448 22.35356,-34.05446 22.35351,-34.05437 22.3535,-34.05431 22.35349,-34.05424 22.35344,-34.05423 22.35332,-34.05423 22.35326,-34.05424 22.35326,-34.05428 22.35323,-34.05438 22.3532,-34.05443 22.35301,-34.05443 22.35298,-34.05436 22.35301,-34.05428 22.353,-34.05425 22.35292,-34.05423 22.35282,-34.05421 22.35276,-34.05425 22.35276,-34.05444 22.35268,-34.05452 22.35259,-34.05445 22.35259,-34.05434 22.35257,-34.05426 22.35253,-34.05421 22.35247,-34.05421 22.35242,-34.05418 22.35238,-34.05412 22.35233,-34.05406 22.3523,-34.05405 22.35225,-34.05405 22.35219,-34.05408 22.35217,-34.05417 22.35212,-34.05428 22.35207,-34.05437 22.35201,-34.05438 22.35193,-34.05433 22.35193,-34.05409 22.35183,-34.05408 22.35174,-34.05409 22.3517,-34.05417 22.35168,-34.05428 22.35168,-34.05436 22.3516,-34.05442 22.35152,-34.05437 22.35152,-34.05425 22.35149,-34.05414 22.35144,-34.05408 22.35134,-34.05414 22.35131,-34.05425 22.35129,-34.05434 22.35129,-34.05438 22.35124,-34.05444 22.35115,-34.05439 22.35115,-34.0543 22.35114,-34.05424 22.35112,-34.0542 22.351,-34.0542 22.35094,-34.05421 22.35088,-34.05424 22.35083,-34.05433 22.35076,-34.05434 22.35068,-34.05425 22.35066,-34.05415 22.35058,-34.05412 22.35044,-34.05412 22.3504,-34.05425 22.35039,-34.05433 22.35033,-34.05436 22.35028,-34.05434 22.35025,-34.05426 22.35021,-34.05418 22.35016,-34.05409 22.35009,-34.05403 22.35004,-34.05402 22.34997,-34.05412 22.34995,-34.05421 22.34992,-34.05428 22.34982,-34.05433 22.34972,-34.05426 22.34969,-34.05418 22.34967,-34.05409 22.34964,-34.05407 22.34953,-34.05407 22.34942,-34.05419 22.34941,-34.05426 22.34939,-34.05433 22.3493,-34.05436 22.34921,-34.05428 22.34919,-34.05417 22.34916,-34.05413 22.3491,-34.05413 22.34903,-34.05414 22.34897,-34.0542 22.34902,-34.05427 22.34901,-34.05434 22.34897,-34.05439 22.34882,-34.05437 22.34874,-34.05436 22.3487,-34.05428 22.34865,-34.05423 22.34863,-34.05418 22.34855,-34.05415 22.34849,-34.05419 22.34846,-34.05425 22.34845,-34.05432 22.34841,-34.05438 22.34836,-34.05442 22.34827,-34.05438 22.34826,-34.05432 22.34826,-34.05421 22.34816,-34.05415 22.34808,-34.05415 22.34802,-34.0542 22.34798,-34.05426 22.34796,-34.05431 22.34792,-34.05434 22.34789,-34.05437 22.34781,-34.05433 22.34778,-34.05431 22.34777,-34.05424 22.34767,-34.05419 22.3476,-34.05418 22.34754,-34.05418 22.3475,-34.05425 22.34749,-34.05431 22.34745,-34.05434 22.34733,-34.05434 22.34725,-34.0543 22.34722,-34.05421 22.34721,-34.05413 22.34718,-34.05411 22.34708,-34.05411 22.34704,-34.05419 22.34699,-34.0543 22.34689,-34.05424 22.34686,-34.05421 22.3468,-34.05414 22.34677,-34.05411 22.34667,-34.05413 22.34665,-34.05425 22.34659,-34.05428 22.34653,-34.05428 22.34643,-34.05423 22.34642,-34.05417 22.34637,-34.05412 22.34629,-34.05418 22.34627,-34.05423 22.34623,-34.05437 22.34618,-34.05442 22.34606,-34.05442 22.34597,-34.05437 22.34591,-34.05431 22.34578,-34.05431 22.34569,-34.05434 22.34563,-34.05439 22.34561,-34.05449 22.34556,-34.05457 22.34556,-34.05464 22.34549,-34.0547 22.34541,-34.05468 22.34535,-34.05456 22.34529,-34.05445 22.34522,-34.05439 22.34511,-34.05439 22.34506,-34.05446 22.34504,-34.05454 22.34504,-34.05465 22.345,-34.05474 22.34488,-34.05476 22.34478,-34.05476 22.34473,-34.05474 22.34469,-34.05469 22.34464,-34.05464 22.34449,-34.05464 22.34447,-34.05471 22.34447,-34.05475 22.34441,-34.05476 22.34436,-34.05476 22.34431,-34.05475 22.34425,-34.05468 22.34424,-34.05463 22.34422,-34.05459 22.34417,-34.05455 22.34411,-34.05452 22.34405,-34.05451 22.34398,-34.0545 22.34392,-34.05451 22.34387,-34.05451 22.34382,-34.05448 22.3438,-34.05442 22.3438,-34.05425 22.34379,-34.05415 22.34376,-34.05411 22.34374,-34.05408 22.34357,-34.05408 22.3435,-34.05402 22.3435,-34.05395 22.34348,-34.0539 22.34346,-34.05393 22.34342,-34.05396 22.34337,-34.05397 22.34333,-34.05394 22.3433,-34.05384 22.34332,-34.0538 22.34339,-34.05375 22.34338,-34.05369 22.34327,-34.05367 22.34321,-34.05368 22.34318,-34.05372 22.34315,-34.05377 22.34313,-34.05381 22.34306,-34.05384 22.34296,-34.05382 22.34295,-34.0537 22.34283,-34.05367 22.34273,-34.05367 22.34269,-34.05369 22.34269,-34.05372 22.34263,-34.05381 22.34258,-34.05382 22.34252,-34.05382 22.34246,-34.05377 22.34239,-34.05368 22.34233,-34.05363 22.34225,-34.05363 22.34213,-34.05368 22.34208,-34.05371 22.34206,-34.05376 22.34206,-34.05381 22.34197,-34.05382 22.34187,-34.05382 22.34182,-34.05378 22.34181,-34.05375 22.3418,-34.0537 22.34174,-34.05369 22.34162,-34.05374 22.34158,-34.0538 22.34155,-34.05386 22.34151,-34.05393 22.34139,-34.05393 22.34131,-34.05386 22.34127,-34.05381 22.34126,-34.05375 22.34122,-34.05374 22.34113,-34.05375 22.34106,-34.05375 22.34106,-34.05397 22.341,-34.05401 22.3409,-34.05403 22.34082,-34.05403 22.34075,-34.05396 22.34072,-34.05389 22.34068,-34.05383 22.34059,-34.05381 22.34051,-34.05388 22.34051,-34.05397 22.34047,-34.05403 22.34038,-34.05405 22.34032,-34.05402 22.34027,-34.05396 22.34027,-34.05393 22.34017,-34.05387 22.34012,-34.05387 22.34004,-34.05389 22.34002,-34.05393 22.34001,-34.054 22.33997,-34.05402 22.3399,-34.05405 22.33979,-34.05401 22.33978,-34.05396 22.33977,-34.05392 22.33969,-34.05387 22.33959,-34.05384 22.33953,-34.05384 22.33948,-34.05389 22.33946,-34.05397 22.3393,-34.05397 22.33925,-34.05395 22.33925,-34.0538 22.33923,-34.05375 22.33919,-34.05371 22.33908,-34.0537 22.33896,-34.05367 22.33894,-34.0537 22.33891,-34.05375 22.3389,-34.05384 22.33884,-34.05384 22.3388,-34.05382 22.33874,-34.05376 22.33874,-34.05364 22.33868,-34.05352 22.33858,-34.05353 22.33855,-34.05359 22.33845,-34.05367 22.33839,-34.05365 22.33832,-34.05364 22.33828,-34.05356 22.33827,-34.05346 22.33824,-34.0534 22.33815,-34.05338 22.33809,-34.05338 22.33801,-34.05337 22.33797,-34.05332 22.33796,-34.05327 22.3379,-34.0532 22.33778,-34.05316 22.33764,-34.0532 22.33727,-34.0532 22.33591,-34.05314 22.33583,-34.05314 22.33566,-34.0531 22.33548,-34.05308 22.33528,-34.05303 22.33502,-34.05302 22.33491,-34.05302 22.33466,-34.05301 22.33439,-34.05297 22.33415,-34.05293 22.33392,-34.05289 22.33376,-34.05289 22.33358,-34.05279 22.33345,-34.05279 22.33323,-34.05274 22.33291,-34.05266 22.33273,-34.05265 22.33267,-34.05262 22.33256,-34.05254 22.33252,-34.0525 22.33247,-34.05246 22.33241,-34.05241 22.33218,-34.05241 22.33214,-34.05239 22.33208,-34.05235 22.33205,-34.05232 22.33202,-34.05228 22.33196,-34.05226 22.33189,-34.05225 22.33166,-34.05225 22.33159,-34.05227 22.33155,-34.05229 22.33148,-34.05234 22.3313,-34.05231 22.3313,-34.05219 22.33124,-34.05214 22.33111,-34.05213 22.33098,-34.05218 22.33088,-34.0522 22.33083,-34.05225 22.33075,-34.05223 22.33066,-34.05223 22.33056,-34.05222 22.3305,-34.05218 22.3305,-34.0521 22.33043,-34.0521 22.33025,-34.05213 22.33019,-34.05215 22.33006,-34.05215 22.33,-34.05212 22.32997,-34.05207 22.32987,-34.05207 22.32981,-34.05209 22.32978,-34.05213 22.3297,-34.05218 22.32964,-34.0522 22.32956,-34.05216 22.32949,-34.05214 22.32945,-34.05209 22.32938,-34.05209 22.3293,-34.05204 22.32927,-34.05198 22.3291,-34.05198 22.32907,-34.05202 22.32902,-34.05208 22.32901,-34.05214 22.32896,-34.05214 22.32886,-34.05213 22.32882,-34.05203 22.32882,-34.05197 22.32873,-34.05197 22.32864,-34.05201 22.3286,-34.05204 22.32858,-34.0521 22.32849,-34.05213 22.32847,-34.05207 22.32848,-34.05197 22.32833,-34.05192 22.32816,-34.05195 22.32814,-34.05198 22.32809,-34.052 22.32804,-34.052 22.32795,-34.05197 22.3279,-34.05195 22.32784,-34.0519 22.32779,-34.05188 22.32761,-34.05188 22.32756,-34.05191 22.32753,-34.05197 22.32753,-34.05203 22.32746,-34.05207 22.32737,-34.05206 22.32729,-34.05198 22.32727,-34.05194 22.32709,-34.05194 22.32702,-34.05195 22.32693,-34.05195 22.32685,-34.05202 22.32681,-34.05208 22.32673,-34.05216 22.32661,-34.05215 22.32655,-34.05208 22.32653,-34.05202 22.32638,-34.052 22.32628,-34.052 22.32623,-34.05201 22.32618,-34.05201 22.32617,-34.05208 22.32607,-34.05212 22.326,-34.0521 22.32594,-34.0521 22.32587,-34.05208 22.32584,-34.05206 22.3258,-34.052 22.32578,-34.05195 22.32575,-34.0519 22.32567,-34.05185 22.32562,-34.05183 22.32556,-34.05181 22.32549,-34.05179 22.3254,-34.05179 22.32529,-34.05176 22.3252,-34.05176 22.32505,-34.05177 22.32499,-34.05182 22.32492,-34.05185 22.3249,-34.05191 22.32486,-34.05194 22.3248,-34.05194 22.32472,-34.05189 22.32468,-34.05182 22.32462,-34.05175 22.32445,-34.05172 22.32425,-34.05172 22.32408,-34.05175 22.324,-34.05178 22.32397,-34.05184 22.32397,-34.05188 22.32393,-34.05191 22.32391,-34.05195 22.32385,-34.05196 22.32369,-34.05196 22.32366,-34.05191 22.32361,-34.05187 22.32345,-34.05187 22.32337,-34.05189 22.32335,-34.05192 22.32335,-34.05197 22.32329,-34.05201 22.32323,-34.05201 22.32315,-34.05202 22.32308,-34.05198 22.32307,-34.05194 22.32305,-34.05191 22.32299,-34.05189 22.32293,-34.05188 22.32287,-34.05188 22.32279,-34.05191 22.32275,-34.05195 22.32256,-34.05197 22.32251,-34.05194 22.32248,-34.05188 22.32248,-34.05184 22.32239,-34.05184 22.32234,-34.05181 22.32231,-34.05176 22.32224,-34.05173 22.32217,-34.05172 22.32207,-34.05171 22.32195,-34.05167 22.32188,-34.05164 22.32178,-34.0516 22.32164,-34.05157 22.32149,-34.05152 22.32127,-34.0515 22.32095,-34.05146 22.32058,-34.05146 22.32044,-34.05147 22.32022,-34.05148 22.31997,-34.05147 22.31983,-34.05147 22.31969,-34.05146 22.31942,-34.05148 22.31926,-34.0515 22.31917,-34.0515 22.31907,-34.05148 22.31894,-34.05146 22.31888,-34.05144 22.3188,-34.05142 22.31871,-34.0514 22.31858,-34.05138 22.31778,-34.05138 22.31756,-34.05136 22.31747,-34.05135 22.31727,-34.05132 22.31704,-34.05127 22.3164,-34.05127 22.31621,-34.05128 22.31568,-34.05128 22.31559,-34.05129 22.31547,-34.05133 22.31537,-34.05134 22.31532,-34.05139 22.31529,-34.05141 22.31525,-34.05144 22.31517,-34.05147 22.31499,-34.05147 22.31488,-34.05151 22.31464,-34.05156 22.31445,-34.05158 22.31422,-34.05157 22.31406,-34.05157 22.31393,-34.05154 22.31385,-34.05152 22.31376,-34.0515 22.3135,-34.05145 22.31338,-34.05141 22.31312,-34.05135 22.31296,-34.05133 22.31268,-34.05129 22.31248,-34.05127 22.31239,-34.05127 22.31218,-34.05126 22.31203,-34.05126 22.31162,-34.0512 22.31128,-34.05116 22.31026,-34.05116 22.31006,-34.05114 22.30944,-34.05114 22.30917,-34.0512 22.30905,-34.05121 22.30883,-34.05126 22.30841,-34.05123 22.30813,-34.05123 22.30793,-34.05121 22.3078,-34.0512 22.30773,-34.0512 22.30756,-34.05117 22.30748,-34.05117 22.30733,-34.05116 22.30715,-34.05113 22.30707,-34.05113 22.30683,-34.05111 22.3064,-34.05111 22.30606,-34.0511 22.30594,-34.0511 22.30577,-34.05111 22.30557,-34.05115 22.3054,-34.05116 22.30518,-34.05122 22.305,-34.05125 22.30473,-34.05122 22.30457,-34.05125 22.30439,-34.05123 22.30431,-34.05125 22.30399,-34.05123 22.30387,-34.05125 22.30378,-34.05126 22.30354,-34.05126 22.30341,-34.05127 22.30324,-34.05129 22.3031,-34.05128 22.30294,-34.05126 22.30213,-34.05126 22.30175,-34.05121 22.30156,-34.05121 22.30142,-34.0512 22.30108,-34.05122 22.30078,-34.05122 22.3007,-34.05121 22.30055,-34.05119 22.29815,-34.05119 22.29785,-34.0512 22.29734,-34.0512 22.29716,-34.05121 22.29689,-34.05121 22.29662,-34.05126 22.2965,-34.05126 22.29629,-34.05127 22.29616,-34.05127 22.29599,-34.05126 22.29587,-34.05125 22.29575,-34.05123 22.29554,-34.05125 22.29538,-34.05126 22.29525,-34.05127 22.2951,-34.05129 22.29472,-34.05129 22.29457,-34.05128 22.29443,-34.05128 22.29429,-34.05127 22.2935,-34.05127 22.29319,-34.05134 22.29304,-34.05134 22.29282,-34.0514 22.29248,-34.0514 22.29236,-34.05141 22.29205,-34.05141 22.2919,-34.05142 22.29172,-34.05146 22.29147,-34.05146 22.29128,-34.05145 22.29071,-34.05145 22.29053,-34.05151 22.2904,-34.05152 22.29028,-34.05156 22.29017,-34.05158 22.28998,-34.05159 22.28982,-34.05165 22.28972,-34.05166 22.28954,-34.05165 22.28937,-34.05164 22.28912,-34.05162 22.289,-34.05162 22.28881,-34.05164 22.28839,-34.05169 22.28808,-34.0517 22.28789,-34.05175 22.28755,-34.05179 22.28747,-34.05181 22.28741,-34.05183 22.28724,-34.05184 22.28699,-34.05184 22.2869,-34.05185 22.28664,-34.05185 22.28652,-34.05187 22.28645,-34.05188 22.28617,-34.05188 22.28591,-34.05185 22.28556,-34.05185 22.28537,-34.05184 22.28503,-34.05184 22.28479,-34.05183 22.28466,-34.05183 22.28448,-34.05184 22.28434,-34.05182 22.284,-34.0519 22.28311,-34.05196 22.28294,-34.05196 22.28257,-34.05198 22.28236,-34.05194 22.28223,-34.0519 22.28121,-34.0519 22.28111,-34.05191 22.28097,-34.05192 22.28089,-34.05194 22.28077,-34.05194 22.28066,-34.05197 22.28054,-34.05201 22.28041,-34.05203 22.28012,-34.05207 22.27972,-34.05212 22.27963,-34.05213 22.27953,-34.05214 22.27942,-34.05214 22.27923,-34.0522 22.27904,-34.0522 22.27885,-34.05221 22.27875,-34.05223 22.27863,-34.05225 22.27848,-34.05226 22.27826,-34.05231 22.27809,-34.05235 22.27727,-34.05235 22.27697,-34.05238 22.27685,-34.05239 22.27674,-34.05239 22.27653,-34.0524 22.27628,-34.05241 22.27617,-34.05243 22.27592,-34.05246 22.27533,-34.05246 22.27509,-34.05247 22.27502,-34.05249 22.27485,-34.05251 22.27471,-34.05251 22.27409,-34.05257 22.27392,-34.05258 22.27381,-34.05259 22.27365,-34.05262 22.27326,-34.05258 22.27283,-34.05258 22.27271,-34.05259 22.27249,-34.0526 22.2722,-34.05264 22.27202,-34.05265 22.27195,-34.05266 22.27176,-34.05268 22.27087,-34.05268 22.27077,-34.0527 22.27058,-34.05272 22.27037,-34.05277 22.2701,-34.05282 22.27003,-34.05283 22.26996,-34.05285 22.2699,-34.05287 22.26984,-34.0529 22.26972,-34.05293 22.26962,-34.05297 22.26952,-34.053 22.26933,-34.05301 22.26925,-34.05301 22.26909,-34.05302 22.26896,-34.05305 22.26885,-34.05306 22.26872,-34.05307 22.26865,-34.05308 22.2684,-34.05313 22.26828,-34.05314 22.26825,-34.05315 22.26786,-34.0532 22.26771,-34.05328 22.26752,-34.05334 22.2672,-34.05337 22.26708,-34.05343 22.26692,-34.05345 22.2668,-34.05347 22.26648,-34.05347 22.26636,-34.05349 22.26632,-34.05349 22.26609,-34.05351 22.26606,-34.05351 22.26588,-34.05352 22.26555,-34.05352 22.26539,-34.05355 22.26532,-34.05356 22.26521,-34.05357 22.26507,-34.05357 22.26503,-34.05358 22.26485,-34.05359 22.26453,-34.05357 22.26434,-34.05361 22.26415,-34.05363 22.26398,-34.05367 22.26361,-34.05371 22.26353,-34.05371 22.26342,-34.05372 22.26308,-34.05375 22.26299,-34.05377 22.26288,-34.0538 22.26279,-34.05381 22.26267,-34.05381 22.26257,-34.05382 22.26238,-34.05387 22.26225,-34.05389 22.26207,-34.05389 22.26195,-34.05393 22.26169,-34.05401 22.26133,-34.05409 22.26121,-34.05412 22.26116,-34.05414 22.26098,-34.05419 22.26092,-34.05421 22.26079,-34.05424 22.26067,-34.05427 22.26058,-34.05431 22.26046,-34.05433 22.26009,-34.0544 22.25993,-34.05442 22.25982,-34.05442 22.25974,-34.05443 22.25955,-34.05445 22.25931,-34.05445 22.25919,-34.05449 22.259,-34.05458 22.25872,-34.05463 22.25854,-34.05467 22.25842,-34.05468 22.25829,-34.0547 22.25817,-34.05471 22.25802,-34.05474 22.25791,-34.05474 22.25782,-34.05475 22.25766,-34.05476 22.25755,-34.05479 22.25734,-34.05483 22.25708,-34.05489 22.25682,-34.05489 22.25667,-34.0549 22.25627,-34.05493 22.25619,-34.05493 22.25608,-34.05494 22.25595,-34.05495 22.25588,-34.05496 22.25583,-34.05498 22.25571,-34.05501 22.25563,-34.05504 22.25555,-34.05506 22.25534,-34.05512 22.25509,-34.05513 22.25499,-34.05517 22.2549,-34.0552 22.25484,-34.05521 22.25469,-34.05524 22.25458,-34.05526 22.25425,-34.05525 22.25408,-34.05527 22.25397,-34.0553 22.25382,-34.05535 22.2536,-34.05541 22.25341,-34.05545 22.25322,-34.05546 22.25308,-34.05549 22.25291,-34.05557 22.25257,-34.05562 22.25241,-34.05566 22.25232,-34.05568 22.25208,-34.05569 22.252,-34.05572 22.25189,-34.05575 22.25174,-34.05576 22.25149,-34.05581 22.25136,-34.05585 22.25117,-34.05586 22.25067,-34.05589 22.25059,-34.05589 22.25044,-34.05593 22.2503,-34.05594 22.25025,-34.05595 22.25014,-34.05595 22.24994,-34.05599 22.24976,-34.05604 22.24965,-34.05605 22.2495,-34.05608 22.24934,-34.0561 22.24912,-34.05611 22.24894,-34.05611 22.24848,-34.05617 22.24806,-34.0562 22.24799,-34.0562 22.24788,-34.05625 22.24781,-34.05628 22.24773,-34.05629 22.24766,-34.0563 22.24751,-34.05633 22.24696,-34.05633 22.24675,-34.05635 22.24665,-34.05637 22.24659,-34.05637 22.24643,-34.05638 22.24617,-34.05642 22.24582,-34.05642 22.24577,-34.05645 22.24563,-34.05645 22.24546,-34.05649 22.24536,-34.05653 22.24522,-34.05656 22.24509,-34.0566 22.24502,-34.05661 22.24488,-34.05661 22.24451,-34.0566 22.24407,-34.05663 22.24399,-34.05666 22.2439,-34.05667 22.24378,-34.05668 22.24368,-34.0567 22.24362,-34.05672 22.2435,-34.05673 22.24339,-34.05674 22.24326,-34.05676 22.24317,-34.05681 22.24293,-34.05686 22.24287,-34.0569 22.24279,-34.05691 22.24267,-34.05693 22.24247,-34.05693 22.24238,-34.05695 22.24232,-34.05697 22.24213,-34.05699 22.24206,-34.057 22.24198,-34.057 22.24175,-34.05703 22.24157,-34.05703 22.24144,-34.057 22.24117,-34.057 22.241,-34.05701 22.24083,-34.05699 22.2408,-34.05698 22.24068,-34.05697 22.24053,-34.05693 22.24044,-34.05692 22.2404,-34.0569 22.24027,-34.0569 22.24015,-34.05687 22.23991,-34.05687 22.23984,-34.0569 22.23964,-34.0569 22.23959,-34.05691 22.23952,-34.05692 22.23941,-34.05699 22.23928,-34.05707 22.23918,-34.05718 22.23913,-34.05719 22.23906,-34.05725 22.239,-34.05729 22.23892,-34.05735 22.23876,-34.05737 22.23869,-34.0574 22.2386,-34.05741 22.2385,-34.05744 22.23835,-34.05746 22.23823,-34.05751 22.23818,-34.05753 22.23809,-34.05757 22.23794,-34.0576 22.2378,-34.05761 22.23768,-34.05763 22.23763,-34.05765 22.2375,-34.05769 22.23739,-34.05772 22.23735,-34.05773 22.2372,-34.05774 22.2368,-34.05774 22.23651,-34.05779 22.23639,-34.05779 22.23625,-34.05782 22.23612,-34.05788 22.23603,-34.0579 22.23589,-34.05793 22.23571,-34.05796 22.2354,-34.05798 22.23532,-34.05799 22.23525,-34.05803 22.23516,-34.05806 22.23506,-34.05809 22.23495,-34.05811 22.23483,-34.05812 22.23476,-34.05812 22.23471,-34.05815 22.23447,-34.05817 22.23443,-34.05819 22.23438,-34.05824 22.23429,-34.05827 22.23425,-34.0583 22.2341,-34.05835 22.23396,-34.05835 22.23383,-34.05836 22.23378,-34.0584 22.23366,-34.05843 22.23352,-34.05849 22.23339,-34.05849 22.23335,-34.0585 22.23325,-34.05853 22.23304,-34.05859 22.23294,-34.05864 22.23279,-34.05865 22.23273,-34.05866 22.23255,-34.05872 22.23242,-34.05875 22.23232,-34.05878 22.23213,-34.05881 22.23202,-34.05885 22.23186,-34.05885 22.23159,-34.05891 22.23153,-34.05895 22.23143,-34.05896 22.23136,-34.05897 22.23117,-34.05899 22.23103,-34.05902 22.23089,-34.05908 22.23074,-34.05912 22.23056,-34.05917 22.23029,-34.05918 22.22975,-34.05921 22.22958,-34.05927 22.22947,-34.05928 22.22929,-34.05931 22.22921,-34.05933 22.22907,-34.05942 22.2289,-34.05943 22.22874,-34.05946 22.22859,-34.05948 22.22838,-34.05952 22.22825,-34.05955 22.22806,-34.05958 22.22795,-34.0596 22.22786,-34.05962 22.22782,-34.05966 22.22754,-34.05971 22.22742,-34.05973 22.22719,-34.05982 22.22689,-34.05992 22.22681,-34.05996 22.22667,-34.05998 22.22657,-34.06002 22.22649,-34.06005 22.22639,-34.06008 22.22617,-34.06011 22.22611,-34.06012 22.22602,-34.06015 22.22595,-34.06017 22.2259,-34.06021 22.22583,-34.06023 22.22575,-34.06026 22.22564,-34.0603 22.22555,-34.06034 22.2255,-34.06036 22.22537,-34.06042 22.22517,-34.06049 22.22513,-34.06053 22.22502,-34.06058 22.2248,-34.06067 22.22459,-34.0607 22.22445,-34.06074 22.22437,-34.06077 22.22431,-34.0608 22.22416,-34.06088 22.22406,-34.06086 22.2237,-34.06086 22.22358,-34.06089 22.22334,-34.061 22.22327,-34.06102 22.22309,-34.06105 22.22303,-34.06108 22.22295,-34.0611 22.22286,-34.06114 22.22277,-34.06116 22.22265,-34.06121 22.2226,-34.06123 22.22252,-34.06125 22.22242,-34.06128 22.22233,-34.06129 22.22226,-34.0613 22.22214,-34.06133 22.22204,-34.06136 22.22195,-34.06139 22.22185,-34.06141 22.22172,-34.06142 22.22163,-34.06147 22.22153,-34.0615 22.22145,-34.06152 22.22127,-34.06157 22.22111,-34.06165 22.22076,-34.06172 22.22064,-34.06173 22.22034,-34.06177 22.2202,-34.06178 22.21992,-34.06184 22.21984,-34.06187 22.21969,-34.06194 22.21958,-34.06198 22.21943,-34.06203 22.21934,-34.06207 22.21915,-34.06209 22.21899,-34.06216 22.21887,-34.06219 22.21865,-34.06222 22.21859,-34.06222 22.2185,-34.06223 22.21847,-34.06223 22.21842,-34.06225 22.21834,-34.06225 22.21829,-34.06227 22.21828,-34.06233 22.21825,-34.06238 22.2182,-34.0624 22.21804,-34.0624 22.21795,-34.06235 22.21795,-34.06223 22.21797,-34.06217 22.21788,-34.06215 22.21781,-34.06215 22.21775,-34.06221 22.21773,-34.06228 22.21766,-34.06231 22.21743,-34.06238 22.21737,-34.06233 22.21729,-34.06227 22.21723,-34.06226 22.21716,-34.06228 22.21716,-34.06239 22.21717,-34.06244 22.2172,-34.06247 22.2172,-34.06253 22.21719,-34.06258 22.21713,-34.06263 22.21699,-34.06263 22.21695,-34.06262 22.21694,-34.06253 22.21693,-34.06246 22.21691,-34.06244 22.21683,-34.06245 22.21676,-34.06245 22.21671,-34.0625 22.21671,-34.06269 22.21669,-34.06272 22.21664,-34.06275 22.21655,-34.06279 22.2165,-34.06284 22.21638,-34.06284 22.21631,-34.06279 22.21627,-34.06276 22.21625,-34.06272 22.21623,-34.06269 22.21618,-34.0627 22.21613,-34.06276 22.21611,-34.06283 22.21611,-34.06291 22.21602,-34.06301 22.21594,-34.06302 22.21586,-34.06302 22.21584,-34.06299 22.21582,-34.06295 22.21582,-34.06289 22.21577,-34.06287 22.21571,-34.06289 22.21568,-34.06301 22.21567,-34.06307 22.21561,-34.0631 22.21546,-34.06314 22.21538,-34.06318 22.21531,-34.06316 22.21525,-34.06309 22.21521,-34.06302 22.21515,-34.06305 22.21512,-34.06313 22.21508,-34.06322 22.21505,-34.0633 22.21492,-34.06332 22.21484,-34.06328 22.21483,-34.0632 22.21483,-34.06316 22.2148,-34.06312 22.21471,-34.06312 22.21464,-34.06313 22.21461,-34.06318 22.21463,-34.06333 22.21459,-34.06343 22.2144,-34.0635 22.21431,-34.06352 22.21422,-34.06347 22.21421,-34.06337 22.21415,-34.06333 22.21402,-34.06338 22.21402,-34.06356 22.214,-34.06362 22.21391,-34.06365 22.21384,-34.0637 22.21376,-34.06368 22.21375,-34.06363 22.21372,-34.06356 22.21365,-34.06351 22.2136,-34.0635 22.2135,-34.0635 22.21348,-34.06357 22.2135,-34.06365 22.21348,-34.06371 22.21346,-34.06376 22.21335,-34.0638 22.21322,-34.06381 22.21317,-34.06381 22.21315,-34.06378 22.21313,-34.06374 22.21304,-34.06372 22.21295,-34.06374 22.21291,-34.06383 22.21291,-34.06388 22.2129,-34.06395 22.21288,-34.064 22.21283,-34.06403 22.21279,-34.06405 22.21269,-34.06405 22.21265,-34.06402 22.21264,-34.06395 22.21261,-34.06388 22.21251,-34.06387 22.21242,-34.0639 22.21239,-34.06396 22.21241,-34.06409 22.21238,-34.06412 22.21229,-34.06414 22.21223,-34.06419 22.21213,-34.06424 22.21205,-34.06424 22.21199,-34.06423 22.21198,-34.06419 22.21196,-34.06413 22.21191,-34.06409 22.21184,-34.06409 22.21178,-34.06411 22.21176,-34.06417 22.21176,-34.06423 22.21179,-34.06431 22.21178,-34.06434 22.21171,-34.06437 22.21159,-34.06437 22.21157,-34.06431 22.21153,-34.06424 22.21146,-34.06424 22.21139,-34.06425 22.2114,-34.06437 22.21142,-34.06442 22.21143,-34.06448 22.2114,-34.06451 22.21133,-34.06452 22.21126,-34.06452 22.2111,-34.06459 22.21101,-34.06456 22.21096,-34.0645 22.21095,-34.06444 22.21089,-34.06442 22.21083,-34.06445 22.2108,-34.0645 22.21079,-34.06455 22.21079,-34.06461 22.21078,-34.06469 22.2107,-34.06473 22.21065,-34.06473 22.21062,-34.06468 22.21056,-34.06459 22.21054,-34.06453 22.21052,-34.0645 22.21043,-34.0645 22.21035,-34.06449 22.21025,-34.06452 22.21024,-34.06456 22.21024,-34.06468 22.21021,-34.06476 22.21015,-34.06486 22.21008,-34.0649 22.20994,-34.06492 22.20991,-34.06486 22.20986,-34.0648 22.20974,-34.06479 22.20965,-34.06481 22.20964,-34.06484 22.20964,-34.065 22.2096,-34.06506 22.2095,-34.06507 22.20941,-34.06506 22.20935,-34.06505 22.20931,-34.065 22.20931,-34.06484 22.20922,-34.06481 22.20911,-34.06482 22.20906,-34.06488 22.20906,-34.06498 22.20899,-34.06506 22.20892,-34.06513 22.2088,-34.06521 22.20871,-34.06521 22.20866,-34.0652 22.20863,-34.06517 22.20856,-34.06513 22.20848,-34.06517 22.20838,-34.0652 22.20837,-34.06526 22.20835,-34.06539 22.20829,-34.06543 22.20824,-34.06544 22.20818,-34.06544 22.20816,-34.06536 22.20815,-34.06527 22.20809,-34.0652 22.20798,-34.0652 22.20794,-34.06526 22.20794,-34.06532 22.20788,-34.0654 22.2078,-34.0654 22.20773,-34.06546 22.20772,-34.06566 22.20772,-34.06576 22.20764,-34.0658 22.20756,-34.06579 22.20751,-34.06575 22.20749,-34.06567 22.20748,-34.06557 22.20745,-34.06555 22.20736,-34.06556 22.2073,-34.06558 22.20729,-34.06564 22.20729,-34.06573 22.20711,-34.0658 22.20693,-34.0658 22.20686,-34.06575 22.20682,-34.06569 22.20674,-34.06569 22.20668,-34.06571 22.20664,-34.06575 22.20664,-34.06589 22.20662,-34.06595 22.20657,-34.06598 22.20644,-34.06598 22.20641,-34.06594 22.20639,-34.06592 22.20638,-34.06586 22.20633,-34.06581 22.20624,-34.06582 22.2062,-34.06589 22.2062,-34.06601 22.20618,-34.06608 22.20608,-34.06608 22.206,-34.06605 22.20594,-34.06598 22.20587,-34.06592 22.20568,-34.06599 22.20567,-34.06605 22.20567,-34.06622 22.20565,-34.06628 22.20556,-34.0663 22.2055,-34.0663 22.20545,-34.06627 22.20542,-34.06623 22.20536,-34.06619 22.20528,-34.06622 22.20521,-34.06623 22.20518,-34.06628 22.20517,-34.06641 22.20515,-34.06649 22.20512,-34.0665 22.20502,-34.06651 22.20494,-34.06651 22.20488,-34.06648 22.20472,-34.06645 22.20465,-34.06647 22.20462,-34.06651 22.20462,-34.06657 22.20457,-34.06663 22.20449,-34.06667 22.20441,-34.06668 22.20434,-34.06666 22.2043,-34.0666 22.20424,-34.06653 22.20416,-34.06653 22.20412,-34.0666 22.20412,-34.06667 22.20409,-34.06679 22.20405,-34.06681 22.20394,-34.06684 22.20384,-34.06679 22.20381,-34.06674 22.20379,-34.06668 22.20377,-34.06661 22.20369,-34.06658 22.20363,-34.0666 22.20357,-34.06666 22.20354,-34.06672 22.20353,-34.0668 22.2035,-34.06688 22.20343,-34.06694 22.20335,-34.06699 22.20327,-34.06699 22.20323,-34.06694 22.2032,-34.06689 22.20318,-34.06679 22.20315,-34.06675 22.20308,-34.06678 22.20304,-34.06687 22.20304,-34.06705 22.20298,-34.0671 22.20289,-34.06706 22.20284,-34.06701 22.20277,-34.06695 22.20267,-34.067 22.20266,-34.06711 22.20266,-34.0672 22.2026,-34.06729 22.20252,-34.0673 22.20245,-34.06729 22.20238,-34.06725 22.20232,-34.06722 22.20221,-34.06723 22.20217,-34.06728 22.20217,-34.06735 22.20215,-34.06747 22.20221,-34.06747 22.20216,-34.06751 22.20204,-34.06753 22.20196,-34.06753 22.20188,-34.0675 22.20186,-34.06743 22.20178,-34.06742 22.20167,-34.06745 22.20161,-34.06755 22.20151,-34.06762 22.20145,-34.06768 22.20135,-34.06769 22.20129,-34.06767 22.20128,-34.06762 22.20121,-34.0676 22.20108,-34.06761 22.20106,-34.06764 22.20101,-34.06773 22.20101,-34.06778 22.20096,-34.06781 22.20087,-34.06779 22.2008,-34.06774 22.20076,-34.06768 22.20068,-34.06766 22.20066,-34.06774 22.20066,-34.06781 22.20065,-34.06792 22.20051,-34.06796 22.20043,-34.06797 22.20031,-34.06794 22.20025,-34.06787 22.20021,-34.06775 22.20016,-34.06776 22.20011,-34.06782 22.20011,-34.06792 22.2001,-34.06802 22.20006,-34.06806 22.19998,-34.06805 22.19995,-34.068 22.19991,-34.06792 22.19979,-34.06798 22.19978,-34.0681 22.19978,-34.06821 22.19975,-34.06829 22.19961,-34.06835 22.19952,-34.06837 22.19937,-34.06836 22.19934,-34.06831 22.19933,-34.06827 22.19924,-34.06825 22.19915,-34.0683 22.19915,-34.06853 22.19899,-34.06861 22.19891,-34.06859 22.19887,-34.06854 22.19884,-34.06847 22.19878,-34.06843 22.19871,-34.06846 22.19861,-34.06849 22.19855,-34.06856 22.19854,-34.06866 22.19851,-34.06874 22.19844,-34.06875 22.19837,-34.06873 22.19832,-34.06866 22.19832,-34.06856 22.19822,-34.06853 22.19812,-34.06856 22.19811,-34.06867 22.19811,-34.06879 22.19809,-34.06889 22.19804,-34.06892 22.19794,-34.06894 22.19791,-34.0689 22.19787,-34.06885 22.19782,-34.06879 22.19769,-34.06879 22.19763,-34.06885 22.1976,-34.06891 22.1976,-34.06897 22.19759,-34.06906 22.19756,-34.06912 22.19751,-34.06915 22.19748,-34.06916 22.19744,-34.06916 22.19739,-34.06911 22.19737,-34.06905 22.19733,-34.06902 22.19728,-34.06902 22.19725,-34.06906 22.19725,-34.06916 22.19723,-34.06921 22.19712,-34.06928 22.19711,-34.06931 22.19707,-34.0694 22.197,-34.0694 22.19692,-34.06935 22.19689,-34.06929 22.19686,-34.06922 22.1968,-34.06922 22.19673,-34.06925 22.19674,-34.06942 22.19673,-34.06948 22.19663,-34.06952 22.19658,-34.06953 22.1965,-34.06954 22.19642,-34.06954 22.19639,-34.06952 22.19638,-34.06942 22.19635,-34.06941 22.19629,-34.06942 22.19619,-34.06946 22.19612,-34.06948 22.19606,-34.06951 22.19602,-34.06959 22.19601,-34.06965 22.19599,-34.06972 22.19595,-34.06972 22.1959,-34.0697 22.19588,-34.06964 22.19581,-34.0696 22.1957,-34.06961 22.19564,-34.06967 22.19564,-34.06989 22.19561,-34.06993 22.19554,-34.06996 22.19544,-34.06996 22.19538,-34.06992 22.1953,-34.0699 22.1952,-34.06992 22.19513,-34.06996 22.19511,-34.06999 22.19507,-34.07007 22.195,-34.0701 22.19492,-34.07014 22.19487,-34.07016 22.19477,-34.07016 22.19474,-34.07012 22.19469,-34.07005 22.19465,-34.07003 22.19457,-34.07009 22.19455,-34.07017 22.19455,-34.07029 22.19451,-34.07035 22.19445,-34.07039 22.1943,-34.07041 22.19426,-34.07038 22.19424,-34.07032 22.1942,-34.07026 22.1941,-34.07023 22.19406,-34.07026 22.19405,-34.07032 22.19402,-34.07045 22.19387,-34.07055 22.19381,-34.07058 22.19375,-34.07058 22.19372,-34.07053 22.19364,-34.07048 22.19356,-34.07049 22.19353,-34.07054 22.19353,-34.07078 22.1934,-34.07082 22.19334,-34.07082 22.19327,-34.07078 22.19325,-34.07072 22.19325,-34.07064 22.19316,-34.07059 22.19306,-34.07063 22.19307,-34.07073 22.19301,-34.07082 22.19296,-34.07083 22.19289,-34.07079 22.19287,-34.07073 22.19278,-34.07071 22.1927,-34.07074 22.19265,-34.07084 22.1926,-34.07088 22.19247,-34.07088 22.19241,-34.07089 22.1924,-34.07099 22.19239,-34.07105 22.19232,-34.07115 22.19223,-34.07115 22.1922,-34.0711 22.19215,-34.07098 22.1921,-34.07098 22.19205,-34.07104 22.19205,-34.07114 22.19204,-34.07126 22.19204,-34.0713 22.19197,-34.07138 22.19178,-34.07138 22.19172,-34.07133 22.1917,-34.07126 22.1917,-34.07121 22.1916,-34.07122 22.19152,-34.07125 22.19149,-34.07134 22.19151,-34.07142 22.19149,-34.0715 22.19133,-34.07156 22.19126,-34.07152 22.19124,-34.07138 22.19123,-34.07129 22.19114,-34.07126 22.19105,-34.07127 22.19103,-34.07135 22.19097,-34.0714 22.19091,-34.07141 22.19089,-34.07146 22.19089,-34.0716 22.1909,-34.07166 22.19087,-34.07176 22.19072,-34.07179 22.19064,-34.07178 22.19062,-34.07166 22.1906,-34.07159 22.19048,-34.07152 22.19041,-34.07153 22.1904,-34.07161 22.19041,-34.07171 22.1904,-34.07178 22.19034,-34.07183 22.19024,-34.07184 22.19018,-34.07179 22.19015,-34.07175 22.19005,-34.07171 22.18999,-34.07175 22.18996,-34.07181 22.18996,-34.07192 22.18991,-34.072 22.18983,-34.07204 22.18978,-34.07207 22.18975,-34.0721 22.18966,-34.07216 22.18959,-34.07219 22.18955,-34.07216 22.18953,-34.07207 22.18952,-34.07202 22.18946,-34.07197 22.18942,-34.07197 22.18935,-34.07202 22.18934,-34.07207 22.18934,-34.07213 22.18933,-34.07221 22.18923,-34.07222 22.18919,-34.07221 22.18915,-34.07216 22.18911,-34.07213 22.18906,-34.07207 22.18902,-34.07207 22.18899,-34.07213 22.18899,-34.0722 22.18896,-34.07232 22.18893,-34.07232 22.18888,-34.07238 22.1888,-34.0724 22.18862,-34.07237 22.18853,-34.07237 22.18847,-34.0724 22.18847,-34.07258 22.18842,-34.07266 22.18837,-34.07273 22.18835,-34.07277 22.18826,-34.07278 22.18818,-34.0727 22.18818,-34.07247 22.18813,-34.07239 22.18803,-34.07243 22.18795,-34.07251 22.18793,-34.07257 22.1879,-34.07263 22.18782,-34.07265 22.18781,-34.07273 22.18781,-34.07281 22.18784,-34.07288 22.18782,-34.07295 22.18781,-34.07303 22.18764,-34.07297 22.18763,-34.07289 22.18762,-34.07282 22.18751,-34.07282 22.18743,-34.07288 22.18742,-34.07299 22.18742,-34.07306 22.18737,-34.07313 22.18712,-34.07328 22.18703,-34.0733 22.18699,-34.07328 22.18698,-34.07324 22.18692,-34.07318 22.18686,-34.0732 22.18685,-34.07331 22.18683,-34.07339 22.18679,-34.07341 22.18672,-34.0734 22.18669,-34.07338 22.18657,-34.07333 22.18637,-34.07333 22.18627,-34.07349 22.18627,-34.07356 22.18626,-34.07364 22.18621,-34.07371 22.18612,-34.07376 22.18599,-34.07376 22.1859,-34.07371 22.18589,-34.07365 22.18583,-34.07361 22.18575,-34.07359 22.18569,-34.07364 22.18563,-34.07366 22.18562,-34.07386 22.18554,-34.07391 22.1854,-34.07391 22.18532,-34.07384 22.18529,-34.07377 22.18517,-34.07378 22.18507,-34.07378 22.18502,-34.07386 22.18501,-34.07395 22.18495,-34.07402 22.18486,-34.07407 22.18475,-34.07406 22.1847,-34.07399 22.18468,-34.07389 22.18463,-34.07389 22.18453,-34.07391 22.18456,-34.07407 22.18457,-34.07411 22.18456,-34.07418 22.18445,-34.07421 22.18439,-34.07426 22.18432,-34.07427 22.18428,-34.0742 22.18428,-34.07412 22.18416,-34.07409 22.18407,-34.07415 22.18402,-34.07417 22.184,-34.0742 22.18402,-34.07425 22.18407,-34.0743 22.18407,-34.07438 22.18405,-34.07445 22.18401,-34.07448 22.18397,-34.07453 22.18385,-34.07453 22.18382,-34.0744 22.18381,-34.07434 22.18375,-34.07431 22.1837,-34.07437 22.18365,-34.07444 22.18362,-34.07458 22.18358,-34.07463 22.18353,-34.0747 22.18346,-34.0747 22.1834,-34.07462 22.18338,-34.07453 22.18334,-34.07445 22.18322,-34.07453 22.18319,-34.07461 22.18319,-34.0748 22.18318,-34.07484 22.18306,-34.07488 22.18291,-34.07487 22.18285,-34.07481 22.18284,-34.0747 22.18275,-34.0747 22.18269,-34.07479 22.18267,-34.07487 22.18256,-34.075 22.18252,-34.07505 22.18238,-34.07504 22.18233,-34.07499 22.18226,-34.07495 22.18216,-34.075 22.18215,-34.07509 22.18215,-34.07521 22.1821,-34.07529 22.18198,-34.07529 22.18197,-34.07521 22.1819,-34.07514 22.1818,-34.07515 22.18176,-34.07525 22.18175,-34.07536 22.18173,-34.0754 22.18163,-34.07545 22.18154,-34.07546 22.18149,-34.07546 22.18144,-34.07544 22.18141,-34.07537 22.18129,-34.07537 22.18127,-34.07543 22.18127,-34.07551 22.18126,-34.07556 22.1812,-34.0756 22.18113,-34.07557 22.18111,-34.07548 22.18102,-34.07544 22.18093,-34.07546 22.18093,-34.0757 22.18086,-34.07577 22.18076,-34.07573 22.1807,-34.07568 22.18059,-34.07569 22.18048,-34.07569 22.18043,-34.07575 22.18042,-34.07586 22.18039,-34.07589 22.18033,-34.07594 22.18027,-34.07595 22.18022,-34.07594 22.18017,-34.07589 22.18017,-34.07585 22.18008,-34.07582 22.17998,-34.07586 22.17995,-34.07591 22.17993,-34.07598 22.17992,-34.07606 22.17991,-34.07612 22.17989,-34.07617 22.17978,-34.0762 22.17966,-34.0762 22.17959,-34.07617 22.17955,-34.0761 22.1795,-34.07604 22.17949,-34.07594 22.17944,-34.07593 22.17937,-34.076 22.17936,-34.07608 22.17936,-34.07613 22.17935,-34.07619 22.17933,-34.07624 22.17928,-34.07629 22.17921,-34.07631 22.17916,-34.0763 22.17914,-34.07627 22.17914,-34.07624 22.17905,-34.07625 22.17899,-34.0763 22.17899,-34.07637 22.17896,-34.07653 22.17886,-34.07657 22.17877,-34.07653 22.17875,-34.07645 22.17873,-34.07638 22.1786,-34.07638 22.17855,-34.07648 22.17854,-34.07655 22.17852,-34.07667 22.17848,-34.07675 22.1784,-34.07678 22.17831,-34.07684 22.17824,-34.07685 22.1782,-34.07683 22.17815,-34.07674 22.17813,-34.07668 22.178,-34.07664 22.17794,-34.07667 22.1779,-34.07673 22.17787,-34.07684 22.1778,-34.07692 22.1777,-34.07691 22.17762,-34.07684 22.1776,-34.07678 22.17748,-34.07679 22.17747,-34.07691 22.17747,-34.07694 22.17745,-34.07703 22.17741,-34.07705 22.17737,-34.0771 22.17731,-34.07713 22.17722,-34.07714 22.17716,-34.07713 22.1771,-34.0771 22.17701,-34.07704 22.17698,-34.07704 22.17693,-34.07706 22.17698,-34.07723 22.17692,-34.07729 22.17686,-34.07734 22.17679,-34.07735 22.1767,-34.0773 22.17668,-34.07726 22.17663,-34.07724 22.17654,-34.07724 22.1765,-34.07734 22.17649,-34.07741 22.17648,-34.07745 22.17644,-34.07749 22.17638,-34.07751 22.17633,-34.07754 22.17625,-34.07754 22.1762,-34.0775 22.17612,-34.07745 22.17608,-34.07751 22.17608,-34.07759 22.17607,-34.07769 22.17594,-34.07775 22.17583,-34.07776 22.17573,-34.07773 22.17569,-34.07766 22.17562,-34.07766 22.17554,-34.07767 22.17552,-34.07772 22.17554,-34.07782 22.17551,-34.07792 22.17546,-34.07794 22.1754,-34.07797 22.17529,-34.07796 22.17527,-34.0779 22.17514,-34.07781 22.17508,-34.0778 22.17502,-34.07781 22.17501,-34.07791 22.17501,-34.07809 22.17487,-34.07811 22.17477,-34.0781 22.17473,-34.07804 22.17467,-34.07796 22.17456,-34.07794 22.17451,-34.07804 22.17452,-34.07811 22.17455,-34.07817 22.17453,-34.07825 22.17445,-34.07829 22.17434,-34.07829 22.17431,-34.07825 22.17426,-34.07817 22.17421,-34.07817 22.1742,-34.07828 22.17416,-34.07832 22.17409,-34.07838 22.17402,-34.07843 22.17399,-34.07848 22.17396,-34.07854 22.17382,-34.07866 22.17376,-34.07866 22.17369,-34.07865 22.17366,-34.07855 22.17365,-34.07848 22.17362,-34.07844 22.17344,-34.07846 22.17343,-34.07852 22.17343,-34.07865 22.17341,-34.07869 22.17341,-34.07873 22.17335,-34.07875 22.17328,-34.07874 22.17325,-34.07869 22.17322,-34.07865 22.17319,-34.07863 22.17312,-34.07865 22.17307,-34.07871 22.17307,-34.0788 22.17301,-34.07894 22.17295,-34.07899 22.17282,-34.07899 22.17277,-34.07892 22.17277,-34.07885 22.17275,-34.07881 22.17269,-34.07881 22.1726,-34.07883 22.17256,-34.0789 22.17248,-34.07894 22.17245,-34.07903 22.17241,-34.07912 22.17233,-34.07918 22.17223,-34.07925 22.17217,-34.07927 22.17214,-34.07919 22.17214,-34.07912 22.17213,-34.07906 22.17211,-34.07903 22.17195,-34.07903 22.1719,-34.07908 22.17189,-34.07915 22.1719,-34.07923 22.17191,-34.0793 22.17191,-34.07934 22.17184,-34.0794 22.17178,-34.07942 22.17172,-34.07943 22.17169,-34.07939 22.17167,-34.07933 22.17164,-34.0793 22.17157,-34.07929 22.17151,-34.07929 22.17147,-34.07935 22.17148,-34.07948 22.17151,-34.07959 22.17151,-34.07965 22.1715,-34.07973 22.17145,-34.07977 22.17133,-34.07974 22.17121,-34.07972 22.17114,-34.0797 22.17108,-34.07961 22.17091,-34.07966 22.17084,-34.07971 22.17084,-34.07981 22.17088,-34.07986 22.17085,-34.07999 22.17071,-34.08002 22.17065,-34.07996 22.17061,-34.07986 22.17058,-34.07978 22.17046,-34.07973 22.1704,-34.07976 22.17037,-34.07984 22.1704,-34.07992 22.17036,-34.08001 22.1703,-34.08004 22.17021,-34.08005 22.17011,-34.08005 22.17006,-34.08004 22.17003,-34.08001 22.16999,-34.07995 22.1699,-34.08001 22.16992,-34.08011 22.16984,-34.08018 22.16974,-34.08028 22.16965,-34.08033 22.1696,-34.0802 22.16959,-34.08015 22.16952,-34.08012 22.16946,-34.0802 22.16945,-34.0803 22.16942,-34.08037 22.16933,-34.08046 22.16924,-34.08047 22.16918,-34.08047 22.16914,-34.08043 22.1691,-34.08033 22.16903,-34.0803 22.16896,-34.0803 22.16891,-34.08034 22.1689,-34.08043 22.16894,-34.08052 22.169,-34.08059 22.16896,-34.08067 22.1689,-34.08071 22.16881,-34.08073 22.16875,-34.08077 22.16868,-34.08073 22.16863,-34.08064 22.16861,-34.08057 22.16849,-34.08055 22.16846,-34.08061 22.16846,-34.08071 22.16844,-34.08079 22.16842,-34.08088 22.16836,-34.08096 22.16832,-34.08099 22.16827,-34.08102 22.16818,-34.08103 22.16815,-34.08096 22.16813,-34.08084 22.16811,-34.08077 22.16799,-34.08077 22.16792,-34.08082 22.1679,-34.08088 22.1679,-34.08103 22.16788,-34.0811 22.16787,-34.08114 22.16784,-34.08116 22.16781,-34.08117 22.16775,-34.0812 22.1677,-34.0812 22.16762,-34.08119 22.16759,-34.08117 22.16755,-34.08114 22.16755,-34.08102 22.16749,-34.08102 22.16745,-34.08107 22.1674,-34.08109 22.16737,-34.08116 22.16736,-34.08122 22.16729,-34.0813 22.16723,-34.08134 22.16716,-34.08139 22.16705,-34.08142 22.16699,-34.08147 22.16689,-34.08151 22.16667,-34.08157 22.16663,-34.08157 22.16661,-34.08152 22.1666,-34.08146 22.16653,-34.08139 22.16642,-34.08138 22.16636,-34.08145 22.16636,-34.08158 22.16632,-34.08165 22.16622,-34.08169 22.16613,-34.08165 22.16608,-34.08161 22.16598,-34.0816 22.16592,-34.08163 22.16586,-34.08173 22.16588,-34.08179 22.1659,-34.08186 22.16589,-34.08194 22.16579,-34.08196 22.16573,-34.08198 22.16561,-34.08196 22.1656,-34.08189 22.16554,-34.08181 22.16546,-34.08178 22.1654,-34.08182 22.1654,-34.08191 22.16537,-34.08198 22.1653,-34.08204 22.16524,-34.08206 22.16522,-34.08213 22.16522,-34.08219 22.16518,-34.08227 22.16512,-34.08234 22.16496,-34.08233 22.1649,-34.08226 22.1649,-34.08217 22.16485,-34.08208 22.16477,-34.0821 22.1647,-34.08222 22.1647,-34.08229 22.16472,-34.08245 22.16465,-34.0825 22.16458,-34.08252 22.16443,-34.08252 22.1644,-34.08253 22.16436,-34.08258 22.16435,-34.08263 22.16424,-34.08268 22.16414,-34.08269 22.16406,-34.0826 22.16406,-34.08251 22.16403,-34.08247 22.1639,-34.08247 22.16385,-34.08251 22.16386,-34.08262 22.16389,-34.08268 22.1639,-34.08276 22.16385,-34.08283 22.16378,-34.08289 22.16368,-34.08291 22.1636,-34.08289 22.16354,-34.08283 22.1635,-34.08277 22.1634,-34.08276 22.16337,-34.08283 22.16338,-34.08296 22.16323,-34.08304 22.16317,-34.08307 22.1631,-34.08308 22.16303,-34.08308 22.16298,-34.08303 22.16297,-34.08295 22.16292,-34.08291 22.16284,-34.08291 22.16275,-34.08293 22.16274,-34.08297 22.16275,-34.08306 22.16278,-34.08319 22.16275,-34.08324 22.16273,-34.08327 22.16267,-34.08327 22.16262,-34.08325 22.16261,-34.08321 22.1626,-34.08318 22.16257,-34.08316 22.16251,-34.08315 22.16248,-34.08315 22.16241,-34.08318 22.16238,-34.08325 22.16238,-34.0834 22.16236,-34.08344 22.16232,-34.08349 22.16224,-34.08347 22.1622,-34.08341 22.16212,-34.08333 22.16209,-34.08327 22.16205,-34.08322 22.16194,-34.08321 22.16189,-34.08327 22.16189,-34.08337 22.16192,-34.08344 22.16197,-34.08351 22.16197,-34.08357 22.16189,-34.08365 22.1618,-34.08365 22.16176,-34.08364 22.16174,-34.08359 22.16172,-34.08355 22.16167,-34.08353 22.1616,-34.0836 22.1616,-34.08371 22.16156,-34.08375 22.16148,-34.08376 22.16143,-34.0838 22.16138,-34.08381 22.16131,-34.0838 22.16125,-34.08374 22.16123,-34.0837 22.16114,-34.08369 22.16107,-34.08371 22.16106,-34.08382 22.16107,-34.08391 22.16107,-34.08399 22.16099,-34.08403 22.16085,-34.08403 22.16082,-34.08399 22.16079,-34.08391 22.1607,-34.08389 22.16064,-34.08394 22.16063,-34.08401 22.16062,-34.08407 22.16061,-34.08411 22.16057,-34.08415 22.16051,-34.08418 22.16045,-34.0842 22.1604,-34.0842 22.16036,-34.08415 22.16036,-34.08409 22.16027,-34.08408 22.1602,-34.08408 22.16015,-34.08409 22.16012,-34.08412 22.16011,-34.08417 22.16009,-34.0842 22.16008,-34.08427 22.16007,-34.08432 22.16004,-34.08434 22.15987,-34.08434 22.15978,-34.08426 22.15974,-34.08417 22.15967,-34.08413 22.15953,-34.08414 22.15949,-34.08418 22.15942,-34.08424 22.15937,-34.08428 22.15931,-34.08434 22.15921,-34.08439 22.15907,-34.08451 22.15894,-34.08463 22.15888,-34.08467 22.15871,-34.08475 22.15859,-34.08482 22.15843,-34.08498 22.15826,-34.08508 22.15821,-34.08509 22.15803,-34.08525 22.15769,-34.08546 22.15762,-34.08551 22.15748,-34.08556 22.15741,-34.08561 22.15721,-34.08575 22.15712,-34.08581 22.15698,-34.08596 22.15688,-34.08601 22.15667,-34.0861 22.15659,-34.08614 22.15646,-34.08623 22.1564,-34.08627 22.15621,-34.08644 22.15611,-34.08648 22.15598,-34.08656 22.15591,-34.08662 22.15583,-34.08667 22.15539,-34.08694 22.15529,-34.08706 22.15499,-34.0873 22.15495,-34.08732 22.15487,-34.0874 22.15476,-34.08745 22.1547,-34.0875 22.1545,-34.08765 22.15437,-34.08769 22.15428,-34.08773 22.15417,-34.08778 22.15393,-34.08797 22.15384,-34.08801 22.15374,-34.08811 22.15357,-34.08817 22.15346,-34.08825 22.1533,-34.08842 22.15316,-34.08855 22.15307,-34.08861 22.15291,-34.08869 22.15285,-34.08873 22.15275,-34.08884 22.15264,-34.08891 22.15245,-34.08903 22.15219,-34.08925 22.15204,-34.08935 22.15195,-34.08942 22.15184,-34.0895 22.15177,-34.08958 22.15164,-34.08965 22.15142,-34.08984 22.15122,-34.09005 22.15116,-34.0902 22.1511,-34.09039 22.15108,-34.09048 22.15098,-34.0906 22.15094,-34.09073 22.15088,-34.09089 22.15084,-34.09101 22.15082,-34.0911 22.15078,-34.09119 22.15073,-34.0913 22.15072,-34.09139 22.15082,-34.09144 22.15088,-34.09148 22.15092,-34.09152 22.15088,-34.09166 22.15083,-34.09173 22.15076,-34.09179 22.15067,-34.09175 22.1506,-34.09169 22.15057,-34.09164 22.15053,-34.09161 22.15048,-34.09161 22.15045,-34.09167 22.15047,-34.09175 22.1506,-34.09188 22.1506,-34.09192 22.15058,-34.09197 22.15049,-34.09206 22.15028,-34.09208 22.15021,-34.09208 22.15012,-34.09207 22.1499,-34.0921 22.14971,-34.09219 22.14953,-34.09221 22.14943,-34.09222 22.14924,-34.09231 22.14916,-34.09237 22.1491,-34.09245 22.14897,-34.0926 22.14879,-34.09282 22.14856,-34.09315 22.14847,-34.09326 22.14841,-34.09343 22.14837,-34.09353 22.14837,-34.09365 22.1484,-34.09376 22.14828,-34.0938 22.14823,-34.09378 22.14817,-34.09376 22.14815,-34.0937 22.14809,-34.09364 22.14804,-34.09365 22.14804,-34.09375 22.14805,-34.09381 22.14805,-34.09392 22.14799,-34.09397 22.14792,-34.094 22.14782,-34.094 22.14778,-34.09397 22.14769,-34.09396 22.14765,-34.09396 22.14757,-34.09403 22.14755,-34.09409 22.14755,-34.09414 22.14765,-34.09421 22.14773,-34.09426 22.14774,-34.09433 22.14772,-34.09444 22.14762,-34.09449 22.14755,-34.0945 22.14749,-34.09447 22.14747,-34.09443 22.14737,-34.0944 22.14731,-34.09444 22.14741,-34.09455 22.14744,-34.09462 22.14747,-34.09467 22.14728,-34.09481 22.14717,-34.09481 22.14713,-34.09476 22.14706,-34.09469 22.14699,-34.09469 22.14693,-34.09478 22.14692,-34.09484 22.14697,-34.09494 22.14698,-34.09501 22.14693,-34.09512 22.14682,-34.09514 22.14675,-34.09511 22.14668,-34.09502 22.14663,-34.09499 22.14657,-34.09502 22.14656,-34.09514 22.14664,-34.09518 22.14674,-34.09526 22.14663,-34.09536 22.14658,-34.09544 22.14649,-34.09544 22.14643,-34.09542 22.14636,-34.09537 22.14631,-34.09537 22.14624,-34.09545 22.14619,-34.09552 22.1462,-34.09556 22.14632,-34.09564 22.14632,-34.09579 22.1462,-34.09583 22.1461,-34.09577 22.14606,-34.0957 22.14599,-34.09567 22.14595,-34.09575 22.14597,-34.09581 22.146,-34.09587 22.14607,-34.09593 22.14607,-34.09601 22.14604,-34.0961 22.14594,-34.09616 22.14573,-34.09613 22.14563,-34.09616 22.14558,-34.09621 22.1456,-34.09626 22.1457,-34.09631 22.14574,-34.09644 22.14557,-34.09651 22.14552,-34.09651 22.14548,-34.09648 22.14544,-34.09642 22.14537,-34.09639 22.14533,-34.09644 22.14533,-34.09649 22.14537,-34.09656 22.14541,-34.09664 22.14539,-34.09679 22.14521,-34.09683 22.14518,-34.09682 22.14513,-34.0968 22.14507,-34.0968 22.14502,-34.09683 22.14502,-34.09689 22.1451,-34.09697 22.14513,-34.09705 22.1451,-34.09712 22.14507,-34.09716 22.14499,-34.09716 22.14494,-34.09712 22.14489,-34.09707 22.14484,-34.09703 22.1448,-34.09699 22.14469,-34.09694 22.14463,-34.09697 22.14462,-34.09703 22.14462,-34.09714 22.14467,-34.09719 22.14469,-34.09722 22.14471,-34.09729 22.1447,-34.09735 22.14467,-34.09739 22.14459,-34.09742 22.14451,-34.09742 22.14446,-34.09741 22.14444,-34.09737 22.14443,-34.09731 22.14438,-34.0973 22.14432,-34.09731 22.1443,-34.09736 22.1443,-34.09745 22.14434,-34.09751 22.14436,-34.09759 22.14431,-34.09767 22.14424,-34.09772 22.1442,-34.09778 22.14413,-34.0978 22.14407,-34.09775 22.144,-34.09772 22.14394,-34.09772 22.14388,-34.09773 22.14383,-34.09776 22.14383,-34.09787 22.14388,-34.09794 22.14394,-34.09799 22.14397,-34.09806 22.14395,-34.09812 22.14387,-34.09818 22.14376,-34.09819 22.14362,-34.09815 22.14349,-34.09815 22.14345,-34.09817 22.14343,-34.09826 22.14353,-34.09841 22.14347,-34.09849 22.14339,-34.09852 22.1433,-34.09848 22.14322,-34.09846 22.14315,-34.09847 22.14313,-34.09853 22.14313,-34.09859 22.14316,-34.09862 22.1432,-34.09867 22.14321,-34.09873 22.14319,-34.0988 22.14312,-34.09886 22.14305,-34.09891 22.14296,-34.09891 22.1429,-34.09887 22.14283,-34.09884 22.14276,-34.09884 22.1427,-34.09885 22.14266,-34.09888 22.14266,-34.09897 22.14269,-34.09904 22.14276,-34.0991 22.14278,-34.09913 22.14278,-34.09917 22.14277,-34.09924 22.14272,-34.09927 22.14263,-34.0993 22.14256,-34.09928 22.14252,-34.09925 22.14248,-34.09921 22.14247,-34.09915 22.14243,-34.09912 22.1424,-34.09913 22.14238,-34.09923 22.14238,-34.09929 22.1424,-34.09934 22.1424,-34.0994 22.14239,-34.09945 22.14237,-34.0995 22.14232,-34.09955 22.14227,-34.09958 22.14221,-34.09962 22.14215,-34.09961 22.14208,-34.09956 22.14198,-34.09956 22.14192,-34.09958 22.1419,-34.0996 22.14189,-34.09966 22.1419,-34.09971 22.14197,-34.09977 22.14197,-34.09981 22.14191,-34.09989 22.14188,-34.09992 22.14182,-34.09991 22.14177,-34.09989 22.14176,-34.09985 22.14169,-34.09981 22.14164,-34.09981 22.14158,-34.09983 22.14156,-34.09991 22.14156,-34.09997 22.14157,-34.10005 22.1416,-34.10012 22.14164,-34.10018 22.14164,-34.10023 22.14158,-34.1003 22.14139,-34.10029 22.14132,-34.10027 22.14127,-34.10027 22.14123,-34.10031 22.14121,-34.10034 22.14125,-34.10043 22.14128,-34.10049 22.14129,-34.10057 22.14128,-34.10062 22.14115,-34.10065 22.14111,-34.10062 22.14108,-34.1006 22.14104,-34.10059 22.14092,-34.1006 22.14089,-34.10062 22.14088,-34.10071 22.14091,-34.10079 22.14092,-34.10084 22.14085,-34.10092 22.14078,-34.10093 22.14067,-34.10092 22.14058,-34.10091 22.14053,-34.10092 22.14047,-34.10096 22.14039,-34.10097 22.14039,-34.10109 22.14042,-34.10118 22.14046,-34.10123 22.14051,-34.1013 22.14051,-34.10135 22.14042,-34.10141 22.14036,-34.10144 22.14027,-34.10139 22.1402,-34.10133 22.14011,-34.10128 22.14007,-34.10134 22.14001,-34.1014 22.13999,-34.10149 22.14002,-34.10155 22.14002,-34.10175 22.13996,-34.10177 22.13989,-34.10178 22.13983,-34.10173 22.13979,-34.10167 22.13967,-34.10164 22.13958,-34.10169 22.13954,-34.10178 22.13961,-34.10188 22.13965,-34.10192 22.13966,-34.10202 22.13964,-34.10206 22.13959,-34.1021 22.13954,-34.10213 22.13945,-34.10215 22.13939,-34.10217 22.13931,-34.10219 22.13927,-34.10219 22.13923,-34.10217 22.13917,-34.10209 22.13909,-34.10206 22.13905,-34.10206 22.13903,-34.10211 22.13903,-34.1022 22.13904,-34.10227 22.13906,-34.10236 22.13906,-34.10246 22.13892,-34.10253 22.13887,-34.10254 22.13883,-34.10253 22.13875,-34.1025 22.13867,-34.1025 22.13862,-34.10251 22.13858,-34.10257 22.13859,-34.1026 22.13866,-34.10271 22.13866,-34.10279 22.13865,-34.10287 22.13858,-34.10293 22.13853,-34.10296 22.13842,-34.10296 22.13836,-34.10293 22.13831,-34.10288 22.1383,-34.10283 22.13823,-34.10283 22.13817,-34.10289 22.13815,-34.10298 22.13815,-34.10315 22.13805,-34.10321 22.13799,-34.10323 22.13793,-34.10323 22.13787,-34.10322 22.13784,-34.1032 22.13779,-34.10315 22.13774,-34.10313 22.13766,-34.10313 22.13763,-34.10316 22.13763,-34.10326 22.13765,-34.10334 22.13767,-34.1034 22.13771,-34.10347 22.13768,-34.10354 22.13765,-34.10359 22.13743,-34.1037 22.1374,-34.10364 22.13738,-34.10359 22.13726,-34.10357 22.13722,-34.10359 22.13717,-34.10368 22.13723,-34.10378 22.1372,-34.10388 22.13715,-34.10397 22.13707,-34.10402 22.13698,-34.104 22.13692,-34.10394 22.13686,-34.10389 22.13678,-34.10387 22.13676,-34.10396 22.13678,-34.10401 22.13679,-34.10407 22.13684,-34.10415 22.13687,-34.1042 22.13688,-34.10427 22.13684,-34.10436 22.1367,-34.1044 22.13667,-34.10443 22.13661,-34.10443 22.13659,-34.10441 22.13655,-34.10439 22.13651,-34.10438 22.13643,-34.10438 22.13637,-34.10441 22.1363,-34.10456 22.1363,-34.10461 22.13632,-34.10464 22.13639,-34.1047 22.13641,-34.10473 22.13639,-34.10478 22.13633,-34.10483 22.13625,-34.10484 22.13619,-34.10484 22.13612,-34.10481 22.13607,-34.10478 22.13603,-34.10478 22.13598,-34.10483 22.13598,-34.10494 22.13599,-34.10498 22.13601,-34.10501 22.13601,-34.10509 22.136,-34.10514 22.13593,-34.10518 22.13591,-34.10524 22.13577,-34.10524 22.13573,-34.10521 22.13568,-34.10517 22.13564,-34.10514 22.13556,-34.10515 22.13552,-34.10517 22.13549,-34.1052 22.13549,-34.10526 22.13552,-34.10531 22.13557,-34.10538 22.13563,-34.10548 22.13556,-34.10557 22.13554,-34.10563 22.13544,-34.10567 22.13539,-34.10564 22.13532,-34.10558 22.13527,-34.10558 22.13523,-34.10562 22.1352,-34.10568 22.13523,-34.10574 22.13524,-34.10577 22.13527,-34.10582 22.13532,-34.10587 22.13532,-34.1059 22.1353,-34.10595 22.13526,-34.10598 22.1352,-34.10604 22.13515,-34.10605 22.13511,-34.10605 22.13506,-34.10604 22.13501,-34.10602 22.13496,-34.10601 22.13488,-34.10601 22.13482,-34.10605 22.1348,-34.10607 22.1348,-34.10616 22.13485,-34.1062 22.13487,-34.10624 22.13489,-34.10627 22.13492,-34.10633 22.1349,-34.10637 22.13488,-34.10639 22.13479,-34.10642 22.13475,-34.10641 22.13473,-34.10638 22.13469,-34.10636 22.13467,-34.10633 22.13454,-34.10633 22.13451,-34.10638 22.13452,-34.10646 22.13454,-34.10657 22.13457,-34.10663 22.13454,-34.10668 22.1345,-34.10672 22.13445,-34.10681 22.13436,-34.10688 22.13426,-34.10688 22.13423,-34.10687 22.13413,-34.10686 22.13408,-34.10689 22.13408,-34.10704 22.13405,-34.10713 22.13396,-34.10714 22.1339,-34.10713 22.13384,-34.1071 22.13382,-34.10708 22.13374,-34.10707 22.13368,-34.10707 22.13364,-34.10708 22.13361,-34.10714 22.13359,-34.10719 22.13359,-34.10729 22.13355,-34.10735 22.13346,-34.10744 22.13336,-34.10741 22.13327,-34.10741 22.13321,-34.10745 22.1332,-34.10751 22.13322,-34.10759 22.13325,-34.10764 22.13321,-34.10769 22.13318,-34.10774 22.13313,-34.10776 22.13306,-34.10778 22.133,-34.10774 22.13295,-34.10772 22.13291,-34.10769 22.13284,-34.10769 22.13281,-34.10773 22.13281,-34.10781 22.13282,-34.10798 22.13278,-34.1081 22.13269,-34.10815 22.13262,-34.10816 22.13256,-34.10816 22.13251,-34.10813 22.13241,-34.10811 22.13235,-34.10811 22.13232,-34.10816 22.13232,-34.10826 22.13233,-34.1083 22.13237,-34.10834 22.13239,-34.1084 22.1324,-34.10844 22.13238,-34.10848 22.13232,-34.1085 22.13221,-34.1085 22.13215,-34.10848 22.13208,-34.10844 22.13197,-34.10847 22.13195,-34.10851 22.13196,-34.10857 22.132,-34.10861 22.13207,-34.10866 22.13216,-34.10872 22.13215,-34.1088 22.13207,-34.10885 22.13192,-34.1089 22.13189,-34.1089 22.13185,-34.10888 22.13171,-34.10886 22.13167,-34.10886 22.13164,-34.1089 22.13164,-34.10893 22.13165,-34.10897 22.13171,-34.10905 22.13165,-34.10919 22.13163,-34.10922 22.13158,-34.10922 22.13154,-34.10918 22.13152,-34.10913 22.13145,-34.10911 22.13139,-34.10917 22.13133,-34.10929 22.13133,-34.10941 22.13127,-34.10953 22.13122,-34.10958 22.13116,-34.10965 22.13103,-34.10967 22.13097,-34.10966 22.1309,-34.10961 22.13085,-34.10959 22.13078,-34.10964 22.13076,-34.10971 22.13076,-34.10977 22.13078,-34.10981 22.13085,-34.10986 22.13084,-34.10992 22.13083,-34.10995 22.13079,-34.10996 22.13072,-34.10995 22.13066,-34.10992 22.13063,-34.1099 22.13057,-34.10989 22.13052,-34.1099 22.13051,-34.10998 22.13051,-34.11004 22.13053,-34.1101 22.13057,-34.11017 22.13059,-34.11022 22.13063,-34.11027 22.13063,-34.11031 22.13052,-34.1104 22.13044,-34.11043 22.13035,-34.11039 22.1303,-34.11035 22.13018,-34.11034 22.13009,-34.11036 22.13005,-34.11041 22.13005,-34.11051 22.1301,-34.11058 22.13007,-34.11065 22.12998,-34.1107 22.12986,-34.11077 22.12979,-34.11066 22.12977,-34.1106 22.12967,-34.11059 22.1296,-34.1106 22.12959,-34.11066 22.12959,-34.1109 22.1296,-34.11093 22.12968,-34.11102 22.12971,-34.1111 22.12968,-34.11116 22.12953,-34.11124 22.12943,-34.11134 22.12939,-34.11133 22.12931,-34.11132 22.1292,-34.11121 22.12914,-34.11121 22.12909,-34.11132 22.1291,-34.1114 22.12914,-34.11149 22.12915,-34.11153 22.12914,-34.11163 22.12909,-34.11166 22.12899,-34.11165 22.12887,-34.11165 22.12884,-34.11174 22.12883,-34.11179 22.1288,-34.11185 22.12875,-34.11191 22.12872,-34.11195 22.12865,-34.11196 22.12858,-34.11191 22.12848,-34.11192 22.12846,-34.11201 22.12846,-34.1121 22.12841,-34.11217 22.12837,-34.11221 22.12828,-34.11221 22.12824,-34.1122 22.12819,-34.11217 22.12816,-34.11217 22.12815,-34.11227 22.12811,-34.11236 22.12802,-34.11247 22.12797,-34.11253 22.12784,-34.11265 22.12773,-34.11275 22.12762,-34.11287 22.12754,-34.11294 22.12748,-34.113 22.12743,-34.11308 22.12734,-34.11318 22.12726,-34.11328 22.12723,-34.11332 22.12713,-34.11341 22.12706,-34.11347 22.12701,-34.11354 22.12699,-34.1136 22.12681,-34.11385 22.12664,-34.11408 22.12627,-34.11452 22.12619,-34.11462 22.12595,-34.11493 22.12569,-34.11537 22.12543,-34.11589 22.12537,-34.11604 22.12535,-34.11615 22.12533,-34.11625 22.12531,-34.11649 22.12529,-34.11654 22.12526,-34.11655 22.12521,-34.11654 22.12516,-34.11651 22.12512,-34.11652 22.1251,-34.11655 22.12508,-34.11663 22.12512,-34.11672 22.12518,-34.1168 22.12517,-34.11686 22.12514,-34.11689 22.12511,-34.11691 22.12506,-34.11688 22.125,-34.11685 22.12493,-34.11685 22.12489,-34.11687 22.12489,-34.11693 22.12494,-34.11699 22.12498,-34.11705 22.12492,-34.11719 22.12488,-34.11726 22.12481,-34.1173 22.12468,-34.11735 22.12462,-34.11735 22.12459,-34.11738 22.12461,-34.11743 22.12465,-34.11747 22.12465,-34.11756 22.12461,-34.11762 22.12454,-34.11763 22.12449,-34.11762 22.12445,-34.11759 22.12439,-34.11756 22.12433,-34.1176 22.12429,-34.11762 22.1243,-34.11768 22.12442,-34.11768 22.12444,-34.11775 22.1244,-34.11785 22.1244,-34.11792 22.12438,-34.11798 22.12434,-34.11803 22.12431,-34.11803 22.12427,-34.11801 22.12413,-34.11801 22.12409,-34.11809 22.12421,-34.11813 22.12426,-34.1182 22.12431,-34.1183 22.1243,-34.11834 22.1242,-34.11832 22.12414,-34.11829 22.12409,-34.11828 22.12406,-34.11826 22.12401,-34.11828 22.124,-34.11831 22.124,-34.11836 22.12401,-34.11842 22.12399,-34.11849 22.12393,-34.11854 22.12388,-34.11855 22.12386,-34.11858 22.12384,-34.1186 22.12378,-34.11875 22.12377,-34.11882 22.12374,-34.11905 22.12372,-34.11922 22.12377,-34.11937 22.12374,-34.11947 22.12353,-34.11947 22.12345,-34.1195 22.12346,-34.1196 22.12359,-34.11967 22.12358,-34.11979 22.12349,-34.11983 22.12341,-34.11979 22.12333,-34.11978 22.12333,-34.11986 22.12337,-34.11989 22.12333,-34.12008 22.12327,-34.1201 22.12321,-34.12011 22.12313,-34.12017 22.12313,-34.12036 22.12309,-34.12046 22.12297,-34.12065 22.12294,-34.12077 22.12281,-34.12103 22.12272,-34.12115 22.1226,-34.12132 22.12246,-34.12155 22.12235,-34.12174 22.12217,-34.12192 22.12217,-34.12203 22.12224,-34.12207 22.12226,-34.12223 22.12215,-34.12228 22.12213,-34.12236 22.12222,-34.12241 22.12228,-34.1225 22.12225,-34.12259 22.12213,-34.12259 22.12205,-34.12253 22.122,-34.12253 22.1219,-34.12261 22.12192,-34.12273 22.122,-34.12278 22.12206,-34.12288 22.12193,-34.12295 22.12187,-34.12294 22.12175,-34.12287 22.12165,-34.12288 22.12165,-34.12297 22.12169,-34.12306 22.12175,-34.12313 22.12174,-34.12323 22.12174,-34.12335 22.12155,-34.12339 22.1215,-34.12345 22.12151,-34.12351 22.12155,-34.12356 22.12161,-34.12362 22.1216,-34.12369 22.12151,-34.12371 22.12145,-34.1237 22.12132,-34.1237 22.12126,-34.12371 22.12125,-34.12379 22.1213,-34.1239 22.12135,-34.12397 22.12135,-34.12405 22.12129,-34.12415 22.12119,-34.12419 22.12104,-34.12421 22.12097,-34.12424 22.12087,-34.12426 22.12082,-34.12437 22.12079,-34.12452 22.12082,-34.12464 22.12092,-34.12471 22.12095,-34.12477 22.12089,-34.12489 22.12083,-34.12492 22.12074,-34.12492 22.12063,-34.12486 22.12055,-34.12487 22.12055,-34.12495 22.12058,-34.12502 22.12058,-34.12512 22.1205,-34.12523 22.12049,-34.1253 22.12049,-34.12545 22.12039,-34.12553 22.12031,-34.12559 22.12025,-34.12559 22.12017,-34.12562 22.12016,-34.12569 22.12016,-34.12577 22.12025,-34.12583 22.1203,-34.12588 22.12023,-34.12599 22.12014,-34.12601 22.12008,-34.126 22.11999,-34.126 22.11996,-34.12605 22.11996,-34.12614 22.11999,-34.12627 22.12,-34.12645 22.12002,-34.12649 22.12004,-34.12657 22.12001,-34.12664 22.11999,-34.12666 22.11993,-34.12666 22.11989,-34.12664 22.11982,-34.12664 22.11977,-34.12674 22.1198,-34.12686 22.11983,-34.12692 22.11989,-34.12694 22.11996,-34.12697 22.12002,-34.12701 22.12002,-34.12706 22.11995,-34.12713 22.11988,-34.12713 22.11974,-34.12711 22.11969,-34.12711 22.11964,-34.12712 22.11964,-34.12719 22.11965,-34.12725 22.11971,-34.12729 22.11975,-34.12731 22.11971,-34.12738 22.1196,-34.12738 22.11954,-34.12737 22.11943,-34.12732 22.11934,-34.12736 22.11934,-34.1275 22.11936,-34.12767 22.11944,-34.12776 22.11944,-34.12786 22.11942,-34.12793 22.11927,-34.12793 22.11915,-34.12791 22.11908,-34.12801 22.11909,-34.12813 22.11917,-34.12819 22.11917,-34.12832 22.11911,-34.1284 22.11906,-34.12844 22.1189,-34.12844 22.1189,-34.12849 22.11903,-34.1286 22.11905,-34.12873 22.11896,-34.12882 22.11871,-34.12882 22.11868,-34.1289 22.11872,-34.12897 22.1188,-34.12906 22.1188,-34.12916 22.1187,-34.12916 22.11858,-34.12912 22.11853,-34.12911 22.11847,-34.12909 22.11842,-34.12912 22.11847,-34.12919 22.11856,-34.12923 22.11865,-34.12928 22.11864,-34.1294 22.11855,-34.12947 22.11839,-34.12944 22.11831,-34.12941 22.11825,-34.12952 22.11825,-34.1296 22.11834,-34.12965 22.11845,-34.12969 22.11843,-34.12987 22.11836,-34.12998 22.11826,-34.13 22.11814,-34.12996 22.11811,-34.12998 22.11805,-34.13005 22.11811,-34.13014 22.11819,-34.13023 22.11819,-34.13035 22.11811,-34.13039 22.118,-34.13036 22.11796,-34.13037 22.11795,-34.1304 22.11797,-34.13055 22.11796,-34.13065 22.11783,-34.13068 22.11772,-34.13068 22.11777,-34.13077 22.11788,-34.1308 22.11794,-34.13092 22.11791,-34.13112 22.11783,-34.13114 22.11774,-34.13104 22.11765,-34.13099 22.11753,-34.13103 22.11753,-34.13116 22.11768,-34.13128 22.11762,-34.13143 22.11755,-34.13149 22.1174,-34.13149 22.11735,-34.13153 22.11738,-34.13164 22.11744,-34.13168 22.1175,-34.1317 22.1176,-34.13177 22.1176,-34.13191 22.11746,-34.13197 22.1174,-34.13196 22.11735,-34.13194 22.11731,-34.13194 22.11728,-34.13203 22.11732,-34.13207 22.11734,-34.13216 22.11732,-34.1322 22.11725,-34.13228 22.11716,-34.13229 22.11714,-34.13234 22.11715,-34.13244 22.11718,-34.13247 22.11722,-34.1325 22.11724,-34.13256 22.11722,-34.13265 22.11715,-34.13267 22.11707,-34.13266 22.11701,-34.13261 22.11696,-34.1326 22.11691,-34.1326 22.11685,-34.13264 22.11682,-34.1327 22.11685,-34.13276 22.11695,-34.13281 22.11698,-34.13281 22.117,-34.13289 22.11695,-34.13296 22.11689,-34.13303 22.11681,-34.13304 22.11675,-34.13306 22.11666,-34.13307 22.11662,-34.13312 22.11662,-34.13322 22.11669,-34.13331 22.11672,-34.13333 22.11664,-34.13345 22.1166,-34.13352 22.11651,-34.13352 22.11647,-34.13351 22.11639,-34.13351 22.1164,-34.13364 22.11646,-34.13372 22.11648,-34.13388 22.11646,-34.13396 22.11625,-34.13396 22.11621,-34.13401 22.1162,-34.13407 22.11626,-34.13414 22.11635,-34.1342 22.11635,-34.1343 22.11629,-34.13438 22.1162,-34.13438 22.11615,-34.13437 22.11601,-34.13432 22.11598,-34.13437 22.11608,-34.13446 22.11613,-34.1345 22.1162,-34.13457 22.11617,-34.13468 22.11602,-34.13468 22.11588,-34.13461 22.11573,-34.13453 22.11566,-34.1345 22.11559,-34.13452 22.11558,-34.13458 22.11538,-34.13475 22.11529,-34.13488 22.11515,-34.13514 22.11501,-34.13545 22.11491,-34.13564 22.1148,-34.13582 22.1147,-34.13608 22.11442,-34.13669 22.11433,-34.13691 22.11424,-34.13725 22.1142,-34.13749 22.11406,-34.13801 22.11393,-34.13826 22.11386,-34.13843 22.11376,-34.13866 22.11357,-34.139 22.11344,-34.13938 22.11328,-34.13961 22.11321,-34.13975 22.11311,-34.13998 22.11298,-34.14033 22.11283,-34.14077 22.11279,-34.14091 22.11274,-34.1411 22.11265,-34.14136 22.11262,-34.14159 22.11259,-34.14185 22.11259,-34.14213 22.11252,-34.14289 22.11244,-34.14321 22.11238,-34.14354 22.11232,-34.14382 22.11231,-34.14393 22.1123,-34.14409 22.11223,-34.14449 22.11216,-34.1447 22.11206,-34.14528 22.11191,-34.1457 22.1118,-34.14595 22.11172,-34.14611 22.11157,-34.14646 22.11153,-34.14664 22.11139,-34.14742 22.11147,-34.14875 22.11147,-34.14899 22.1115,-34.14934 22.11153,-34.1496 22.11157,-34.14981 22.1116,-34.15 22.11162,-34.15014 22.11163,-34.15042 22.11169,-34.15136 22.11169,-34.15197 22.11165,-34.15234 22.11162,-34.15304 22.11145,-34.15365 22.11139,-34.15395 22.11128,-34.15433 22.11128,-34.15456 22.11131,-34.15491 22.11132,-34.15532 22.11131,-34.15556 22.11128,-34.15683 22.11128,-34.15698 22.1113,-34.15729 22.11132,-34.1578 22.11137,-34.15843 22.1115,-34.15965 22.11152,-34.15978 22.11156,-34.15992 22.11156,-34.16031 22.1116,-34.16053 22.1116,-34.16109 22.11165,-34.16155 22.11172,-34.16202 22.11176,-34.16236 22.11186,-34.16279 22.1119,-34.16286</coordinates></LinearRing></outerBoundaryIs></Polygon></MultiGeometry></Placemark></Document></kml>