<?xml version="1.0" encoding="UTF-8"?><kml xmlns="http://www.opengis.net/kml/2.2"><Document><Placemark><name>Buffalo City</name><description>Metropolitan Municipality 260</description><ExtendedData><Data name="code"><value>260</value></Data><Data name="name"><value>Buffalo City</value></Data><Data name="description"><value>Metropolitan Municipality 260</value></Data></ExtendedData><MultiGeometry><Polygon><outerBoundaryIs><LinearRing><coordinates>27.35458,-32.67444 27.37057,-32.67561 27.37665,-32.67707 27.38601,-32.67945 27.38731,-32.67978 27.38724,-32.67987 27.37674,-32.69296 27.37632,-32.69348 27.37131,-32.69972 27.37129,-32.69976 27.3824,-32.72494 27.38228,-32.72489 27.34758,-32.71235 27.34706,-32.71219 27.34702,-32.71217 27.34365,-32.71806 27.34371,-32.71808 27.34376,-32.71809 27.34659,-32.71888 27.34564,-32.71951 27.34427,-32.72183 27.34227,-32.72332 27.34187,-32.72399 27.3425,-32.72473 27.33916,-32.7263 27.33317,-32.72913 27.33299,-32.72921 27.33311,-32.73078 27.33708,-32.73271 27.3339,-32.73263 27.33382,-32.7327 27.33026,-32.73601 27.32938,-32.73683 27.32606,-32.73982 27.32945,-32.74747 27.32948,-32.74752 27.33459,-32.75553 27.33525,-32.75657 27.33684,-32.75907 27.33849,-32.76163 27.33831,-32.76185 27.33745,-32.7629 27.33599,-32.76388 27.33529,-32.76404 27.33459,-32.76388 27.33437,-32.76379 27.33345,-32.76423 27.3331,-32.76493 27.33316,-32.76585 27.333,-32.76872 27.33281,-32.76942 27.33208,-32.76983 27.33144,-32.77015 27.33112,-32.77059 27.33106,-32.77091 27.33106,-32.77117 27.331,-32.77155 27.33049,-32.77241 27.33033,-32.77317 27.33033,-32.77444 27.33039,-32.77543 27.3303,-32.77648 27.32995,-32.77686 27.32988,-32.77708 27.33036,-32.77842 27.33068,-32.77902 27.33071,-32.77908 27.33083,-32.77942 27.33122,-32.7805 27.33238,-32.78419 27.3256,-32.78708 27.32261,-32.78836 27.32267,-32.7884 27.32567,-32.79019 27.32572,-32.79022 27.33034,-32.79149 27.33066,-32.79145 27.33493,-32.79086 27.34197,-32.79294 27.34257,-32.79455 27.33965,-32.79433 27.33854,-32.79425 27.33854,-32.79429 27.33853,-32.79708 27.33847,-32.79874 27.33843,-32.79967 27.33834,-32.80196 27.34022,-32.80741 27.34027,-32.80744 27.34616,-32.81112 27.34652,-32.81134 27.34846,-32.81255 27.34849,-32.81262 27.35083,-32.81713 27.35094,-32.81734 27.35178,-32.8189 27.3526,-32.82043 27.35612,-32.82697 27.35627,-32.82725 27.35632,-32.82735 27.35956,-32.83082 27.36171,-32.83313 27.36623,-32.83785 27.36627,-32.83785 27.36627,-32.83785 27.36664,-32.83785 27.37844,-32.83613 27.37868,-32.83603 27.37869,-32.83575 27.37833,-32.8347 27.37802,-32.83351 27.37796,-32.8328 27.37846,-32.83181 27.37883,-32.83114 27.3789,-32.83101 27.37898,-32.83084 27.37961,-32.82955 27.37987,-32.82906 27.38007,-32.82869 27.38039,-32.82811 27.38076,-32.82789 27.38093,-32.82779 27.38122,-32.82762 27.38185,-32.82715 27.38323,-32.82658 27.3833,-32.82655 27.38445,-32.82608 27.38575,-32.82548 27.38726,-32.8252 27.38859,-32.82473 27.38871,-32.82468 27.39057,-32.82397 27.39208,-32.82317 27.39274,-32.82279 27.39289,-32.8227 27.39324,-32.82258 27.39322,-32.82257 27.39327,-32.82246 27.39332,-32.82236 27.39359,-32.82141 27.39391,-32.82026 27.39434,-32.81952 27.3945,-32.81908 27.3945,-32.81842 27.39446,-32.81751 27.39419,-32.8168 27.39421,-32.81586 27.39421,-32.8154 27.39398,-32.81493 27.39374,-32.8145 27.3937,-32.81426 27.39358,-32.81398 27.39319,-32.81367 27.39282,-32.81359 27.3924,-32.81371 27.39174,-32.81371 27.39126,-32.81355 27.39095,-32.81339 27.39039,-32.81311 27.3893,-32.81305 27.38863,-32.81305 27.38801,-32.81309 27.3869,-32.81337 27.38665,-32.81357 27.38635,-32.81384 27.38625,-32.81389 27.38623,-32.8139 27.38622,-32.8139 27.38622,-32.8139 27.38622,-32.8139 27.38622,-32.81367 27.38591,-32.81186 27.38575,-32.81092 27.38571,-32.8108 27.38488,-32.81021 27.38489,-32.81012 27.38541,-32.8014 27.39286,-32.80055 27.39329,-32.80097 27.39541,-32.80253 27.4077,-32.80148 27.40826,-32.80143 27.41014,-32.8012 27.41331,-32.80107 27.41385,-32.80102 27.41611,-32.80069 27.41773,-32.80038 27.41792,-32.80032 27.41925,-32.79958 27.41969,-32.79914 27.42103,-32.79606 27.42126,-32.79601 27.42127,-32.79603 27.42417,-32.80298 27.42429,-32.80332 27.42436,-32.80339 27.43209,-32.80641 27.4326,-32.80661 27.43584,-32.80789 27.44284,-32.81067 27.44943,-32.81328 27.45012,-32.81356 27.45402,-32.8029 27.45578,-32.79811 27.45602,-32.79738 27.4561,-32.78163 27.45663,-32.78145 27.45684,-32.78138 27.46216,-32.77961 27.4623,-32.77944 27.46231,-32.77932 27.46235,-32.7792 27.46242,-32.77902 27.46247,-32.7789 27.46253,-32.77881 27.46253,-32.77873 27.46256,-32.77869 27.4626,-32.7786 27.46269,-32.77852 27.46278,-32.77842 27.46282,-32.77836 27.46286,-32.77824 27.46293,-32.77816 27.463,-32.77806 27.46305,-32.77806 27.46309,-32.77802 27.46306,-32.77794 27.46305,-32.7779 27.46308,-32.77785 27.46309,-32.77777 27.46313,-32.77772 27.46323,-32.77764 27.46326,-32.77752 27.46328,-32.77746 27.46335,-32.77736 27.46341,-32.77732 27.46341,-32.77725 27.46351,-32.77718 27.46356,-32.77714 27.46353,-32.77706 27.46352,-32.77701 27.46354,-32.77696 27.46359,-32.77692 27.46363,-32.77692 27.46364,-32.77688 27.46368,-32.77681 27.4637,-32.77675 27.46373,-32.77674 27.4637,-32.77666 27.46369,-32.77657 27.46367,-32.77643 27.46369,-32.77636 27.46374,-32.77629 27.46376,-32.77621 27.46386,-32.77607 27.46386,-32.7756 27.4639,-32.77552 27.46395,-32.77545 27.46395,-32.77538 27.46402,-32.77528 27.46411,-32.77519 27.46417,-32.77512 27.46421,-32.77505 27.46421,-32.775 27.4643,-32.77491 27.46435,-32.77491 27.46442,-32.77485 27.46443,-32.77478 27.4645,-32.77464 27.46461,-32.77452 27.46471,-32.77441 27.46485,-32.77429 27.4649,-32.7743 27.46499,-32.77436 27.46511,-32.77436 27.46517,-32.77431 27.46521,-32.77424 27.46528,-32.77416 27.46534,-32.77409 27.46572,-32.7738 27.46582,-32.77373 27.46592,-32.77359 27.46605,-32.77358 27.46613,-32.77352 27.46627,-32.77345 27.4663,-32.7734 27.46636,-32.77333 27.46642,-32.77325 27.46655,-32.7732 27.46661,-32.77313 27.46668,-32.77306 27.4667,-32.77302 27.46674,-32.77299 27.46679,-32.77299 27.46682,-32.77302 27.46691,-32.77304 27.46694,-32.77304 27.46715,-32.77304 27.46702,-32.77242 27.46697,-32.77224 27.47145,-32.77251 27.4751,-32.77273 27.47674,-32.76105 27.48102,-32.75889 27.48167,-32.75859 27.48453,-32.75806 27.48488,-32.75801 27.48989,-32.75949 27.49156,-32.75637 27.4925,-32.75238 27.49269,-32.75157 27.4926,-32.75051 27.49238,-32.74729 27.49238,-32.74725 27.49304,-32.74469 27.49322,-32.74399 27.4933,-32.74367 27.49333,-32.74356 27.49702,-32.73867 27.49769,-32.73769 27.49906,-32.7357 27.49946,-32.73511 27.50002,-32.73429 27.50167,-32.73057 27.50241,-32.72884 27.50348,-32.72712 27.50397,-32.72657 27.50549,-32.72518 27.50717,-32.72364 27.51071,-32.72054 27.51479,-32.71641 27.51528,-32.71594 27.53821,-32.72125 27.55357,-32.72503 27.55382,-32.72517 27.54708,-32.73043 27.53564,-32.73944 27.53563,-32.73947 27.53177,-32.74144 27.5192,-32.74656 27.51934,-32.747 27.52555,-32.76656 27.53644,-32.79262 27.5365,-32.79263 27.53655,-32.79262 27.53664,-32.79261 27.5367,-32.7926 27.53678,-32.7926 27.53683,-32.79262 27.53692,-32.79263 27.53704,-32.79266 27.53716,-32.7927 27.53726,-32.79272 27.53733,-32.79275 27.53745,-32.79284 27.53748,-32.79288 27.53748,-32.79294 27.53744,-32.79301 27.53738,-32.79305 27.53736,-32.79308 27.5374,-32.79307 27.53744,-32.79307 27.53747,-32.79308 27.5375,-32.79312 27.53751,-32.79316 27.53755,-32.79318 27.5376,-32.79318 27.53772,-32.79315 27.53778,-32.79315 27.53782,-32.79317 27.53786,-32.79321 27.53792,-32.79325 27.53796,-32.79323 27.538,-32.7932 27.53804,-32.79321 27.53811,-32.79327 27.53813,-32.79324 27.53817,-32.79324 27.53816,-32.79327 27.53813,-32.79329 27.53813,-32.79332 27.53814,-32.79336 27.53817,-32.79338 27.53822,-32.79338 27.53825,-32.79337 27.53829,-32.79335 27.53837,-32.79334 27.53834,-32.79341 27.53834,-32.79346 27.53837,-32.79347 27.53842,-32.79349 27.53851,-32.79348 27.53851,-32.79344 27.53852,-32.79341 27.53857,-32.79341 27.53858,-32.79344 27.5386,-32.79346 27.53865,-32.79346 27.53868,-32.79344 27.5387,-32.79339 27.53873,-32.79337 27.53876,-32.79334 27.53887,-32.79334 27.53894,-32.79335 27.53906,-32.79335 27.53914,-32.79333 27.53919,-32.79331 27.53928,-32.79329 27.53937,-32.79329 27.53941,-32.79332 27.53944,-32.79338 27.53944,-32.79343 27.53949,-32.79348 27.53957,-32.79352 27.53961,-32.79357 27.53962,-32.79364 27.53958,-32.79368 27.53955,-32.79369 27.53954,-32.79372 27.53954,-32.79378 27.53956,-32.79385 27.5396,-32.79389 27.53966,-32.79392 27.53967,-32.79395 27.53976,-32.794 27.53981,-32.79403 27.53986,-32.79408 27.53986,-32.79414 27.53984,-32.79421 27.53987,-32.79426 27.53993,-32.79428 27.53999,-32.79435 27.54002,-32.79442 27.54014,-32.79452 27.54022,-32.7946 27.54027,-32.79464 27.54032,-32.79469 27.5404,-32.79473 27.54048,-32.79474 27.54069,-32.79474 27.54074,-32.79475 27.5408,-32.79481 27.54086,-32.79488 27.54092,-32.79492 27.54097,-32.79497 27.54104,-32.79499 27.54112,-32.79502 27.54121,-32.79505 27.54136,-32.79508 27.54143,-32.79508 27.54149,-32.79509 27.54154,-32.79511 27.54168,-32.79511 27.54173,-32.79512 27.5418,-32.79521 27.54191,-32.79528 27.54199,-32.7953 27.54202,-32.79531 27.5421,-32.79534 27.5422,-32.79536 27.54233,-32.79536 27.54236,-32.79533 27.54241,-32.79529 27.54247,-32.79526 27.54254,-32.79524 27.54263,-32.79523 27.5427,-32.79523 27.54276,-32.79524 27.54283,-32.79529 27.54286,-32.79534 27.54287,-32.79542 27.54286,-32.79548 27.54281,-32.79554 27.54279,-32.79557 27.54279,-32.79562 27.54281,-32.79565 27.54285,-32.79569 27.54285,-32.79576 27.54287,-32.79581 27.54292,-32.79586 27.54292,-32.79591 27.54291,-32.79597 27.54296,-32.79601 27.54299,-32.79603 27.54304,-32.79601 27.54309,-32.79603 27.54316,-32.79606 27.54325,-32.79608 27.54339,-32.79608 27.54345,-32.79606 27.54362,-32.79611 27.54369,-32.79615 27.54394,-32.79615 27.54401,-32.79614 27.54405,-32.79613 27.54408,-32.7961 27.54411,-32.79605 27.54411,-32.79599 27.54414,-32.79595 27.54417,-32.79593 27.54422,-32.79588 27.54425,-32.79583 27.54426,-32.79578 27.54429,-32.79573 27.54438,-32.79564 27.54445,-32.79556 27.54448,-32.7955 27.54451,-32.79547 27.54459,-32.79544 27.54471,-32.7954 27.54474,-32.79536 27.54476,-32.79533 27.54479,-32.7953 27.54484,-32.79529 27.54493,-32.7952 27.54498,-32.79516 27.54501,-32.79512 27.54507,-32.7951 27.54511,-32.79508 27.54511,-32.79505 27.54515,-32.795 27.54519,-32.79498 27.54523,-32.79497 27.54534,-32.79493 27.54537,-32.79491 27.54538,-32.79488 27.5454,-32.79485 27.54549,-32.79485 27.54555,-32.79482 27.5456,-32.79478 27.54564,-32.79475 27.54575,-32.79475 27.54581,-32.79477 27.54585,-32.79478 27.54594,-32.79481 27.54599,-32.79487 27.54603,-32.79491 27.54603,-32.79502 27.54604,-32.79509 27.54609,-32.79515 27.54611,-32.79522 27.54613,-32.79526 27.54621,-32.79531 27.54625,-32.79537 27.54629,-32.79542 27.54636,-32.79547 27.54638,-32.7955 27.54643,-32.79552 27.54647,-32.79554 27.54655,-32.79556 27.54664,-32.79559 27.54673,-32.79564 27.54674,-32.79567 27.54681,-32.7957 27.54688,-32.79574 27.54691,-32.79575 27.54705,-32.79583 27.54711,-32.79584 27.54714,-32.79587 27.54722,-32.79592 27.54727,-32.79598 27.54731,-32.79609 27.54733,-32.79617 27.54737,-32.79628 27.54744,-32.79633 27.54749,-32.79635 27.54756,-32.79636 27.54766,-32.79637 27.54775,-32.79637 27.5479,-32.79636 27.54795,-32.79636 27.54803,-32.79639 27.54805,-32.79641 27.54809,-32.79646 27.54814,-32.7965 27.54821,-32.79653 27.54829,-32.79657 27.54833,-32.79664 27.54835,-32.79672 27.54833,-32.79679 27.54831,-32.79684 27.54838,-32.79693 27.54841,-32.79701 27.54841,-32.79707 27.54846,-32.79714 27.54855,-32.79723 27.54857,-32.79728 27.54865,-32.79731 27.54875,-32.79733 27.54881,-32.79733 27.54888,-32.79735 27.54891,-32.79736 27.54899,-32.79741 27.54913,-32.79748 27.54919,-32.7975 27.54926,-32.79749 27.54931,-32.79749 27.54939,-32.79745 27.54943,-32.79745 27.54949,-32.79747 27.54957,-32.79751 27.54968,-32.79753 27.54978,-32.79755 27.54983,-32.79757 27.54987,-32.79759 27.54998,-32.79762 27.55012,-32.79766 27.55028,-32.7977 27.55035,-32.79768 27.55043,-32.79766 27.55052,-32.79766 27.55061,-32.79764 27.55067,-32.79765 27.55076,-32.79766 27.55083,-32.79767 27.5509,-32.7977 27.55097,-32.79774 27.55105,-32.79777 27.55111,-32.7978 27.55122,-32.79784 27.55129,-32.79787 27.55136,-32.79789 27.55147,-32.79792 27.55167,-32.79792 27.55169,-32.79795 27.55173,-32.79797 27.55182,-32.79802 27.55189,-32.79808 27.55198,-32.7981 27.55203,-32.79811 27.55209,-32.79816 27.5521,-32.79819 27.55211,-32.79824 27.55224,-32.79837 27.55227,-32.79841 27.5523,-32.79847 27.55234,-32.7985 27.55239,-32.79854 27.55243,-32.79856 27.5525,-32.79858 27.55259,-32.79863 27.55263,-32.79866 27.55268,-32.79869 27.55273,-32.79873 27.55276,-32.79874 27.55288,-32.79877 27.55292,-32.7988 27.55298,-32.79881 27.55306,-32.79882 27.55318,-32.79886 27.5533,-32.79889 27.55336,-32.7989 27.55343,-32.79892 27.55351,-32.79892 27.55358,-32.7989 27.55363,-32.7989 27.55368,-32.79892 27.55375,-32.79893 27.55395,-32.79893 27.55399,-32.79891 27.55408,-32.7989 27.55419,-32.79888 27.55425,-32.79892 27.55431,-32.79891 27.55436,-32.79891 27.5544,-32.79892 27.55442,-32.79894 27.55446,-32.79895 27.55458,-32.79895 27.55466,-32.79898 27.55472,-32.79902 27.55473,-32.79905 27.55485,-32.79907 27.55493,-32.79912 27.55496,-32.79915 27.55497,-32.7992 27.5549,-32.79922 27.55488,-32.79925 27.5549,-32.79929 27.55495,-32.79929 27.55499,-32.79931 27.55497,-32.79934 27.55498,-32.79938 27.55499,-32.79941 27.55503,-32.79944 27.55513,-32.79952 27.55515,-32.79958 27.55521,-32.79964 27.55522,-32.79967 27.55523,-32.79971 27.55529,-32.79976 27.55534,-32.79981 27.55536,-32.79987 27.55539,-32.79991 27.55539,-32.79995 27.5554,-32.8 27.55543,-32.80001 27.55545,-32.80009 27.55544,-32.80013 27.55544,-32.80017 27.55542,-32.80024 27.5554,-32.80029 27.55539,-32.80035 27.55543,-32.80041 27.55549,-32.80049 27.5556,-32.8006 27.55563,-32.80061 27.55568,-32.80061 27.55569,-32.80064 27.5557,-32.80068 27.55575,-32.80071 27.5558,-32.80073 27.55583,-32.80075 27.55587,-32.8008 27.55593,-32.80083 27.55597,-32.80086 27.55602,-32.80089 27.55609,-32.80094 27.55617,-32.80097 27.55625,-32.80098 27.55632,-32.80103 27.55636,-32.80105 27.55641,-32.8011 27.55647,-32.80119 27.55652,-32.80128 27.55657,-32.80132 27.55661,-32.80135 27.55664,-32.80137 27.55672,-32.80141 27.55679,-32.80144 27.5569,-32.80145 27.55697,-32.80148 27.55702,-32.80151 27.5571,-32.80151 27.55718,-32.80152 27.55728,-32.80155 27.55733,-32.80157 27.55741,-32.80159 27.55745,-32.80159 27.5575,-32.8016 27.55755,-32.80163 27.55763,-32.80165 27.55766,-32.80166 27.5578,-32.80167 27.55784,-32.80166 27.55785,-32.80163 27.55785,-32.80159 27.55792,-32.80158 27.55794,-32.80155 27.55796,-32.80151 27.558,-32.80149 27.55804,-32.80148 27.5581,-32.80148 27.55821,-32.80151 27.55834,-32.80152 27.55841,-32.80152 27.55853,-32.8015 27.55863,-32.80152 27.5587,-32.80154 27.55878,-32.80155 27.55893,-32.80155 27.55898,-32.80154 27.55904,-32.80146 27.55908,-32.80144 27.55911,-32.8014 27.55917,-32.80139 27.55921,-32.80137 27.55925,-32.80131 27.55927,-32.80127 27.55934,-32.80124 27.55937,-32.8012 27.55942,-32.80115 27.55945,-32.80113 27.55949,-32.80113 27.55957,-32.80109 27.55962,-32.80105 27.55962,-32.80089 27.55964,-32.80083 27.55968,-32.80078 27.55974,-32.8007 27.55979,-32.80067 27.55984,-32.8006 27.55986,-32.80055 27.55991,-32.80052 27.55997,-32.80048 27.56,-32.80045 27.56005,-32.80043 27.56016,-32.80043 27.56022,-32.80045 27.56027,-32.80047 27.56033,-32.80048 27.56036,-32.80048 27.56041,-32.80047 27.56049,-32.80048 27.56053,-32.80049 27.56064,-32.8005 27.56069,-32.80052 27.56073,-32.80049 27.56076,-32.80048 27.56083,-32.80048 27.56088,-32.80047 27.5609,-32.80044 27.56095,-32.80043 27.56103,-32.80043 27.56108,-32.80041 27.56109,-32.80038 27.56117,-32.80038 27.56122,-32.80037 27.56126,-32.80032 27.56129,-32.80032 27.56132,-32.80035 27.56135,-32.80037 27.56139,-32.80036 27.56142,-32.80036 27.56144,-32.80034 27.56147,-32.80034 27.5615,-32.80035 27.56153,-32.80035 27.56157,-32.80034 27.5616,-32.80032 27.56164,-32.8003 27.56168,-32.80029 27.56171,-32.80028 27.56173,-32.80024 27.56178,-32.80023 27.56182,-32.8002 27.56183,-32.80017 27.56186,-32.80015 27.56191,-32.8001 27.56193,-32.80007 27.56197,-32.80005 27.562,-32.79999 27.56203,-32.79996 27.56209,-32.79994 27.56213,-32.79993 27.56221,-32.79991 27.56227,-32.79985 27.56232,-32.79981 27.56236,-32.79977 27.5624,-32.79974 27.56246,-32.79971 27.56251,-32.79969 27.56256,-32.79969 27.5626,-32.79968 27.56263,-32.79966 27.56275,-32.79966 27.56278,-32.79965 27.56282,-32.79965 27.56285,-32.79964 27.56289,-32.79963 27.56293,-32.7996 27.56295,-32.79957 27.56297,-32.79955 27.56299,-32.79952 27.56302,-32.79946 27.56305,-32.7994 27.56305,-32.79937 27.56303,-32.79933 27.56304,-32.79929 27.56307,-32.79927 27.56312,-32.79923 27.56314,-32.79919 27.56319,-32.79917 27.56323,-32.79913 27.56328,-32.79911 27.56331,-32.79908 27.56333,-32.79905 27.56337,-32.79901 27.56342,-32.799 27.56346,-32.79899 27.56348,-32.79896 27.56356,-32.79896 27.56357,-32.79899 27.56357,-32.79902 27.56355,-32.79906 27.5635,-32.79908 27.56349,-32.79913 27.56351,-32.79915 27.56354,-32.79918 27.56357,-32.79918 27.56361,-32.79918 27.56365,-32.79922 27.56368,-32.79924 27.56374,-32.79922 27.56378,-32.7992 27.56378,-32.79916 27.56373,-32.79911 27.56372,-32.79906 27.56372,-32.79901 27.56378,-32.79902 27.56384,-32.79903 27.56389,-32.79906 27.56392,-32.79908 27.56395,-32.79906 27.56396,-32.79903 27.56394,-32.79901 27.56382,-32.79895 27.5638,-32.7989 27.56379,-32.79886 27.56379,-32.79883 27.56385,-32.79877 27.56395,-32.79875 27.56399,-32.79875 27.56403,-32.79874 27.56403,-32.7987 27.56409,-32.79865 27.56415,-32.79861 27.56419,-32.79857 27.56421,-32.79852 27.56427,-32.79851 27.56429,-32.79848 27.5643,-32.79845 27.56432,-32.79842 27.56437,-32.7984 27.5644,-32.79838 27.56443,-32.79834 27.56448,-32.79834 27.5645,-32.7983 27.56456,-32.79827 27.56457,-32.79824 27.5646,-32.79823 27.56462,-32.79823 27.56468,-32.79823 27.56472,-32.79819 27.56476,-32.79817 27.56483,-32.79814 27.56489,-32.79813 27.56496,-32.79813 27.56501,-32.79818 27.56506,-32.79821 27.56508,-32.79823 27.56509,-32.79826 27.56512,-32.7983 27.56515,-32.79835 27.56519,-32.79839 27.56518,-32.79843 27.56519,-32.79848 27.56525,-32.79851 27.56528,-32.79853 27.56527,-32.79858 27.56532,-32.79861 27.56536,-32.79862 27.56542,-32.79863 27.56546,-32.79859 27.56543,-32.79856 27.56544,-32.7985 27.56549,-32.79848 27.56549,-32.79843 27.5655,-32.79839 27.56553,-32.79837 27.56556,-32.79833 27.5656,-32.79832 27.56563,-32.79832 27.56566,-32.79833 27.56572,-32.79831 27.56574,-32.79827 27.56574,-32.79823 27.56579,-32.79819 27.56579,-32.79816 27.56575,-32.79814 27.56572,-32.79809 27.56572,-32.79796 27.56569,-32.79791 27.56568,-32.79788 27.56564,-32.79785 27.56556,-32.79784 27.56551,-32.79783 27.56542,-32.79777 27.56541,-32.79769 27.56543,-32.79765 27.56547,-32.79763 27.56551,-32.79759 27.56555,-32.79758 27.56558,-32.79758 27.56563,-32.79755 27.56566,-32.79749 27.56568,-32.79746 27.56571,-32.79742 27.56573,-32.7974 27.56573,-32.79732 27.56568,-32.79729 27.56568,-32.79725 27.56566,-32.79723 27.56563,-32.79721 27.56553,-32.79719 27.56545,-32.79719 27.56539,-32.79722 27.56534,-32.79723 27.56527,-32.79725 27.56521,-32.79728 27.56515,-32.79728 27.56511,-32.79726 27.56505,-32.7973 27.56503,-32.79732 27.56493,-32.79732 27.56489,-32.7973 27.56488,-32.79727 27.56486,-32.79724 27.56485,-32.79721 27.56479,-32.79712 27.56479,-32.79708 27.56481,-32.79705 27.56486,-32.79695 27.56486,-32.79691 27.56489,-32.79689 27.56492,-32.79686 27.56497,-32.79684 27.56499,-32.79681 27.56498,-32.79678 27.56499,-32.79675 27.56502,-32.79676 27.56504,-32.79679 27.56508,-32.7968 27.56512,-32.79679 27.56516,-32.79679 27.56519,-32.7968 27.56524,-32.79682 27.56528,-32.79682 27.56533,-32.79681 27.56539,-32.79678 27.56547,-32.79673 27.56552,-32.7967 27.56557,-32.79668 27.56562,-32.79667 27.56568,-32.79666 27.56573,-32.79666 27.5658,-32.79665 27.56583,-32.79661 27.56586,-32.79658 27.56588,-32.79653 27.56588,-32.79648 27.5659,-32.79644 27.56595,-32.79644 27.56596,-32.79648 27.56597,-32.79653 27.56599,-32.79655 27.56603,-32.79656 27.56609,-32.79655 27.56614,-32.79652 27.56616,-32.79649 27.56623,-32.79646 27.56628,-32.79643 27.56633,-32.79641 27.56638,-32.79642 27.56641,-32.79642 27.56647,-32.79643 27.56651,-32.79642 27.56652,-32.79639 27.56655,-32.79638 27.56659,-32.7964 27.56662,-32.79643 27.56668,-32.79645 27.56672,-32.79646 27.56675,-32.79646 27.56678,-32.79644 27.56684,-32.79641 27.56688,-32.79638 27.56689,-32.79635 27.5669,-32.79631 27.56694,-32.79627 27.56697,-32.79622 27.56699,-32.79619 27.56702,-32.79615 27.56706,-32.79614 27.56709,-32.79614 27.56713,-32.79615 27.56715,-32.79617 27.5672,-32.79619 27.56731,-32.79619 27.56735,-32.79621 27.56739,-32.79624 27.56742,-32.79624 27.56746,-32.79622 27.56753,-32.79622 27.56758,-32.79624 27.56761,-32.79628 27.56765,-32.7963 27.56769,-32.79631 27.56774,-32.79634 27.56776,-32.79637 27.56779,-32.79638 27.56789,-32.79642 27.56794,-32.79645 27.56798,-32.79647 27.5681,-32.79647 27.56815,-32.79649 27.56822,-32.79649 27.56827,-32.79652 27.56833,-32.79655 27.56839,-32.79655 27.56843,-32.79654 27.56845,-32.79652 27.56851,-32.79651 27.56856,-32.79649 27.56864,-32.79649 27.56868,-32.79648 27.56872,-32.79646 27.56878,-32.79642 27.56884,-32.7964 27.56895,-32.79647 27.569,-32.7965 27.56902,-32.79654 27.56903,-32.79658 27.56908,-32.79663 27.56913,-32.79667 27.56913,-32.79673 27.56916,-32.79676 27.56924,-32.7968 27.56962,-32.7968 27.56966,-32.79679 27.56971,-32.79677 27.56977,-32.79675 27.56977,-32.79672 27.56976,-32.79669 27.56981,-32.79667 27.56982,-32.7966 27.56979,-32.79658 27.56972,-32.79657 27.5697,-32.79654 27.56968,-32.79648 27.56968,-32.79642 27.56971,-32.79639 27.56977,-32.79641 27.5698,-32.7964 27.56982,-32.79638 27.56988,-32.79637 27.57012,-32.79649 27.57026,-32.79653 27.57034,-32.79657 27.57039,-32.79659 27.57043,-32.79661 27.57046,-32.79662 27.5706,-32.79662 27.57066,-32.79665 27.5707,-32.7967 27.57075,-32.79672 27.57087,-32.79687 27.57093,-32.79689 27.57099,-32.79693 27.57105,-32.79698 27.5711,-32.79702 27.57111,-32.79705 27.57117,-32.79709 27.5712,-32.79713 27.5712,-32.79717 27.57118,-32.7972 27.57115,-32.79723 27.57114,-32.7973 27.57113,-32.79734 27.57111,-32.79738 27.5711,-32.79743 27.57111,-32.79749 27.57111,-32.79752 27.57115,-32.7976 27.57113,-32.79767 27.57113,-32.79773 27.57113,-32.79781 27.57115,-32.79788 27.57119,-32.79791 27.57123,-32.79793 27.57128,-32.79796 27.57134,-32.79797 27.57139,-32.79797 27.57146,-32.79796 27.57148,-32.79793 27.57151,-32.7979 27.57155,-32.79789 27.5716,-32.79788 27.57167,-32.79788 27.57173,-32.79785 27.57178,-32.7978 27.57182,-32.79773 27.57183,-32.79766 27.57182,-32.7976 27.5718,-32.79756 27.57179,-32.79751 27.5718,-32.79747 27.57188,-32.79745 27.5719,-32.79739 27.57194,-32.79737 27.572,-32.79736 27.57205,-32.79739 27.57212,-32.79748 27.57215,-32.79751 27.57219,-32.79754 27.57227,-32.79758 27.57231,-32.79763 27.57229,-32.79768 27.5723,-32.79772 27.57234,-32.79774 27.57239,-32.79775 27.57244,-32.79775 27.57247,-32.79779 27.57247,-32.79782 27.57252,-32.79785 27.57259,-32.79788 27.57263,-32.79789 27.57267,-32.79792 27.57269,-32.79795 27.57274,-32.79797 27.5728,-32.798 27.57287,-32.79807 27.57292,-32.79811 27.57295,-32.79813 27.57306,-32.79822 27.57308,-32.79829 27.57312,-32.79833 27.5732,-32.79833 27.57326,-32.79837 27.57331,-32.7984 27.57338,-32.79841 27.57345,-32.79843 27.57352,-32.79846 27.57364,-32.79848 27.5737,-32.79851 27.57375,-32.79853 27.57382,-32.79855 27.57393,-32.79858 27.574,-32.79864 27.57412,-32.79867 27.57417,-32.79867 27.57425,-32.7987 27.5743,-32.79874 27.57439,-32.79875 27.57447,-32.79877 27.57453,-32.79881 27.57458,-32.79883 27.57463,-32.79888 27.57466,-32.79894 27.57465,-32.79897 27.57461,-32.79907 27.57458,-32.79914 27.57453,-32.79925 27.5745,-32.79933 27.57446,-32.7994 27.57443,-32.79949 27.57439,-32.79954 27.57439,-32.79958 27.57434,-32.79963 27.57429,-32.7997 27.57423,-32.79984 27.57422,-32.79992 27.57422,-32.80002 27.57425,-32.80004 27.57431,-32.8001 27.57434,-32.80016 27.5744,-32.8003 27.57444,-32.80037 27.57444,-32.80044 27.57445,-32.80049 27.57448,-32.80054 27.57456,-32.8006 27.57458,-32.80067 27.57457,-32.80075 27.57455,-32.80081 27.57455,-32.80084 27.57457,-32.80086 27.5746,-32.80087 27.57465,-32.8009 27.5747,-32.80092 27.57472,-32.80096 27.57475,-32.80101 27.57478,-32.80108 27.57478,-32.80128 27.57476,-32.80136 27.57473,-32.80141 27.57472,-32.80147 27.57472,-32.8016 27.57477,-32.80167 27.57482,-32.80172 27.57487,-32.80174 27.57494,-32.80175 27.575,-32.80177 27.57506,-32.8018 27.57515,-32.80184 27.57519,-32.80186 27.57525,-32.80197 27.57528,-32.80204 27.57533,-32.80213 27.57534,-32.80217 27.57536,-32.80222 27.57548,-32.80231 27.57555,-32.80231 27.57562,-32.80234 27.57572,-32.80237 27.57576,-32.80238 27.57592,-32.80244 27.57597,-32.80247 27.57601,-32.8025 27.57609,-32.80254 27.57611,-32.80261 27.57611,-32.80276 27.57619,-32.8029 27.57627,-32.803 27.5763,-32.80305 27.57632,-32.80311 27.57637,-32.80319 27.57638,-32.80326 27.57637,-32.80336 27.57638,-32.80345 27.57639,-32.80351 27.57642,-32.80356 27.57651,-32.80362 27.57657,-32.80365 27.5766,-32.80369 27.5766,-32.80382 27.57662,-32.80387 27.57662,-32.80391 27.57669,-32.80403 27.57674,-32.80414 27.57677,-32.80418 27.57679,-32.80423 27.5769,-32.80434 27.57698,-32.80438 27.57706,-32.8044 27.57712,-32.8044 27.57719,-32.80441 27.57724,-32.8044 27.57731,-32.80437 27.57736,-32.80435 27.57744,-32.80429 27.5775,-32.80425 27.57754,-32.80424 27.57759,-32.80425 27.57767,-32.80427 27.57774,-32.80424 27.57777,-32.80421 27.57783,-32.80417 27.57786,-32.80416 27.57791,-32.80416 27.57802,-32.80417 27.57807,-32.80418 27.57809,-32.80421 27.57808,-32.80425 27.57801,-32.80426 27.57797,-32.80429 27.57795,-32.80432 27.57796,-32.80438 27.57803,-32.8044 27.57807,-32.80439 27.5781,-32.80435 27.57812,-32.8043 27.57813,-32.80425 27.57814,-32.80421 27.57819,-32.80419 27.57824,-32.80418 27.5783,-32.80418 27.57837,-32.80421 27.57853,-32.8043 27.57858,-32.80433 27.57861,-32.80436 27.57868,-32.80438 27.57872,-32.80441 27.57878,-32.80446 27.57884,-32.8045 27.579,-32.8045 27.57905,-32.80449 27.57914,-32.80446 27.57926,-32.80446 27.57934,-32.80451 27.57953,-32.80451 27.57959,-32.80453 27.57962,-32.80457 27.57965,-32.80458 27.57975,-32.80458 27.57979,-32.8046 27.57986,-32.80463 27.57995,-32.80468 27.58,-32.80469 27.58008,-32.80476 27.58009,-32.80484 27.58006,-32.80496 27.58003,-32.80501 27.58004,-32.8051 27.58009,-32.80515 27.58013,-32.80514 27.58019,-32.80514 27.5802,-32.80521 27.5802,-32.80527 27.58022,-32.8053 27.58029,-32.80535 27.58033,-32.80541 27.58036,-32.80542 27.58039,-32.80542 27.58041,-32.80549 27.58042,-32.8056 27.58037,-32.80568 27.5803,-32.80573 27.58021,-32.8058 27.58018,-32.80586 27.58016,-32.80591 27.58014,-32.80595 27.58014,-32.80598 27.58015,-32.80602 27.58006,-32.80608 27.58005,-32.80616 27.58004,-32.80619 27.58,-32.80622 27.57998,-32.80625 27.58,-32.8063 27.58,-32.80635 27.57999,-32.80641 27.57997,-32.80644 27.57995,-32.8065 27.57993,-32.80657 27.57994,-32.80662 27.57999,-32.80665 27.58,-32.80668 27.57999,-32.80675 27.57992,-32.80682 27.57988,-32.80683 27.57985,-32.80685 27.57981,-32.80686 27.57979,-32.80689 27.57979,-32.80695 27.57978,-32.80699 27.57973,-32.80703 27.57971,-32.80706 27.57969,-32.80711 27.57968,-32.80715 27.57968,-32.80724 27.57966,-32.80729 27.57963,-32.80729 27.5796,-32.80731 27.57958,-32.80733 27.57952,-32.80742 27.5795,-32.80747 27.57946,-32.80752 27.57942,-32.80761 27.57941,-32.80764 27.57941,-32.80768 27.57942,-32.80772 27.57943,-32.80778 27.57942,-32.8079 27.57939,-32.80805 27.57938,-32.80815 27.57937,-32.80824 27.57937,-32.8083 27.57939,-32.80842 27.57945,-32.80847 27.57949,-32.80848 27.57954,-32.80846 27.57957,-32.80847 27.57961,-32.80851 27.57967,-32.80852 27.57975,-32.80856 27.57984,-32.80861 27.57991,-32.80866 27.57995,-32.80867 27.58002,-32.80868 27.58008,-32.8087 27.58011,-32.80873 27.58018,-32.80876 27.58022,-32.80873 27.58028,-32.80874 27.58033,-32.80876 27.58036,-32.80882 27.58041,-32.80883 27.58048,-32.80883 27.58062,-32.80891 27.58065,-32.80894 27.58077,-32.80898 27.58078,-32.80902 27.58072,-32.80902 27.5807,-32.80904 27.5807,-32.80908 27.58073,-32.8091 27.58085,-32.8091 27.58092,-32.80909 27.58095,-32.80909 27.58106,-32.80912 27.5812,-32.80918 27.58126,-32.80919 27.58133,-32.80916 27.58138,-32.80915 27.58145,-32.80916 27.58148,-32.80917 27.58154,-32.80918 27.58159,-32.80918 27.58164,-32.80915 27.58168,-32.80915 27.58174,-32.80918 27.58174,-32.80922 27.58171,-32.80924 27.58169,-32.80929 27.58174,-32.80932 27.58183,-32.80932 27.58186,-32.80936 27.58187,-32.80942 27.58196,-32.80945 27.58201,-32.80945 27.5821,-32.80949 27.58213,-32.80951 27.58218,-32.80956 27.58225,-32.80959 27.58229,-32.8096 27.58239,-32.80964 27.58243,-32.80965 27.58247,-32.80968 27.58255,-32.80972 27.58259,-32.80973 27.58271,-32.80979 27.58275,-32.80983 27.58279,-32.8099 27.58282,-32.80995 27.58292,-32.80997 27.58296,-32.81 27.58299,-32.81002 27.58307,-32.81004 27.58314,-32.81007 27.58321,-32.81008 27.58325,-32.81008 27.58332,-32.81012 27.58338,-32.81014 27.58345,-32.81016 27.58359,-32.81022 27.58364,-32.81025 27.58372,-32.81026 27.58378,-32.81027 27.58384,-32.81026 27.58388,-32.81023 27.58394,-32.81018 27.58399,-32.81014 27.58405,-32.81011 27.5841,-32.81005 27.58415,-32.81003 27.58419,-32.81 27.58429,-32.80995 27.58435,-32.80994 27.58444,-32.80993 27.5846,-32.80991 27.58467,-32.80993 27.58472,-32.80997 27.58472,-32.81002 27.58479,-32.81008 27.58486,-32.81011 27.58488,-32.81013 27.5849,-32.81019 27.58499,-32.81024 27.58504,-32.81025 27.58507,-32.81028 27.58512,-32.81034 27.58516,-32.8104 27.58517,-32.81046 27.58518,-32.81049 27.58522,-32.81057 27.58525,-32.81061 27.58531,-32.81065 27.58534,-32.8107 27.58536,-32.81078 27.58539,-32.81084 27.58543,-32.81089 27.58549,-32.81092 27.58551,-32.81096 27.58554,-32.81103 27.58554,-32.81107 27.58557,-32.81113 27.58562,-32.81126 27.58565,-32.81131 27.58572,-32.81133 27.58576,-32.81138 27.58579,-32.81145 27.58582,-32.8115 27.58587,-32.81155 27.58591,-32.81158 27.58598,-32.81166 27.58603,-32.81167 27.58605,-32.8117 27.58607,-32.81181 27.5861,-32.81185 27.58607,-32.81189 27.58603,-32.8119 27.58605,-32.81198 27.58608,-32.81198 27.58615,-32.81196 27.58624,-32.81202 27.58626,-32.81204 27.58626,-32.8121 27.58628,-32.81216 27.58632,-32.81218 27.58635,-32.81224 27.58636,-32.81229 27.58646,-32.8124 27.58647,-32.81247 27.58641,-32.81255 27.58642,-32.81262 27.58645,-32.81265 27.5865,-32.81267 27.58653,-32.81274 27.58653,-32.81279 27.5866,-32.81288 27.58662,-32.8129 27.58663,-32.81295 27.58667,-32.813 27.58674,-32.81304 27.58682,-32.81307 27.58689,-32.81309 27.58697,-32.81309 27.58705,-32.81308 27.58712,-32.81307 27.58717,-32.81307 27.58729,-32.81304 27.58733,-32.81304 27.58737,-32.81306 27.58742,-32.81307 27.58744,-32.81304 27.5875,-32.81303 27.58755,-32.81303 27.58761,-32.813 27.58763,-32.81297 27.58767,-32.81295 27.58777,-32.81291 27.58782,-32.81289 27.5879,-32.81287 27.58796,-32.81284 27.58799,-32.81278 27.58802,-32.81273 27.58805,-32.8127 27.58822,-32.81258 27.58828,-32.81259 27.58833,-32.81262 27.5884,-32.81259 27.58848,-32.81255 27.58854,-32.81251 27.58859,-32.81248 27.5886,-32.81245 27.58861,-32.8124 27.58864,-32.81238 27.58867,-32.81236 27.58869,-32.81231 27.58873,-32.81229 27.5888,-32.81227 27.58889,-32.81224 27.58898,-32.8122 27.58903,-32.81217 27.58911,-32.81215 27.58927,-32.81209 27.58936,-32.81207 27.58943,-32.81204 27.58949,-32.812 27.58956,-32.81197 27.58964,-32.81192 27.58969,-32.81188 27.58974,-32.81183 27.58977,-32.81177 27.58988,-32.81168 27.58995,-32.81162 27.59003,-32.81153 27.59005,-32.81145 27.59007,-32.81139 27.59012,-32.81131 27.59016,-32.81124 27.59023,-32.81114 27.59033,-32.81105 27.59039,-32.81099 27.59045,-32.81092 27.59051,-32.81081 27.59053,-32.81078 27.59055,-32.81068 27.59052,-32.81063 27.59051,-32.81058 27.59052,-32.81047 27.59053,-32.81039 27.59058,-32.81031 27.5906,-32.81024 27.59065,-32.81017 27.5907,-32.81009 27.59084,-32.80995 27.59093,-32.80987 27.59099,-32.80979 27.59106,-32.80969 27.5911,-32.80963 27.59119,-32.80955 27.59121,-32.80948 27.59121,-32.80942 27.59125,-32.80923 27.59128,-32.80915 27.59134,-32.80907 27.59137,-32.80901 27.59147,-32.80887 27.59152,-32.80881 27.59154,-32.80874 27.59154,-32.80859 27.59161,-32.80849 27.59174,-32.80843 27.59179,-32.80838 27.59189,-32.80831 27.59198,-32.80827 27.59207,-32.80821 27.59211,-32.80816 27.59214,-32.80813 27.59218,-32.80804 27.5922,-32.80799 27.5922,-32.80788 27.59222,-32.80778 27.59228,-32.80772 27.59235,-32.80768 27.59242,-32.80766 27.59253,-32.80764 27.59269,-32.80764 27.59277,-32.80767 27.59287,-32.80773 27.59292,-32.80777 27.59298,-32.80782 27.59306,-32.80788 27.59319,-32.80791 27.59327,-32.8079 27.59337,-32.80785 27.59344,-32.80781 27.59347,-32.80776 27.59352,-32.80771 27.59359,-32.80766 27.59365,-32.80763 27.59374,-32.80757 27.59379,-32.80755 27.59385,-32.80755 27.59393,-32.80754 27.59403,-32.80753 27.59414,-32.80751 27.59426,-32.80751 27.59433,-32.80753 27.59441,-32.80752 27.59447,-32.80748 27.59454,-32.80746 27.59464,-32.80745 27.59468,-32.80743 27.59475,-32.80743 27.59482,-32.80741 27.59487,-32.80738 27.59502,-32.80735 27.59512,-32.80735 27.59526,-32.80736 27.59532,-32.80733 27.59537,-32.8073 27.59545,-32.80728 27.59553,-32.80727 27.59557,-32.80727 27.59567,-32.80731 27.59598,-32.80731 27.59599,-32.80734 27.59603,-32.80736 27.59612,-32.80737 27.59629,-32.80739 27.59639,-32.80744 27.59646,-32.80745 27.59664,-32.80745 27.59668,-32.80747 27.59677,-32.80749 27.59701,-32.80749 27.59709,-32.80746 27.59718,-32.80746 27.59728,-32.80749 27.59732,-32.8075 27.59742,-32.80751 27.59753,-32.80753 27.5976,-32.80753 27.59768,-32.80754 27.59776,-32.80757 27.59784,-32.80762 27.5979,-32.80763 27.598,-32.80763 27.59804,-32.80761 27.5981,-32.80759 27.59819,-32.8076 27.59824,-32.8076 27.59832,-32.80757 27.59838,-32.80755 27.59851,-32.80754 27.59858,-32.80754 27.59865,-32.80756 27.59873,-32.80757 27.59883,-32.80761 27.59892,-32.80762 27.59899,-32.80763 27.59912,-32.80761 27.59923,-32.80764 27.59933,-32.80765 27.5994,-32.80768 27.59938,-32.80771 27.59938,-32.80778 27.59943,-32.80782 27.5995,-32.80784 27.59954,-32.80782 27.59962,-32.80782 27.59968,-32.80785 27.59977,-32.80786 27.59987,-32.80787 27.59995,-32.80786 27.60006,-32.8079 27.60019,-32.80798 27.60028,-32.80801 27.60035,-32.80808 27.60042,-32.80818 27.60048,-32.80822 27.60062,-32.80824 27.60084,-32.80824 27.60093,-32.80825 27.601,-32.8083 27.60112,-32.80833 27.60123,-32.80835 27.60142,-32.80838 27.60149,-32.80839 27.60173,-32.80847 27.60182,-32.80854 27.60193,-32.8087 27.60203,-32.80878 27.60208,-32.80883 27.60228,-32.80891 27.60264,-32.80895 27.60271,-32.80897 27.60284,-32.80899 27.6029,-32.80897 27.60297,-32.80893 27.60303,-32.80886 27.60311,-32.80883 27.60319,-32.80877 27.60327,-32.80875 27.60337,-32.80872 27.60344,-32.80869 27.60347,-32.80863 27.60352,-32.8086 27.60358,-32.80861 27.60358,-32.80865 27.60357,-32.8087 27.60356,-32.80877 27.60358,-32.80882 27.60361,-32.80885 27.6037,-32.80884 27.60378,-32.80882 27.60383,-32.80876 27.60388,-32.80871 27.60395,-32.80871 27.60413,-32.80879 27.60418,-32.80884 27.60425,-32.80888 27.60436,-32.80891 27.60441,-32.80894 27.60452,-32.80895 27.6047,-32.80895 27.60473,-32.80898 27.60479,-32.80901 27.60492,-32.80906 27.60502,-32.80912 27.60514,-32.80921 27.60532,-32.80924 27.60542,-32.80932 27.60545,-32.80934 27.60551,-32.80937 27.60572,-32.80944 27.60579,-32.80949 27.60586,-32.80951 27.60594,-32.80951 27.60601,-32.80954 27.60606,-32.80954 27.60612,-32.80955 27.60616,-32.80958 27.60622,-32.80964 27.60626,-32.80965 27.60629,-32.80965 27.60631,-32.80963 27.60636,-32.80961 27.60641,-32.80961 27.60645,-32.80962 27.60651,-32.80967 27.60655,-32.80972 27.60661,-32.80976 27.60665,-32.80977 27.60678,-32.80977 27.60689,-32.80982 27.60698,-32.80984 27.60702,-32.80986 27.6072,-32.80991 27.60729,-32.80992 27.60737,-32.80994 27.60741,-32.80996 27.60745,-32.80997 27.60751,-32.80997 27.60755,-32.80998 27.60759,-32.81 27.60762,-32.81004 27.60764,-32.81007 27.6077,-32.81011 27.60779,-32.81015 27.60785,-32.81016 27.60791,-32.81018 27.60796,-32.81021 27.60802,-32.81024 27.60809,-32.81029 27.60813,-32.81032 27.60814,-32.81039 27.60811,-32.81042 27.60804,-32.81049 27.608,-32.81057 27.608,-32.81061 27.60803,-32.81066 27.60808,-32.81072 27.60813,-32.81077 27.60817,-32.8108 27.60823,-32.81082 27.6083,-32.81082 27.60836,-32.81081 27.60843,-32.8108 27.60847,-32.8108 27.60856,-32.81082 27.60864,-32.81085 27.6087,-32.81092 27.6087,-32.81102 27.60864,-32.81107 27.60862,-32.81111 27.60863,-32.81116 27.60864,-32.81119 27.60868,-32.81125 27.60872,-32.81138 27.60872,-32.81145 27.6087,-32.8115 27.60867,-32.81156 27.60862,-32.81161 27.60862,-32.81168 27.6086,-32.81177 27.60855,-32.81183 27.60852,-32.81192 27.60852,-32.81196 27.60853,-32.81204 27.60852,-32.81209 27.60849,-32.81211 27.60844,-32.81211 27.60839,-32.81215 27.60836,-32.81222 27.60831,-32.81226 27.6083,-32.81233 27.60828,-32.81241 27.60824,-32.81243 27.60818,-32.81251 27.60816,-32.81257 27.60816,-32.81263 27.60817,-32.81266 27.60822,-32.81269 27.60826,-32.81278 27.60822,-32.81283 27.60817,-32.81285 27.60813,-32.81288 27.6081,-32.81292 27.60811,-32.81301 27.60809,-32.81307 27.60804,-32.81312 27.60802,-32.81316 27.60801,-32.81319 27.60797,-32.81321 27.60795,-32.81324 27.60792,-32.81327 27.60789,-32.81329 27.60786,-32.81341 27.60773,-32.8135 27.60761,-32.81366 27.60756,-32.81382 27.60749,-32.81403 27.60746,-32.81407 27.60744,-32.81411 27.6074,-32.81415 27.60736,-32.81416 27.60733,-32.81417 27.60727,-32.81417 27.60721,-32.81416 27.60711,-32.81416 27.60708,-32.81421 27.60708,-32.81428 27.60707,-32.81433 27.60705,-32.81436 27.60697,-32.81444 27.60689,-32.81459 27.60688,-32.81466 27.60688,-32.81475 27.60683,-32.8148 27.6068,-32.8148 27.60673,-32.81484 27.60669,-32.81491 27.60662,-32.81494 27.60658,-32.81495 27.6065,-32.81496 27.60643,-32.81497 27.6064,-32.81503 27.6064,-32.8152 27.60635,-32.81526 27.6063,-32.8153 27.60625,-32.81537 27.60616,-32.8154 27.60611,-32.81542 27.60607,-32.81544 27.606,-32.81547 27.60593,-32.81559 27.60586,-32.81566 27.6058,-32.81571 27.6057,-32.81576 27.60561,-32.81579 27.60553,-32.8158 27.60545,-32.81583 27.60536,-32.81589 27.60531,-32.81596 27.60523,-32.81604 27.60517,-32.81607 27.60508,-32.81608 27.605,-32.81606 27.60493,-32.8161 27.60489,-32.8161 27.60484,-32.81608 27.60476,-32.81611 27.60466,-32.81614 27.60464,-32.81616 27.6046,-32.81624 27.60454,-32.81626 27.60448,-32.81626 27.60442,-32.81629 27.60442,-32.81636 27.60437,-32.81642 27.60431,-32.81649 27.60428,-32.81657 27.60423,-32.81665 27.6042,-32.81667 27.60415,-32.8167 27.60413,-32.81674 27.60413,-32.81677 27.60408,-32.81686 27.60405,-32.81687 27.60401,-32.81694 27.60397,-32.81698 27.60394,-32.81703 27.60394,-32.81709 27.6039,-32.81713 27.60383,-32.81718 27.60378,-32.8172 27.60375,-32.81725 27.60372,-32.81728 27.60369,-32.81732 27.60364,-32.81733 27.60362,-32.81739 27.60362,-32.81746 27.60357,-32.81747 27.60355,-32.81749 27.60354,-32.81756 27.60355,-32.81764 27.60358,-32.81767 27.60362,-32.81772 27.60368,-32.81774 27.60374,-32.81773 27.60378,-32.81777 27.60378,-32.81781 27.60384,-32.81785 27.6039,-32.8179 27.60393,-32.81796 27.60397,-32.81798 27.60403,-32.81798 27.60408,-32.81792 27.60418,-32.81793 27.60425,-32.81803 27.60421,-32.81811 27.60411,-32.81811 27.60403,-32.81813 27.60401,-32.81823 27.60404,-32.81824 27.60411,-32.81827 27.60415,-32.81837 27.60414,-32.81842 27.60412,-32.81844 27.60413,-32.81852 27.60413,-32.81855 27.60409,-32.8186 27.6041,-32.81869 27.60412,-32.81877 27.60418,-32.81884 27.6042,-32.81887 27.60425,-32.81894 27.60433,-32.81899 27.60442,-32.81901 27.60447,-32.81901 27.60456,-32.81905 27.60461,-32.81907 27.60471,-32.81909 27.60479,-32.81912 27.60488,-32.81913 27.60496,-32.81916 27.60498,-32.81919 27.60503,-32.81922 27.60507,-32.81924 27.60514,-32.81925 27.60517,-32.81925 27.60523,-32.81932 27.60528,-32.81933 27.60532,-32.81932 27.60535,-32.81933 27.60541,-32.81936 27.60548,-32.81939 27.60555,-32.8194 27.60559,-32.81942 27.60568,-32.81946 27.60573,-32.81949 27.60582,-32.81952 27.60589,-32.81956 27.60597,-32.81961 27.60606,-32.81963 27.60615,-32.81963 27.60623,-32.81966 27.6063,-32.8197 27.6064,-32.81974 27.60648,-32.81977 27.60656,-32.81979 27.60661,-32.81978 27.60669,-32.81976 27.60674,-32.81975 27.60688,-32.81966 27.60692,-32.81961 27.60695,-32.81958 27.607,-32.81954 27.60704,-32.81951 27.60709,-32.81946 27.60715,-32.81944 27.6072,-32.8194 27.60729,-32.81937 27.60735,-32.81933 27.60743,-32.81925 27.60747,-32.81919 27.60754,-32.81913 27.60761,-32.81906 27.60767,-32.81903 27.60772,-32.819 27.60779,-32.81896 27.60787,-32.81895 27.60794,-32.81895 27.60802,-32.81898 27.60807,-32.81901 27.60821,-32.81901 27.6083,-32.819 27.60835,-32.81904 27.60837,-32.81907 27.60846,-32.81926 27.60853,-32.81936 27.60864,-32.81939 27.6087,-32.81936 27.60878,-32.81936 27.60884,-32.81937 27.60889,-32.81941 27.60902,-32.81946 27.60906,-32.81948 27.60908,-32.8195 27.60913,-32.81957 27.60915,-32.81958 27.60921,-32.81954 27.60927,-32.81954 27.6093,-32.81958 27.60937,-32.81962 27.60944,-32.81964 27.6095,-32.81968 27.60956,-32.8197 27.60965,-32.81971 27.60968,-32.81973 27.60975,-32.81977 27.60978,-32.8198 27.60987,-32.81986 27.60993,-32.81988 27.61011,-32.81996 27.61015,-32.82001 27.61019,-32.82004 27.61028,-32.82007 27.61039,-32.82011 27.61043,-32.82015 27.61045,-32.82025 27.61042,-32.82028 27.61041,-32.82032 27.61042,-32.82041 27.6105,-32.82049 27.61058,-32.82053 27.61074,-32.82059 27.61079,-32.8206 27.61089,-32.82055 27.61101,-32.82056 27.61107,-32.8206 27.61114,-32.82065 27.61123,-32.8207 27.61134,-32.82074 27.61142,-32.82077 27.61156,-32.82077 27.6117,-32.82076 27.61175,-32.82075 27.61183,-32.82079 27.6119,-32.82081 27.61198,-32.82081 27.61203,-32.8208 27.61213,-32.82079 27.61218,-32.82078 27.61223,-32.82076 27.61232,-32.82076 27.6124,-32.82075 27.61246,-32.82072 27.61254,-32.82071 27.61263,-32.82067 27.61269,-32.82063 27.61275,-32.8206 27.61284,-32.82056 27.61294,-32.82053 27.61305,-32.82045 27.61311,-32.8204 27.61317,-32.82033 27.61323,-32.82027 27.61347,-32.82015 27.61351,-32.82009 27.61354,-32.82004 27.6136,-32.81997 27.61364,-32.81985 27.61367,-32.81975 27.61366,-32.81967 27.61367,-32.81962 27.61362,-32.81963 27.61345,-32.81968 27.61335,-32.81978 27.61325,-32.8198 27.6132,-32.81975 27.6132,-32.81957 27.6133,-32.81951 27.61335,-32.81943 27.61342,-32.81937 27.6135,-32.81929 27.61355,-32.8192 27.6136,-32.81906 27.6136,-32.81891 27.61356,-32.81884 27.61339,-32.81881 27.61336,-32.81877 27.61335,-32.81864 27.61335,-32.81858 27.61336,-32.81853 27.6134,-32.81832 27.61351,-32.81823 27.61354,-32.81824 27.61357,-32.81826 27.61361,-32.81828 27.61368,-32.81825 27.61373,-32.81817 27.61375,-32.81809 27.6137,-32.81798 27.61368,-32.81786 27.61363,-32.81778 27.6136,-32.81772 27.61355,-32.81765 27.61347,-32.81764 27.6134,-32.8176 27.61337,-32.81755 27.61338,-32.81752 27.61348,-32.81752 27.61352,-32.81747 27.61349,-32.81742 27.61342,-32.81739 27.61338,-32.8173 27.61336,-32.8172 27.61336,-32.81703 27.6134,-32.81691 27.6135,-32.81679 27.61358,-32.81672 27.61368,-32.81665 27.61383,-32.8166 27.61393,-32.81657 27.61411,-32.81653 27.61417,-32.81651 27.61433,-32.81638 27.61438,-32.81631 27.6144,-32.81619 27.61443,-32.81608 27.6145,-32.81593 27.61454,-32.81583 27.61462,-32.81575 27.61471,-32.81567 27.61478,-32.81563 27.61484,-32.81559 27.61496,-32.81558 27.61505,-32.81556 27.61515,-32.81556 27.61519,-32.81553 27.6153,-32.81552 27.61531,-32.81559 27.61532,-32.81564 27.61539,-32.81567 27.61549,-32.81569 27.61558,-32.8157 27.61565,-32.81568 27.61568,-32.81562 27.61574,-32.81561 27.6158,-32.81565 27.61588,-32.81565 27.61596,-32.81557 27.61602,-32.81548 27.61613,-32.81545 27.6162,-32.81542 27.61628,-32.8154 27.61638,-32.81535 27.61661,-32.81532 27.61666,-32.8153 27.61694,-32.8153 27.61702,-32.81533 27.6171,-32.81539 27.61724,-32.81539 27.61741,-32.81542 27.61751,-32.81544 27.61768,-32.81547 27.61777,-32.8155 27.61779,-32.81553 27.61783,-32.81555 27.61791,-32.81553 27.61798,-32.81548 27.61809,-32.81549 27.61821,-32.8156 27.61815,-32.81575 27.61819,-32.81579 27.61828,-32.81585 27.61835,-32.81588 27.61841,-32.8159 27.61849,-32.81587 27.61854,-32.81584 27.61867,-32.81584 27.61875,-32.81587 27.61881,-32.81598 27.61881,-32.81603 27.61884,-32.81612 27.61891,-32.81623 27.61897,-32.81632 27.61903,-32.81636 27.61911,-32.81636 27.61914,-32.81627 27.61919,-32.81624 27.61926,-32.81624 27.61934,-32.81628 27.61936,-32.81634 27.61933,-32.81638 27.61931,-32.81642 27.61931,-32.8165 27.61938,-32.81657 27.61945,-32.8166 27.61954,-32.81665 27.61961,-32.81669 27.61971,-32.81671 27.61975,-32.81676 27.61977,-32.81682 27.61985,-32.8169 27.61994,-32.81692 27.62003,-32.81697 27.62007,-32.81702 27.62014,-32.81708 27.62023,-32.81714 27.62035,-32.81721 27.62043,-32.81726 27.62054,-32.81729 27.62072,-32.81739 27.62081,-32.81741 27.62091,-32.81743 27.62101,-32.81747 27.62107,-32.81751 27.62116,-32.81755 27.62126,-32.8176 27.62132,-32.81764 27.62141,-32.81775 27.62142,-32.81778 27.62143,-32.81789 27.62149,-32.81802 27.62153,-32.81814 27.62155,-32.81823 27.62155,-32.81831 27.6215,-32.81842 27.62146,-32.81848 27.62154,-32.81853 27.62159,-32.81849 27.62159,-32.81839 27.62162,-32.81837 27.6217,-32.8184 27.62175,-32.81847 27.6218,-32.81858 27.62184,-32.81871 27.62183,-32.8188 27.62177,-32.81885 27.62169,-32.81889 27.62167,-32.81896 27.62161,-32.81899 27.62156,-32.81899 27.62156,-32.81906 27.62157,-32.81913 27.62151,-32.81922 27.62142,-32.81935 27.62133,-32.81945 27.6213,-32.81953 27.6213,-32.8196 27.62127,-32.81964 27.62121,-32.81968 27.62122,-32.81978 27.62128,-32.8198 27.62131,-32.8199 27.62131,-32.82001 27.62136,-32.8201 27.62142,-32.82019 27.6215,-32.82023 27.62158,-32.82022 27.62165,-32.8202 27.62167,-32.82016 27.62176,-32.82014 27.62181,-32.82015 27.62188,-32.82019 27.62194,-32.8202 27.62198,-32.82019 27.62203,-32.82019 27.6221,-32.82021 27.62219,-32.82027 27.62229,-32.82028 27.62236,-32.82032 27.6224,-32.82038 27.62246,-32.82042 27.62256,-32.82045 27.62264,-32.82043 27.6227,-32.82042 27.62292,-32.82042 27.62333,-32.82041 27.62368,-32.82045 27.62381,-32.82046 27.62416,-32.82053 27.62462,-32.82055 27.62474,-32.82059 27.62498,-32.82059 27.62527,-32.8206 27.62553,-32.82061 27.6258,-32.82068 27.62611,-32.8208 27.6263,-32.82091 27.62656,-32.82106 27.62698,-32.82127 27.62725,-32.82141 27.62755,-32.82165 27.62769,-32.82181 27.62775,-32.82193 27.62777,-32.82206 27.62787,-32.82228 27.62802,-32.82256 27.62821,-32.82278 27.6285,-32.82298 27.62886,-32.82313 27.62912,-32.82314 27.6293,-32.82313 27.62951,-32.8231 27.62965,-32.82305 27.62982,-32.8229 27.62994,-32.82276 27.63002,-32.82264 27.63016,-32.82258 27.63042,-32.82247 27.63049,-32.8224 27.63054,-32.82232 27.63052,-32.82222 27.63048,-32.82212 27.6304,-32.82199 27.63037,-32.82189 27.63017,-32.82169 27.63,-32.82153 27.62989,-32.82137 27.62974,-32.82119 27.6297,-32.82101 27.62967,-32.82075 27.62961,-32.82048 27.62947,-32.82021 27.62931,-32.81992 27.62924,-32.81974 27.6292,-32.81956 27.62914,-32.81935 27.6291,-32.81927 27.62903,-32.81919 27.62895,-32.81914 27.62889,-32.81905 27.62881,-32.81894 27.62875,-32.81891 27.62863,-32.81885 27.62846,-32.81867 27.62834,-32.81856 27.62801,-32.8183 27.62775,-32.81806 27.62742,-32.81766 27.62721,-32.81731 27.6269,-32.81684 27.6268,-32.81662 27.62665,-32.81637 27.62651,-32.81602 27.62641,-32.81587 27.6263,-32.81573 27.62617,-32.81558 27.62603,-32.81549 27.62597,-32.81539 27.62593,-32.81531 27.6259,-32.81507 27.62584,-32.81489 27.62584,-32.81475 27.62591,-32.81464 27.62592,-32.81455 27.62598,-32.81454 27.62625,-32.81447 27.62642,-32.81439 27.62651,-32.81426 27.62655,-32.81412 27.62653,-32.81392 27.62655,-32.81375 27.6267,-32.81349 27.62688,-32.8132 27.62692,-32.81302 27.62697,-32.81278 27.62721,-32.8125 27.62743,-32.8123 27.62756,-32.81224 27.62781,-32.81223 27.62831,-32.81239 27.62864,-32.81248 27.62882,-32.81253 27.62902,-32.81264 27.62958,-32.813 27.62992,-32.81325 27.63009,-32.81342 27.63018,-32.81353 27.6302,-32.81363 27.63021,-32.81372 27.63021,-32.8138 27.6302,-32.81385 27.63012,-32.81392 27.62998,-32.8141 27.62994,-32.81432 27.62994,-32.81445 27.63005,-32.81455 27.63012,-32.81461 27.63025,-32.81475 27.63039,-32.81494 27.63042,-32.81512 27.63049,-32.81526 27.63066,-32.81532 27.63094,-32.81516 27.63114,-32.81506 27.63127,-32.81507 27.63137,-32.81517 27.63158,-32.81547 27.63187,-32.81573 27.63243,-32.81605 27.63295,-32.8163 27.63351,-32.81662 27.63384,-32.81685 27.63395,-32.81699 27.63408,-32.81718 27.63438,-32.81727 27.63467,-32.81728 27.63523,-32.81727 27.63562,-32.81725 27.63582,-32.8172 27.63598,-32.81721 27.6361,-32.81714 27.63628,-32.81689 27.63665,-32.81655 27.63703,-32.81617 27.6371,-32.81602 27.63706,-32.81575 27.63707,-32.81551 27.63713,-32.81525 27.63731,-32.81504 27.63745,-32.815 27.63761,-32.81498 27.6379,-32.81507 27.63805,-32.8151 27.63816,-32.81507 27.63858,-32.81475 27.63907,-32.81422 27.63925,-32.814 27.63934,-32.81381 27.63945,-32.81364 27.63962,-32.81353 27.6398,-32.81352 27.6402,-32.81344 27.64062,-32.81329 27.64096,-32.81317 27.64116,-32.81307 27.64197,-32.81294 27.64228,-32.81296 27.64251,-32.81298 27.64339,-32.81293 27.64368,-32.81288 27.64394,-32.81293 27.64412,-32.81289 27.64424,-32.81282 27.64459,-32.81275 27.64491,-32.8126 27.6453,-32.8125 27.64574,-32.81232 27.64623,-32.81205 27.64651,-32.81195 27.64671,-32.81182 27.64695,-32.81166 27.64711,-32.81163 27.64733,-32.81161 27.64759,-32.81175 27.64776,-32.81188 27.64791,-32.81216 27.648,-32.81239 27.64804,-32.81272 27.64817,-32.81297 27.64828,-32.81323 27.6483,-32.81341 27.64827,-32.81367 27.64829,-32.81395 27.64842,-32.81437 27.64853,-32.81477 27.64886,-32.81547 27.64903,-32.81609 27.64933,-32.81659 27.64939,-32.81677 27.64961,-32.817 27.64975,-32.81722 27.64983,-32.81737 27.65001,-32.81758 27.65054,-32.81809 27.65095,-32.81853 27.65135,-32.81902 27.65165,-32.81954 27.6518,-32.81984 27.6519,-32.82008 27.65192,-32.82041 27.6519,-32.8207 27.65183,-32.82091 27.65157,-32.82122 27.65134,-32.82147 27.65113,-32.82155 27.6508,-32.82163 27.64991,-32.82169 27.64923,-32.82176 27.64777,-32.82189 27.64748,-32.82185 27.64731,-32.82185 27.64711,-32.82188 27.64698,-32.82194 27.64681,-32.82207 27.64646,-32.82213 27.64616,-32.82223 27.64588,-32.8224 27.6457,-32.82261 27.64556,-32.82278 27.64553,-32.82294 27.64553,-32.8232 27.64554,-32.8234 27.64558,-32.82359 27.64556,-32.8238 27.64554,-32.824 27.64554,-32.82427 27.64559,-32.82444 27.64571,-32.82457 27.64585,-32.82475 27.64611,-32.82505 27.64648,-32.82532 27.64675,-32.82552 27.64697,-32.82563 27.64726,-32.82573 27.64822,-32.82586 27.64868,-32.8259 27.64942,-32.8259 27.64987,-32.82594 27.65036,-32.82607 27.65055,-32.82607 27.65115,-32.82619 27.65158,-32.82637 27.65201,-32.82647 27.65251,-32.82665 27.65327,-32.82703 27.65348,-32.82723 27.65394,-32.8274 27.65434,-32.82762 27.65486,-32.82777 27.65506,-32.82782 27.65524,-32.82795 27.65527,-32.82808 27.65525,-32.8285 27.65516,-32.82872 27.65517,-32.82901 27.65522,-32.82941 27.65526,-32.82976 27.65531,-32.83014 27.65534,-32.83046 27.65536,-32.83076 27.65534,-32.83101 27.65521,-32.83163 27.65492,-32.83238 27.65474,-32.83276 27.6546,-32.83309 27.65445,-32.8334 27.65401,-32.83403 27.65377,-32.83439 27.65363,-32.83467 27.65342,-32.83511 27.65319,-32.83542 27.65284,-32.83582 27.65243,-32.83616 27.65215,-32.83654 27.65202,-32.83681 27.65191,-32.83709 27.6519,-32.83713 27.65187,-32.83727 27.65187,-32.83779 27.65189,-32.8381 27.65191,-32.83826 27.65205,-32.83863 27.6521,-32.8388 27.6521,-32.83904 27.65206,-32.83921 27.65197,-32.83934 27.65187,-32.83957 27.65187,-32.83969 27.65196,-32.83987 27.65214,-32.84002 27.65242,-32.84002 27.65272,-32.84011 27.65297,-32.8403 27.65325,-32.84049 27.65387,-32.84072 27.65429,-32.84083 27.65516,-32.84098 27.65576,-32.84105 27.65618,-32.84111 27.65631,-32.84117 27.6564,-32.84129 27.6565,-32.84132 27.65654,-32.84129 27.65653,-32.84121 27.65654,-32.84111 27.65674,-32.84099 27.6568,-32.84098 27.65691,-32.84096 27.6571,-32.84087 27.65766,-32.84079 27.65812,-32.8407 27.65851,-32.84061 27.65877,-32.84051 27.65886,-32.84041 27.65885,-32.84015 27.65878,-32.83988 27.65846,-32.83946 27.65835,-32.83926 27.65807,-32.83912 27.65783,-32.83896 27.65749,-32.83895 27.65731,-32.83898 27.65704,-32.83897 27.65684,-32.83887 27.65671,-32.83874 27.65644,-32.83844 27.65631,-32.8382 27.65628,-32.83805 27.65635,-32.83785 27.6565,-32.83766 27.65664,-32.83757 27.65696,-32.83744 27.65728,-32.8374 27.65803,-32.83736 27.65878,-32.83731 27.6594,-32.83735 27.65993,-32.83733 27.66084,-32.83729 27.66122,-32.83725 27.66134,-32.83725 27.66144,-32.83724 27.66152,-32.83722 27.66157,-32.83721 27.66164,-32.83721 27.66173,-32.83722 27.66181,-32.83722 27.66187,-32.8373 27.66182,-32.83736 27.66182,-32.8374 27.66188,-32.83745 27.6621,-32.83745 27.66224,-32.83748 27.66235,-32.83747 27.66255,-32.83748 27.66265,-32.83752 27.66287,-32.83754 27.66297,-32.83748 27.66303,-32.8374 27.66302,-32.83732 27.66297,-32.83731 27.66282,-32.83733 27.66278,-32.83729 27.66282,-32.83726 27.66289,-32.83726 27.66302,-32.83722 27.66311,-32.83721 27.66315,-32.8372 27.66318,-32.8372 27.66326,-32.83719 27.66338,-32.8372 27.66351,-32.83719 27.66362,-32.83717 27.66369,-32.83715 27.66384,-32.8371 27.66391,-32.8371 27.66396,-32.83708 27.66404,-32.83705 27.66411,-32.83704 27.66417,-32.83703 27.66423,-32.837 27.66426,-32.83698 27.66431,-32.83697 27.66446,-32.83693 27.66448,-32.83691 27.66453,-32.83689 27.66459,-32.83687 27.66461,-32.83685 27.66466,-32.83682 27.66467,-32.83676 27.6647,-32.83673 27.66476,-32.83672 27.66476,-32.83667 27.66475,-32.83663 27.66478,-32.8366 27.66484,-32.83658 27.6649,-32.83657 27.66495,-32.83654 27.665,-32.83648 27.66504,-32.83643 27.66507,-32.83638 27.66511,-32.83634 27.66516,-32.83632 27.66526,-32.83627 27.66528,-32.83622 27.66522,-32.8362 27.66516,-32.83614 27.66509,-32.83611 27.66503,-32.83601 27.6651,-32.83594 27.6652,-32.836 27.66526,-32.83605 27.6653,-32.83606 27.66537,-32.83605 27.66541,-32.83604 27.66544,-32.836 27.66547,-32.83591 27.66547,-32.83586 27.66548,-32.83582 27.66552,-32.83576 27.66553,-32.8357 27.66552,-32.83563 27.66546,-32.83558 27.66541,-32.83556 27.6654,-32.83549 27.66544,-32.83544 27.66548,-32.83541 27.66549,-32.83538 27.66548,-32.83531 27.66545,-32.8353 27.66538,-32.83526 27.66544,-32.83518 27.66545,-32.83511 27.66541,-32.83506 27.66537,-32.83503 27.6653,-32.835 27.6652,-32.835 27.66511,-32.83496 27.66504,-32.83491 27.66498,-32.8349 27.66496,-32.83493 27.66493,-32.83497 27.66478,-32.835 27.66468,-32.83498 27.66465,-32.83497 27.66446,-32.83497 27.6644,-32.835 27.66434,-32.83498 27.66432,-32.83494 27.66432,-32.83488 27.66429,-32.83486 27.66424,-32.83484 27.66417,-32.83482 27.66409,-32.83481 27.66399,-32.83478 27.66385,-32.83475 27.66378,-32.83474 27.66374,-32.83474 27.66356,-32.83467 27.66353,-32.83463 27.66346,-32.83461 27.66339,-32.83457 27.6633,-32.83452 27.66323,-32.83447 27.66315,-32.83445 27.66307,-32.83444 27.66292,-32.8344 27.6628,-32.83433 27.66273,-32.83428 27.66254,-32.83416 27.66245,-32.8341 27.66233,-32.83403 27.66221,-32.83394 27.66212,-32.83387 27.66208,-32.83384 27.66204,-32.83379 27.66202,-32.83376 27.66201,-32.83373 27.66194,-32.83369 27.66188,-32.8337 27.66185,-32.83376 27.66186,-32.83383 27.66188,-32.83388 27.66184,-32.83392 27.66177,-32.83393 27.6617,-32.83391 27.66165,-32.83389 27.66159,-32.83387 27.66155,-32.83385 27.6615,-32.83382 27.66147,-32.8338 27.66145,-32.83378 27.66143,-32.83375 27.66142,-32.83369 27.66145,-32.8336 27.6615,-32.83355 27.66155,-32.83352 27.66158,-32.83351 27.66164,-32.83348 27.66165,-32.83345 27.66165,-32.83341 27.66161,-32.83334 27.66159,-32.83325 27.66154,-32.83322 27.66145,-32.83322 27.66135,-32.83319 27.66131,-32.8331 27.66132,-32.83301 27.66139,-32.83297 27.6615,-32.83297 27.66152,-32.83292 27.66149,-32.83281 27.66145,-32.8328 27.66144,-32.83274 27.66144,-32.83268 27.66141,-32.83265 27.66136,-32.83263 27.66133,-32.83257 27.66133,-32.83254 27.66134,-32.83248 27.66135,-32.83241 27.66132,-32.83235 27.66129,-32.83233 27.66126,-32.83228 27.66126,-32.83224 27.66127,-32.83219 27.66131,-32.83213 27.66137,-32.83209 27.66145,-32.83204 27.6615,-32.832 27.66174,-32.8318 27.66176,-32.83178 27.6618,-32.83172 27.66186,-32.8316 27.66192,-32.83153 27.66198,-32.83149 27.66209,-32.83146 27.66217,-32.83145 27.66233,-32.83137 27.66243,-32.83129 27.66251,-32.83125 27.66259,-32.83117 27.66265,-32.83116 27.66278,-32.8312 27.66285,-32.83122 27.66295,-32.83124 27.6631,-32.83122 27.66318,-32.83121 27.66325,-32.83119 27.66333,-32.83117 27.6634,-32.83117 27.66347,-32.83118 27.66358,-32.83121 27.66363,-32.83123 27.66395,-32.83123 27.66403,-32.8312 27.66415,-32.8312 27.66422,-32.83124 27.66423,-32.83132 27.6642,-32.83137 27.6642,-32.83142 27.66431,-32.83143 27.66437,-32.83143 27.66443,-32.83142 27.66449,-32.83139 27.66453,-32.83132 27.66457,-32.83128 27.66457,-32.8312 27.66453,-32.83119 27.66447,-32.83119 27.6644,-32.83115 27.66442,-32.83108 27.66446,-32.83102 27.66452,-32.83101 27.66458,-32.83099 27.66467,-32.83097 27.66475,-32.83095 27.66482,-32.83095 27.66488,-32.83094 27.66493,-32.83092 27.66496,-32.8309 27.66501,-32.83088 27.66507,-32.83081 27.66514,-32.83076 27.66523,-32.83071 27.66533,-32.83066 27.6655,-32.83065 27.66577,-32.83065 27.66586,-32.83066 27.66596,-32.83065 27.66605,-32.83063 27.66611,-32.8306 27.66615,-32.83055 27.6662,-32.83049 27.66622,-32.83042 27.66625,-32.83023 27.66627,-32.83014 27.66628,-32.8301 27.66632,-32.83003 27.66635,-32.82993 27.66638,-32.82985 27.66645,-32.82982 27.66649,-32.82979 27.66652,-32.82974 27.66653,-32.82969 27.66654,-32.82961 27.66659,-32.82954 27.66661,-32.82951 27.66667,-32.82944 27.66669,-32.82934 27.66672,-32.82929 27.66674,-32.82923 27.66675,-32.82911 27.66676,-32.82903 27.66679,-32.8289 27.66679,-32.82883 27.66682,-32.8287 27.66687,-32.82862 27.66694,-32.82857 27.667,-32.8285 27.66709,-32.82844 27.66718,-32.82842 27.66733,-32.82842 27.66744,-32.82844 27.66761,-32.8285 27.66785,-32.82861 27.66797,-32.8286 27.66805,-32.8286 27.6682,-32.82857 27.66825,-32.82852 27.66828,-32.82855 27.67398,-32.83445 27.67417,-32.83435 27.68181,-32.82711 27.68828,-32.82094 27.6918,-32.81784 27.69234,-32.81761 27.6928,-32.81742 27.70028,-32.8162 27.7043,-32.81553 27.70443,-32.81545 27.70964,-32.81232 27.71176,-32.81105 27.71589,-32.80857 27.71768,-32.80512 27.71876,-32.80305 27.72033,-32.80014 27.72047,-32.79988 27.71577,-32.79734 27.7136,-32.79225 27.71174,-32.7875 27.70927,-32.78207 27.70775,-32.77829 27.70783,-32.77831 27.71726,-32.78097 27.72535,-32.7832 27.72733,-32.78393 27.73343,-32.78137 27.74099,-32.77829 27.74238,-32.77768 27.75277,-32.77874 27.75312,-32.77873 27.75829,-32.77856 27.76279,-32.77836 27.76304,-32.77835 27.76637,-32.7756 27.77323,-32.76962 27.77642,-32.76685 27.77639,-32.7668 27.77649,-32.76668 27.77653,-32.76668 27.77655,-32.76659 27.77655,-32.76652 27.77669,-32.76646 27.77681,-32.76641 27.77695,-32.76632 27.77703,-32.76617 27.77715,-32.76607 27.77721,-32.76604 27.77733,-32.76604 27.77751,-32.76608 27.77757,-32.76608 27.77782,-32.7661 27.77808,-32.76613 27.77822,-32.76613 27.77843,-32.7661 27.77856,-32.7661 27.77868,-32.76612 27.77898,-32.76626 27.77917,-32.76632 27.77926,-32.76634 27.77934,-32.76621 27.77946,-32.76581 27.7794,-32.76548 27.77928,-32.76466 27.77919,-32.7643 27.77906,-32.76395 27.77906,-32.76372 27.77911,-32.76338 27.77929,-32.76283 27.77949,-32.76229 27.77972,-32.76169 27.78008,-32.76065 27.78023,-32.76026 27.78068,-32.75932 27.78086,-32.75912 27.78103,-32.75883 27.78134,-32.7586 27.78154,-32.7583 27.78163,-32.75798 27.78178,-32.75777 27.78204,-32.75767 27.78232,-32.75756 27.78285,-32.75764 27.78341,-32.75776 27.78417,-32.75811 27.78485,-32.75872 27.78531,-32.75916 27.78631,-32.75986 27.78666,-32.75998 27.78696,-32.75997 27.78726,-32.7598 27.78735,-32.75959 27.78741,-32.75922 27.78727,-32.75871 27.7872,-32.75819 27.78697,-32.75749 27.78674,-32.75688 27.78619,-32.75596 27.78572,-32.75505 27.78539,-32.75488 27.7852,-32.75432 27.78493,-32.75398 27.78453,-32.75362 27.7838,-32.75335 27.78339,-32.75316 27.78332,-32.75312 27.783,-32.75302 27.78267,-32.75276 27.78239,-32.75259 27.78223,-32.75255 27.78216,-32.75247 27.78223,-32.75217 27.78219,-32.75168 27.78213,-32.75127 27.78191,-32.75077 27.78179,-32.7503 27.7818,-32.74985 27.78198,-32.74958 27.78221,-32.7494 27.78241,-32.74939 27.78261,-32.74917 27.78269,-32.74894 27.7827,-32.74891 27.7828,-32.74885 27.78306,-32.7487 27.78339,-32.74867 27.78417,-32.74865 27.78495,-32.74869 27.78556,-32.74876 27.78651,-32.74873 27.7869,-32.74885 27.78723,-32.74906 27.78742,-32.74947 27.78744,-32.74951 27.7876,-32.74978 27.78766,-32.75002 27.78766,-32.75043 27.78779,-32.75076 27.78784,-32.75085 27.78796,-32.7511 27.78822,-32.75172 27.78844,-32.7522 27.78856,-32.75244 27.78863,-32.75269 27.78873,-32.75297 27.78874,-32.75315 27.78879,-32.7534 27.78905,-32.75349 27.78942,-32.75346 27.78967,-32.75332 27.78996,-32.75304 27.79026,-32.75274 27.7905,-32.75248 27.79063,-32.75241 27.79071,-32.75216 27.79074,-32.75209 27.7907,-32.7518 27.79077,-32.75142 27.7908,-32.75102 27.79093,-32.75065 27.79104,-32.75003 27.79109,-32.74963 27.79129,-32.74918 27.79154,-32.74851 27.79161,-32.74816 27.79147,-32.74779 27.79147,-32.74751 27.79158,-32.74692 27.79185,-32.74654 27.79196,-32.74627 27.79207,-32.74605 27.79229,-32.74595 27.79245,-32.74578 27.79266,-32.74557 27.79326,-32.74557 27.7938,-32.74577 27.79396,-32.74577 27.79461,-32.74614 27.79483,-32.74634 27.79515,-32.74703 27.79521,-32.74728 27.79521,-32.7475 27.7951,-32.74768 27.795,-32.7479 27.79469,-32.74826 27.79458,-32.74856 27.79456,-32.74875 27.79452,-32.74892 27.79452,-32.74899 27.79457,-32.74906 27.795,-32.74928 27.79507,-32.74934 27.79513,-32.74956 27.79509,-32.74989 27.79501,-32.75018 27.79494,-32.75038 27.79504,-32.75059 27.79514,-32.75072 27.79517,-32.75111 27.79517,-32.75152 27.79505,-32.75183 27.79504,-32.75204 27.79508,-32.75225 27.79514,-32.75244 27.79531,-32.75304 27.79534,-32.75335 27.79547,-32.75353 27.79564,-32.75377 27.79577,-32.754 27.79577,-32.7541 27.79598,-32.75433 27.79641,-32.75473 27.79677,-32.75496 27.79699,-32.75519 27.79732,-32.75551 27.7976,-32.75567 27.7979,-32.75585 27.79834,-32.75595 27.79907,-32.75602 27.79932,-32.75598 27.79961,-32.75591 27.79999,-32.75585 27.80074,-32.75583 27.80137,-32.75581 27.80187,-32.75583 27.80205,-32.75583 27.80218,-32.75589 27.80238,-32.75601 27.80257,-32.75621 27.80269,-32.75665 27.80289,-32.75721 27.80288,-32.75753 27.80289,-32.75778 27.80297,-32.7581 27.80302,-32.75858 27.80305,-32.75907 27.80313,-32.75965 27.80318,-32.76029 27.80322,-32.76066 27.8034,-32.7617 27.80336,-32.7619 27.80312,-32.76208 27.80307,-32.76218 27.8031,-32.76233 27.8031,-32.7625 27.80322,-32.76302 27.80339,-32.76349 27.80354,-32.76377 27.80377,-32.76405 27.80408,-32.76422 27.80433,-32.76429 27.80445,-32.7643 27.80463,-32.76433 27.80513,-32.76439 27.80572,-32.76422 27.80633,-32.76392 27.80711,-32.7637 27.80799,-32.76344 27.80847,-32.76326 27.809,-32.76305 27.80976,-32.76279 27.81025,-32.76269 27.81079,-32.7625 27.81127,-32.76232 27.8115,-32.76233 27.81182,-32.76225 27.81211,-32.76215 27.81231,-32.76203 27.81244,-32.76192 27.81249,-32.76183 27.81249,-32.76177 27.81255,-32.76172 27.81293,-32.76147 27.81319,-32.7614 27.81354,-32.76137 27.81378,-32.76134 27.81427,-32.76118 27.81491,-32.761 27.81505,-32.761 27.81508,-32.76103 27.8152,-32.7611 27.81526,-32.76126 27.81526,-32.76142 27.81533,-32.76173 27.81548,-32.76205 27.81568,-32.76222 27.8159,-32.76248 27.81613,-32.7627 27.81628,-32.7629 27.81635,-32.76317 27.81638,-32.76332 27.81634,-32.76349 27.81623,-32.76367 27.8162,-32.76397 27.8162,-32.76415 27.81634,-32.7644 27.81639,-32.76458 27.81642,-32.76475 27.81643,-32.765 27.81644,-32.76527 27.81638,-32.76552 27.8163,-32.76574 27.81623,-32.766 27.81617,-32.76622 27.81593,-32.76662 27.81577,-32.76676 27.81569,-32.76697 27.81554,-32.76714 27.81548,-32.76737 27.81539,-32.76754 27.81521,-32.76799 27.81518,-32.76815 27.81497,-32.76856 27.81478,-32.76885 27.81461,-32.76914 27.81438,-32.76942 27.81401,-32.76981 27.81375,-32.77012 27.81361,-32.77013 27.81345,-32.77017 27.81329,-32.77028 27.81306,-32.77054 27.81282,-32.77086 27.81271,-32.77106 27.81254,-32.77128 27.81232,-32.77158 27.812,-32.77185 27.81154,-32.77222 27.81125,-32.77245 27.8111,-32.77255 27.81091,-32.77254 27.81064,-32.7728 27.8104,-32.77325 27.81011,-32.77377 27.80999,-32.77408 27.8099,-32.7744 27.80988,-32.77471 27.80989,-32.77492 27.80984,-32.77529 27.80976,-32.77553 27.80969,-32.77573 27.80967,-32.77597 27.80956,-32.77636 27.8095,-32.77656 27.80931,-32.77682 27.80912,-32.77715 27.80907,-32.77749 27.80895,-32.77794 27.80891,-32.77832 27.80886,-32.77872 27.80891,-32.77914 27.80908,-32.77941 27.80919,-32.77945 27.80929,-32.77959 27.80934,-32.77979 27.80932,-32.77989 27.80937,-32.78003 27.80948,-32.78013 27.8096,-32.78024 27.80974,-32.78046 27.80992,-32.78061 27.81004,-32.78076 27.81015,-32.78089 27.8103,-32.78101 27.81053,-32.78112 27.81091,-32.78128 27.8112,-32.78141 27.81149,-32.78148 27.81205,-32.78152 27.81248,-32.78156 27.81295,-32.78162 27.8132,-32.78171 27.81378,-32.78191 27.81454,-32.78207 27.81476,-32.78214 27.8149,-32.78213 27.81508,-32.78213 27.8152,-32.78206 27.81568,-32.7821 27.8161,-32.78211 27.81646,-32.78218 27.81675,-32.78231 27.81706,-32.7824 27.8177,-32.78246 27.81916,-32.78246 27.81992,-32.78247 27.82009,-32.78247 27.82024,-32.78241 27.82043,-32.78231 27.82061,-32.78227 27.82075,-32.7823 27.82091,-32.78227 27.82119,-32.78229 27.82157,-32.78229 27.82174,-32.78228 27.82194,-32.7822 27.82238,-32.78209 27.82275,-32.78207 27.82342,-32.78214 27.82399,-32.78216 27.82459,-32.78209 27.82477,-32.78204 27.82519,-32.782 27.8254,-32.78194 27.82595,-32.78173 27.82659,-32.7814 27.82691,-32.78121 27.82698,-32.78111 27.82708,-32.78099 27.82712,-32.78094 27.82721,-32.78088 27.82766,-32.78081 27.82781,-32.78074 27.82796,-32.78071 27.82819,-32.78075 27.82837,-32.78081 27.8286,-32.78082 27.82884,-32.78085 27.82917,-32.78082 27.82937,-32.78071 27.82956,-32.7806 27.82967,-32.78047 27.82973,-32.78039 27.82984,-32.78029 27.82998,-32.78029 27.8302,-32.78049 27.83041,-32.78059 27.83089,-32.78061 27.83106,-32.78064 27.83125,-32.7808 27.83146,-32.78092 27.83176,-32.78104 27.83196,-32.7812 27.83224,-32.78138 27.83248,-32.78159 27.83274,-32.78186 27.83288,-32.78208 27.83319,-32.7827 27.83339,-32.78318 27.83349,-32.78354 27.83359,-32.78388 27.83365,-32.78416 27.83361,-32.7844 27.83351,-32.78461 27.83343,-32.7848 27.83339,-32.78511 27.83337,-32.7854 27.83331,-32.78563 27.83332,-32.78572 27.83328,-32.78585 27.83319,-32.78607 27.83305,-32.78635 27.83291,-32.78657 27.83264,-32.78675 27.83246,-32.78688 27.83227,-32.78692 27.83217,-32.78695 27.83204,-32.78705 27.83199,-32.78715 27.83192,-32.78718 27.83175,-32.7872 27.8317,-32.78717 27.8316,-32.78717 27.83137,-32.78738 27.83106,-32.78772 27.83091,-32.7879 27.83057,-32.78819 27.83033,-32.78832 27.83012,-32.78841 27.82989,-32.78842 27.82974,-32.78845 27.82949,-32.78857 27.82931,-32.78868 27.82913,-32.78882 27.82882,-32.78892 27.82845,-32.78918 27.82815,-32.78947 27.82802,-32.78963 27.82789,-32.78989 27.82772,-32.79026 27.82764,-32.79052 27.82757,-32.79075 27.82737,-32.79101 27.82706,-32.79136 27.8269,-32.79159 27.82677,-32.79166 27.8265,-32.79175 27.8264,-32.79192 27.82618,-32.79212 27.82604,-32.79231 27.82593,-32.79243 27.82582,-32.79251 27.82572,-32.79251 27.82561,-32.79246 27.82552,-32.79244 27.82545,-32.79248 27.82531,-32.79264 27.82515,-32.79268 27.8251,-32.79277 27.825,-32.79283 27.82487,-32.79291 27.82478,-32.79296 27.82467,-32.79304 27.82457,-32.7931 27.82442,-32.79315 27.82423,-32.79319 27.82414,-32.79328 27.82415,-32.79343 27.82418,-32.79372 27.82414,-32.79395 27.82402,-32.79419 27.8239,-32.79461 27.8238,-32.79494 27.8237,-32.7951 27.82359,-32.79524 27.82348,-32.79547 27.82347,-32.79564 27.82345,-32.79578 27.82343,-32.79594 27.82341,-32.79625 27.82332,-32.79675 27.82319,-32.79725 27.82311,-32.79755 27.82309,-32.79773 27.82307,-32.79797 27.82308,-32.7981 27.8232,-32.79821 27.82324,-32.79831 27.82325,-32.79847 27.82321,-32.79871 27.82315,-32.79892 27.8231,-32.79911 27.82304,-32.79925 27.823,-32.79956 27.82299,-32.80014 27.82304,-32.80063 27.82305,-32.80084 27.82304,-32.80105 27.82294,-32.80136 27.82284,-32.80147 27.82281,-32.80164 27.82278,-32.80191 27.82279,-32.80207 27.82287,-32.80236 27.82285,-32.80253 27.82285,-32.803 27.82286,-32.80316 27.8229,-32.80323 27.82297,-32.80329 27.82297,-32.80357 27.82293,-32.80363 27.82288,-32.80364 27.82283,-32.80383 27.82284,-32.80406 27.82279,-32.80423 27.8228,-32.80442 27.82296,-32.80458 27.82322,-32.80492 27.82336,-32.80515 27.82334,-32.80533 27.82339,-32.80558 27.82359,-32.80592 27.82375,-32.80645 27.82386,-32.80663 27.82403,-32.80693 27.82421,-32.80735 27.82447,-32.80785 27.82467,-32.80803 27.8248,-32.80809 27.82485,-32.80819 27.82495,-32.80836 27.82508,-32.80859 27.82522,-32.80887 27.8253,-32.80899 27.82541,-32.80916 27.82548,-32.80935 27.82562,-32.80981 27.82576,-32.8102 27.82581,-32.81046 27.8258,-32.81102 27.82581,-32.81128 27.82579,-32.81143 27.82572,-32.81186 27.82551,-32.81216 27.82529,-32.81254 27.82521,-32.81293 27.82517,-32.81334 27.82507,-32.81357 27.82506,-32.81398 27.82517,-32.81435 27.82541,-32.81472 27.82594,-32.81509 27.82638,-32.81532 27.82717,-32.81544 27.82759,-32.81547 27.82811,-32.81538 27.82863,-32.81536 27.82885,-32.81522 27.82898,-32.81516 27.82907,-32.81506 27.82948,-32.81486 27.82973,-32.8148 27.82991,-32.81469 27.83018,-32.81456 27.83022,-32.81441 27.83037,-32.81424 27.83065,-32.81401 27.83108,-32.81359 27.83147,-32.81319 27.83165,-32.81295 27.832,-32.81262 27.83244,-32.81242 27.83288,-32.81221 27.83312,-32.81202 27.83328,-32.8119 27.83363,-32.81176 27.83434,-32.81135 27.83483,-32.81109 27.83513,-32.81102 27.83534,-32.81099 27.83557,-32.81083 27.83573,-32.81072 27.83599,-32.81053 27.83638,-32.81033 27.83676,-32.81009 27.83678,-32.81007 27.83701,-32.80982 27.83746,-32.8095 27.83823,-32.80912 27.83875,-32.809 27.83937,-32.8088 27.83981,-32.8085 27.84035,-32.80816 27.8409,-32.80794 27.84128,-32.80781 27.84152,-32.80779 27.84159,-32.80773 27.84174,-32.8077 27.84226,-32.80741 27.84246,-32.80718 27.84263,-32.80693 27.84291,-32.80685 27.84313,-32.80673 27.84348,-32.80653 27.84402,-32.80611 27.84418,-32.80584 27.84425,-32.80559 27.84444,-32.8053 27.84447,-32.80516 27.84454,-32.80513 27.84486,-32.8049 27.84518,-32.80469 27.84565,-32.80439 27.84602,-32.80407 27.84642,-32.80369 27.8467,-32.80334 27.84707,-32.803 27.84725,-32.8027 27.84737,-32.80246 27.84747,-32.80233 27.84754,-32.80223 27.84761,-32.80212 27.84766,-32.80197 27.84761,-32.80179 27.84757,-32.80159 27.84749,-32.80133 27.84737,-32.80117 27.84715,-32.80095 27.84682,-32.80065 27.84668,-32.80042 27.84651,-32.8001 27.84644,-32.79995 27.84636,-32.79969 27.84628,-32.7995 27.84614,-32.79925 27.84602,-32.79888 27.84581,-32.79869 27.84564,-32.79828 27.84549,-32.79807 27.84534,-32.79765 27.84533,-32.79747 27.84511,-32.79687 27.84483,-32.79614 27.84477,-32.79581 27.84476,-32.79565 27.84471,-32.79519 27.84468,-32.79481 27.84466,-32.79444 27.84463,-32.79427 27.84468,-32.79406 27.84478,-32.79397 27.84517,-32.79384 27.84567,-32.79367 27.84589,-32.7936 27.84605,-32.79342 27.8463,-32.79325 27.84659,-32.79309 27.84672,-32.79299 27.8469,-32.79285 27.84717,-32.79281 27.84734,-32.79281 27.84746,-32.79273 27.84756,-32.79258 27.84784,-32.79244 27.84813,-32.79225 27.84832,-32.79219 27.84847,-32.79204 27.84876,-32.7919 27.84893,-32.7918 27.84938,-32.79169 27.84955,-32.79162 27.84971,-32.7916 27.84983,-32.79157 27.85015,-32.79159 27.85041,-32.79153 27.85048,-32.7916 27.85065,-32.79173 27.85086,-32.79182 27.85105,-32.79189 27.85128,-32.79203 27.85148,-32.79214 27.85196,-32.79242 27.85237,-32.79273 27.85266,-32.79297 27.85331,-32.79346 27.85378,-32.79394 27.85435,-32.79446 27.85517,-32.7953 27.85547,-32.79561 27.85561,-32.79581 27.85583,-32.79619 27.85597,-32.79649 27.85602,-32.7967 27.85601,-32.79684 27.85588,-32.79699 27.85585,-32.79721 27.85587,-32.79738 27.85586,-32.79756 27.85569,-32.79772 27.85559,-32.79794 27.85543,-32.79809 27.85531,-32.79822 27.85518,-32.79842 27.85513,-32.79862 27.85513,-32.79888 27.85512,-32.79923 27.85509,-32.79953 27.85504,-32.80015 27.85504,-32.80075 27.85508,-32.80118 27.85516,-32.80181 27.85526,-32.80237 27.85536,-32.80257 27.85557,-32.8028 27.85587,-32.80288 27.85621,-32.80294 27.85664,-32.80297 27.85676,-32.80289 27.85689,-32.80275 27.85706,-32.80257 27.85718,-32.80233 27.85724,-32.80207 27.8573,-32.80189 27.85737,-32.8014 27.85747,-32.80075 27.85757,-32.80041 27.85764,-32.80011 27.8577,-32.79989 27.8578,-32.79959 27.85799,-32.79896 27.85808,-32.79863 27.85809,-32.79833 27.85815,-32.79818 27.85832,-32.798 27.85834,-32.79786 27.85835,-32.79774 27.85836,-32.7976 27.85839,-32.79743 27.8585,-32.79726 27.85869,-32.79711 27.85896,-32.79704 27.85916,-32.797 27.85935,-32.79696 27.85956,-32.79702 27.85975,-32.79711 27.85987,-32.79716 27.86003,-32.79716 27.86016,-32.79723 27.86027,-32.79732 27.86036,-32.79741 27.86053,-32.79728 27.86069,-32.79716 27.86453,-32.79424 27.86444,-32.78632 27.86444,-32.78628 27.86838,-32.78636 27.87703,-32.78706 27.87717,-32.78711 27.88263,-32.78571 27.88291,-32.7855 27.88594,-32.77416 27.88583,-32.77412 27.8904,-32.7723 27.89173,-32.77055 27.89352,-32.76978 27.89371,-32.76964 27.89686,-32.76575 27.89989,-32.75653 27.89998,-32.75649 27.90543,-32.75826 27.91564,-32.75324 27.93212,-32.74442 27.94389,-32.74147 27.9498,-32.74002 27.94975,-32.74023 27.94971,-32.74042 27.9475,-32.75054 27.94709,-32.7524 27.94706,-32.75244 27.93791,-32.76302 27.93749,-32.76351 27.92881,-32.77375 27.92856,-32.7742 27.93156,-32.77857 27.94035,-32.79129 27.94913,-32.80372 27.94982,-32.80479 27.95033,-32.80558 27.95043,-32.80572 27.95347,-32.81095 27.95378,-32.81149 27.9566,-32.81634 27.95726,-32.81742 27.95834,-32.81918 27.95947,-32.82101 27.96146,-32.82424 27.96149,-32.8278 27.9615,-32.82857 27.96346,-32.83136 27.96412,-32.8308 27.96431,-32.8305 27.96462,-32.82995 27.96483,-32.82931 27.96499,-32.82893 27.96492,-32.82843 27.96492,-32.82834 27.965,-32.82824 27.96524,-32.82815 27.96543,-32.82798 27.96593,-32.82783 27.96617,-32.82778 27.96667,-32.82775 27.96686,-32.82766 27.96798,-32.82718 27.9682,-32.8269 27.96833,-32.82679 27.96873,-32.82696 27.97246,-32.82789 27.97353,-32.82816 27.97361,-32.82819 27.97373,-32.82915 27.97548,-32.82785 27.97668,-32.83091 27.97793,-32.83381 27.97799,-32.83395 27.978,-32.83396 27.97821,-32.83445 27.98121,-32.84143 27.98153,-32.84372 27.98157,-32.84405 27.98246,-32.85185 27.98562,-32.85312 27.98582,-32.85312 27.99171,-32.85567 27.99178,-32.8557 27.99787,-32.85837 27.99779,-32.86202 27.99791,-32.86218 28.00195,-32.86313 28.00446,-32.86377 28.00507,-32.86386 28.00751,-32.8644 28.00679,-32.86775 28.00679,-32.86812 28.00692,-32.86868 28.00705,-32.86892 28.00718,-32.86915 28.00718,-32.86943 28.00727,-32.86948 28.00805,-32.86991 28.00947,-32.87069 28.01062,-32.87136 28.01314,-32.87296 28.01347,-32.87319 28.01824,-32.87689 28.01934,-32.87818 28.02064,-32.87967 28.02276,-32.88233 28.02282,-32.8824 28.02289,-32.88242 28.02872,-32.88164 28.03088,-32.88123 28.03478,-32.88052 28.03483,-32.88051 28.03483,-32.88505 28.03519,-32.88579 28.03557,-32.88628 28.03617,-32.88686 28.03669,-32.88716 28.03688,-32.88727 28.03759,-32.88735 28.03882,-32.88735 28.03964,-32.88743 28.04068,-32.88727 28.04115,-32.88686 28.04113,-32.88656 28.0413,-32.88574 28.04198,-32.88311 28.04236,-32.88262 28.04266,-32.88246 28.04351,-32.88221 28.04466,-32.88205 28.0457,-32.88196 28.0475,-32.88213 28.04909,-32.88262 28.04999,-32.88328 28.0506,-32.88404 28.05085,-32.88462 28.05101,-32.88535 28.05107,-32.88634 28.05126,-32.88765 28.05151,-32.88893 28.05181,-32.89 28.05208,-32.89082 28.05265,-32.89129 28.05319,-32.89175 28.05409,-32.89211 28.0554,-32.89249 28.05581,-32.8926 28.0566,-32.8926 28.05794,-32.89243 28.06103,-32.89219 28.06349,-32.89178 28.06497,-32.8917 28.06604,-32.89194 28.06669,-32.89227 28.06718,-32.89268 28.06743,-32.89334 28.06743,-32.89391 28.06683,-32.89489 28.06601,-32.89596 28.06541,-32.89686 28.06457,-32.89856 28.06441,-32.89962 28.06441,-32.90085 28.06457,-32.90217 28.06515,-32.90356 28.06556,-32.90454 28.06605,-32.9052 28.06654,-32.90569 28.06785,-32.9061 28.06884,-32.90618 28.07072,-32.90618 28.07179,-32.90627 28.0725,-32.90657 28.07335,-32.90709 28.07392,-32.90741 28.0745,-32.90766 28.07532,-32.90782 28.07553,-32.90779 28.07553,-32.90788 28.07555,-32.90809 28.07563,-32.90819 28.07573,-32.90821 28.07595,-32.90822 28.07617,-32.90824 28.07651,-32.90824 28.07673,-32.90825 28.07705,-32.9083 28.07732,-32.90832 28.07757,-32.90835 28.0778,-32.90838 28.07799,-32.90844 28.07848,-32.90858 28.07867,-32.90865 28.07879,-32.90881 28.07917,-32.90909 28.0794,-32.90925 28.07978,-32.90963 28.07991,-32.90974 28.08005,-32.90982 28.08023,-32.90992 28.0804,-32.91005 28.08056,-32.91023 28.08066,-32.91034 28.08079,-32.91048 28.08085,-32.91071 28.08089,-32.91079 28.08097,-32.91087 28.08103,-32.91097 28.0811,-32.91115 28.08103,-32.91119 28.08096,-32.91124 28.08091,-32.91137 28.0809,-32.9115 28.08088,-32.91164 28.08088,-32.91177 28.08093,-32.91182 28.08099,-32.91194 28.08097,-32.91206 28.08083,-32.91213 28.08072,-32.91213 28.08059,-32.91216 28.08042,-32.91233 28.08031,-32.91238 28.08021,-32.91247 28.08008,-32.9126 28.07995,-32.91268 28.07989,-32.91276 28.07982,-32.91287 28.07971,-32.9129 28.07965,-32.91284 28.07951,-32.91285 28.07941,-32.91292 28.07941,-32.91302 28.07944,-32.91306 28.07944,-32.9132 28.07936,-32.91328 28.07918,-32.91336 28.07903,-32.91336 28.07887,-32.91334 28.07878,-32.91327 28.07865,-32.91328 28.07854,-32.91335 28.07837,-32.91335 28.07829,-32.9134 28.07825,-32.9135 28.07825,-32.91357 28.07804,-32.9136 28.0777,-32.9136 28.07751,-32.91362 28.07742,-32.91359 28.07733,-32.91359 28.07725,-32.91366 28.07705,-32.91367 28.07686,-32.91367 28.07678,-32.9137 28.0767,-32.91388 28.07648,-32.91388 28.0764,-32.91385 28.0764,-32.9138 28.07638,-32.9137 28.07632,-32.9137 28.07621,-32.91371 28.07617,-32.91379 28.07612,-32.91383 28.076,-32.91389 28.07594,-32.9139 28.07591,-32.91398 28.07576,-32.914 28.07569,-32.91399 28.07563,-32.91396 28.07557,-32.91387 28.0748,-32.91387 28.07475,-32.91382 28.07466,-32.9138 28.07462,-32.91387 28.07455,-32.91391 28.07435,-32.91397 28.07421,-32.91397 28.07411,-32.9139 28.07403,-32.91385 28.074,-32.91378 28.07398,-32.91372 28.0739,-32.91368 28.07381,-32.9137 28.07381,-32.91382 28.07384,-32.91388 28.07387,-32.91391 28.07393,-32.91395 28.074,-32.91396 28.07405,-32.91398 28.07407,-32.91403 28.07403,-32.91408 28.07387,-32.91408 28.07375,-32.91408 28.07365,-32.914 28.07352,-32.91396 28.07332,-32.91396 28.07319,-32.91399 28.07292,-32.91407 28.07263,-32.91407 28.07249,-32.91408 28.07237,-32.91409 28.07225,-32.91416 28.07222,-32.91426 28.07216,-32.91433 28.0721,-32.91439 28.07195,-32.91439 28.07182,-32.91438 28.07175,-32.91433 28.07159,-32.9143 28.07149,-32.91431 28.07135,-32.91431 28.07118,-32.91438 28.07109,-32.9145 28.07109,-32.91456 28.07099,-32.91468 28.07089,-32.91474 28.07078,-32.91482 28.07073,-32.9149 28.07056,-32.91494 28.07033,-32.915 28.07019,-32.915 28.07006,-32.91493 28.07002,-32.91488 28.06993,-32.91488 28.06982,-32.91491 28.06976,-32.91496 28.06973,-32.91506 28.0697,-32.91517 28.06957,-32.91528 28.06952,-32.9153 28.06942,-32.91535 28.06931,-32.91541 28.06903,-32.91541 28.06899,-32.91542 28.06887,-32.91551 28.06887,-32.91562 28.06891,-32.91564 28.06891,-32.91573 28.06886,-32.91579 28.06872,-32.91581 28.06858,-32.9158 28.06854,-32.91577 28.06848,-32.91577 28.06841,-32.91582 28.06837,-32.91589 28.06828,-32.91594 28.06806,-32.91606 28.06786,-32.91616 28.06769,-32.91621 28.06746,-32.91632 28.06739,-32.91634 28.06732,-32.9164 28.06721,-32.91642 28.06709,-32.91643 28.06696,-32.91649 28.06691,-32.91656 28.06688,-32.91662 28.06678,-32.91665 28.06666,-32.91662 28.06656,-32.9166 28.06651,-32.91669 28.06648,-32.91681 28.06634,-32.91684 28.06615,-32.91684 28.06598,-32.91701 28.06595,-32.91706 28.06589,-32.91712 28.06581,-32.91712 28.06577,-32.91705 28.06568,-32.91704 28.06564,-32.91704 28.06561,-32.9171 28.06562,-32.91717 28.06564,-32.91729 28.06562,-32.91741 28.06549,-32.91743 28.06531,-32.91743 28.06524,-32.91736 28.06523,-32.9173 28.06523,-32.91721 28.06514,-32.91721 28.06508,-32.91732 28.06491,-32.91742 28.06481,-32.91749 28.06465,-32.91755 28.06453,-32.91758 28.06437,-32.91763 28.0643,-32.91766 28.0643,-32.91775 28.06426,-32.91782 28.06416,-32.91784 28.06382,-32.91784 28.06372,-32.91785 28.06364,-32.91791 28.06357,-32.918 28.06351,-32.91808 28.06337,-32.91814 28.0632,-32.91817 28.06311,-32.91827 28.06305,-32.91834 28.06288,-32.91839 28.06269,-32.91837 28.06264,-32.91831 28.06251,-32.91825 28.06236,-32.91825 28.0622,-32.91827 28.06207,-32.91836 28.06196,-32.91845 28.06185,-32.91858 28.06162,-32.91867 28.06137,-32.91867 28.06121,-32.91865 28.06112,-32.91863 28.06107,-32.91858 28.06101,-32.91851 28.06084,-32.91851 28.06069,-32.91856 28.06062,-32.91866 28.06046,-32.91882 28.06022,-32.91894 28.06007,-32.91892 28.05992,-32.91887 28.05976,-32.91883 28.05959,-32.91882 28.05937,-32.91882 28.0593,-32.91883 28.05922,-32.91884 28.05905,-32.91884 28.05899,-32.91879 28.0589,-32.91877 28.05875,-32.91882 28.05849,-32.91888 28.05834,-32.91895 28.05818,-32.91901 28.05804,-32.91904 28.05804,-32.91919 28.05797,-32.91919 28.0579,-32.91918 28.05788,-32.91913 28.05768,-32.91913 28.05761,-32.91908 28.05758,-32.91903 28.05758,-32.91896 28.05752,-32.91891 28.05744,-32.91893 28.05737,-32.91905 28.05737,-32.91913 28.05714,-32.91915 28.05701,-32.91912 28.05681,-32.91915 28.05668,-32.91923 28.05668,-32.91946 28.05667,-32.91954 28.05662,-32.91959 28.05647,-32.91958 28.05631,-32.91958 28.05623,-32.91963 28.0562,-32.91975 28.05611,-32.9198 28.05607,-32.91992 28.05597,-32.92 28.05583,-32.9201 28.0557,-32.92013 28.05559,-32.92017 28.05539,-32.92028 28.0552,-32.92041 28.05514,-32.92059 28.05506,-32.92077 28.05504,-32.92088 28.05498,-32.921 28.05497,-32.92114 28.0549,-32.9213 28.05485,-32.92137 28.05477,-32.92142 28.05473,-32.9215 28.05467,-32.92156 28.05467,-32.9216 28.05464,-32.92167 28.05456,-32.9217 28.0544,-32.9217 28.05433,-32.92167 28.05426,-32.92161 28.05418,-32.92165 28.05418,-32.92173 28.05413,-32.92183 28.054,-32.92188 28.0539,-32.92189 28.05387,-32.92182 28.05378,-32.92183 28.05373,-32.92192 28.05363,-32.922 28.05353,-32.92202 28.05347,-32.92197 28.05343,-32.92195 28.05338,-32.92203 28.05336,-32.92212 28.05321,-32.92223 28.05308,-32.92222 28.05306,-32.92219 28.05302,-32.92215 28.05298,-32.92216 28.05288,-32.92226 28.05276,-32.92235 28.05268,-32.92246 28.05259,-32.92253 28.05242,-32.92257 28.05228,-32.92256 28.05215,-32.92256 28.05208,-32.92257 28.05205,-32.9226 28.05204,-32.92269 28.05204,-32.92279 28.05197,-32.92289 28.05184,-32.92294 28.0517,-32.92301 28.05166,-32.92307 28.05145,-32.92329 28.05142,-32.92338 28.05123,-32.9235 28.05122,-32.92355 28.05041,-32.92421 28.05024,-32.92422 28.05013,-32.92414 28.05,-32.92414 28.04989,-32.92422 28.04979,-32.92433 28.04979,-32.92442 28.04975,-32.92451 28.04962,-32.92456 28.04949,-32.92455 28.04943,-32.92463 28.04943,-32.92475 28.0494,-32.92484 28.04921,-32.92493 28.04907,-32.92491 28.04901,-32.92489 28.0489,-32.92485 28.04886,-32.92489 28.04879,-32.92494 28.04879,-32.92502 28.04878,-32.92511 28.04876,-32.92519 28.04873,-32.92526 28.04878,-32.92535 28.04876,-32.92545 28.04871,-32.92552 28.04857,-32.92556 28.04847,-32.92556 28.04839,-32.92554 28.04831,-32.92554 28.04818,-32.92561 28.04818,-32.92567 28.0482,-32.92574 28.04815,-32.92583 28.04803,-32.92588 28.04797,-32.92592 28.04791,-32.92597 28.04791,-32.92605 28.04766,-32.92611 28.0475,-32.92612 28.04738,-32.92612 28.04729,-32.92614 28.0472,-32.9262 28.04708,-32.92626 28.04696,-32.92635 28.04694,-32.9264 28.04694,-32.92652 28.04684,-32.92665 28.04676,-32.92673 28.04658,-32.92679 28.04648,-32.92678 28.04644,-32.92675 28.04638,-32.92675 28.04636,-32.92682 28.04636,-32.92688 28.04641,-32.92691 28.04643,-32.92696 28.04637,-32.92705 28.04624,-32.92713 28.04602,-32.92722 28.04593,-32.92723 28.04589,-32.9273 28.04589,-32.92739 28.04593,-32.9275 28.04593,-32.92757 28.04585,-32.92765 28.04578,-32.92767 28.04567,-32.92767 28.04554,-32.92766 28.04546,-32.9276 28.04539,-32.92755 28.0453,-32.92756 28.04528,-32.92764 28.04528,-32.92786 28.0453,-32.92792 28.04522,-32.92795 28.04503,-32.92797 28.04492,-32.928 28.04477,-32.92813 28.04472,-32.92824 28.04472,-32.9283 28.04451,-32.92839 28.04434,-32.92839 28.04426,-32.92831 28.0442,-32.92826 28.04411,-32.92831 28.04411,-32.92843 28.04416,-32.92849 28.0442,-32.9286 28.0441,-32.92867 28.04397,-32.9287 28.04386,-32.92868 28.04377,-32.92864 28.04372,-32.92856 28.04363,-32.9285 28.04353,-32.92859 28.04353,-32.92871 28.04352,-32.92876 28.04343,-32.9288 28.04335,-32.9288 28.04327,-32.92873 28.04311,-32.92871 28.04297,-32.92878 28.04286,-32.92891 28.0427,-32.92905 28.04245,-32.92917 28.04213,-32.92934 28.04189,-32.92951 28.0416,-32.92967 28.04139,-32.92978 28.04109,-32.92989 28.04087,-32.92999 28.04058,-32.93007 28.04037,-32.93009 28.04015,-32.93012 28.0398,-32.9302 28.03952,-32.93031 28.03924,-32.93045 28.03904,-32.93061 28.03881,-32.93076 28.03864,-32.93096 28.03848,-32.93112 28.03833,-32.93135 28.03816,-32.93157 28.03803,-32.93177 28.03789,-32.93199 28.03773,-32.93221 28.03767,-32.93242 28.03754,-32.93262 28.03754,-32.93276 28.0376,-32.93282 28.03772,-32.9329 28.03769,-32.933 28.03757,-32.93307 28.03749,-32.93327 28.03742,-32.93334 28.03727,-32.9334 28.03727,-32.93352 28.03711,-32.93364 28.03705,-32.93372 28.03705,-32.93384 28.03696,-32.93391 28.03684,-32.93396 28.03671,-32.93396 28.03662,-32.93391 28.03649,-32.93388 28.03636,-32.93395 28.03625,-32.93395 28.0362,-32.93391 28.03613,-32.93396 28.03613,-32.93407 28.03603,-32.9342 28.03583,-32.9342 28.03572,-32.93418 28.03567,-32.93416 28.03558,-32.93408 28.03547,-32.9341 28.03535,-32.9341 28.03524,-32.93414 28.03522,-32.93423 28.03522,-32.93433 28.03509,-32.93437 28.03489,-32.93435 28.03479,-32.93432 28.03477,-32.93428 28.03471,-32.93421 28.03463,-32.93422 28.03452,-32.93413 28.03449,-32.93404 28.03444,-32.93388 28.03438,-32.93383 28.03423,-32.93377 28.03403,-32.93377 28.03396,-32.93378 28.03382,-32.93382 28.03363,-32.9339 28.03347,-32.93397 28.03323,-32.93411 28.03303,-32.93418 28.03289,-32.93433 28.03258,-32.93447 28.03247,-32.93458 28.03238,-32.93468 28.03236,-32.93471 28.03236,-32.93479 28.03223,-32.93509 28.03221,-32.93538 28.03206,-32.93588 28.03206,-32.93659 28.03212,-32.93697 28.03213,-32.93719 28.03222,-32.93752 28.03236,-32.9377 28.03248,-32.93791 28.03259,-32.93816 28.0327,-32.93838 28.03286,-32.93861 28.03303,-32.9389 28.03318,-32.93907 28.03335,-32.93923 28.0335,-32.93939 28.03368,-32.93953 28.03389,-32.9397 28.03406,-32.9398 28.03434,-32.93999 28.03458,-32.94017 28.03475,-32.94033 28.03492,-32.94046 28.03503,-32.94061 28.0351,-32.94079 28.03516,-32.94091 28.03524,-32.94117 28.03529,-32.9414 28.03529,-32.9416 28.03531,-32.94167 28.03537,-32.94176 28.0354,-32.94187 28.03527,-32.94212 28.03519,-32.94215 28.03505,-32.94225 28.03492,-32.94234 28.03475,-32.94237 28.03468,-32.94242 28.03465,-32.94247 28.03463,-32.94253 28.03463,-32.94269 28.0346,-32.94273 28.03451,-32.94278 28.03434,-32.94275 28.03426,-32.94267 28.03419,-32.94267 28.03416,-32.94273 28.03416,-32.94282 28.03415,-32.94294 28.03408,-32.94301 28.03395,-32.94305 28.03389,-32.94305 28.03384,-32.94301 28.03377,-32.94305 28.03377,-32.94314 28.03372,-32.94321 28.03359,-32.94327 28.03349,-32.94324 28.03345,-32.94322 28.03343,-32.94315 28.03333,-32.94314 28.03319,-32.94322 28.03312,-32.94318 28.03309,-32.94313 28.03302,-32.94312 28.03297,-32.94322 28.0329,-32.94327 28.03279,-32.94327 28.03261,-32.94325 28.03257,-32.94321 28.03243,-32.94317 28.03234,-32.94318 28.03223,-32.94323 28.03207,-32.94323 28.03199,-32.94317 28.03189,-32.94312 28.03159,-32.94312 28.03152,-32.94318 28.03146,-32.94325 28.03134,-32.94329 28.0311,-32.94329 28.03008,-32.94299 28.0299,-32.94298 28.02982,-32.94302 28.02982,-32.94308 28.02986,-32.94318 28.02988,-32.94329 28.02986,-32.94342 28.0297,-32.94343 28.02946,-32.94343 28.02939,-32.94336 28.02937,-32.94332 28.02936,-32.94324 28.02925,-32.94316 28.02919,-32.94323 28.0291,-32.94333 28.02892,-32.94341 28.02876,-32.94341 28.02871,-32.94344 28.02855,-32.94348 28.02853,-32.94357 28.02846,-32.94366 28.02834,-32.94367 28.02822,-32.94365 28.02818,-32.94362 28.02818,-32.94354 28.02817,-32.94347 28.0281,-32.94346 28.02803,-32.94346 28.02793,-32.9435 28.02788,-32.94353 28.02782,-32.94353 28.02778,-32.94354 28.02776,-32.94362 28.02781,-32.94369 28.02781,-32.94386 28.02775,-32.9439 28.02736,-32.9439 28.0273,-32.94389 28.02726,-32.94384 28.02722,-32.94382 28.02716,-32.94383 28.0271,-32.94387 28.027,-32.94397 28.027,-32.94402 28.02702,-32.94408 28.02707,-32.94416 28.02707,-32.94427 28.02692,-32.9444 28.02682,-32.94439 28.02675,-32.94436 28.02669,-32.94439 28.02669,-32.94449 28.02681,-32.94464 28.02681,-32.94473 28.02674,-32.94485 28.02655,-32.94485 28.02644,-32.94487 28.02638,-32.94497 28.02634,-32.94505 28.02623,-32.94512 28.02616,-32.94517 28.02614,-32.94528 28.02604,-32.94539 28.02594,-32.94556 28.0259,-32.94568 28.02578,-32.94574 28.02567,-32.94574 28.02558,-32.94575 28.02552,-32.94579 28.02549,-32.94589 28.02545,-32.946 28.0253,-32.94615 28.02529,-32.94628 28.02517,-32.94643 28.02503,-32.94645 28.02494,-32.94646 28.02486,-32.94652 28.02481,-32.94661 28.02466,-32.9466 28.02456,-32.9466 28.02444,-32.94663 28.02446,-32.94678 28.02452,-32.94688 28.02452,-32.94697 28.02443,-32.94708 28.02426,-32.94716 28.02415,-32.94716 28.02407,-32.94709 28.02401,-32.94713 28.02401,-32.94737 28.024,-32.94751 28.02383,-32.94764 28.02375,-32.94772 28.0237,-32.94782 28.02357,-32.94794 28.02352,-32.948 28.02342,-32.94811 28.02338,-32.94815 28.02322,-32.94824 28.02318,-32.94829 28.02317,-32.94835 28.02317,-32.94842 28.02315,-32.94852 28.02302,-32.94861 28.02289,-32.94868 28.02279,-32.94875 28.02274,-32.94885 28.02274,-32.94908 28.02279,-32.94917 28.02282,-32.9493 28.02272,-32.94935 28.0225,-32.94935 28.02247,-32.94931 28.02244,-32.94931 28.02239,-32.94932 28.0224,-32.9494 28.02241,-32.94943 28.02247,-32.94949 28.02247,-32.94957 28.02238,-32.94969 28.02218,-32.94974 28.02209,-32.94986 28.02196,-32.9499 28.02183,-32.9499 28.02179,-32.94984 28.02173,-32.94981 28.02168,-32.94991 28.02165,-32.95005 28.02155,-32.95013 28.02146,-32.95013 28.02135,-32.95006 28.02129,-32.95006 28.02124,-32.95016 28.02124,-32.95023 28.02115,-32.95028 28.02099,-32.95036 28.02085,-32.95041 28.02076,-32.95044 28.02076,-32.9505 28.02079,-32.95053 28.02077,-32.95061 28.02063,-32.95066 28.02051,-32.95066 28.02039,-32.95067 28.02018,-32.95079 28.02001,-32.95085 28.01986,-32.95089 28.01981,-32.95103 28.01968,-32.95102 28.01957,-32.95097 28.01954,-32.95089 28.01943,-32.95085 28.01938,-32.95086 28.01926,-32.95088 28.01906,-32.95092 28.01899,-32.95092 28.01889,-32.95097 28.01884,-32.95099 28.01884,-32.95103 28.01882,-32.95113 28.01881,-32.95116 28.01871,-32.95118 28.01857,-32.95118 28.0185,-32.95112 28.01841,-32.95112 28.0183,-32.95113 28.01823,-32.95119 28.0181,-32.95131 28.0181,-32.95134 28.01806,-32.95141 28.01791,-32.95142 28.01773,-32.95142 28.01757,-32.95141 28.01757,-32.95137 28.01755,-32.95132 28.0175,-32.95127 28.01744,-32.95132 28.01737,-32.95144 28.01724,-32.95155 28.01712,-32.95164 28.01708,-32.95176 28.01708,-32.95182 28.01704,-32.95189 28.01693,-32.95193 28.01672,-32.95193 28.01669,-32.95188 28.01669,-32.95166 28.01663,-32.95159 28.01653,-32.95159 28.01627,-32.95166 28.01606,-32.95172 28.01598,-32.95177 28.01598,-32.95184 28.01592,-32.95192 28.0159,-32.95206 28.01576,-32.95217 28.01559,-32.95216 28.01546,-32.95216 28.0153,-32.95219 28.01522,-32.95216 28.01516,-32.95218 28.01516,-32.95232 28.01508,-32.95244 28.01494,-32.9524 28.01488,-32.95233 28.01476,-32.9523 28.01468,-32.95233 28.01455,-32.95234 28.01441,-32.95234 28.01425,-32.9523 28.01408,-32.95229 28.01398,-32.95225 28.01378,-32.95225 28.0137,-32.95234 28.01366,-32.95249 28.01354,-32.95274 28.01349,-32.9529 28.01349,-32.95301 28.01347,-32.95313 28.0134,-32.95316 28.01333,-32.95322 28.01332,-32.95331 28.01327,-32.9534 28.01317,-32.9535 28.01299,-32.95352 28.01295,-32.95349 28.01286,-32.9535 28.01277,-32.95354 28.01276,-32.95364 28.01276,-32.95378 28.01265,-32.95385 28.01255,-32.95385 28.01248,-32.95384 28.01246,-32.95378 28.01242,-32.95377 28.01237,-32.95382 28.01224,-32.95388 28.01209,-32.95392 28.01198,-32.95392 28.01186,-32.95394 28.0118,-32.954 28.01177,-32.95406 28.01166,-32.95411 28.01158,-32.95415 28.01147,-32.95415 28.01138,-32.95416 28.0113,-32.95422 28.01121,-32.95429 28.01117,-32.95439 28.01115,-32.95455 28.01104,-32.95455 28.01082,-32.95459 28.01075,-32.95462 28.01066,-32.9547 28.01042,-32.9547 28.01034,-32.95466 28.01034,-32.95455 28.01032,-32.9545 28.01012,-32.9545 28.01006,-32.95452 28.00994,-32.95458 28.00982,-32.95458 28.00978,-32.95465 28.00978,-32.95472 28.00973,-32.9548 28.00963,-32.95479 28.0096,-32.95477 28.00955,-32.95471 28.00947,-32.95469 28.00938,-32.9547 28.00929,-32.95477 28.00918,-32.95483 28.00918,-32.95494 28.00914,-32.95507 28.00907,-32.95517 28.00892,-32.95512 28.008,-32.95519 28.00793,-32.95523 28.00786,-32.95523 28.00771,-32.95522 28.00762,-32.95521 28.00761,-32.95515 28.00758,-32.9551 28.00751,-32.95511 28.00749,-32.95517 28.00749,-32.95522 28.00739,-32.9553 28.00706,-32.9553 28.00696,-32.95529 28.00693,-32.95522 28.00689,-32.95523 28.00687,-32.95525 28.00683,-32.95528 28.00681,-32.95532 28.00665,-32.95534 28.00657,-32.95531 28.00647,-32.95531 28.00634,-32.9554 28.00627,-32.95543 28.00619,-32.95546 28.00619,-32.9555 28.0061,-32.95553 28.00593,-32.95549 28.00585,-32.95544 28.00579,-32.95533 28.00575,-32.95529 28.00563,-32.95529 28.00552,-32.95528 28.00543,-32.95526 28.00535,-32.95526 28.00528,-32.9553 28.00516,-32.95537 28.00512,-32.95546 28.00479,-32.95546 28.00472,-32.95544 28.00468,-32.95539 28.00468,-32.95533 28.00457,-32.95529 28.00444,-32.95529 28.00432,-32.95533 28.00431,-32.95544 28.00427,-32.95553 28.00414,-32.95558 28.00402,-32.95558 28.00391,-32.95557 28.00387,-32.95551 28.00386,-32.95547 28.00386,-32.95539 28.00383,-32.95533 28.0037,-32.95533 28.00365,-32.95542 28.00365,-32.95549 28.0036,-32.95558 28.0036,-32.95571 28.00354,-32.9558 28.00347,-32.95583 28.00334,-32.95583 28.00326,-32.95582 28.00319,-32.95579 28.00309,-32.95582 28.00294,-32.95583 28.00283,-32.95587 28.00283,-32.95607 28.00277,-32.95621 28.00257,-32.95627 28.00249,-32.95625 28.00242,-32.95618 28.00234,-32.95621 28.00235,-32.95628 28.00235,-32.95641 28.0023,-32.95654 28.00223,-32.95665 28.00218,-32.95666 28.00201,-32.95666 28.00192,-32.95678 28.00188,-32.95679 28.00185,-32.9569 28.00182,-32.95691 28.00182,-32.95695 28.0018,-32.957 28.00171,-32.95702 28.00161,-32.95702 28.00161,-32.95709 28.0015,-32.95722 28.00137,-32.95731 28.00131,-32.95736 28.00122,-32.95745 28.00112,-32.95752 28.00101,-32.95754 28.00101,-32.9576 28.00093,-32.95774 28.00079,-32.95775 28.00064,-32.95773 28.00054,-32.95773 28.00051,-32.95774 28.00048,-32.95779 28.00046,-32.95786 28.00036,-32.95799 28.00023,-32.95797 28.00014,-32.95794 28.00008,-32.95793 27.99997,-32.95797 27.99988,-32.95797 27.99983,-32.958 27.99979,-32.95804 27.99978,-32.95815 27.99978,-32.95826 27.99972,-32.95855 27.9997,-32.95867 27.9997,-32.95877 27.99958,-32.95885 27.99939,-32.95892 27.9993,-32.95895 27.99915,-32.95895 27.99909,-32.95897 27.99905,-32.95902 27.99899,-32.95908 27.9989,-32.95912 27.99877,-32.95915 27.99865,-32.95915 27.99862,-32.95921 27.99849,-32.95932 27.99845,-32.95936 27.99844,-32.95942 27.99842,-32.95947 27.99829,-32.95952 27.9982,-32.95952 27.99814,-32.95949 27.99799,-32.95949 27.99794,-32.95953 27.99793,-32.95961 27.99791,-32.95967 27.99789,-32.95975 27.99778,-32.95982 27.99766,-32.95982 27.99758,-32.95977 27.99743,-32.95976 27.99735,-32.95985 27.99735,-32.9599 27.99726,-32.95998 27.99714,-32.95997 27.99702,-32.96006 27.99702,-32.9601 27.99683,-32.96015 27.99659,-32.96015 27.99655,-32.96019 27.99655,-32.96029 27.99649,-32.96034 27.99641,-32.96036 27.99629,-32.96038 27.99616,-32.96038 27.99613,-32.96042 27.99612,-32.96047 27.99607,-32.96056 27.99594,-32.96061 27.99574,-32.96061 27.9957,-32.96059 27.99565,-32.96059 27.99564,-32.96065 27.99564,-32.96078 27.9956,-32.96084 27.99555,-32.96089 27.99537,-32.96089 27.99532,-32.96088 27.99528,-32.96084 27.9952,-32.96085 27.99518,-32.96087 27.99518,-32.96095 27.99516,-32.96098 27.995,-32.96098 27.99492,-32.96097 27.99483,-32.96095 27.99477,-32.96095 27.99469,-32.96099 27.99464,-32.96105 27.99464,-32.96124 27.99462,-32.96134 27.99443,-32.96141 27.99434,-32.9614 27.99425,-32.96141 27.99416,-32.96144 27.99412,-32.96152 27.99411,-32.96158 27.99402,-32.96161 27.99385,-32.96162 27.9937,-32.96159 27.99364,-32.96152 27.99356,-32.96152 27.99349,-32.96158 27.99349,-32.96162 27.99348,-32.96168 27.99342,-32.96175 27.99322,-32.96175 27.99321,-32.96171 27.9931,-32.96171 27.9931,-32.96188 27.99303,-32.96197 27.9928,-32.96196 27.99271,-32.96196 27.99259,-32.96197 27.99256,-32.96207 27.99256,-32.96218 27.99249,-32.96228 27.99232,-32.96235 27.99218,-32.96236 27.99211,-32.96232 27.99204,-32.96236 27.99193,-32.96243 27.99194,-32.96257 27.99202,-32.96267 27.99208,-32.96272 27.99214,-32.96279 27.99214,-32.96283 27.9921,-32.9629 27.99193,-32.9629 27.99186,-32.96287 27.99176,-32.96287 27.99171,-32.96297 27.99171,-32.96308 27.99177,-32.96312 27.99181,-32.96312 27.99187,-32.96317 27.99192,-32.96323 27.99192,-32.9633 27.99188,-32.96334 27.99187,-32.96343 27.99171,-32.96347 27.99165,-32.9635 27.99165,-32.9636 27.9916,-32.96371 27.99153,-32.96372 27.99149,-32.96379 27.99142,-32.96388 27.99138,-32.96397 27.9913,-32.96404 27.99125,-32.96407 27.99118,-32.96413 27.99125,-32.96419 27.9913,-32.96422 27.9913,-32.96431 27.99129,-32.9644 27.9912,-32.96444 27.99102,-32.96443 27.99091,-32.96445 27.99085,-32.9645 27.99084,-32.96458 27.99075,-32.96469 27.99056,-32.96479 27.99049,-32.96489 27.99036,-32.96496 27.99023,-32.96499 27.99017,-32.96502 27.99011,-32.96513 27.99009,-32.96518 27.99014,-32.96522 27.99014,-32.96534 27.99007,-32.96549 27.98995,-32.96552 27.98988,-32.96552 27.98984,-32.96547 27.98977,-32.96547 27.98966,-32.96554 27.98961,-32.96555 27.98953,-32.96562 27.98956,-32.96567 27.98957,-32.96572 27.98956,-32.9658 27.98943,-32.96585 27.98928,-32.96584 27.98922,-32.9658 27.9891,-32.9658 27.98909,-32.96591 27.98909,-32.96609 27.98903,-32.96612 27.98884,-32.96612 27.98818,-32.96675 27.98804,-32.96677 27.98798,-32.96674 27.98793,-32.9667 27.98785,-32.9667 27.98785,-32.96678 27.98786,-32.96687 27.98786,-32.96709 27.98774,-32.96713 27.98764,-32.96714 27.98764,-32.96721 27.98771,-32.96727 27.98782,-32.96728 27.98781,-32.96739 27.98773,-32.96755 27.98743,-32.96755 27.98735,-32.96763 27.98722,-32.96774 27.98715,-32.96785 27.98715,-32.96798 27.98722,-32.96807 27.98716,-32.9682 27.98693,-32.96826 27.98682,-32.96835 27.98677,-32.96843 27.98675,-32.96857 27.98672,-32.96866 27.98663,-32.96867 27.98659,-32.96873 27.98657,-32.96886 27.98657,-32.96925 27.98653,-32.9694 27.98644,-32.96952 27.98626,-32.96967 27.98602,-32.9698 27.98586,-32.96985 27.98565,-32.96985 27.98551,-32.96988 27.98545,-32.96989 27.98545,-32.96995 27.98542,-32.97001 27.98523,-32.97007 27.98507,-32.97006 27.985,-32.97 27.98499,-32.96995 27.98499,-32.96982 27.98494,-32.96974 27.98491,-32.96974 27.98481,-32.96975 27.98477,-32.96981 27.98474,-32.9699 27.98463,-32.96998 27.98448,-32.96998 27.98446,-32.96991 27.98441,-32.96985 27.98431,-32.96985 27.98418,-32.96986 27.98414,-32.96989 27.98412,-32.96997 27.98401,-32.97006 27.98387,-32.97007 27.9837,-32.97001 27.98365,-32.97005 27.98359,-32.97012 27.98348,-32.9702 27.9833,-32.97021 27.98318,-32.97019 27.98305,-32.97029 27.98298,-32.9704 27.98279,-32.97052 27.98264,-32.97058 27.9824,-32.97061 27.98198,-32.97061 27.98191,-32.9707 27.98175,-32.97079 27.98129,-32.97079 27.98115,-32.97076 27.98109,-32.9707 27.98099,-32.97072 27.98099,-32.97086 27.98089,-32.97091 27.9807,-32.97093 27.98063,-32.97091 27.98062,-32.97086 27.98051,-32.97083 27.98044,-32.97091 27.98042,-32.97099 27.98041,-32.97106 27.98025,-32.97109 27.98007,-32.97106 27.97982,-32.97106 27.97978,-32.97097 27.97974,-32.97095 27.97967,-32.971 27.97967,-32.97108 27.97966,-32.9712 27.97958,-32.97128 27.97941,-32.97133 27.97916,-32.97133 27.97901,-32.97129 27.97896,-32.97124 27.97885,-32.97127 27.97884,-32.97134 27.9787,-32.97147 27.97854,-32.97149 27.97842,-32.97147 27.97832,-32.97144 27.97827,-32.97149 27.97823,-32.97157 27.9781,-32.97159 27.97799,-32.97158 27.97791,-32.97156 27.97789,-32.97144 27.97775,-32.97144 27.97766,-32.9715 27.97765,-32.97157 27.9776,-32.97161 27.97744,-32.97171 27.9773,-32.97176 27.97719,-32.97176 27.97715,-32.97171 27.97712,-32.97164 27.97708,-32.9716 27.97699,-32.97159 27.97688,-32.9716 27.9768,-32.97169 27.97668,-32.97177 27.97662,-32.97183 27.97657,-32.97192 27.97639,-32.97197 27.97616,-32.97197 27.97608,-32.97194 27.97599,-32.97192 27.97578,-32.97192 27.97572,-32.972 27.97563,-32.97203 27.97549,-32.97214 27.97539,-32.97219 27.97533,-32.97229 27.97516,-32.97239 27.97506,-32.97239 27.97498,-32.97234 27.97498,-32.97222 27.97497,-32.97212 27.9749,-32.97209 27.97481,-32.97213 27.9748,-32.97222 27.9748,-32.97231 27.97476,-32.97238 27.97452,-32.97244 27.97441,-32.97239 27.9744,-32.97234 27.97431,-32.9723 27.97421,-32.97231 27.97415,-32.97235 27.97416,-32.97244 27.97414,-32.97254 27.97401,-32.97259 27.97378,-32.97259 27.97373,-32.97255 27.97359,-32.97252 27.97356,-32.97255 27.97344,-32.97263 27.97335,-32.97271 27.97335,-32.97279 27.97323,-32.97285 27.9731,-32.97285 27.97303,-32.97283 27.97299,-32.97279 27.97293,-32.97279 27.9729,-32.97289 27.9729,-32.97308 27.97282,-32.97314 27.97267,-32.97315 27.97253,-32.97315 27.97246,-32.97311 27.97238,-32.97314 27.97233,-32.97321 27.97213,-32.97321 27.97207,-32.97319 27.97206,-32.97314 27.97204,-32.97308 27.97193,-32.97308 27.97185,-32.97314 27.97185,-32.97326 27.97181,-32.97334 27.97166,-32.97341 27.97145,-32.97344 27.97142,-32.97342 27.97133,-32.9734 27.97125,-32.97343 27.97123,-32.97357 27.97112,-32.97362 27.97076,-32.97373 27.97054,-32.97375 27.97033,-32.97374 27.97024,-32.97372 27.9701,-32.97363 27.9699,-32.97355 27.96974,-32.97354 27.96953,-32.97355 27.96929,-32.97359 27.96912,-32.97365 27.96891,-32.97379 27.9688,-32.97385 27.96869,-32.97395 27.96853,-32.97404 27.96838,-32.97416 27.96817,-32.97431 27.96792,-32.97443 27.96759,-32.97462 27.9673,-32.97472 27.96701,-32.97481 27.96676,-32.9749 27.96642,-32.97501 27.96615,-32.97518 27.96588,-32.97528 27.96562,-32.97544 27.9655,-32.97551 27.96529,-32.97561 27.965,-32.97582 27.96472,-32.976 27.9644,-32.97625 27.96422,-32.97643 27.96401,-32.97659 27.96387,-32.97673 27.96379,-32.97685 27.96375,-32.97698 27.96361,-32.97701 27.96345,-32.97703 27.9633,-32.97706 27.96322,-32.97717 27.96318,-32.97724 27.96315,-32.97733 27.96314,-32.97738 27.96307,-32.97747 27.96292,-32.97761 27.96276,-32.97767 27.96257,-32.97775 27.96233,-32.97799 27.96225,-32.97808 27.96224,-32.97814 27.96223,-32.97819 27.96217,-32.97826 27.96197,-32.97828 27.96186,-32.9783 27.96176,-32.97832 27.96163,-32.97838 27.96151,-32.97846 27.96142,-32.9785 27.96133,-32.9785 27.96126,-32.97858 27.96118,-32.97867 27.96109,-32.97871 27.96109,-32.97877 27.96103,-32.97883 27.96092,-32.97885 27.96082,-32.97879 27.96077,-32.97879 27.96075,-32.97882 27.96067,-32.9789 27.96057,-32.97898 27.96035,-32.97921 27.96022,-32.97933 27.96012,-32.97947 27.96006,-32.97964 27.96007,-32.97977 27.9601,-32.97995 27.96011,-32.98007 27.96013,-32.98014 27.96013,-32.98022 27.96007,-32.9804 27.95986,-32.9805 27.95964,-32.98069 27.95953,-32.9809 27.95943,-32.98105 27.95922,-32.9811 27.95912,-32.9811 27.95906,-32.98115 27.95897,-32.98126 27.95882,-32.98134 27.95881,-32.98151 27.9587,-32.98167 27.95864,-32.98181 27.95845,-32.98201 27.95827,-32.98214 27.95809,-32.98219 27.95802,-32.9822 27.958,-32.98232 27.958,-32.98246 27.95789,-32.98262 27.95784,-32.98273 27.95779,-32.98282 27.9577,-32.98285 27.95766,-32.98294 27.95756,-32.98303 27.95744,-32.98308 27.95737,-32.98321 27.95727,-32.98336 27.95726,-32.98344 27.95713,-32.98353 27.95692,-32.98353 27.95669,-32.98365 27.95653,-32.98385 27.95632,-32.98405 27.95597,-32.98427 27.95578,-32.98449 27.95557,-32.98478 27.95533,-32.98497 27.95508,-32.98519 27.95493,-32.98528 27.95476,-32.98543 27.95451,-32.98564 27.95424,-32.98582 27.95407,-32.98591 27.9539,-32.98611 27.95377,-32.98618 27.9537,-32.98622 27.95344,-32.98635 27.95323,-32.98647 27.9528,-32.98652 27.95229,-32.98652 27.95213,-32.98657 27.95194,-32.98668 27.95183,-32.98683 27.95151,-32.98714 27.95128,-32.98737 27.95113,-32.9876 27.95093,-32.98787 27.95085,-32.98805 27.95073,-32.98829 27.95066,-32.98855 27.9506,-32.98878 27.95044,-32.98894 27.95026,-32.9891 27.95011,-32.98933 27.95005,-32.98959 27.94988,-32.98982 27.94965,-32.99 27.94946,-32.99019 27.94931,-32.99047 27.9492,-32.9907 27.94914,-32.99095 27.94917,-32.99112 27.94917,-32.99138 27.9492,-32.99152 27.9492,-32.99166 27.94918,-32.99197 27.94917,-32.99218 27.9492,-32.99262 27.94931,-32.99291 27.94938,-32.99315 27.94951,-32.99328 27.94961,-32.99334 27.94973,-32.99349 27.94986,-32.99362 27.95004,-32.99368 27.95025,-32.99368 27.95042,-32.99374 27.9506,-32.99387 27.95075,-32.99404 27.95089,-32.99416 27.95103,-32.99427 27.95119,-32.99448 27.95137,-32.99469 27.95147,-32.99481 27.9516,-32.99496 27.95173,-32.99506 27.95181,-32.99518 27.95187,-32.99523 27.95199,-32.99531 27.95209,-32.99536 27.95217,-32.99547 27.95221,-32.99576 27.95223,-32.99591 27.95229,-32.99604 27.95237,-32.99619 27.95234,-32.99634 27.95234,-32.9965 27.95233,-32.99662 27.95234,-32.99673 27.95239,-32.99678 27.95243,-32.99684 27.95244,-32.99694 27.95245,-32.99711 27.95244,-32.9972 27.95242,-32.9973 27.9524,-32.99738 27.95239,-32.99746 27.95231,-32.99755 27.95217,-32.99758 27.95213,-32.99764 27.9521,-32.99774 27.95207,-32.99783 27.95197,-32.99787 27.95189,-32.99794 27.95182,-32.99803 27.95168,-32.9981 27.95157,-32.9981 27.95149,-32.99809 27.95142,-32.9981 27.95137,-32.99813 27.95137,-32.9982 27.95128,-32.99823 27.95113,-32.99826 27.95102,-32.99826 27.95093,-32.99823 27.95087,-32.99819 27.95073,-32.99821 27.95072,-32.99827 27.95059,-32.99832 27.95041,-32.99831 27.95028,-32.99827 27.95025,-32.99824 27.95011,-32.99823 27.95007,-32.99827 27.94974,-32.99827 27.94959,-32.99826 27.94953,-32.99824 27.94943,-32.99822 27.9493,-32.99822 27.94925,-32.99825 27.94925,-32.99831 27.94915,-32.99843 27.94894,-32.99842 27.94877,-32.99841 27.94869,-32.99837 27.94853,-32.99841 27.94843,-32.99848 27.9482,-32.99852 27.94784,-32.99852 27.94775,-32.99855 27.94764,-32.99858 27.94754,-32.99863 27.94754,-32.99876 27.94745,-32.99883 27.94738,-32.99883 27.94722,-32.99887 27.94703,-32.99887 27.947,-32.9989 27.94697,-32.99896 27.94697,-32.99902 27.94696,-32.99908 27.94694,-32.99916 27.94668,-32.99916 27.94655,-32.99912 27.94651,-32.99905 27.94639,-32.999 27.94633,-32.99905 27.94632,-32.99914 27.94625,-32.99921 27.94622,-32.99929 27.94613,-32.99931 27.94592,-32.99934 27.94584,-32.99931 27.94576,-32.99931 27.9457,-32.99935 27.94563,-32.99941 27.94552,-32.99941 27.94545,-32.99943 27.94543,-32.99949 27.94529,-32.99955 27.94518,-32.99955 27.94505,-32.99959 27.945,-32.99967 27.945,-32.99979 27.94501,-32.99991 27.94506,-33.00001 27.94514,-33.00006 27.94523,-33.00017 27.94522,-33.00028 27.94511,-33.00035 27.94498,-33.00044 27.94487,-33.00048 27.94481,-33.00056 27.94481,-33.00062 27.9447,-33.00069 27.94452,-33.0007 27.94444,-33.00076 27.94439,-33.00089 27.9443,-33.00097 27.9442,-33.00106 27.9442,-33.00118 27.94409,-33.0013 27.94399,-33.00131 27.94386,-33.00136 27.94366,-33.00136 27.94363,-33.00141 27.94366,-33.00153 27.94366,-33.00159 27.94363,-33.00167 27.94349,-33.0017 27.94338,-33.00169 27.94329,-33.00169 27.94321,-33.00172 27.94319,-33.00181 27.94319,-33.0019 27.943,-33.00196 27.94288,-33.00196 27.94275,-33.00199 27.94275,-33.00206 27.94276,-33.00211 27.94276,-33.00216 27.94269,-33.00222 27.94252,-33.00219 27.94248,-33.00215 27.94239,-33.00215 27.94236,-33.00222 27.94237,-33.00228 27.94237,-33.00241 27.94227,-33.00242 27.94219,-33.00247 27.94207,-33.00242 27.94196,-33.00238 27.94191,-33.00244 27.94191,-33.00259 27.94187,-33.00261 27.94179,-33.00257 27.94179,-33.00253 27.94167,-33.00245 27.94146,-33.00246 27.94144,-33.00253 27.94138,-33.00263 27.94128,-33.0027 27.94116,-33.00268 27.94116,-33.00263 27.94113,-33.00257 27.941,-33.00255 27.94095,-33.00262 27.9409,-33.00271 27.9408,-33.00273 27.94067,-33.00271 27.94062,-33.00267 27.9406,-33.00262 27.94057,-33.00255 27.94046,-33.00251 27.94039,-33.00251 27.94036,-33.00258 27.94036,-33.00265 27.94035,-33.00275 27.94029,-33.00281 27.9402,-33.00283 27.94018,-33.0028 27.94016,-33.00273 27.94015,-33.00265 27.94004,-33.00262 27.93998,-33.00267 27.93998,-33.00276 27.93988,-33.00279 27.93977,-33.00276 27.93977,-33.00266 27.93968,-33.00256 27.93954,-33.00256 27.93949,-33.0026 27.93949,-33.00273 27.93948,-33.00283 27.93942,-33.00289 27.93931,-33.00289 27.93926,-33.00283 27.93924,-33.00277 27.9391,-33.00277 27.93905,-33.00282 27.93905,-33.00288 27.93903,-33.00303 27.93885,-33.00303 27.93885,-33.00298 27.93881,-33.00293 27.93871,-33.00293 27.93867,-33.00302 27.93867,-33.00308 27.93853,-33.00312 27.93841,-33.0031 27.93833,-33.00305 27.93817,-33.00316 27.93799,-33.00323 27.93772,-33.00327 27.93754,-33.00327 27.93735,-33.00331 27.93714,-33.00338 27.93694,-33.00349 27.93672,-33.00363 27.93654,-33.00374 27.93637,-33.00387 27.93628,-33.00394 27.93604,-33.00413 27.93579,-33.00424 27.93549,-33.00439 27.93523,-33.00458 27.93501,-33.00473 27.93481,-33.00484 27.93467,-33.0049 27.93452,-33.00495 27.93427,-33.00494 27.93396,-33.00494 27.93372,-33.00499 27.93355,-33.00506 27.93338,-33.00512 27.93324,-33.0052 27.93309,-33.00526 27.933,-33.00535 27.93296,-33.00541 27.93296,-33.00552 27.93297,-33.0056 27.93287,-33.00565 27.93274,-33.00563 27.9327,-33.00558 27.9326,-33.00555 27.9326,-33.00568 27.93266,-33.00577 27.93266,-33.00587 27.93257,-33.00595 27.93246,-33.00594 27.93245,-33.00591 27.93238,-33.00587 27.93235,-33.00592 27.93235,-33.00599 27.93234,-33.00611 27.93215,-33.00619 27.93203,-33.00619 27.93196,-33.00624 27.93194,-33.00633 27.93187,-33.00644 27.93168,-33.00646 27.93151,-33.00644 27.93145,-33.00641 27.93136,-33.00642 27.93135,-33.00647 27.93135,-33.00653 27.93134,-33.00662 27.93127,-33.00665 27.93111,-33.00664 27.93106,-33.00662 27.93097,-33.00662 27.93097,-33.00674 27.93094,-33.00683 27.9308,-33.00685 27.93074,-33.00683 27.9307,-33.0068 27.93062,-33.00681 27.93062,-33.00685 27.93056,-33.00693 27.93046,-33.00698 27.93035,-33.007 27.93029,-33.00697 27.93022,-33.00697 27.93023,-33.00708 27.93021,-33.00716 27.9301,-33.00716 27.93001,-33.00715 27.92999,-33.00713 27.92995,-33.00704 27.92987,-33.00704 27.92977,-33.00714 27.9297,-33.00722 27.9295,-33.00738 27.92931,-33.00741 27.92902,-33.00741 27.9288,-33.00745 27.92855,-33.00755 27.92833,-33.00766 27.92803,-33.00788 27.92778,-33.00799 27.92748,-33.00818 27.92731,-33.00826 27.92719,-33.00832 27.9269,-33.00848 27.92655,-33.00868 27.92628,-33.0088 27.926,-33.00898 27.9257,-33.00914 27.92545,-33.00929 27.92523,-33.00944 27.92503,-33.0096 27.92496,-33.00968 27.92496,-33.00978 27.92495,-33.00999 27.92487,-33.01015 27.92468,-33.01034 27.9245,-33.01039 27.92436,-33.0104 27.92424,-33.01036 27.92406,-33.01031 27.92389,-33.01031 27.92376,-33.01034 27.92375,-33.0104 27.92383,-33.01049 27.92389,-33.01056 27.92392,-33.01067 27.92392,-33.01075 27.92381,-33.01078 27.92369,-33.01078 27.92359,-33.01076 27.92351,-33.0107 27.92342,-33.01062 27.92335,-33.01065 27.92335,-33.01072 27.92342,-33.0108 27.92342,-33.0109 27.92324,-33.01093 27.92317,-33.01095 27.92314,-33.01102 27.92315,-33.01108 27.92323,-33.01118 27.92322,-33.0113 27.92313,-33.01136 27.92305,-33.01135 27.923,-33.01129 27.92292,-33.0113 27.92292,-33.01135 27.92294,-33.01141 27.92296,-33.01149 27.92286,-33.01152 27.92274,-33.01152 27.92264,-33.01158 27.92261,-33.0116 27.92258,-33.01167 27.92258,-33.01172 27.92262,-33.01183 27.92258,-33.01191 27.92248,-33.01192 27.92245,-33.01198 27.92246,-33.01204 27.92253,-33.01211 27.92257,-33.01217 27.92257,-33.01223 27.92256,-33.01232 27.92247,-33.01235 27.92242,-33.01235 27.92235,-33.01238 27.92235,-33.01253 27.92244,-33.01255 27.92246,-33.01264 27.92245,-33.01273 27.92241,-33.0128 27.92233,-33.01287 27.92233,-33.01295 27.92231,-33.01304 27.92221,-33.01306 27.92211,-33.01306 27.92204,-33.01319 27.92206,-33.01324 27.92213,-33.01334 27.9221,-33.01341 27.922,-33.01345 27.922,-33.01359 27.92203,-33.01366 27.92203,-33.01376 27.92201,-33.01389 27.92199,-33.01395 27.92195,-33.01405 27.922,-33.01411 27.92201,-33.01422 27.92195,-33.01429 27.92191,-33.01439 27.92193,-33.01455 27.92187,-33.01467 27.92177,-33.01473 27.92177,-33.01485 27.9218,-33.01493 27.92185,-33.01497 27.92189,-33.01502 27.92191,-33.0151 27.92185,-33.01525 27.92185,-33.01533 27.9219,-33.0154 27.9219,-33.01552 27.92185,-33.01563 27.92185,-33.01574 27.92184,-33.01581 27.92174,-33.01587 27.92164,-33.01588 27.92161,-33.01591 27.92161,-33.01598 27.92164,-33.01607 27.92164,-33.01633 27.92162,-33.01646 27.92166,-33.01657 27.92173,-33.01658 27.92179,-33.01664 27.92179,-33.01675 27.92174,-33.01682 27.92163,-33.01682 27.92157,-33.01686 27.92157,-33.01692 27.92159,-33.01695 27.92162,-33.017 27.92162,-33.01715 27.92155,-33.01719 27.92145,-33.01725 27.92144,-33.01734 27.92155,-33.01738 27.92165,-33.01748 27.92165,-33.01759 27.92163,-33.01764 27.92157,-33.01765 27.92155,-33.01773 27.92157,-33.01779 27.92157,-33.01791 27.92156,-33.01801 27.92152,-33.01809 27.92143,-33.01812 27.92136,-33.01816 27.92133,-33.01818 27.92131,-33.0183 27.92131,-33.01839 27.92139,-33.01844 27.9214,-33.01852 27.92139,-33.0186 27.92134,-33.01864 27.92126,-33.01866 27.92121,-33.01869 27.9212,-33.01883 27.9212,-33.01889 27.9211,-33.01899 27.92099,-33.01903 27.92092,-33.01907 27.92092,-33.01912 27.92094,-33.01919 27.92093,-33.01928 27.9209,-33.01931 27.92079,-33.01932 27.92078,-33.01936 27.92078,-33.01945 27.92082,-33.0195 27.92074,-33.01954 27.92065,-33.01954 27.9206,-33.0196 27.9206,-33.01968 27.92063,-33.01973 27.92062,-33.0198 27.92048,-33.01989 27.92045,-33.01993 27.92045,-33.02001 27.9205,-33.02006 27.92054,-33.02013 27.92048,-33.0202 27.9204,-33.02022 27.92019,-33.02022 27.92014,-33.02024 27.92013,-33.02032 27.92018,-33.02035 27.92024,-33.02041 27.92024,-33.02057 27.92015,-33.02059 27.91995,-33.02061 27.91995,-33.02071 27.92,-33.0208 27.91994,-33.02092 27.91982,-33.02097 27.91972,-33.02091 27.91963,-33.02091 27.9196,-33.02101 27.91966,-33.02108 27.91967,-33.02114 27.91962,-33.02121 27.91946,-33.02124 27.91939,-33.02124 27.91937,-33.02121 27.91933,-33.02118 27.91923,-33.02112 27.91918,-33.02114 27.91913,-33.02122 27.91913,-33.02146 27.91906,-33.02154 27.91897,-33.02154 27.9189,-33.0215 27.91885,-33.02148 27.91878,-33.02148 27.91871,-33.02153 27.91871,-33.02175 27.91856,-33.02181 27.91843,-33.02181 27.91837,-33.02185 27.91837,-33.022 27.91838,-33.02209 27.9184,-33.02212 27.91849,-33.02216 27.91855,-33.02223 27.91862,-33.02232 27.9186,-33.02239 27.91856,-33.02245 27.91849,-33.02249 27.91833,-33.02251 27.91827,-33.02251 27.91821,-33.0225 27.91814,-33.02246 27.91806,-33.02243 27.918,-33.0224 27.91796,-33.02241 27.91792,-33.02245 27.91792,-33.02259 27.91789,-33.02267 27.91784,-33.02272 27.91784,-33.0228 27.91781,-33.02283 27.91778,-33.02287 27.91768,-33.02287 27.91764,-33.02284 27.91764,-33.02278 27.91756,-33.02276 27.91747,-33.02278 27.91747,-33.02287 27.91749,-33.02294 27.91747,-33.02303 27.91746,-33.02306 27.9173,-33.02308 27.91725,-33.02308 27.91725,-33.02313 27.91675,-33.02363 27.91636,-33.02402 27.91636,-33.02434 27.91637,-33.02461 27.91633,-33.02478 27.9163,-33.02502 27.9163,-33.02519 27.91634,-33.02546 27.91637,-33.02566 27.91642,-33.02581 27.91644,-33.02601 27.91645,-33.0262 27.91645,-33.02665 27.91654,-33.02673 27.91658,-33.02676 27.91662,-33.0268 27.91665,-33.02685 27.91671,-33.02688 27.91716,-33.02688 27.91748,-33.02674 27.91775,-33.0267 27.91798,-33.0265 27.91879,-33.02628 27.9193,-33.02617 27.91969,-33.02606 27.92025,-33.02598 27.92088,-33.02598 27.92121,-33.02599 27.92152,-33.02613 27.92172,-33.02624 27.92207,-33.02634 27.92235,-33.02646 27.92263,-33.02655 27.92295,-33.02668 27.92321,-33.02677 27.9235,-33.02687 27.92378,-33.02698 27.92401,-33.02707 27.9243,-33.02723 27.92447,-33.02737 27.92466,-33.0275 27.92488,-33.02764 27.92531,-33.02784 27.92544,-33.02799 27.9255,-33.02821 27.9255,-33.02838 27.92529,-33.02842 27.92495,-33.02851 27.9247,-33.02855 27.92446,-33.02863 27.92371,-33.02872 27.92335,-33.02881 27.92283,-33.02896 27.92262,-33.02899 27.92237,-33.02908 27.92211,-33.02914 27.92176,-33.02918 27.92131,-33.02927 27.92101,-33.02934 27.9205,-33.02942 27.92021,-33.02948 27.91996,-33.02955 27.91966,-33.02961 27.91943,-33.02968 27.91916,-33.02978 27.91899,-33.02985 27.91868,-33.03003 27.91836,-33.03019 27.91807,-33.03035 27.91749,-33.03058 27.91722,-33.03079 27.91693,-33.03097 27.91664,-33.0311 27.91632,-33.03128 27.91582,-33.03154 27.91551,-33.03172 27.91509,-33.03194 27.9146,-33.03218 27.91422,-33.03244 27.91397,-33.03257 27.91357,-33.03281 27.91342,-33.03291 27.91315,-33.03313 27.91289,-33.0334 27.91261,-33.03365 27.9124,-33.03382 27.91222,-33.034 27.91202,-33.03419 27.91177,-33.0344 27.91152,-33.0347 27.91133,-33.03473 27.91103,-33.03484 27.91078,-33.03498 27.91056,-33.0352 27.91044,-33.03538 27.91036,-33.03562 27.91032,-33.03582 27.91032,-33.03604 27.91035,-33.03622 27.91043,-33.03626 27.91053,-33.03639 27.91047,-33.03651 27.91035,-33.03656 27.91022,-33.03654 27.9101,-33.03654 27.9101,-33.03661 27.91011,-33.03671 27.91005,-33.0368 27.90996,-33.0368 27.90981,-33.03676 27.90979,-33.03686 27.90984,-33.03691 27.90923,-33.0381 27.9093,-33.03813 27.9093,-33.03822 27.90917,-33.03826 27.90908,-33.03826 27.90901,-33.03821 27.90897,-33.03812 27.90889,-33.03812 27.90884,-33.03816 27.90888,-33.03832 27.90892,-33.03838 27.90898,-33.03842 27.90903,-33.03847 27.90897,-33.03856 27.90887,-33.03856 27.90873,-33.03857 27.90868,-33.03867 27.90869,-33.03872 27.90873,-33.03879 27.90876,-33.03885 27.90868,-33.03894 27.9085,-33.03896 27.90842,-33.03893 27.90832,-33.03896 27.90832,-33.03907 27.90837,-33.03916 27.90837,-33.03926 27.90832,-33.03931 27.90809,-33.03931 27.908,-33.03936 27.90796,-33.03943 27.90796,-33.03966 27.90787,-33.03974 27.90775,-33.03982 27.90765,-33.03982 27.90763,-33.03974 27.90749,-33.03971 27.90739,-33.03973 27.90734,-33.03984 27.90734,-33.03991 27.90732,-33.04 27.90719,-33.04006 27.90708,-33.04005 27.90703,-33.04003 27.907,-33.03998 27.90693,-33.03997 27.90683,-33.03999 27.90683,-33.04017 27.90679,-33.04022 27.90671,-33.04023 27.90657,-33.04019 27.90654,-33.04013 27.90648,-33.04007 27.9064,-33.04009 27.9063,-33.04019 27.9063,-33.04025 27.90633,-33.04031 27.90633,-33.04036 27.90626,-33.04039 27.90618,-33.04038 27.9061,-33.04035 27.90603,-33.04036 27.90603,-33.04051 27.90598,-33.04057 27.90589,-33.04057 27.90582,-33.04054 27.90575,-33.04054 27.90567,-33.04058 27.90564,-33.04061 27.90564,-33.04073 27.90565,-33.04078 27.9056,-33.04085 27.90551,-33.04084 27.90549,-33.04082 27.90544,-33.04074 27.90536,-33.04073 27.90529,-33.04073 27.90522,-33.04077 27.90522,-33.04084 27.90524,-33.04091 27.90524,-33.04098 27.90525,-33.04105 27.90517,-33.04113 27.90504,-33.04117 27.90493,-33.0412 27.90491,-33.04124 27.90491,-33.04131 27.90494,-33.04138 27.9049,-33.04145 27.90477,-33.04151 27.90473,-33.04151 27.90467,-33.04149 27.90463,-33.04143 27.9046,-33.0414 27.90447,-33.04142 27.90448,-33.04153 27.9045,-33.04161 27.90446,-33.04175 27.90433,-33.0418 27.90424,-33.04186 27.90416,-33.04195 27.90416,-33.04204 27.9042,-33.04209 27.9042,-33.04217 27.90415,-33.0422 27.90404,-33.04219 27.904,-33.04216 27.90398,-33.04212 27.90392,-33.04204 27.90385,-33.04199 27.90378,-33.04199 27.90372,-33.04201 27.90371,-33.04206 27.90373,-33.04217 27.90377,-33.04223 27.90376,-33.04232 27.9037,-33.04242 27.90359,-33.04242 27.90351,-33.04241 27.90344,-33.04241 27.90336,-33.04244 27.90336,-33.04251 27.90339,-33.04255 27.90341,-33.0426 27.90335,-33.04269 27.90314,-33.04269 27.90307,-33.04264 27.90302,-33.04264 27.90298,-33.04266 27.90292,-33.0427 27.90279,-33.04274 27.9027,-33.04275 27.90254,-33.04286 27.90241,-33.04293 27.90222,-33.04304 27.90211,-33.04316 27.90204,-33.04329 27.902,-33.04339 27.90187,-33.04349 27.90171,-33.04348 27.90161,-33.04341 27.90156,-33.04336 27.90153,-33.04325 27.90145,-33.04316 27.90136,-33.04312 27.90126,-33.04312 27.90109,-33.04325 27.90103,-33.04339 27.90104,-33.04346 27.90104,-33.04352 27.90095,-33.04357 27.9008,-33.04361 27.90068,-33.04351 27.9006,-33.04351 27.9006,-33.04364 27.90056,-33.04372 27.90048,-33.04376 27.90042,-33.04371 27.90042,-33.04368 27.90037,-33.04358 27.90028,-33.04364 27.90028,-33.04375 27.9003,-33.04387 27.90029,-33.04397 27.90025,-33.04402 27.90017,-33.04409 27.90008,-33.04409 27.90003,-33.04406 27.89999,-33.04408 27.89999,-33.04422 27.89992,-33.04428 27.89987,-33.04428 27.89977,-33.04427 27.8997,-33.04424 27.89968,-33.04416 27.89962,-33.0441 27.89954,-33.04416 27.89954,-33.04425 27.89957,-33.0443 27.8995,-33.04442 27.89943,-33.04442 27.89931,-33.04441 27.89924,-33.04436 27.89922,-33.04431 27.89919,-33.04429 27.89913,-33.0443 27.89908,-33.04433 27.89908,-33.04439 27.89906,-33.04451 27.89902,-33.04455 27.89898,-33.04456 27.89889,-33.04451 27.89885,-33.04443 27.89876,-33.04438 27.89862,-33.04435 27.89854,-33.04428 27.89845,-33.04421 27.89824,-33.04421 27.89816,-33.04425 27.89803,-33.04433 27.89792,-33.04441 27.89788,-33.04442 27.89772,-33.04444 27.89737,-33.0444 27.89709,-33.04436 27.89675,-33.04442 27.89613,-33.04442 27.8959,-33.04441 27.89576,-33.04436 27.89561,-33.04432 27.89544,-33.04427 27.8953,-33.04426 27.89511,-33.04424 27.89499,-33.04421 27.89481,-33.04417 27.89469,-33.04416 27.89458,-33.04413 27.8945,-33.0441 27.89444,-33.04408 27.89435,-33.04409 27.89434,-33.04416 27.89427,-33.04423 27.89416,-33.04422 27.89413,-33.04418 27.8941,-33.04415 27.89408,-33.0441 27.89403,-33.04408 27.89399,-33.04414 27.89398,-33.04418 27.89385,-33.04421 27.89374,-33.04423 27.8936,-33.04429 27.89345,-33.04432 27.89329,-33.0443 27.89323,-33.04432 27.89323,-33.04436 27.89319,-33.04442 27.8931,-33.04443 27.89301,-33.04443 27.89294,-33.04442 27.89294,-33.04433 27.89287,-33.04429 27.89285,-33.04431 27.89285,-33.04437 27.89279,-33.04442 27.89261,-33.04442 27.89258,-33.0444 27.89258,-33.04437 27.89255,-33.04432 27.89253,-33.0443 27.89247,-33.0443 27.89242,-33.04437 27.89242,-33.04444 27.89228,-33.04453 27.89213,-33.04451 27.89207,-33.04451 27.89204,-33.04453 27.892,-33.04456 27.89195,-33.04459 27.89187,-33.0446 27.89183,-33.04458 27.8918,-33.04454 27.8918,-33.04444 27.89174,-33.04443 27.89168,-33.04443 27.89167,-33.04447 27.89164,-33.04456 27.8916,-33.04459 27.89151,-33.04465 27.89137,-33.04465 27.89131,-33.04462 27.89128,-33.0446 27.89127,-33.04457 27.89127,-33.04453 27.89124,-33.04452 27.89116,-33.04453 27.89115,-33.04457 27.89114,-33.04462 27.89106,-33.04467 27.89099,-33.04471 27.89088,-33.04471 27.89085,-33.04468 27.89083,-33.04465 27.89083,-33.04456 27.89079,-33.04454 27.89074,-33.04454 27.89074,-33.04459 27.89073,-33.04471 27.8906,-33.04474 27.89045,-33.04481 27.89037,-33.04476 27.89037,-33.04472 27.89027,-33.04466 27.89016,-33.04468 27.89016,-33.04487 27.89005,-33.04492 27.8899,-33.0449 27.88988,-33.04486 27.88985,-33.04479 27.88975,-33.04477 27.88964,-33.04482 27.8896,-33.04494 27.88948,-33.045 27.88932,-33.04502 27.88924,-33.04499 27.88919,-33.04494 27.88907,-33.04501 27.88903,-33.04512 27.88892,-33.04517 27.88883,-33.04517 27.88875,-33.04514 27.88873,-33.04506 27.8887,-33.04505 27.88864,-33.04507 27.88864,-33.04522 27.88856,-33.04526 27.8884,-33.04526 27.88832,-33.0452 27.88832,-33.04516 27.88828,-33.04513 27.8881,-33.04516 27.88806,-33.0453 27.88806,-33.04536 27.88797,-33.04539 27.88785,-33.04544 27.88785,-33.04559 27.88782,-33.04566 27.8877,-33.04566 27.88762,-33.04563 27.88761,-33.0456 27.88761,-33.04554 27.88755,-33.04551 27.88747,-33.04552 27.88747,-33.0456 27.8875,-33.04567 27.8875,-33.04572 27.88741,-33.04578 27.88727,-33.04584 27.88718,-33.04581 27.88708,-33.04581 27.88698,-33.04583 27.88696,-33.04594 27.88689,-33.04602 27.88672,-33.04602 27.88665,-33.04606 27.88665,-33.04612 27.88661,-33.04621 27.88647,-33.04624 27.8864,-33.04626 27.88634,-33.04625 27.88631,-33.04622 27.88629,-33.04619 27.88625,-33.04619 27.8862,-33.04624 27.8862,-33.04641 27.88613,-33.04648 27.88597,-33.04648 27.88588,-33.04645 27.88584,-33.04644 27.88574,-33.04644 27.8857,-33.04648 27.8857,-33.04658 27.88569,-33.04662 27.88557,-33.04666 27.88547,-33.04667 27.8854,-33.04667 27.88539,-33.04663 27.88534,-33.04659 27.88529,-33.0466 27.88524,-33.04667 27.88524,-33.04684 27.88522,-33.04689 27.88513,-33.04694 27.88507,-33.04694 27.88504,-33.04692 27.88498,-33.04686 27.88495,-33.04689 27.88496,-33.04696 27.88496,-33.04701 27.88493,-33.04709 27.88484,-33.04714 27.88476,-33.04714 27.88467,-33.04712 27.88466,-33.04709 27.88456,-33.04709 27.88452,-33.04711 27.88452,-33.04717 27.88451,-33.04727 27.88441,-33.04733 27.88432,-33.0473 27.8843,-33.04727 27.88424,-33.04723 27.88414,-33.04726 27.88414,-33.04731 27.88417,-33.04738 27.88421,-33.04742 27.88422,-33.0475 27.88408,-33.04755 27.88395,-33.04755 27.88389,-33.04751 27.88379,-33.04751 27.88373,-33.04754 27.88378,-33.04761 27.88379,-33.04774 27.88366,-33.04778 27.88358,-33.04778 27.88348,-33.04775 27.88343,-33.04775 27.88338,-33.04781 27.88338,-33.04791 27.88333,-33.04796 27.88327,-33.048 27.88317,-33.04803 27.88318,-33.04808 27.88326,-33.04816 27.88325,-33.04824 27.88315,-33.04825 27.88303,-33.04825 27.88297,-33.04823 27.88288,-33.04825 27.88286,-33.04831 27.88286,-33.04846 27.88283,-33.04852 27.88271,-33.04854 27.88266,-33.04854 27.8826,-33.04861 27.8826,-33.04876 27.8825,-33.04881 27.8824,-33.04883 27.88228,-33.04883 27.88223,-33.04886 27.88227,-33.04896 27.88231,-33.04902 27.88231,-33.04909 27.88214,-33.04922 27.88201,-33.04922 27.88191,-33.04923 27.88186,-33.04923 27.88181,-33.04928 27.8818,-33.04936 27.88179,-33.04942 27.88175,-33.04945 27.88164,-33.04946 27.88156,-33.04946 27.88152,-33.04942 27.88146,-33.04942 27.88139,-33.04943 27.88135,-33.0495 27.88135,-33.04965 27.8812,-33.04973 27.88111,-33.04973 27.88103,-33.04971 27.881,-33.04968 27.88095,-33.04967 27.88089,-33.04968 27.88086,-33.04973 27.88082,-33.04987 27.88072,-33.04989 27.8806,-33.04989 27.88056,-33.04991 27.88052,-33.05 27.88052,-33.05005 27.88043,-33.05012 27.88036,-33.05011 27.88032,-33.05006 27.88022,-33.05002 27.88017,-33.05011 27.88017,-33.05018 27.8801,-33.05027 27.88004,-33.05029 27.87996,-33.05027 27.87992,-33.05021 27.87986,-33.05021 27.87984,-33.05029 27.87984,-33.05039 27.8798,-33.05046 27.87974,-33.05047 27.87966,-33.05045 27.87963,-33.05041 27.87957,-33.05041 27.87951,-33.05045 27.87951,-33.05056 27.87939,-33.05064 27.8791,-33.05064 27.87902,-33.05068 27.87901,-33.05074 27.87901,-33.0508 27.87895,-33.05091 27.87875,-33.05097 27.87863,-33.05096 27.87859,-33.0509 27.87854,-33.05089 27.87848,-33.0509 27.87846,-33.05095 27.87846,-33.05107 27.87844,-33.0512 27.87833,-33.05121 27.87817,-33.05121 27.87809,-33.05119 27.87803,-33.05113 27.87799,-33.05114 27.87798,-33.05119 27.87798,-33.05131 27.87797,-33.05141 27.87788,-33.05148 27.87769,-33.05148 27.87759,-33.05144 27.87758,-33.05139 27.87745,-33.05137 27.87737,-33.05142 27.87736,-33.05149 27.87734,-33.05156 27.87715,-33.05157 27.87705,-33.05154 27.87703,-33.05148 27.87694,-33.05147 27.87687,-33.05152 27.87675,-33.0516 27.87668,-33.0516 27.87666,-33.05158 27.87664,-33.05152 27.87656,-33.05152 27.87653,-33.05157 27.8765,-33.05164 27.87637,-33.05164 27.8763,-33.05162 27.87628,-33.05158 27.87619,-33.05156 27.87613,-33.05158 27.87605,-33.05164 27.87605,-33.05169 27.87604,-33.05174 27.8759,-33.05179 27.87579,-33.05179 27.87578,-33.05174 27.87573,-33.05173 27.87561,-33.05179 27.8756,-33.05185 27.8756,-33.05194 27.87558,-33.05203 27.8755,-33.0521 27.87539,-33.05213 27.87529,-33.0521 27.87523,-33.05209 27.87518,-33.0521 27.87515,-33.05214 27.87516,-33.05219 27.87516,-33.05226 27.87514,-33.05238 27.87507,-33.0524 27.87487,-33.0524 27.87481,-33.05243 27.87481,-33.05248 27.87482,-33.05256 27.87485,-33.0526 27.87491,-33.05262 27.87491,-33.05269 27.87472,-33.05274 27.87461,-33.05274 27.87455,-33.05279 27.87454,-33.05283 27.87454,-33.05296 27.87453,-33.05304 27.87449,-33.05309 27.87441,-33.05308 27.8743,-33.05304 27.87426,-33.05308 27.87426,-33.0532 27.87429,-33.05328 27.87429,-33.05334 27.87425,-33.0534 27.87416,-33.0534 27.87409,-33.05338 27.87403,-33.05333 27.87396,-33.05328 27.87387,-33.05325 27.8738,-33.0533 27.8738,-33.05339 27.87386,-33.05351 27.87392,-33.05353 27.87396,-33.05356 27.87404,-33.05364 27.87403,-33.05373 27.8739,-33.05377 27.8738,-33.05377 27.87375,-33.05379 27.87373,-33.05387 27.87372,-33.05392 27.87372,-33.05398 27.87361,-33.05399 27.87354,-33.05397 27.87349,-33.05391 27.87347,-33.05389 27.87332,-33.05389 27.87328,-33.05393 27.87328,-33.05398 27.87329,-33.05406 27.8733,-33.05409 27.87331,-33.05415 27.87328,-33.05421 27.87317,-33.05421 27.8731,-33.05417 27.87305,-33.05415 27.87301,-33.05415 27.87297,-33.05421 27.87297,-33.05444 27.87294,-33.05451 27.87283,-33.05456 27.87273,-33.05456 27.87271,-33.05453 27.87264,-33.05449 27.87255,-33.05451 27.87253,-33.0546 27.87254,-33.05472 27.87252,-33.0548 27.87133,-33.05535 27.87125,-33.05535 27.87122,-33.05536 27.87119,-33.05541 27.87119,-33.05552 27.87114,-33.05555 27.87104,-33.0556 27.87088,-33.0556 27.87082,-33.05559 27.8708,-33.05569 27.8707,-33.05572 27.87059,-33.05573 27.8705,-33.05572 27.87049,-33.05563 27.87044,-33.05563 27.87037,-33.05571 27.87037,-33.05579 27.87036,-33.05584 27.87028,-33.05587 27.87022,-33.05591 27.86998,-33.05591 27.86997,-33.05594 27.86992,-33.05603 27.86981,-33.05605 27.86962,-33.05605 27.86959,-33.05602 27.86951,-33.05602 27.86944,-33.05603 27.86942,-33.05605 27.8694,-33.05609 27.86935,-33.05611 27.86929,-33.05611 27.86923,-33.05612 27.86918,-33.05611 27.86915,-33.0561 27.86909,-33.05606 27.86904,-33.05606 27.86896,-33.05609 27.86896,-33.05616 27.86891,-33.05621 27.86879,-33.05624 27.86865,-33.05624 27.86854,-33.05621 27.86854,-33.05617 27.86853,-33.05613 27.86849,-33.05613 27.86843,-33.05616 27.86843,-33.05627 27.86834,-33.05634 27.86824,-33.05634 27.86817,-33.05632 27.86813,-33.05629 27.8681,-33.05628 27.86809,-33.05624 27.86807,-33.05617 27.86802,-33.05616 27.86797,-33.05621 27.86797,-33.0563 27.86786,-33.0564 27.86771,-33.05642 27.86759,-33.05636 27.86754,-33.05638 27.86752,-33.05642 27.86752,-33.05649 27.86742,-33.05654 27.86731,-33.05654 27.86725,-33.05653 27.86722,-33.05649 27.86721,-33.05643 27.86711,-33.05643 27.86703,-33.05644 27.86703,-33.05651 27.86702,-33.05657 27.867,-33.05661 27.86697,-33.05663 27.86681,-33.05663 27.86675,-33.0566 27.86668,-33.05656 27.86665,-33.05653 27.86658,-33.05651 27.86652,-33.05651 27.86647,-33.05653 27.86643,-33.05655 27.86643,-33.05662 27.86647,-33.05669 27.86643,-33.05674 27.86633,-33.05676 27.86623,-33.05676 27.86616,-33.05674 27.8661,-33.05669 27.86605,-33.05672 27.86604,-33.05678 27.86595,-33.05687 27.86581,-33.0569 27.86565,-33.05688 27.86561,-33.05678 27.86552,-33.05675 27.86548,-33.05679 27.86547,-33.05686 27.86547,-33.05694 27.86526,-33.05698 27.86516,-33.05698 27.86512,-33.05692 27.86508,-33.05684 27.86503,-33.05684 27.86495,-33.05685 27.86492,-33.05693 27.86485,-33.057 27.8647,-33.05703 27.86456,-33.05701 27.86453,-33.05697 27.86443,-33.05696 27.86437,-33.057 27.86437,-33.05705 27.86427,-33.05712 27.86414,-33.05712 27.86407,-33.05709 27.86399,-33.05701 27.8639,-33.05701 27.86389,-33.05705 27.86389,-33.05712 27.86392,-33.05719 27.86384,-33.05724 27.86377,-33.05724 27.86365,-33.05723 27.86355,-33.05723 27.86345,-33.05725 27.86341,-33.05734 27.86341,-33.05743 27.86347,-33.05747 27.86355,-33.0575 27.86359,-33.05759 27.86354,-33.05761 27.86341,-33.05761 27.8634,-33.05772 27.86341,-33.05781 27.86354,-33.05784 27.86361,-33.05787 27.86363,-33.05799 27.86359,-33.05805 27.86365,-33.05813 27.86372,-33.05814 27.86382,-33.05814 27.86391,-33.05818 27.86392,-33.05825 27.86391,-33.05838 27.8638,-33.05844 27.86371,-33.05845 27.86371,-33.05853 27.86377,-33.0586 27.86382,-33.05863 27.8639,-33.05866 27.86393,-33.05878 27.86391,-33.05887 27.86385,-33.05887 27.86373,-33.05888 27.86359,-33.05888 27.86359,-33.05895 27.86364,-33.05903 27.86368,-33.05904 27.86373,-33.05905 27.86378,-33.05907 27.86382,-33.05914 27.86373,-33.05932 27.86361,-33.05937 27.86354,-33.05933 27.86349,-33.05933 27.86345,-33.05943 27.86354,-33.05958 27.86354,-33.05968 27.86339,-33.0597 27.86327,-33.05968 27.86321,-33.05963 27.86313,-33.05964 27.86305,-33.05977 27.8631,-33.05987 27.86315,-33.05994 27.86311,-33.06004 27.86301,-33.06008 27.86295,-33.05999 27.86285,-33.05999 27.86285,-33.06008 27.86279,-33.06017 27.86263,-33.06026 27.86239,-33.06039 27.86225,-33.06039 27.86217,-33.06036 27.86214,-33.06027 27.86202,-33.06027 27.862,-33.06041 27.862,-33.06052 27.86189,-33.06056 27.86179,-33.06054 27.86178,-33.0605 27.8617,-33.06045 27.86046,-33.06072 27.86046,-33.06083 27.86045,-33.06093 27.86039,-33.06101 27.86028,-33.06103 27.86025,-33.06095 27.86016,-33.06085 27.86006,-33.06085 27.86006,-33.06095 27.86008,-33.06108 27.85996,-33.06116 27.85984,-33.06116 27.85982,-33.06107 27.85972,-33.06101 27.85964,-33.06106 27.85959,-33.0611 27.8596,-33.06119 27.85952,-33.06134 27.85928,-33.06138 27.85924,-33.06131 27.85914,-33.06119 27.85897,-33.0612 27.85887,-33.06125 27.85885,-33.0614 27.85885,-33.0615 27.85871,-33.06156 27.85862,-33.06156 27.85852,-33.06153 27.85845,-33.06144 27.85838,-33.06141 27.85834,-33.06143 27.8583,-33.06147 27.85833,-33.06156 27.85838,-33.06162 27.85837,-33.06169 27.85834,-33.06176 27.85813,-33.06179 27.85801,-33.06181 27.85802,-33.06187 27.85797,-33.06194 27.85781,-33.06194 27.85772,-33.0619 27.85767,-33.06185 27.85757,-33.06189 27.85755,-33.06197 27.85755,-33.0621 27.85743,-33.0622 27.85722,-33.0622 27.85719,-33.06214 27.85713,-33.06212 27.85711,-33.06221 27.85707,-33.06229 27.85689,-33.06227 27.85684,-33.06223 27.85682,-33.06215 27.85677,-33.06212 27.85674,-33.06226 27.85678,-33.06234 27.85673,-33.06242 27.85653,-33.06245 27.85644,-33.06241 27.85644,-33.06235 27.85636,-33.06233 27.85628,-33.06245 27.85626,-33.06253 27.85624,-33.06262 27.85609,-33.06269 27.85604,-33.0627 27.85596,-33.06271 27.85589,-33.06271 27.85582,-33.06277 27.85577,-33.06281 27.85565,-33.06284 27.85555,-33.06284 27.85549,-33.06277 27.85549,-33.06269 27.85543,-33.06263 27.85535,-33.06263 27.85529,-33.06266 27.85526,-33.06277 27.85526,-33.0629 27.85524,-33.06298 27.85508,-33.06303 27.85499,-33.06301 27.85494,-33.06294 27.85485,-33.06296 27.85485,-33.06307 27.85481,-33.06316 27.85469,-33.06323 27.8546,-33.0632 27.85457,-33.06315 27.85448,-33.06315 27.85446,-33.06322 27.85451,-33.06331 27.85443,-33.06339 27.8543,-33.06342 27.85424,-33.06338 27.85418,-33.06331 27.8541,-33.06329 27.85407,-33.06344 27.85411,-33.06347 27.85416,-33.06354 27.85416,-33.06363 27.85402,-33.06369 27.85395,-33.06369 27.85387,-33.06364 27.85386,-33.06358 27.85375,-33.06357 27.85368,-33.0636 27.85366,-33.06369 27.85366,-33.06381 27.85364,-33.06389 27.85348,-33.06394 27.85341,-33.06394 27.85336,-33.06398 27.85336,-33.0641 27.85339,-33.06417 27.85339,-33.06428 27.8532,-33.06434 27.85306,-33.06433 27.85298,-33.06428 27.85292,-33.06429 27.85288,-33.06435 27.85291,-33.06442 27.85294,-33.06446 27.85299,-33.06454 27.85297,-33.06458 27.85281,-33.06459 27.85266,-33.06459 27.85254,-33.06461 27.85253,-33.06467 27.85254,-33.06476 27.85254,-33.06484 27.85241,-33.06488 27.8523,-33.06488 27.85226,-33.06484 27.8522,-33.06486 27.85217,-33.06492 27.8522,-33.06499 27.85229,-33.06505 27.85229,-33.06514 27.85216,-33.06521 27.852,-33.06521 27.85195,-33.06515 27.85188,-33.06508 27.85175,-33.06513 27.85174,-33.06528 27.8518,-33.06534 27.85185,-33.06538 27.85186,-33.06548 27.85176,-33.06552 27.85161,-33.06552 27.85154,-33.06544 27.85148,-33.06539 27.85138,-33.0654 27.85135,-33.06551 27.85141,-33.0656 27.85144,-33.06567 27.85148,-33.06577 27.85143,-33.06584 27.85122,-33.06584 27.85117,-33.06589 27.85119,-33.06593 27.85124,-33.06604 27.85124,-33.06615 27.85118,-33.06621 27.85106,-33.06621 27.85094,-33.0662 27.85088,-33.06614 27.85081,-33.06605 27.85078,-33.06603 27.85069,-33.06603 27.85068,-33.06609 27.85069,-33.06617 27.85074,-33.06626 27.85081,-33.0663 27.85084,-33.06639 27.85084,-33.06645 27.85075,-33.06649 27.85059,-33.06647 27.85054,-33.06641 27.85043,-33.0664 27.85042,-33.06649 27.85044,-33.06655 27.85044,-33.06662 27.85038,-33.06672 27.85034,-33.06676 27.85025,-33.06677 27.85018,-33.06685 27.85016,-33.06692 27.84999,-33.06695 27.84986,-33.06695 27.84979,-33.06692 27.84978,-33.06689 27.84977,-33.06683 27.84971,-33.06683 27.84966,-33.0669 27.84962,-33.06702 27.84948,-33.06712 27.84933,-33.06718 27.84917,-33.06718 27.84908,-33.06717 27.84903,-33.06717 27.84896,-33.06723 27.84891,-33.06729 27.84891,-33.06736 27.8488,-33.06746 27.84862,-33.06746 27.84859,-33.06741 27.84853,-33.06736 27.84844,-33.06741 27.84844,-33.06752 27.84837,-33.0676 27.84822,-33.0676 27.84812,-33.06759 27.84804,-33.06759 27.84793,-33.06764 27.84785,-33.06768 27.84785,-33.06774 27.84778,-33.06785 27.8476,-33.06787 27.84746,-33.06795 27.84733,-33.068 27.8472,-33.06799 27.84717,-33.06792 27.84709,-33.06791 27.84691,-33.06793 27.8467,-33.06803 27.8464,-33.06815 27.84611,-33.06825 27.84574,-33.06847 27.8456,-33.06858 27.84546,-33.06866 27.84538,-33.06868 27.84513,-33.06885 27.84471,-33.069 27.84435,-33.06914 27.84408,-33.06918 27.84389,-33.06931 27.84373,-33.06952 27.84371,-33.06968 27.84375,-33.06988 27.84377,-33.07 27.84382,-33.07015 27.84382,-33.07044 27.84379,-33.0706 27.84365,-33.07067 27.84321,-33.07067 27.84307,-33.07056 27.8429,-33.07056 27.84273,-33.07057 27.84263,-33.07062 27.84251,-33.07067 27.84235,-33.07065 27.84226,-33.07059 27.84217,-33.07047 27.84212,-33.07046 27.84194,-33.07047 27.84188,-33.07048 27.84166,-33.07057 27.84159,-33.07055 27.84152,-33.07055 27.84152,-33.0706 27.84157,-33.07069 27.84146,-33.07075 27.84134,-33.07075 27.84125,-33.07071 27.84121,-33.07066 27.84115,-33.07066 27.84108,-33.07068 27.84109,-33.07077 27.84109,-33.07082 27.84102,-33.07087 27.84094,-33.07087 27.84089,-33.07082 27.84088,-33.07077 27.84079,-33.07077 27.84077,-33.07085 27.84078,-33.07094 27.84075,-33.07099 27.84064,-33.07099 27.84039,-33.07101 27.84021,-33.07112 27.8399,-33.07122 27.83968,-33.07132 27.83939,-33.0715 27.83913,-33.0717 27.83882,-33.0718 27.83863,-33.07185 27.8384,-33.07193 27.83818,-33.07209 27.83794,-33.07225 27.83774,-33.07237 27.83757,-33.07243 27.83728,-33.07245 27.83714,-33.07238 27.83705,-33.07229 27.8369,-33.07224 27.83681,-33.07224 27.83671,-33.07232 27.83661,-33.07228 27.83649,-33.07226 27.8364,-33.07236 27.83638,-33.07241 27.83554,-33.07337 27.83539,-33.07343 27.83524,-33.07339 27.83516,-33.07341 27.83514,-33.07345 27.83508,-33.07354 27.83499,-33.07363 27.83472,-33.07363 27.83464,-33.07372 27.83464,-33.07376 27.83456,-33.07382 27.83449,-33.07382 27.83435,-33.07378 27.83431,-33.07374 27.8342,-33.07374 27.8342,-33.07383 27.83416,-33.07391 27.83398,-33.07392 27.83385,-33.07391 27.83378,-33.07381 27.83369,-33.07386 27.83369,-33.07395 27.83361,-33.074 27.83344,-33.07405 27.8333,-33.07401 27.83329,-33.07395 27.83323,-33.07389 27.83314,-33.07389 27.83318,-33.07399 27.83312,-33.07408 27.83293,-33.07418 27.83279,-33.07418 27.83267,-33.07413 27.83265,-33.07404 27.83259,-33.07402 27.83251,-33.07406 27.8325,-33.07417 27.8325,-33.07423 27.83251,-33.07431 27.8324,-33.07436 27.83222,-33.07436 27.83211,-33.07433 27.83207,-33.07442 27.83199,-33.07452 27.83166,-33.0746 27.83137,-33.0746 27.83129,-33.07458 27.83118,-33.07444 27.83091,-33.07448 27.8306,-33.07458 27.83038,-33.0747 27.83016,-33.07486 27.82996,-33.07507 27.82962,-33.07532 27.8294,-33.07549 27.82915,-33.07568 27.82899,-33.07579 27.82881,-33.07589 27.82861,-33.07598 27.82856,-33.07601 27.82854,-33.07609 27.82853,-33.07621 27.82859,-33.07629 27.82861,-33.07642 27.82861,-33.0765 27.82848,-33.07658 27.82836,-33.07658 27.8283,-33.07659 27.82829,-33.07663 27.82829,-33.07668 27.82827,-33.07673 27.82817,-33.07675 27.82805,-33.07665 27.82795,-33.07664 27.8279,-33.07667 27.82787,-33.07679 27.82796,-33.07687 27.82802,-33.07695 27.82801,-33.07703 27.82792,-33.07712 27.82778,-33.07711 27.82771,-33.07717 27.82771,-33.0773 27.82774,-33.07739 27.82774,-33.07748 27.82771,-33.07759 27.82753,-33.07761 27.82743,-33.07757 27.8274,-33.07763 27.82746,-33.07772 27.82755,-33.07782 27.82755,-33.07789 27.82743,-33.07793 27.8273,-33.07797 27.8273,-33.07806 27.82734,-33.07817 27.82734,-33.07827 27.82723,-33.07834 27.8271,-33.07838 27.8271,-33.07849 27.82717,-33.07856 27.82723,-33.07859 27.82729,-33.07866 27.82721,-33.07876 27.82709,-33.07877 27.82699,-33.07872 27.82692,-33.07875 27.82692,-33.07889 27.82702,-33.07895 27.82702,-33.07906 27.82698,-33.07912 27.82689,-33.07914 27.82674,-33.07918 27.82666,-33.07914 27.82653,-33.07914 27.82652,-33.0792 27.82653,-33.07928 27.82659,-33.07935 27.82659,-33.07945 27.82649,-33.07953 27.8264,-33.07953 27.82634,-33.07944 27.82627,-33.07939 27.82618,-33.07939 27.82614,-33.07947 27.82622,-33.07957 27.82626,-33.07964 27.82627,-33.07972 27.8262,-33.07978 27.82605,-33.0798 27.82595,-33.0798 27.82589,-33.07983 27.82593,-33.07988 27.82598,-33.07995 27.82598,-33.08004 27.82577,-33.08008 27.82565,-33.08008 27.8256,-33.0801 27.82561,-33.08018 27.82559,-33.08029 27.82545,-33.08032 27.82538,-33.08035 27.82536,-33.08052 27.8253,-33.08065 27.82516,-33.08071 27.82509,-33.08071 27.82505,-33.08076 27.82507,-33.08083 27.82507,-33.08104 27.82503,-33.08112 27.82498,-33.08121 27.82501,-33.08128 27.82498,-33.08142 27.82495,-33.08147 27.82486,-33.0815 27.8248,-33.0815 27.82477,-33.08153 27.82479,-33.0816 27.82488,-33.08172 27.82495,-33.08185 27.8249,-33.08206 27.82466,-33.08215 27.82459,-33.08235 27.82455,-33.08261 27.82455,-33.08289 27.82463,-33.08309 27.82466,-33.08333 27.82475,-33.08361 27.82489,-33.08384 27.82508,-33.08404 27.82523,-33.08416 27.82536,-33.08424 27.82545,-33.08434 27.82553,-33.08447 27.82555,-33.08461 27.82561,-33.08468 27.82559,-33.08485 27.82548,-33.0849 27.8254,-33.08498 27.82535,-33.08508 27.82534,-33.08515 27.8252,-33.08517 27.82507,-33.08516 27.82502,-33.08508 27.82492,-33.08507 27.8248,-33.08507 27.82475,-33.0851 27.82475,-33.08518 27.82478,-33.08528 27.82478,-33.08536 27.82473,-33.08543 27.82461,-33.08547 27.82448,-33.08546 27.82442,-33.08541 27.82436,-33.08537 27.82428,-33.08542 27.82428,-33.08559 27.82432,-33.08572 27.8244,-33.08578 27.82447,-33.08578 27.82452,-33.08584 27.82452,-33.08593 27.82445,-33.08597 27.8243,-33.08603 27.82427,-33.08609 27.82432,-33.08617 27.8244,-33.08617 27.82451,-33.08624 27.82441,-33.08634 27.82422,-33.08635 27.82413,-33.08631 27.82407,-33.08626 27.82401,-33.08618 27.82396,-33.08618 27.82395,-33.08626 27.82398,-33.0863 27.82403,-33.08635 27.82403,-33.08643 27.82382,-33.08648 27.82367,-33.08648 27.8236,-33.08645 27.82356,-33.08635 27.82356,-33.08627 27.82352,-33.08615 27.82345,-33.08615 27.82341,-33.08623 27.82341,-33.08633 27.8234,-33.08646 27.82328,-33.08645 27.82317,-33.08623 27.82314,-33.08616 27.82307,-33.08609 27.82298,-33.0861 27.823,-33.08623 27.82307,-33.08629 27.8231,-33.08637 27.8231,-33.08653 27.82301,-33.08656 27.82278,-33.08662 27.8227,-33.08664 27.82265,-33.08668 27.82254,-33.08673 27.82246,-33.0867 27.82241,-33.08667 27.82234,-33.08662 27.8222,-33.08667 27.82209,-33.08681 27.82201,-33.08696 27.82183,-33.08706 27.8216,-33.08711 27.82145,-33.0871 27.82138,-33.08705 27.82134,-33.08695 27.82128,-33.08687 27.82116,-33.08687 27.821,-33.08693 27.82089,-33.08706 27.82068,-33.08721 27.82049,-33.08735 27.82032,-33.08736 27.82021,-33.08731 27.8202,-33.08723 27.82024,-33.08711 27.82026,-33.08693 27.82022,-33.08672 27.82013,-33.08661 27.81988,-33.08652 27.81967,-33.08643 27.81944,-33.08639 27.81919,-33.08631 27.81895,-33.08631 27.81871,-33.08639 27.81848,-33.08651 27.81817,-33.08661 27.81789,-33.0867 27.81762,-33.08671 27.81737,-33.08674 27.81726,-33.08673 27.81726,-33.08668 27.81724,-33.08658 27.81708,-33.08649 27.81687,-33.08649 27.81657,-33.08653 27.81629,-33.08661 27.81594,-33.08673 27.81561,-33.08691 27.8148,-33.08718 27.81448,-33.08723 27.81414,-33.08729 27.81382,-33.08734 27.81344,-33.08737 27.81306,-33.08741 27.81265,-33.08742 27.81242,-33.08746 27.81219,-33.08754 27.81181,-33.08767 27.81142,-33.08777 27.81115,-33.08784 27.81078,-33.0879 27.81042,-33.088 27.80993,-33.08812 27.80953,-33.08824 27.80908,-33.08836 27.80865,-33.08843 27.80828,-33.0885 27.80777,-33.08861 27.80732,-33.08872 27.8068,-33.0888 27.80623,-33.08894 27.80583,-33.08907 27.80557,-33.08916 27.80541,-33.08923 27.80544,-33.08934 27.80551,-33.0894 27.80557,-33.08952 27.80557,-33.08962 27.80542,-33.08966 27.80533,-33.08962 27.80527,-33.08954 27.80515,-33.08946 27.8051,-33.0895 27.80511,-33.08962 27.80515,-33.08974 27.80508,-33.0898 27.80496,-33.08977 27.8049,-33.08972 27.80481,-33.08978 27.80481,-33.08988 27.80465,-33.08999 27.8045,-33.09001 27.80445,-33.08992 27.80439,-33.08992 27.80431,-33.08993 27.80429,-33.09003 27.80433,-33.09016 27.80414,-33.09012 27.80406,-33.09005 27.80396,-33.09006 27.80396,-33.09015 27.80395,-33.0903 27.80385,-33.09029 27.80382,-33.09028 27.80377,-33.09016 27.8037,-33.09012 27.80365,-33.09025 27.80365,-33.09036 27.80359,-33.09046 27.80346,-33.09043 27.80344,-33.09038 27.8034,-33.09036 27.80332,-33.09036 27.80332,-33.09049 27.8032,-33.0906 27.80307,-33.09063 27.80301,-33.09059 27.80291,-33.09053 27.80287,-33.09063 27.8029,-33.0907 27.80279,-33.09084 27.80265,-33.09079 27.80254,-33.09073 27.80249,-33.09079 27.80249,-33.09088 27.80253,-33.09099 27.80247,-33.09109 27.80237,-33.09109 27.80227,-33.09106 27.80222,-33.09101 27.80221,-33.09097 27.8021,-33.09097 27.8021,-33.09104 27.80208,-33.09115 27.802,-33.09115 27.8019,-33.09105 27.80183,-33.09106 27.80071,-33.09182 27.80072,-33.09192 27.80071,-33.09203 27.80061,-33.09207 27.80051,-33.09207 27.80047,-33.09199 27.80039,-33.09199 27.80034,-33.09203 27.80032,-33.09208 27.80031,-33.09218 27.80025,-33.09222 27.80017,-33.0922 27.80012,-33.09212 27.80007,-33.09212 27.80002,-33.09213 27.80002,-33.09231 27.79992,-33.09236 27.79981,-33.09235 27.79974,-33.09232 27.7997,-33.09236 27.79969,-33.09243 27.79965,-33.09244 27.79968,-33.09258 27.79965,-33.09266 27.79952,-33.09266 27.79943,-33.09264 27.79937,-33.09258 27.79928,-33.09258 27.7992,-33.09262 27.79918,-33.0927 27.79918,-33.09281 27.79915,-33.09289 27.79907,-33.09291 27.79899,-33.09288 27.79896,-33.09282 27.79888,-33.09282 27.79887,-33.09286 27.79886,-33.09299 27.7987,-33.09308 27.79857,-33.09308 27.79849,-33.09304 27.79844,-33.09304 27.79842,-33.09312 27.79842,-33.09332 27.79833,-33.09331 27.79825,-33.0933 27.79814,-33.0933 27.79804,-33.09336 27.79802,-33.09348 27.79802,-33.0936 27.79788,-33.09362 27.7978,-33.0936 27.79771,-33.0936 27.79762,-33.09362 27.79762,-33.09391 27.79751,-33.09396 27.79739,-33.09394 27.7973,-33.09392 27.79723,-33.09392 27.7972,-33.09399 27.7972,-33.09417 27.79719,-33.09423 27.79711,-33.09425 27.79704,-33.09424 27.79698,-33.09421 27.79693,-33.09416 27.79686,-33.09413 27.7968,-33.09417 27.7968,-33.09424 27.79682,-33.09435 27.79674,-33.09442 27.79667,-33.09442 27.7966,-33.09439 27.79656,-33.09437 27.79649,-33.09435 27.79641,-33.09436 27.79642,-33.09448 27.79644,-33.09452 27.79642,-33.09461 27.7963,-33.09464 27.7962,-33.09463 27.79613,-33.09461 27.79606,-33.09467 27.79606,-33.09486 27.79598,-33.09489 27.79587,-33.09488 27.79579,-33.09485 27.7957,-33.09482 27.79564,-33.09486 27.79566,-33.09493 27.79572,-33.095 27.7957,-33.09509 27.79561,-33.09509 27.79557,-33.09502 27.79545,-33.09502 27.79543,-33.09509 27.79542,-33.09518 27.79542,-33.09525 27.79531,-33.09533 27.7952,-33.09531 27.79513,-33.09525 27.79507,-33.09524 27.79499,-33.09526 27.79498,-33.09532 27.79495,-33.09543 27.79492,-33.09549 27.79488,-33.09555 27.79475,-33.09555 27.79469,-33.0955 27.79462,-33.09546 27.79461,-33.09543 27.79456,-33.09543 27.79454,-33.09546 27.79454,-33.09554 27.79455,-33.09561 27.79455,-33.09567 27.7945,-33.09573 27.79437,-33.09574 27.79422,-33.09574 27.79422,-33.09582 27.79413,-33.09594 27.79298,-33.09656 27.79282,-33.09658 27.79259,-33.09651 27.79253,-33.09661 27.79252,-33.09676 27.79244,-33.09677 27.79232,-33.0967 27.7922,-33.09673 27.79216,-33.09683 27.79205,-33.09691 27.79195,-33.09685 27.79188,-33.09694 27.79184,-33.09715 27.79173,-33.0972 27.79158,-33.09719 27.79151,-33.09705 27.79142,-33.09711 27.79147,-33.09734 27.79129,-33.09743 27.79119,-33.0974 27.79105,-33.09756 27.79108,-33.09776 27.79093,-33.09776 27.79074,-33.0977 27.79065,-33.09777 27.79071,-33.09791 27.79063,-33.09803 27.79049,-33.09805 27.79043,-33.0981 27.79045,-33.09822 27.79042,-33.09835 27.79034,-33.0984 27.79024,-33.0984 27.7902,-33.09832 27.79014,-33.0984 27.79018,-33.09851 27.79016,-33.09865 27.79008,-33.09871 27.78995,-33.09873 27.78988,-33.09864 27.78976,-33.09868 27.78976,-33.09881 27.78963,-33.09886 27.78942,-33.09886 27.78935,-33.09894 27.78935,-33.09907 27.78928,-33.09919 27.78909,-33.09913 27.78899,-33.09913 27.78892,-33.09925 27.78899,-33.09944 27.78881,-33.09953 27.78872,-33.0995 27.78858,-33.09936 27.78844,-33.09936 27.7884,-33.09944 27.78841,-33.09956 27.78844,-33.09963 27.78841,-33.09969 27.78832,-33.09975 27.78828,-33.09976 27.78812,-33.09965 27.78796,-33.09963 27.78793,-33.09965 27.78793,-33.09971 27.78794,-33.0998 27.78794,-33.09989 27.78787,-33.09998 27.78777,-33.09998 27.78767,-33.09994 27.78753,-33.0999 27.78752,-33.09996 27.78752,-33.10009 27.78745,-33.10019 27.78735,-33.10018 27.78724,-33.1001 27.78713,-33.10017 27.78713,-33.10031 27.78703,-33.1004 27.78688,-33.10038 27.78675,-33.10042 27.78674,-33.10055 27.78665,-33.10058 27.78649,-33.10042 27.78645,-33.10047 27.78644,-33.10062 27.78629,-33.10067 27.78617,-33.10067 27.78613,-33.1006 27.78603,-33.10058 27.786,-33.10075 27.78588,-33.10098 27.78583,-33.10097 27.78562,-33.10084 27.78551,-33.1009 27.78551,-33.10104 27.78546,-33.10117 27.7854,-33.10116 27.7853,-33.1011 27.78519,-33.10113 27.78512,-33.10121 27.78511,-33.10133 27.78504,-33.10139 27.7849,-33.10139 27.78484,-33.10135 27.78474,-33.1013 27.78471,-33.10137 27.78471,-33.10151 27.78467,-33.1016 27.78455,-33.10158 27.7845,-33.10151 27.78438,-33.10147 27.7843,-33.10152 27.78424,-33.10163 27.78408,-33.10168 27.78405,-33.10177 27.78404,-33.10191 27.78389,-33.10193 27.78378,-33.10189 27.78374,-33.10185 27.78367,-33.10173 27.78359,-33.10175 27.78351,-33.10183 27.78351,-33.10191 27.78335,-33.10197 27.7833,-33.10222 27.78319,-33.10224 27.78312,-33.10218 27.78308,-33.10206 27.78295,-33.102 27.78282,-33.10206 27.78266,-33.10212 27.78265,-33.10224 27.78261,-33.10238 27.78252,-33.10245 27.7824,-33.10246 27.78229,-33.10238 27.78219,-33.10237 27.78218,-33.10245 27.78212,-33.10262 27.78198,-33.10264 27.78183,-33.1026 27.78177,-33.10255 27.78171,-33.10249 27.78161,-33.10255 27.78161,-33.10268 27.78156,-33.10276 27.7814,-33.10276 27.78135,-33.10272 27.78128,-33.10264 27.78119,-33.10252 27.78108,-33.1025 27.78102,-33.10259 27.78107,-33.1027 27.78102,-33.10279 27.78094,-33.1028 27.78083,-33.10274 27.78077,-33.10271 27.78071,-33.10276 27.78071,-33.10285 27.7806,-33.10297 27.78049,-33.10305 27.7804,-33.10301 27.78036,-33.10295 27.78034,-33.10288 27.78034,-33.10279 27.78024,-33.10276 27.78017,-33.1028 27.78013,-33.10287 27.78013,-33.10296 27.78012,-33.10306 27.78003,-33.10309 27.77994,-33.10308 27.77991,-33.10303 27.77991,-33.10292 27.77988,-33.10288 27.77986,-33.10278 27.7798,-33.10278 27.77971,-33.1028 27.77966,-33.10284 27.77966,-33.10289 27.77965,-33.10296 27.77962,-33.10301 27.77961,-33.10305 27.77946,-33.10305 27.77944,-33.103 27.77944,-33.10283 27.7794,-33.10278 27.77933,-33.10276 27.77925,-33.10284 27.77923,-33.10291 27.77915,-33.10293 27.77907,-33.10293 27.77899,-33.10284 27.77899,-33.10278 27.77892,-33.1027 27.7787,-33.1027 27.77855,-33.1028 27.77831,-33.10272 27.77803,-33.10278 27.77794,-33.10271 27.77781,-33.1026 27.77764,-33.10252 27.77722,-33.10252 27.77685,-33.10245 27.77665,-33.10245 27.77636,-33.10246 27.77598,-33.10245 27.77572,-33.10246 27.77534,-33.10246 27.77493,-33.10243 27.77377,-33.10243 27.77347,-33.10247 27.77322,-33.10252 27.77302,-33.10262 27.77269,-33.10275 27.77232,-33.10285 27.77198,-33.10297 27.77172,-33.10303 27.77136,-33.10309 27.77095,-33.10318 27.77046,-33.10334 27.7701,-33.10345 27.76981,-33.10351 27.76954,-33.10354 27.76926,-33.10359 27.76897,-33.10374 27.76869,-33.10379 27.76833,-33.10391 27.76785,-33.10404 27.76748,-33.10413 27.76705,-33.10424 27.76659,-33.10434 27.76627,-33.10442 27.7658,-33.10454 27.76522,-33.1047 27.76478,-33.1048 27.76358,-33.10521 27.76348,-33.10525 27.76325,-33.10532 27.76307,-33.1054 27.76298,-33.10548 27.76277,-33.10546 27.76268,-33.10534 27.76247,-33.10524 27.76238,-33.10532 27.76238,-33.10545 27.76237,-33.10558 27.76225,-33.10561 27.76209,-33.1055 27.7619,-33.1055 27.7618,-33.10557 27.7618,-33.10569 27.76179,-33.1058 27.76165,-33.10583 27.76154,-33.10575 27.76138,-33.10577 27.76135,-33.10588 27.76126,-33.10592 27.7611,-33.10586 27.76094,-33.10583 27.76096,-33.10594 27.76097,-33.10604 27.76086,-33.10612 27.76072,-33.10608 27.76061,-33.10599 27.76052,-33.10599 27.7605,-33.10605 27.7605,-33.10619 27.76036,-33.10615 27.76017,-33.1062 27.76017,-33.10632 27.76018,-33.10642 27.76009,-33.10653 27.75996,-33.10652 27.75978,-33.10645 27.75974,-33.1066 27.75968,-33.1067 27.75957,-33.10665 27.75938,-33.10661 27.75936,-33.10673 27.75936,-33.10688 27.75931,-33.10696 27.75914,-33.10703 27.75901,-33.10696 27.75886,-33.10688 27.75873,-33.10694 27.75872,-33.10704 27.7587,-33.10719 27.7586,-33.10723 27.75851,-33.10717 27.7584,-33.10707 27.75833,-33.10716 27.75836,-33.10727 27.75836,-33.1074 27.7583,-33.10744 27.75815,-33.10737 27.75803,-33.10724 27.75799,-33.10736 27.75797,-33.10748 27.75787,-33.10756 27.75779,-33.10754 27.75774,-33.1075 27.75766,-33.10753 27.75766,-33.10777 27.75757,-33.10782 27.75743,-33.10779 27.75727,-33.10769 27.75718,-33.10774 27.75718,-33.10796 27.75709,-33.10799 27.75695,-33.10794 27.75684,-33.10785 27.75676,-33.10786 27.75676,-33.10793 27.75673,-33.10807 27.75663,-33.1081 27.75655,-33.10806 27.7565,-33.108 27.75637,-33.10798 27.75622,-33.10803 27.75618,-33.1081 27.75618,-33.10818 27.75621,-33.10828 27.75613,-33.10833 27.75602,-33.10833 27.75596,-33.10832 27.7559,-33.10825 27.75573,-33.10825 27.75573,-33.10835 27.75571,-33.10843 27.75564,-33.10847 27.7555,-33.10841 27.75538,-33.10839 27.75531,-33.10847 27.75531,-33.10856 27.75526,-33.10864 27.75517,-33.10864 27.75492,-33.10854 27.75484,-33.10864 27.7548,-33.10876 27.7548,-33.10887 27.75469,-33.10897 27.75453,-33.10907 27.75444,-33.10918 27.75427,-33.10924 27.75415,-33.10924 27.75406,-33.10931 27.75397,-33.10928 27.75385,-33.1092 27.75381,-33.10928 27.75381,-33.10952 27.75364,-33.10952 27.75352,-33.10944 27.75343,-33.1094 27.75344,-33.10949 27.75348,-33.10964 27.75348,-33.10969 27.75345,-33.10981 27.7534,-33.10984 27.75323,-33.1098 27.75311,-33.10969 27.75301,-33.10966 27.7529,-33.10969 27.75281,-33.1098 27.7528,-33.10991 27.75276,-33.11002 27.75266,-33.1101 27.75247,-33.11011 27.75236,-33.11002 27.75231,-33.10995 27.75223,-33.10995 27.75218,-33.11007 27.75218,-33.11018 27.75191,-33.11019 27.75185,-33.11011 27.7518,-33.11007 27.75174,-33.11013 27.75172,-33.11023 27.75172,-33.11034 27.75169,-33.11039 27.75157,-33.11047 27.75133,-33.11048 27.75126,-33.11052 27.751,-33.11056 27.75087,-33.11053 27.75058,-33.11053 27.75045,-33.1107 27.75028,-33.11076 27.75023,-33.11077 27.75012,-33.1109 27.74996,-33.11086 27.74982,-33.11094 27.74985,-33.11127 27.74966,-33.11144 27.74941,-33.11163 27.74911,-33.11165 27.74883,-33.11169 27.74845,-33.11175 27.74809,-33.11175 27.74786,-33.11181 27.74779,-33.1119 27.74763,-33.1119 27.74754,-33.11182 27.74749,-33.11182 27.74747,-33.1119 27.74754,-33.11198 27.74754,-33.11207 27.74755,-33.11213 27.74762,-33.11223 27.74762,-33.11235 27.74761,-33.11244 27.7475,-33.11254 27.7474,-33.11259 27.74733,-33.11267 27.7473,-33.11277 27.74721,-33.11286 27.74701,-33.11297 27.74698,-33.11308 27.74697,-33.11317 27.74697,-33.11327 27.74694,-33.1134 27.74686,-33.1135 27.74674,-33.11354 27.74661,-33.11351 27.74647,-33.11354 27.74645,-33.1136 27.74636,-33.11375 27.74626,-33.11387 27.74614,-33.11392 27.74601,-33.11397 27.74594,-33.11408 27.7459,-33.11416 27.74572,-33.11437 27.74566,-33.11448 27.74553,-33.11459 27.74544,-33.11459 27.74519,-33.11458 27.74512,-33.11468 27.74504,-33.11484 27.74491,-33.115 27.74472,-33.11508 27.74458,-33.11508 27.74447,-33.11513 27.74437,-33.11528 27.74424,-33.11537 27.74424,-33.11549 27.74419,-33.11559 27.74404,-33.11564 27.74391,-33.11564 27.74377,-33.1156 27.74371,-33.11559 27.74364,-33.11564 27.74356,-33.11582 27.74355,-33.11588 27.7435,-33.11599 27.74343,-33.11607 27.74317,-33.11608 27.74298,-33.11608 27.74286,-33.11609 27.74272,-33.11609 27.74258,-33.11614 27.74258,-33.11622 27.74251,-33.11629 27.74235,-33.1163 27.74219,-33.1163 27.74211,-33.11634 27.74211,-33.11639 27.74209,-33.11646 27.74198,-33.11651 27.74182,-33.11651 27.74171,-33.11659 27.74161,-33.11667 27.74142,-33.11671 27.74131,-33.1167 27.74114,-33.11665 27.74101,-33.11667 27.7409,-33.11672 27.74085,-33.11683 27.74077,-33.11693 27.74073,-33.11703 27.74059,-33.11704 27.73985,-33.11704 27.73965,-33.11707 27.73953,-33.11713 27.73939,-33.11716 27.73922,-33.11716 27.7391,-33.11715 27.73883,-33.11715 27.73874,-33.1172 27.73864,-33.11729 27.73847,-33.11726 27.73835,-33.11722 27.73823,-33.11721 27.73804,-33.11725 27.73779,-33.11724 27.73758,-33.11715 27.73743,-33.11716 27.73708,-33.11721 27.73679,-33.11721 27.73652,-33.1173 27.73631,-33.11741 27.73605,-33.11754 27.73579,-33.11765 27.73564,-33.11778 27.73551,-33.11791 27.73535,-33.11804 27.73514,-33.11816 27.73494,-33.11828 27.73457,-33.11846 27.73442,-33.11857 27.73431,-33.11865 27.73393,-33.11878 27.73366,-33.11883 27.73335,-33.11894 27.73314,-33.11899 27.73297,-33.11905 27.73266,-33.11917 27.73235,-33.11929 27.73205,-33.11941 27.73183,-33.11956 27.73162,-33.11966 27.73134,-33.11985 27.73109,-33.11992 27.73088,-33.12003 27.73064,-33.12014 27.73036,-33.12023 27.73004,-33.12036 27.72977,-33.12049 27.72952,-33.12058 27.72905,-33.12074 27.72851,-33.121 27.72829,-33.1212 27.72797,-33.12144 27.72782,-33.12169 27.72767,-33.1219 27.72754,-33.12211 27.72739,-33.12228 27.72724,-33.12249 27.72718,-33.12268 27.72693,-33.12302 27.7267,-33.12331 27.72654,-33.12357 27.72641,-33.12385 27.72623,-33.12421 27.7261,-33.12453 27.72598,-33.12484 27.72594,-33.12502 27.72583,-33.12543 27.7257,-33.12564 27.72562,-33.12581 27.7256,-33.126 27.72535,-33.12642 27.72518,-33.12671 27.72501,-33.12685 27.72487,-33.12702 27.72464,-33.12726 27.72433,-33.1275 27.72411,-33.12775 27.72377,-33.12816 27.72363,-33.12842 27.72344,-33.12879 27.72324,-33.12918 27.72305,-33.12943 27.72278,-33.12987 27.72254,-33.13025 27.7223,-33.13058 27.72201,-33.13078 27.72174,-33.13098 27.72155,-33.13113 27.72129,-33.13133 27.721,-33.13154 27.72071,-33.13177 27.72037,-33.13199 27.72004,-33.1322 27.7197,-33.1324 27.71912,-33.13266 27.71904,-33.13279 27.71874,-33.13274 27.71861,-33.13279 27.71861,-33.13294 27.71854,-33.13308 27.71844,-33.13314 27.71828,-33.13315 27.71817,-33.13318 27.71817,-33.13329 27.71806,-33.13348 27.71791,-33.13361 27.71779,-33.13372 27.71765,-33.13381 27.71758,-33.13398 27.71758,-33.13419 27.71738,-33.13432 27.71707,-33.13445 27.71677,-33.1346 27.7165,-33.13472 27.71629,-33.13493 27.71596,-33.13505 27.7158,-33.13519 27.71559,-33.1353 27.71543,-33.13545 27.71538,-33.13556 27.71528,-33.13576 27.71513,-33.13594 27.71519,-33.1361 27.71535,-33.13618 27.7154,-33.13634 27.7153,-33.13648 27.71522,-33.13671 27.71526,-33.1369 27.71498,-33.13707 27.71494,-33.13719 27.71498,-33.13731 27.71502,-33.1374 27.71506,-33.13751 27.71498,-33.13765 27.71486,-33.13772 27.7147,-33.13775 27.71465,-33.13781 27.71465,-33.13802 27.71441,-33.1383 27.71424,-33.13831 27.71415,-33.13842 27.71415,-33.13852 27.71408,-33.13876 27.71378,-33.13875 27.71361,-33.13875 27.71349,-33.13881 27.71351,-33.13901 27.71361,-33.13914 27.71361,-33.13925 27.71343,-33.13937 27.71319,-33.13935 27.71304,-33.13938 27.71299,-33.13948 27.71294,-33.13964 27.71278,-33.13968 27.71262,-33.1397 27.71257,-33.13975 27.7124,-33.13983 27.7122,-33.1398 27.712,-33.13976 27.71189,-33.13972 27.71174,-33.13956 27.71163,-33.13962 27.71156,-33.13973 27.71135,-33.13993 27.71105,-33.14009 27.71079,-33.14021 27.71056,-33.14037 27.71026,-33.14056 27.70989,-33.14071 27.70953,-33.14083 27.70934,-33.14091 27.70919,-33.14093 27.70903,-33.14099 27.70894,-33.14112 27.70878,-33.14136 27.70863,-33.14139 27.70847,-33.14139 27.70826,-33.14136 27.70815,-33.14146 27.70806,-33.14158 27.70799,-33.14178 27.70798,-33.1419 27.7079,-33.14199 27.7077,-33.14203 27.70752,-33.14197 27.70737,-33.14193 27.70732,-33.14204 27.70727,-33.1422 27.70727,-33.14236 27.70716,-33.14251 27.70699,-33.14257 27.70679,-33.14255 27.70665,-33.14251 27.70654,-33.14247 27.70641,-33.14253 27.70628,-33.14261 27.70628,-33.14286 27.7062,-33.14295 27.70602,-33.14298 27.70583,-33.14295 27.70569,-33.14287 27.70554,-33.14276 27.70546,-33.14278 27.70537,-33.14286 27.70473,-33.14315 27.7047,-33.14316 27.70455,-33.14324 27.70441,-33.14329 27.70424,-33.14336 27.70408,-33.14354 27.7039,-33.14367 27.70373,-33.14387 27.70362,-33.14409 27.70354,-33.14442 27.70341,-33.14465 27.70334,-33.14491 27.70319,-33.14515 27.70305,-33.14543 27.70299,-33.14558 27.70278,-33.14586 27.70276,-33.14597 27.70288,-33.14607 27.70287,-33.14623 27.70278,-33.14629 27.70266,-33.1464 27.70268,-33.14651 27.70274,-33.14658 27.7029,-33.14664 27.70301,-33.14669 27.70315,-33.14669 27.70325,-33.14678 27.70325,-33.14695 27.70321,-33.14707 27.7032,-33.14722 27.70319,-33.14734 27.7032,-33.14739 27.70336,-33.14739 27.70353,-33.14744 27.70355,-33.1476 27.70347,-33.14769 27.70341,-33.14776 27.70341,-33.14791 27.70344,-33.14802 27.70347,-33.14815 27.70308,-33.1488 27.70311,-33.14888 27.70311,-33.14901 27.703,-33.1491 27.7029,-33.14914 27.70274,-33.14915 27.70267,-33.14917 27.70258,-33.1493 27.70249,-33.14936 27.70247,-33.14948 27.70242,-33.14964 27.70232,-33.14973 27.70217,-33.14973 27.70204,-33.14976 27.70188,-33.14976 27.70183,-33.1498 27.70176,-33.14988 27.70179,-33.14996 27.70182,-33.15005 27.70183,-33.15017 27.70183,-33.15026 27.70172,-33.15031 27.70159,-33.15039 27.70154,-33.15047 27.7015,-33.15056 27.70149,-33.15067 27.70153,-33.15072 27.70163,-33.15081 27.70163,-33.15092 27.70158,-33.15102 27.70153,-33.15108 27.70131,-33.15115 27.70125,-33.15121 27.70117,-33.15127 27.70117,-33.15141 27.70121,-33.15151 27.70121,-33.15168 27.7012,-33.15175 27.70112,-33.15181 27.70092,-33.15184 27.70089,-33.15185 27.70087,-33.15197 27.70087,-33.15206 27.70091,-33.1521 27.70091,-33.15221 27.70085,-33.15235 27.70075,-33.15247 27.70067,-33.15249 27.70051,-33.15251 27.70046,-33.15256 27.70042,-33.15266 27.70042,-33.15275 27.7003,-33.15284 27.70022,-33.15295 27.70009,-33.153 27.69994,-33.153 27.6998,-33.15299 27.69972,-33.15299 27.69968,-33.1531 27.69896,-33.15343 27.69892,-33.15351 27.69879,-33.15364 27.69863,-33.15375 27.69855,-33.15384 27.6984,-33.154 27.69822,-33.15409 27.69811,-33.15413 27.69805,-33.15417 27.69801,-33.15432 27.69793,-33.15438 27.69784,-33.15443 27.69767,-33.15446 27.69748,-33.15443 27.69742,-33.15446 27.69735,-33.1545 27.69715,-33.15463 27.69706,-33.15472 27.69697,-33.15479 27.69684,-33.1548 27.69668,-33.15488 27.69653,-33.15491 27.6964,-33.15508 27.6962,-33.15522 27.69597,-33.15532 27.6958,-33.15538 27.69566,-33.15548 27.6955,-33.15557 27.69533,-33.15565 27.69518,-33.15574 27.69514,-33.15584 27.69499,-33.15591 27.69479,-33.15595 27.69467,-33.15604 27.6945,-33.15616 27.69429,-33.1562 27.69417,-33.15623 27.69406,-33.15637 27.69404,-33.15652 27.69388,-33.15667 27.69339,-33.15667 27.69319,-33.15674 27.69313,-33.15683 27.69309,-33.157 27.69294,-33.15704 27.69283,-33.15704 27.69267,-33.15696 27.69251,-33.15698 27.69244,-33.15707 27.6923,-33.15716 27.69213,-33.1572 27.69201,-33.15732 27.69175,-33.15733 27.69141,-33.15716 27.69129,-33.15717 27.6912,-33.15729 27.69116,-33.15746 27.69101,-33.15752 27.69083,-33.15748 27.69067,-33.15741 27.69055,-33.15732 27.69025,-33.15732 27.69004,-33.15737 27.68999,-33.1575 27.68984,-33.1576 27.68962,-33.15758 27.68946,-33.15758 27.68938,-33.15742 27.6892,-33.15742 27.6891,-33.15754 27.68889,-33.1576 27.68872,-33.15769 27.68862,-33.15773 27.68855,-33.15779 27.68837,-33.15773 27.6883,-33.15771 27.68814,-33.15775 27.6881,-33.15783 27.68792,-33.15795 27.68779,-33.158 27.68758,-33.15804 27.68743,-33.15804 27.68733,-33.158 27.68726,-33.15798 27.68716,-33.15802 27.68709,-33.15811 27.68702,-33.15819 27.68692,-33.15821 27.68683,-33.15828 27.6866,-33.15831 27.68644,-33.15825 27.68629,-33.15828 27.68613,-33.1584 27.68611,-33.15853 27.68595,-33.15861 27.68587,-33.15873 27.68563,-33.15869 27.68553,-33.15864 27.68545,-33.15874 27.68538,-33.15891 27.68533,-33.15901 27.68509,-33.15912 27.6849,-33.1591 27.68476,-33.15907 27.6847,-33.15911 27.68465,-33.15927 27.68454,-33.15944 27.68426,-33.15953 27.68411,-33.15956 27.68396,-33.15966 27.68384,-33.15965 27.68375,-33.15968 27.68368,-33.15985 27.68368,-33.15998 27.68363,-33.16015 27.68346,-33.16023 27.68329,-33.16027 27.68317,-33.16026 27.68301,-33.1602 27.68295,-33.16026 27.68282,-33.16034 27.68271,-33.16039 27.68263,-33.16049 27.68263,-33.1606 27.68256,-33.16069 27.68249,-33.16072 27.68229,-33.16069 27.68218,-33.16065 27.6821,-33.16072 27.68197,-33.16078 27.68192,-33.1609 27.68167,-33.16098 27.68161,-33.16119 27.68157,-33.16135 27.68139,-33.16144 27.68118,-33.16139 27.68103,-33.16131 27.68089,-33.16122 27.68071,-33.16122 27.68061,-33.16123 27.68052,-33.16128 27.68044,-33.16147 27.68041,-33.16165 27.68032,-33.16184 27.68016,-33.16201 27.67992,-33.16219 27.67978,-33.16238 27.67954,-33.1625 27.67953,-33.1626 27.67961,-33.16261 27.67973,-33.16271 27.67979,-33.16282 27.67979,-33.16294 27.67969,-33.16306 27.67956,-33.16313 27.67937,-33.16322 27.67917,-33.16323 27.67907,-33.16323 27.67899,-33.16329 27.67895,-33.16339 27.67895,-33.16352 27.67884,-33.16363 27.67863,-33.16365 27.67851,-33.16365 27.67842,-33.16372 27.6784,-33.16381 27.6784,-33.16396 27.67831,-33.16423 27.67815,-33.16452 27.67799,-33.16476 27.67786,-33.16499 27.67776,-33.16518 27.67776,-33.1656 27.67777,-33.16581 27.67783,-33.166 27.678,-33.16601 27.67817,-33.16592 27.67831,-33.16595 27.67843,-33.16599 27.67859,-33.1661 27.67869,-33.16628 27.67878,-33.16641 27.6789,-33.16657 27.67885,-33.16682 27.67863,-33.16689 27.67842,-33.16696 27.67821,-33.16695 27.67802,-33.16693 27.67793,-33.167 27.67781,-33.16708 27.67769,-33.16717 27.67753,-33.1672 27.67738,-33.16717 27.67723,-33.16718 27.67714,-33.16726 27.67695,-33.16738 27.67678,-33.16738 27.67658,-33.16733 27.67644,-33.16728 27.67637,-33.16733 27.67627,-33.16744 27.67616,-33.16753 27.67604,-33.16757 27.67602,-33.16767 27.67591,-33.1677 27.67579,-33.1677 27.67568,-33.16761 27.67547,-33.16761 27.67541,-33.16766 27.67537,-33.1678 27.67529,-33.16787 27.67512,-33.16787 27.67502,-33.16796 27.67489,-33.16791 27.67479,-33.16782 27.67474,-33.16786 27.67464,-33.16792 27.67448,-33.16794 27.67441,-33.16809 27.67435,-33.16821 27.67413,-33.16826 27.67406,-33.1683 27.67389,-33.16826 27.67379,-33.16828 27.67365,-33.16838 27.67359,-33.16848 27.67344,-33.16858 27.67329,-33.16867 27.67318,-33.16869 27.67301,-33.16867 27.6729,-33.16865 27.6728,-33.16858 27.67272,-33.16863 27.67261,-33.16869 27.67248,-33.16878 27.67247,-33.16888 27.67243,-33.16903 27.67231,-33.16912 27.67221,-33.16913 27.67203,-33.16911 27.6719,-33.16906 27.67185,-33.16911 27.6717,-33.16916 27.67163,-33.16925 27.67153,-33.16931 27.67153,-33.1694 27.67145,-33.16948 27.67132,-33.16954 27.67115,-33.16953 27.67101,-33.16953 27.67095,-33.16958 27.6709,-33.16969 27.6708,-33.16973 27.67076,-33.16982 27.67069,-33.16992 27.6706,-33.17002 27.67047,-33.17002 27.67032,-33.16998 27.67027,-33.17008 27.67022,-33.17019 27.67011,-33.17023 27.67001,-33.17029 27.66999,-33.1704 27.6699,-33.17045 27.66979,-33.17048 27.66974,-33.17056 27.66968,-33.17061 27.66956,-33.1706 27.66947,-33.17077 27.66946,-33.17093 27.66933,-33.17107 27.66913,-33.17114 27.66889,-33.17114 27.6687,-33.1711 27.6685,-33.17104 27.66834,-33.17098 27.66805,-33.17094 27.66799,-33.17096 27.66777,-33.17104 27.66748,-33.1712 27.6673,-33.17129 27.66717,-33.17139 27.66674,-33.17152 27.66657,-33.1716 27.66637,-33.17174 27.66616,-33.17182 27.66592,-33.17186 27.66569,-33.17191 27.66553,-33.17201 27.66522,-33.17207 27.66509,-33.17214 27.66484,-33.1722 27.66459,-33.17227 27.66447,-33.17233 27.66437,-33.17239 27.66421,-33.17255 27.66409,-33.17262 27.66407,-33.1727 27.66412,-33.17281 27.66418,-33.17294 27.66417,-33.17311 27.66408,-33.17326 27.66396,-33.17341 27.66378,-33.17344 27.66367,-33.17349 27.66367,-33.17385 27.66363,-33.17397 27.66353,-33.1741 27.66342,-33.17411 27.66327,-33.17411 27.66327,-33.17422 27.66326,-33.17435 27.6632,-33.17452 27.66315,-33.17467 27.663,-33.17477 27.66285,-33.17476 27.66273,-33.17468 27.6626,-33.17468 27.66246,-33.17478 27.66243,-33.17493 27.66235,-33.17506 27.66235,-33.17517 27.66231,-33.17526 27.6622,-33.17532 27.6621,-33.17535 27.66195,-33.17535 27.66187,-33.17536 27.66187,-33.17543 27.66185,-33.17552 27.66169,-33.17564 27.66156,-33.17564 27.66142,-33.17567 27.66135,-33.17575 27.6612,-33.17593 27.66104,-33.17605 27.6609,-33.17621 27.66074,-33.17635 27.66059,-33.17647 27.66041,-33.17671 27.66023,-33.17693 27.65999,-33.17713 27.65982,-33.17727 27.65962,-33.17754 27.6595,-33.17768 27.65938,-33.17774 27.65928,-33.17791 27.65938,-33.1781 27.65936,-33.17822 27.65927,-33.17829 27.65918,-33.17833 27.65918,-33.17849 27.65927,-33.17855 27.65936,-33.1786 27.65943,-33.17868 27.65957,-33.17875 27.65957,-33.17887 27.65947,-33.17897 27.65942,-33.17907 27.65936,-33.17912 27.65936,-33.17933 27.65943,-33.17943 27.65943,-33.17966 27.65942,-33.17974 27.65936,-33.1798 27.65931,-33.17986 27.6593,-33.17991 27.65932,-33.18007 27.65932,-33.18022 27.6593,-33.18038 27.65918,-33.18042 27.65905,-33.18042 27.65895,-33.18041 27.65885,-33.18038 27.65882,-33.18047 27.65878,-33.18054 27.65869,-33.18066 27.65856,-33.18075 27.65839,-33.1808 27.65815,-33.1808 27.65805,-33.18082 27.65791,-33.18088 27.65789,-33.18096 27.65784,-33.18105 27.65784,-33.18113 27.65773,-33.18128 27.65762,-33.1813 27.65751,-33.1813 27.65736,-33.18128 27.65727,-33.18128 27.65714,-33.18133 27.6571,-33.18145 27.65704,-33.18156 27.65691,-33.18166 27.65679,-33.18171 27.65664,-33.18175 27.65656,-33.18177 27.65647,-33.18182 27.65645,-33.18192 27.65647,-33.18203 27.65652,-33.18213 27.65652,-33.18235 27.65643,-33.18244 27.65616,-33.18244 27.65594,-33.18238 27.65585,-33.18238 27.6558,-33.18244 27.65572,-33.18257 27.65568,-33.1827 27.65567,-33.18282 27.6556,-33.18292 27.65555,-33.183 27.65539,-33.18308 27.65527,-33.18311 27.65515,-33.18308 27.65506,-33.18308 27.65501,-33.1831 27.65501,-33.18328 27.655,-33.18336 27.65498,-33.18349 27.65489,-33.18357 27.65477,-33.18366 27.65464,-33.18366 27.65454,-33.1837 27.65447,-33.18378 27.65442,-33.18387 27.65438,-33.18399 27.65431,-33.18414 27.65422,-33.18426 27.65411,-33.18432 27.65397,-33.18439 27.6539,-33.18443 27.65386,-33.18451 27.65381,-33.18458 27.65378,-33.18472 27.65376,-33.18485 27.6537,-33.18491 27.65357,-33.18499 27.65326,-33.18499 27.65321,-33.18503 27.65316,-33.18515 27.65315,-33.18526 27.65305,-33.18534 27.653,-33.1854 27.653,-33.18549 27.65295,-33.18559 27.6529,-33.18566 27.65276,-33.18568 27.65258,-33.18564 27.6525,-33.18555 27.65241,-33.18555 27.65237,-33.18566 27.65237,-33.18577 27.65232,-33.18591 27.65237,-33.18602 27.65233,-33.18613 27.6523,-33.18618 27.65222,-33.18623 27.65216,-33.18628 27.65211,-33.18635 27.65201,-33.18636 27.65187,-33.18634 27.65174,-33.18623 27.65163,-33.18618 27.65153,-33.18626 27.65146,-33.1863 27.65146,-33.18648 27.65138,-33.18655 27.65117,-33.18655 27.651,-33.18647 27.65092,-33.18645 27.65085,-33.18651 27.65079,-33.18657 27.65074,-33.18669 27.6507,-33.18677 27.65063,-33.18692 27.65045,-33.18693 27.65027,-33.18692 27.65012,-33.18686 27.65006,-33.18686 27.64991,-33.18692 27.64978,-33.18701 27.64977,-33.18717 27.64975,-33.18727 27.64966,-33.18734 27.64952,-33.18731 27.6494,-33.18727 27.64927,-33.18731 27.64908,-33.18735 27.649,-33.1874 27.64895,-33.18747 27.64895,-33.18754 27.64894,-33.18763 27.64881,-33.18768 27.6487,-33.18771 27.6486,-33.18768 27.64849,-33.18765 27.64838,-33.18763 27.64824,-33.18767 27.64812,-33.18772 27.64811,-33.18779 27.64808,-33.1879 27.64786,-33.18801 27.64762,-33.18801 27.64753,-33.18806 27.6474,-33.18809 27.64721,-33.18809 27.64712,-33.18804 27.64705,-33.18793 27.64692,-33.1879 27.64682,-33.18798 27.6467,-33.1881 27.6467,-33.18818 27.64663,-33.1883 27.64643,-33.18833 27.64629,-33.18829 27.64618,-33.18825 27.64612,-33.1883 27.64605,-33.18839 27.64592,-33.18847 27.64582,-33.18871 27.64564,-33.18889 27.64539,-33.18933 27.6451,-33.18964 27.6449,-33.18988 27.64476,-33.19014 27.6447,-33.19037 27.64462,-33.19056 27.64461,-33.19071 27.64494,-33.19071 27.64503,-33.19079 27.64503,-33.19126 27.64505,-33.19134 27.64505,-33.19143 27.64508,-33.1915 27.6452,-33.19161 27.6452,-33.19168 27.64512,-33.19182 27.64489,-33.19182 27.64476,-33.1918 27.64464,-33.19195 27.64469,-33.19204 27.64472,-33.19211 27.64468,-33.19224 27.64458,-33.1923 27.64436,-33.1923 27.64428,-33.19232 27.6442,-33.19243 27.6442,-33.19254 27.64424,-33.19262 27.64415,-33.19279 27.64393,-33.1928 27.64378,-33.1928 27.6437,-33.19288 27.64358,-33.19295 27.6435,-33.193 27.64327,-33.19307 27.64303,-33.19312 27.64281,-33.19312 27.64258,-33.19323 27.64236,-33.19337 27.64215,-33.19349 27.64187,-33.19357 27.64157,-33.19357 27.64134,-33.19362 27.64105,-33.19369 27.64089,-33.19373 27.64078,-33.19374 27.64076,-33.19384 27.64081,-33.19394 27.64085,-33.194 27.64078,-33.19411 27.64071,-33.19423 27.64059,-33.19434 27.64047,-33.19441 27.64031,-33.19448 27.6402,-33.19454 27.64003,-33.1946 27.63986,-33.19456 27.6397,-33.19449 27.63961,-33.19444 27.63941,-33.19445 27.63922,-33.19452 27.63894,-33.19453 27.63862,-33.19466 27.63833,-33.19479 27.63797,-33.19494 27.63778,-33.19498 27.63753,-33.19519 27.63725,-33.19531 27.63691,-33.19545 27.63643,-33.1957 27.63596,-33.19591 27.63551,-33.19612 27.63511,-33.19627 27.63468,-33.19649 27.6343,-33.19672 27.63405,-33.19693 27.63385,-33.19719 27.63374,-33.19736 27.63374,-33.19793 27.63376,-33.19814 27.63381,-33.19836 27.63395,-33.19894 27.63407,-33.1993 27.63422,-33.19977 27.63428,-33.20007 27.63424,-33.20055 27.6341,-33.20079 27.63384,-33.20098 27.63361,-33.20109 27.63347,-33.20117 27.63344,-33.20122 27.6333,-33.20139 27.63316,-33.20138 27.63305,-33.20133 27.63303,-33.20146 27.63294,-33.20152 27.63286,-33.20162 27.63282,-33.20171 27.63273,-33.20181 27.63244,-33.20177 27.63233,-33.20177 27.63218,-33.20185 27.63212,-33.202 27.63197,-33.2021 27.63193,-33.2022 27.6319,-33.2023 27.63176,-33.20237 27.63099,-33.20247 27.63081,-33.20262 27.63062,-33.20259 27.63048,-33.20247 27.63037,-33.20248 27.63036,-33.20262 27.63025,-33.20271 27.63021,-33.20281 27.63021,-33.20291 27.62998,-33.203 27.62979,-33.20299 27.62963,-33.20295 27.62952,-33.20287 27.62945,-33.20279 27.6294,-33.20284 27.62938,-33.20297 27.62932,-33.20305 27.62931,-33.20314 27.62924,-33.20322 27.62884,-33.20326 27.62877,-33.20318 27.62866,-33.2032 27.62861,-33.20331 27.62846,-33.20343 27.62826,-33.20347 27.6282,-33.20345 27.62805,-33.20334 27.62801,-33.20335 27.628,-33.20358 27.62794,-33.20364 27.62788,-33.20375 27.62762,-33.20383 27.62751,-33.2037 27.62751,-33.20359 27.6274,-33.20356 27.62726,-33.20366 27.6272,-33.20375 27.6272,-33.20385 27.62711,-33.20401 27.62695,-33.204 27.62677,-33.204 27.62657,-33.20413 27.62631,-33.2043 27.62605,-33.20443 27.62578,-33.20457 27.62554,-33.20462 27.62523,-33.20474 27.62494,-33.20479 27.62469,-33.20483 27.6244,-33.20492 27.62403,-33.20503 27.62381,-33.20509 27.62361,-33.20515 27.62338,-33.20525 27.62323,-33.20536 27.62307,-33.20546 27.62286,-33.20551 27.62255,-33.20559 27.62238,-33.20558 27.62225,-33.20555 27.62212,-33.20554 27.62205,-33.20555 27.62194,-33.20557 27.6218,-33.20562 27.62174,-33.20573 27.62161,-33.20584 27.62136,-33.20587 27.62122,-33.20578 27.62118,-33.20566 27.62105,-33.20565 27.62101,-33.20569 27.62088,-33.20578 27.62078,-33.2058 27.62074,-33.20594 27.62064,-33.20603 27.62051,-33.20607 27.62036,-33.206 27.62031,-33.20594 27.62019,-33.20583 27.61998,-33.20588 27.6199,-33.20595 27.61985,-33.20604 27.6196,-33.20609 27.61949,-33.20608 27.61939,-33.20596 27.61918,-33.206 27.61897,-33.20599 27.61883,-33.20611 27.61858,-33.20624 27.61836,-33.20632 27.61807,-33.20642 27.61787,-33.20653 27.61753,-33.20665 27.61723,-33.20679 27.617,-33.20687 27.61681,-33.20695 27.61666,-33.20706 27.61642,-33.20723 27.61615,-33.20732 27.61597,-33.20745 27.61577,-33.20745 27.61571,-33.20736 27.61559,-33.2074 27.61555,-33.20756 27.61555,-33.20756 27.61552,-33.20762 27.61532,-33.20765 27.6152,-33.20758 27.61507,-33.20766 27.61499,-33.20771 27.61493,-33.20778 27.61493,-33.20786 27.61492,-33.20792 27.61478,-33.20807 27.61468,-33.20807 27.61459,-33.20808 27.61452,-33.20816 27.61453,-33.20829 27.61456,-33.2084 27.61451,-33.20854 27.61434,-33.20868 27.61411,-33.20872 27.61402,-33.20872 27.61389,-33.20877 27.61377,-33.20891 27.61376,-33.20902 27.61376,-33.20914 27.61366,-33.20924 27.61343,-33.20935 27.61339,-33.20935 27.61337,-33.20945 27.61337,-33.20956 27.61347,-33.20965 27.61347,-33.20977 27.61341,-33.2099 27.61333,-33.20998 27.61319,-33.21002 27.61306,-33.20998 27.61298,-33.20999 27.61289,-33.21003 27.61282,-33.2101 27.61282,-33.21022 27.61283,-33.21031 27.61293,-33.21036 27.61293,-33.21062 27.61281,-33.2107 27.61265,-33.21076 27.61252,-33.2107 27.6124,-33.21074 27.61231,-33.21086 27.61231,-33.21097 27.61235,-33.21113 27.61247,-33.21118 27.61252,-33.21126 27.61252,-33.21138 27.61248,-33.21144 27.61243,-33.21151 27.61233,-33.21152 27.6122,-33.21149 27.61208,-33.21149 27.61201,-33.21155 27.61196,-33.21171 27.61191,-33.21185 27.61179,-33.21207 27.61163,-33.21221 27.61155,-33.21221 27.6115,-33.21223 27.61148,-33.21228 27.61148,-33.21243 27.61155,-33.2125 27.61159,-33.21264 27.61155,-33.21272 27.6115,-33.2128 27.6114,-33.21284 27.61123,-33.21284 27.61112,-33.21281 27.61106,-33.21281 27.61102,-33.21286 27.61102,-33.21309 27.61108,-33.21314 27.6111,-33.21318 27.61114,-33.21319 27.61123,-33.21325 27.61126,-33.21338 27.61126,-33.21347 27.61118,-33.21358 27.61108,-33.21358 27.61101,-33.21358 27.61089,-33.2136 27.61086,-33.21373 27.61093,-33.21376 27.61097,-33.21383 27.61097,-33.21387 27.61122,-33.21387 27.61127,-33.21392 27.61131,-33.214 27.61131,-33.21405 27.61127,-33.21421 27.61101,-33.21429 27.61101,-33.21434 27.61105,-33.21446 27.61104,-33.2146 27.61104,-33.2147 27.6111,-33.21479 27.61127,-33.21485 27.61127,-33.21505 27.61115,-33.21513 27.61101,-33.21513 27.61096,-33.21524 27.61101,-33.21525 27.61105,-33.21531 27.6111,-33.21542 27.61114,-33.21545 27.61126,-33.21551 27.61126,-33.21566 27.61121,-33.21576 27.61108,-33.21587 27.61096,-33.21593 27.61096,-33.21616 27.61102,-33.21632 27.61106,-33.21642 27.61105,-33.2165 27.611,-33.21662 27.61086,-33.21668 27.61067,-33.21667 27.61051,-33.21682 27.61049,-33.21695 27.61039,-33.21711 27.6103,-33.21727 27.61011,-33.21728 27.60992,-33.2173 27.60978,-33.21741 27.60975,-33.21752 27.6097,-33.21766 27.60955,-33.21773 27.60936,-33.21774 27.60919,-33.21797 27.60892,-33.21812 27.6086,-33.21819 27.60836,-33.21819 27.60807,-33.21813 27.60791,-33.21815 27.60772,-33.2182 27.60735,-33.2183 27.60705,-33.2183 27.60673,-33.21841 27.6064,-33.21845 27.60596,-33.21857 27.60554,-33.21867 27.60523,-33.21878 27.6049,-33.21892 27.60446,-33.21919 27.60429,-33.21945 27.60412,-33.21962 27.60394,-33.21996 27.6038,-33.22015 27.60369,-33.22033 27.60365,-33.22052 27.60353,-33.22073 27.60344,-33.22096 27.60344,-33.22111 27.60341,-33.22125 27.60329,-33.22127 27.60326,-33.22139 27.60332,-33.2215 27.60332,-33.22168 27.60321,-33.22183 27.60312,-33.22193 27.60311,-33.22203 27.60291,-33.2221 27.60274,-33.22206 27.60258,-33.22199 27.60238,-33.22201 27.60229,-33.22201 27.60222,-33.2221 27.60216,-33.22216 27.60215,-33.22226 27.60196,-33.22227 27.60178,-33.22226 27.60164,-33.2222 27.60157,-33.22212 27.60147,-33.22216 27.60143,-33.22227 27.60126,-33.2223 27.60116,-33.2222 27.60109,-33.22216 27.60095,-33.22219 27.60058,-33.22219 27.60049,-33.22214 27.60043,-33.22204 27.60043,-33.22193 27.60049,-33.22183 27.60053,-33.22182 27.60053,-33.22158 27.60043,-33.22154 27.60021,-33.22154 27.59995,-33.22156 27.59968,-33.22154 27.59946,-33.22153 27.59927,-33.22156 27.59881,-33.22154 27.59862,-33.22154 27.59838,-33.22158 27.59823,-33.22161 27.59796,-33.22172 27.59771,-33.22174 27.59746,-33.22178 27.59724,-33.22181 27.59701,-33.2219 27.59687,-33.22199 27.59669,-33.22212 27.59655,-33.22218 27.59633,-33.22222 27.59617,-33.22218 27.59601,-33.22216 27.59591,-33.22211 27.59579,-33.22211 27.59572,-33.22215 27.59547,-33.22224 27.59532,-33.22224 27.59522,-33.22219 27.5952,-33.2221 27.59489,-33.2221 27.59487,-33.22215 27.59475,-33.2223 27.5946,-33.2223 27.59446,-33.22227 27.59437,-33.2222 27.59431,-33.22215 27.59422,-33.22215 27.59417,-33.22218 27.59413,-33.22223 27.59405,-33.2223 27.59401,-33.22235 27.59401,-33.22244 27.59381,-33.22248 27.59365,-33.2224 27.59352,-33.22243 27.59345,-33.22257 27.5934,-33.22265 27.5934,-33.22276 27.59336,-33.22286 27.59314,-33.22289 27.59303,-33.22286 27.59287,-33.22273 27.59282,-33.22265 27.59266,-33.22269 27.59264,-33.22282 27.59256,-33.22301 27.59261,-33.22316 27.59254,-33.22328 27.59241,-33.22336 27.59225,-33.22332 27.59213,-33.22323 27.59202,-33.22316 27.5919,-33.22319 27.59182,-33.22327 27.59171,-33.22334 27.59167,-33.22348 27.59167,-33.22364 27.59146,-33.22373 27.59133,-33.2237 27.59124,-33.22368 27.59112,-33.22381 27.59091,-33.22393 27.59073,-33.22393 27.59061,-33.22389 27.59046,-33.2238 27.59041,-33.22386 27.59036,-33.22405 27.59017,-33.22413 27.59013,-33.2242 27.58997,-33.22427 27.58983,-33.22423 27.58955,-33.22423 27.58939,-33.2242 27.58929,-33.22411 27.58918,-33.22398 27.58909,-33.22397 27.58895,-33.22398 27.58872,-33.22401 27.58857,-33.22407 27.58826,-33.22414 27.58783,-33.22428 27.58747,-33.2244 27.5871,-33.22457 27.58675,-33.22464 27.58641,-33.22476 27.58594,-33.22492 27.5855,-33.22506 27.58509,-33.22521 27.58486,-33.22529 27.58455,-33.22532 27.58437,-33.22531 27.58417,-33.22532 27.58388,-33.22526 27.58355,-33.22523 27.58332,-33.22523 27.58313,-33.22525 27.58292,-33.22527 27.58271,-33.22532 27.58251,-33.22538 27.58228,-33.22542 27.58222,-33.22547 27.58214,-33.22557 27.58208,-33.22568 27.58204,-33.2258 27.58204,-33.2259 27.58205,-33.226 27.58209,-33.22602 27.58266,-33.22602 27.58275,-33.22619 27.58283,-33.22642 27.58283,-33.22658 27.58268,-33.22688 27.58264,-33.22721 27.58256,-33.22738 27.58245,-33.22763 27.58235,-33.22785 27.58228,-33.22813 27.5821,-33.2285 27.5819,-33.22871 27.58169,-33.22892 27.58149,-33.22909 27.58137,-33.22924 27.58127,-33.22937 27.58116,-33.22955 27.58108,-33.22967 27.58088,-33.22986 27.58073,-33.23003 27.58062,-33.23022 27.58046,-33.23046 27.58025,-33.23078 27.5801,-33.23098 27.57994,-33.23117 27.57977,-33.23144 27.57958,-33.23163 27.57936,-33.23181 27.57919,-33.23183 27.57909,-33.23179 27.57898,-33.23175 27.57889,-33.23175 27.57875,-33.23177 27.57867,-33.23181 27.57853,-33.23195 27.57842,-33.23212 27.57838,-33.23225 27.57835,-33.23238 27.5783,-33.23258 27.57821,-33.2327 27.57798,-33.23278 27.57782,-33.23285 27.57773,-33.23299 27.57772,-33.23314 27.57761,-33.23333 27.57747,-33.23344 27.57731,-33.23354 27.57721,-33.23368 27.57704,-33.23393 27.57687,-33.2341 27.57667,-33.23432 27.5765,-33.23441 27.5763,-33.23448 27.57616,-33.23462 27.57596,-33.23476 27.57562,-33.2348 27.5753,-33.2348 27.57522,-33.2349 27.57512,-33.23503 27.57506,-33.23516 27.57506,-33.23539 27.57505,-33.23559 27.57497,-33.23576 27.57484,-33.23585 27.57458,-33.23593 27.57437,-33.23588 27.57421,-33.2358 27.57405,-33.23576 27.57387,-33.2358 27.57368,-33.23588 27.57354,-33.23598 27.57334,-33.23606 27.57315,-33.23613 27.57293,-33.2363 27.57268,-33.23643 27.57248,-33.23664 27.57227,-33.23676 27.57203,-33.23677 27.57167,-33.23688 27.5715,-33.23699 27.57129,-33.2371 27.57105,-33.23724 27.57083,-33.2374 27.57059,-33.23751 27.57004,-33.23786 27.56976,-33.23796 27.56931,-33.23826 27.569,-33.23842 27.56855,-33.23865 27.56816,-33.23883 27.5678,-33.23897 27.5675,-33.2391 27.56727,-33.23927 27.56709,-33.23934 27.56686,-33.23943 27.56657,-33.23959 27.5663,-33.23973 27.56604,-33.23987 27.5658,-33.24001 27.56533,-33.24022 27.56494,-33.24033 27.5647,-33.24046 27.56446,-33.24056 27.56425,-33.24066 27.56401,-33.24074 27.56383,-33.24084 27.5636,-33.24103 27.56339,-33.24113 27.5632,-33.24129 27.56303,-33.24143 27.56287,-33.24151 27.56263,-33.24166 27.56245,-33.24186 27.56221,-33.242 27.56189,-33.24214 27.56168,-33.24229 27.56127,-33.24247 27.56107,-33.24258 27.5609,-33.24262 27.56069,-33.24262 27.5605,-33.24263 27.56031,-33.24268 27.56015,-33.24268 27.55984,-33.24279 27.5597,-33.24283 27.55951,-33.24296 27.5592,-33.24312 27.55903,-33.24322 27.55883,-33.24337 27.55853,-33.24358 27.55829,-33.24375 27.55805,-33.2439 27.55779,-33.24411 27.55759,-33.24425 27.55746,-33.24438 27.55716,-33.24456 27.55691,-33.24467 27.5566,-33.24479 27.55627,-33.24486 27.55589,-33.24498 27.55562,-33.24498 27.55535,-33.24506 27.55516,-33.24508 27.55486,-33.2452 27.55461,-33.24523 27.55435,-33.24537 27.5539,-33.24549 27.55362,-33.2456 27.55325,-33.24573 27.55288,-33.24582 27.55246,-33.24599 27.55228,-33.2461 27.55205,-33.24623 27.5518,-33.24627 27.55159,-33.24635 27.55133,-33.24645 27.55099,-33.2466 27.55066,-33.24677 27.55046,-33.2469 27.55024,-33.24706 27.54993,-33.24724 27.54966,-33.2474 27.54926,-33.24766 27.54893,-33.24786 27.54851,-33.24812 27.54813,-33.2483 27.54788,-33.24844 27.54638,-33.24911 27.54595,-33.2493 27.54559,-33.24939 27.54516,-33.24949 27.5448,-33.24965 27.54414,-33.2499 27.54386,-33.25001 27.54366,-33.25009 27.54328,-33.25018 27.54273,-33.25028 27.54219,-33.25047 27.54182,-33.25064 27.54134,-33.25082 27.54096,-33.251 27.54052,-33.25117 27.54003,-33.25135 27.53967,-33.25147 27.53939,-33.25156 27.53905,-33.25162 27.53869,-33.25169 27.53836,-33.25173 27.53806,-33.25184 27.53793,-33.25191 27.53765,-33.252 27.53735,-33.25206 27.53706,-33.25218 27.53658,-33.25237 27.53613,-33.25264 27.53585,-33.2528 27.53546,-33.25296 27.53498,-33.2532 27.53467,-33.25333 27.53434,-33.25343 27.53398,-33.2536 27.53378,-33.25374 27.53349,-33.25391 27.53323,-33.25409 27.53298,-33.25422 27.53261,-33.25446 27.53224,-33.25458 27.53189,-33.25474 27.53145,-33.25486 27.53106,-33.25495 27.53064,-33.25507 27.53018,-33.25517 27.52994,-33.25529 27.52969,-33.2554 27.52947,-33.25548 27.52931,-33.25559 27.5291,-33.25575 27.52893,-33.2558 27.52871,-33.25595 27.52855,-33.25605 27.52834,-33.25617 27.52815,-33.25626 27.52792,-33.25641 27.52763,-33.25659 27.52744,-33.2567 27.52718,-33.25686 27.5269,-33.25704 27.52665,-33.25719 27.52653,-33.25732 27.52635,-33.25752 27.52612,-33.25762 27.52591,-33.25775 27.52574,-33.25791 27.52555,-33.25802 27.52529,-33.25827 27.52488,-33.25857 27.52452,-33.25882 27.52417,-33.25906 27.52379,-33.25939 27.52351,-33.25965 27.52326,-33.25985 27.52285,-33.26018 27.52257,-33.26037 27.52215,-33.26066 27.52181,-33.26101 27.52156,-33.26126 27.5213,-33.26149 27.52095,-33.26199 27.52082,-33.26218 27.52063,-33.26246 27.52047,-33.26282 27.52033,-33.26313 27.52025,-33.26344 27.52025,-33.26393 27.52028,-33.26418 27.52033,-33.26438 27.52041,-33.26467 27.52049,-33.26488 27.52059,-33.26522 27.52064,-33.26556 27.52063,-33.26595 27.52063,-33.26614 27.52057,-33.26631 27.52047,-33.26643 27.52035,-33.26646 27.52015,-33.26642 27.52001,-33.26635 27.51991,-33.26626 27.51982,-33.26614 27.51969,-33.26603 27.51959,-33.26595 27.51944,-33.26595 27.51931,-33.26596 27.51919,-33.26606 27.51908,-33.26622 27.51899,-33.26643 27.51891,-33.26662 27.51869,-33.26682 27.51848,-33.26696 27.51836,-33.26714 27.51831,-33.26732 27.51818,-33.26758 27.5181,-33.26786 27.51791,-33.26811 27.51774,-33.26832 27.51753,-33.26855 27.51728,-33.26874 27.51708,-33.26883 27.5168,-33.26908 27.51655,-33.26924 27.51631,-33.26938 27.51609,-33.26953 27.51582,-33.26977 27.51534,-33.2701 27.51505,-33.27031 27.5148,-33.27045 27.51455,-33.27064 27.51424,-33.27078 27.51391,-33.27098 27.5137,-33.27115 27.51348,-33.27125 27.51328,-33.27143 27.51303,-33.27157 27.51286,-33.27169 27.51264,-33.27183 27.51235,-33.27206 27.51207,-33.27218 27.51171,-33.27247 27.51146,-33.27264 27.51116,-33.27283 27.5108,-33.27306 27.51034,-33.27336 27.50984,-33.27368 27.50955,-33.27393 27.50922,-33.27419 27.50892,-33.27442 27.50867,-33.27453 27.50836,-33.27469 27.50801,-33.27488 27.50764,-33.27515 27.50728,-33.27539 27.50692,-33.27557 27.50658,-33.27572 27.50629,-33.27586 27.50593,-33.27604 27.50558,-33.27625 27.5053,-33.27639 27.505,-33.27656 27.50481,-33.27663 27.50448,-33.27677 27.50419,-33.27693 27.50384,-33.27708 27.50357,-33.27725 27.50322,-33.27739 27.50282,-33.27758 27.50257,-33.27768 27.50229,-33.27774 27.50203,-33.27779 27.50178,-33.27788 27.50157,-33.27795 27.50142,-33.27799 27.50126,-33.27804 27.50112,-33.2781 27.50094,-33.27816 27.50077,-33.27821 27.50048,-33.27835 27.50004,-33.27851 27.49991,-33.27862 27.49978,-33.27872 27.49973,-33.27892 27.49962,-33.27916 27.49956,-33.27925 27.49945,-33.27947 27.49941,-33.27963 27.49928,-33.27972 27.49918,-33.27974 27.49913,-33.2798 27.49909,-33.27997 27.49902,-33.28017 27.49891,-33.28028 27.49885,-33.28032 27.49866,-33.28034 27.4982,-33.28034 27.49809,-33.2803 27.49801,-33.28032 27.49789,-33.28042 27.49772,-33.28043 27.49746,-33.28043 27.49737,-33.28046 27.49728,-33.28054 27.49711,-33.28062 27.49696,-33.28066 27.49683,-33.28068 27.49667,-33.28069 27.49652,-33.28067 27.49646,-33.28063 27.49638,-33.28067 27.49637,-33.28072 27.49638,-33.28079 27.49642,-33.28084 27.49643,-33.28091 27.49643,-33.281 27.49642,-33.28106 27.49628,-33.28109 27.49613,-33.28118 27.49598,-33.28122 27.49598,-33.28131 27.49589,-33.28141 27.49573,-33.28151 27.49559,-33.28151 27.49545,-33.28147 27.4954,-33.28143 27.49534,-33.28137 27.49531,-33.28131 27.49523,-33.28128 27.49513,-33.2813 27.495,-33.28131 27.49492,-33.2813 27.49484,-33.28128 27.49473,-33.28134 27.49463,-33.28134 27.49449,-33.28135 27.4944,-33.28137 27.49429,-33.28139 27.49421,-33.28135 27.49414,-33.28134 27.49405,-33.28141 27.49382,-33.28142 27.49377,-33.28141 27.49364,-33.28141 27.49358,-33.28149 27.49351,-33.28159 27.49349,-33.28161 27.49339,-33.28167 27.49317,-33.28167 27.49314,-33.2817 27.49308,-33.28175 27.4928,-33.28175 27.49273,-33.2817 27.49266,-33.28162 27.49258,-33.28155 27.49244,-33.28155 27.49231,-33.28161 27.49217,-33.28175 27.49199,-33.28186 27.49183,-33.28204 27.49171,-33.28195 27.48839,-33.2793 27.4877,-33.27886 27.48708,-33.27839 27.48641,-33.27799 27.48589,-33.27779 27.48576,-33.2777 27.48552,-33.27755 27.48507,-33.27722 27.4848,-33.2769 27.48421,-33.27646 27.48408,-33.27604 27.48384,-33.27557 27.48366,-33.27524 27.48349,-33.27475 27.48334,-33.27423 27.48309,-33.27376 27.48265,-33.27321 27.48196,-33.27274 27.48149,-33.2724 27.48102,-33.27217 27.48059,-33.27205 27.4801,-33.272 27.47975,-33.272 27.47916,-33.27203 27.47874,-33.2722 27.47839,-33.27252 27.47805,-33.27297 27.4777,-33.27321 27.47708,-33.27349 27.47661,-33.27376 27.47594,-33.27415 27.47542,-33.27465 27.475,-33.27522 27.4748,-33.27581 27.47473,-33.27653 27.47493,-33.27698 27.47527,-33.27757 27.47535,-33.27792 27.47547,-33.27866 27.47565,-33.27953 27.47563,-33.27997 27.4755,-33.28044 27.4751,-33.28111 27.47459,-33.28169 27.47413,-33.28203 27.47373,-33.28244 27.47326,-33.28276 27.47272,-33.283 27.47229,-33.28325 27.47199,-33.28357 27.47177,-33.28387 27.47144,-33.28412 27.47055,-33.28462 27.46995,-33.2849 27.46916,-33.28505 27.46837,-33.28507 27.46754,-33.28488 27.46439,-33.28385 27.46227,-33.28302 27.46166,-33.28262 27.4608,-33.2825 27.46019,-33.2824 27.4596,-33.2822 27.45896,-33.28187 27.45861,-33.28167 27.45807,-33.28139 27.45766,-33.28072 27.45758,-33.2802 27.45758,-33.27965 27.45752,-33.27927 27.4575,-33.27848 27.45756,-33.27743 27.45778,-33.27692 27.45803,-33.27636 27.45823,-33.27585 27.45851,-33.27535 27.45859,-33.27474 27.45861,-33.27444 27.45871,-33.27365 27.45873,-33.27317 27.45869,-33.27266 27.45857,-33.27217 27.45845,-33.27147 27.45835,-33.27108 27.45815,-33.27066 27.45779,-33.26989 27.45738,-33.26908 27.45712,-33.26838 27.45692,-33.26769 27.45665,-33.26676 27.45655,-33.26624 27.45603,-33.26512 27.45548,-33.26407 27.45488,-33.26327 27.45427,-33.26264 27.45322,-33.26183 27.45217,-33.26092 27.45065,-33.25973 27.44944,-33.25928 27.4473,-33.25902 27.445,-33.25884 27.44429,-33.25872 27.4437,-33.25862 27.44295,-33.25838 27.44253,-33.25811 27.44209,-33.25779 27.44158,-33.2573 27.4412,-33.25674 27.44093,-33.25622 27.44062,-33.25549 27.44046,-33.25503 27.44032,-33.25449 27.44016,-33.25395 27.44011,-33.25334 27.44,-33.25218 27.44,-33.25214 27.43997,-33.25135 27.43994,-33.25099 27.43998,-33.25033 27.44026,-33.2487 27.44033,-33.24738 27.4403,-33.24689 27.44029,-33.24642 27.44012,-33.24592 27.43997,-33.24549 27.43975,-33.24505 27.43946,-33.24458 27.43916,-33.24425 27.43869,-33.24373 27.43714,-33.24206 27.43685,-33.24168 27.43655,-33.24125 27.43616,-33.24052 27.43592,-33.24009 27.43546,-33.23962 27.43502,-33.23921 27.43447,-33.23884 27.43389,-33.23848 27.43291,-33.23803 27.43157,-33.23755 27.43034,-33.23717 27.42911,-33.23691 27.42834,-33.2368 27.42796,-33.23676 27.42618,-33.23665 27.4249,-33.23661 27.42334,-33.23661 27.42175,-33.23673 27.42149,-33.23675 27.42096,-33.23691 27.42071,-33.23698 27.42046,-33.23699 27.41996,-33.23694 27.41877,-33.23673 27.41771,-33.23642 27.4158,-33.23559 27.41461,-33.23518 27.41408,-33.23491 27.4137,-33.23464 27.41332,-33.23431 27.41293,-33.23372 27.41276,-33.23343 27.41266,-33.23306 27.41264,-33.23278 27.41264,-33.23238 27.4127,-33.23189 27.41293,-33.23096 27.41321,-33.23011 27.41418,-33.22803 27.41501,-33.2261 27.41517,-33.22569 27.41529,-33.22524 27.41535,-33.22487 27.41545,-33.2241 27.41555,-33.22328 27.41563,-33.22287 27.41578,-33.22248 27.41596,-33.22221 27.41618,-33.22195 27.41664,-33.22162 27.41693,-33.22147 27.41726,-33.22134 27.41792,-33.22121 27.41866,-33.22102 27.41915,-33.22084 27.41944,-33.22072 27.41978,-33.22046 27.4202,-33.22016 27.42119,-33.21913 27.42189,-33.21841 27.42234,-33.21803 27.4227,-33.21777 27.42327,-33.21735 27.42407,-33.21688 27.42527,-33.21622 27.42807,-33.21457 27.4293,-33.21375 27.42996,-33.21332 27.43045,-33.21292 27.43224,-33.21152 27.43272,-33.21106 27.433,-33.21069 27.43332,-33.21029 27.43353,-33.20993 27.43377,-33.20922 27.43389,-33.20872 27.4339,-33.20856 27.43394,-33.20819 27.43395,-33.2077 27.43391,-33.20699 27.43386,-33.2063 27.43372,-33.20516 27.43344,-33.20366 27.43291,-33.20162 27.43261,-33.20075 27.43227,-33.19988 27.43192,-33.19933 27.43164,-33.1989 27.43145,-33.19861 27.43129,-33.19826 27.43113,-33.19796 27.43071,-33.19727 27.43047,-33.19687 27.42998,-33.19629 27.42941,-33.19573 27.42873,-33.19516 27.42789,-33.1945 27.42685,-33.19394 27.42589,-33.19347 27.42473,-33.19302 27.42393,-33.19284 27.42293,-33.19273 27.42229,-33.1927 27.42138,-33.1927 27.42063,-33.19267 27.4198,-33.19261 27.41926,-33.19262 27.41776,-33.1927 27.4167,-33.1928 27.41546,-33.19299 27.41466,-33.19318 27.41332,-33.19341 27.41252,-33.1935 27.41166,-33.19351 27.41066,-33.19345 27.40968,-33.19336 27.40818,-33.19319 27.40761,-33.19314 27.40744,-33.19313 27.40692,-33.19312 27.40658,-33.19309 27.40622,-33.19307 27.40579,-33.19302 27.40529,-33.19288 27.40486,-33.1927 27.40448,-33.19251 27.40359,-33.19191 27.40282,-33.19152 27.40233,-33.19131 27.40038,-33.19055 27.39907,-33.18979 27.39841,-33.18939 27.39801,-33.1891 27.39782,-33.18896 27.39771,-33.18873 27.39762,-33.18852 27.39758,-33.18829 27.39758,-33.18795 27.39756,-33.18766 27.39756,-33.18742 27.39737,-33.18712 27.39658,-33.18615 27.3959,-33.18536 27.39516,-33.18489 27.39473,-33.18474 27.39439,-33.18469 27.39422,-33.18469 27.39398,-33.18473 27.39355,-33.18484 27.3933,-33.18494 27.39308,-33.18494 27.39272,-33.18496 27.39239,-33.185 27.39126,-33.185 27.39079,-33.18506 27.39036,-33.18517 27.38992,-33.18544 27.38955,-33.18558 27.38907,-33.18578 27.38857,-33.1859 27.38827,-33.18592 27.38793,-33.18596 27.38748,-33.18611 27.38634,-33.18641 27.38622,-33.18644 27.38499,-33.18638 27.38477,-33.18636 27.38407,-33.18634 27.38331,-33.18626 27.38306,-33.18621 27.38262,-33.18615 27.38224,-33.18598 27.38179,-33.18582 27.38163,-33.18577 27.38146,-33.18573 27.38115,-33.18583 27.38067,-33.18595 27.38048,-33.18601 27.38025,-33.18603 27.3795,-33.18569 27.37828,-33.18497 27.37776,-33.18471 27.37757,-33.18457 27.37739,-33.18446 27.37725,-33.18434 27.37718,-33.18421 27.37717,-33.18405 27.37716,-33.18379 27.37719,-33.1836 27.37721,-33.18336 27.37711,-33.18314 27.37686,-33.18284 27.37629,-33.1824 27.37604,-33.18219 27.37586,-33.18213 27.37573,-33.18205 27.37561,-33.18192 27.37558,-33.1818 27.37549,-33.18161 27.37544,-33.18146 27.3754,-33.18135 27.37517,-33.18089 27.37511,-33.18072 27.37504,-33.18059 27.37501,-33.18047 27.37495,-33.1803 27.37489,-33.18009 27.37493,-33.17985 27.37502,-33.1795 27.37515,-33.17884 27.37533,-33.17824 27.37576,-33.17752 27.37618,-33.17675 27.37674,-33.17596 27.37696,-33.17574 27.37706,-33.17554 27.37711,-33.17528 27.37713,-33.1751 27.37716,-33.17492 27.37721,-33.17478 27.37725,-33.17465 27.3773,-33.17449 27.37735,-33.17435 27.37739,-33.17418 27.37741,-33.17403 27.37743,-33.17392 27.37748,-33.17375 27.3775,-33.17368 27.37765,-33.17289 27.37768,-33.17263 27.37768,-33.17239 27.37766,-33.17218 27.37765,-33.17198 27.37764,-33.17176 27.37764,-33.17157 27.37767,-33.17139 27.37773,-33.17124 27.37781,-33.17076 27.37791,-33.17047 27.37794,-33.17025 27.37794,-33.17009 27.37792,-33.16993 27.37788,-33.16979 27.37784,-33.16966 27.37779,-33.16952 27.37775,-33.16941 27.37771,-33.16923 27.37771,-33.16905 27.37772,-33.16887 27.37773,-33.16872 27.37776,-33.1683 27.37779,-33.168 27.37785,-33.16756 27.3779,-33.16734 27.37793,-33.16709 27.37796,-33.16681 27.37801,-33.16662 27.37813,-33.16636 27.37816,-33.16617 27.37828,-33.16566 27.37836,-33.16542 27.37849,-33.16521 27.37866,-33.16493 27.37875,-33.1648 27.37881,-33.16463 27.37889,-33.1645 27.379,-33.1644 27.37913,-33.16431 27.37925,-33.16422 27.37933,-33.16415 27.37944,-33.16407 27.37955,-33.16396 27.37966,-33.1639 27.37978,-33.16388 27.37996,-33.16389 27.38007,-33.16392 27.38026,-33.16392 27.38044,-33.16391 27.38087,-33.16383 27.38126,-33.16378 27.38217,-33.16367 27.38275,-33.1636 27.383,-33.16354 27.38344,-33.16345 27.38389,-33.16336 27.38409,-33.16335 27.38466,-33.16322 27.38487,-33.16316 27.38504,-33.1631 27.38523,-33.16309 27.38539,-33.16305 27.38587,-33.16292 27.38624,-33.16276 27.3869,-33.1626 27.38724,-33.16253 27.38747,-33.16253 27.38765,-33.16249 27.38811,-33.16238 27.38865,-33.16219 27.38895,-33.16203 27.38904,-33.16189 27.38909,-33.16184 27.38955,-33.16116 27.39,-33.16028 27.39032,-33.15941 27.39069,-33.15868 27.39086,-33.15813 27.391,-33.15763 27.39108,-33.1569 27.39104,-33.15645 27.39094,-33.15607 27.3907,-33.1556 27.39038,-33.155 27.39024,-33.15471 27.39014,-33.1546 27.39012,-33.15456 27.39006,-33.15442 27.38982,-33.1541 27.38877,-33.15306 27.38843,-33.15271 27.38806,-33.15239 27.38762,-33.15213 27.38749,-33.15203 27.38726,-33.15199 27.38707,-33.15196 27.38693,-33.15192 27.38678,-33.15188 27.38658,-33.15183 27.38647,-33.15182 27.38588,-33.15179 27.38528,-33.15171 27.38494,-33.15163 27.38466,-33.15163 27.3843,-33.15168 27.38344,-33.1517 27.38316,-33.15171 27.38295,-33.15173 27.38278,-33.15173 27.38269,-33.15175 27.38259,-33.15176 27.38247,-33.15176 27.38238,-33.15175 27.38227,-33.15172 27.38212,-33.15168 27.38149,-33.15175 27.38043,-33.15192 27.37978,-33.15203 27.37934,-33.15216 27.37859,-33.15231 27.3782,-33.15241 27.3778,-33.1525 27.37764,-33.15256 27.37734,-33.1526 27.37722,-33.15265 27.37716,-33.15273 27.37704,-33.15282 27.37689,-33.15288 27.37672,-33.15293 27.3758,-33.15309 27.37412,-33.15348 27.37361,-33.15363 27.3733,-33.15367 27.37313,-33.1537 27.37297,-33.15367 27.3727,-33.15364 27.37244,-33.15348 27.37237,-33.15346 27.37234,-33.15335 27.37227,-33.15322 27.37211,-33.15303 27.3719,-33.15278 27.37167,-33.15253 27.37142,-33.15218 27.37107,-33.15189 27.37081,-33.15151 27.37075,-33.15139 27.37069,-33.15123 27.37056,-33.15117 27.37041,-33.1511 27.37028,-33.15101 27.37018,-33.15094 27.37012,-33.15082 27.37009,-33.15075 27.37002,-33.15072 27.36993,-33.15072 27.36984,-33.15073 27.36971,-33.15074 27.36958,-33.15074 27.36946,-33.15064 27.36959,-33.15055 27.36982,-33.1504 27.37585,-33.14646 27.38999,-33.13662 27.39429,-33.13375 27.39519,-33.13321 27.39799,-33.1325 27.41207,-33.12987 27.41631,-33.12922 27.41667,-33.1291 27.41696,-33.12913 27.41822,-33.12928 27.42288,-33.12945 27.43601,-33.13017 27.43654,-33.13023 27.43798,-33.12969 27.4412,-33.1285 27.44389,-33.1276 27.44914,-33.12569 27.45629,-33.12309 27.45947,-33.11759 27.45946,-33.11755 27.45913,-33.11631 27.45888,-33.11536 27.45882,-33.11515 27.45892,-33.11489 27.45909,-33.11414 27.45911,-33.11375 27.45909,-33.11295 27.45916,-33.11261 27.45926,-33.11228 27.45926,-33.11192 27.4592,-33.11168 27.45875,-33.11086 27.45857,-33.1105 27.45854,-33.11026 27.45859,-33.10985 27.45856,-33.10938 27.45844,-33.10912 27.45802,-33.10881 27.45751,-33.10851 27.45724,-33.10828 27.45697,-33.10788 27.45672,-33.10735 27.45661,-33.10723 27.4561,-33.10687 27.45579,-33.10675 27.4556,-33.10664 27.45445,-33.10642 27.4531,-33.10598 27.4526,-33.10574 27.45238,-33.10562 27.45191,-33.10538 27.45164,-33.10517 27.45132,-33.1048 27.45109,-33.10447 27.45061,-33.10367 27.45043,-33.10318 27.45008,-33.10252 27.44996,-33.10222 27.44967,-33.10091 27.44956,-33.10043 27.44938,-33.10004 27.44903,-33.09964 27.44897,-33.09957 27.44856,-33.09901 27.44758,-33.09797 27.44466,-33.09497 27.44348,-33.09387 27.44208,-33.08953 27.44173,-33.08845 27.44057,-33.08493 27.44126,-33.08377 27.44417,-33.07976 27.44416,-33.07969 27.44384,-33.07788 27.44295,-33.0724 27.4452,-33.07205 27.44544,-33.07201 27.4455,-33.072 27.4455,-33.07197 27.44545,-33.07178 27.44534,-33.07167 27.4453,-33.07156 27.44522,-33.07147 27.44516,-33.07135 27.44513,-33.07122 27.44513,-33.07113 27.44511,-33.07103 27.44509,-33.07092 27.44505,-33.07089 27.44497,-33.07086 27.44491,-33.07082 27.44486,-33.07078 27.44477,-33.07069 27.44478,-33.07053 27.44472,-33.07047 27.44467,-33.07047 27.4446,-33.07033 27.44459,-33.07022 27.44454,-33.07017 27.44446,-33.0701 27.44445,-33.07003 27.44442,-33.06997 27.44434,-33.06989 27.44427,-33.06985 27.44423,-33.06983 27.44417,-33.06976 27.44406,-33.06958 27.44402,-33.06946 27.44399,-33.06946 27.44395,-33.06947 27.44387,-33.06936 27.44385,-33.06928 27.44378,-33.06921 27.44376,-33.06915 27.44373,-33.06913 27.44368,-33.06915 27.44365,-33.06913 27.44356,-33.06908 27.44354,-33.06904 27.44352,-33.06899 27.44346,-33.0689 27.44344,-33.06886 27.44339,-33.06877 27.4433,-33.06868 27.44323,-33.06868 27.44307,-33.06856 27.443,-33.06839 27.44293,-33.06836 27.44275,-33.06812 27.44256,-33.06794 27.44241,-33.0678 27.44241,-33.06777 27.4423,-33.06767 27.44218,-33.06755 27.44207,-33.06753 27.44197,-33.06749 27.44187,-33.06741 27.44179,-33.06735 27.44165,-33.0673 27.4413,-33.06725 27.44123,-33.06728 27.44105,-33.06724 27.44097,-33.06724 27.4408,-33.06725 27.44073,-33.06728 27.44057,-33.06724 27.44038,-33.06728 27.44027,-33.06731 27.44018,-33.06736 27.44004,-33.06739 27.43995,-33.06742 27.43987,-33.06749 27.43964,-33.06755 27.43949,-33.06755 27.43943,-33.06759 27.43931,-33.06761 27.43924,-33.06766 27.43917,-33.06767 27.43905,-33.06772 27.43888,-33.06773 27.43878,-33.06778 27.43875,-33.06778 27.43843,-33.06568 27.4374,-33.05872 27.44379,-33.05252 27.44737,-33.04897 27.44741,-33.04893 27.44786,-33.04879 27.45884,-33.04518 27.46163,-33.04352 27.46177,-33.04352 27.47009,-33.03857 27.4823,-33.03153 27.48356,-33.03076 27.48364,-33.03071 27.48348,-33.03056 27.47884,-33.02611 27.47884,-33.02596 27.48569,-33.02124 27.48563,-33.02116 27.48781,-33.01908 27.48786,-33.01904 27.48855,-33.01837 27.49963,-33.00783 27.49966,-33.00781 27.50269,-33.00017 27.50343,-32.99831 27.50391,-32.99533 27.50391,-32.99522 27.50314,-32.9948 27.50151,-32.99447 27.50042,-32.99434 27.49961,-32.99432 27.49862,-32.99429 27.49796,-32.99431 27.4953,-32.99447 27.49471,-32.99449 27.49406,-32.99445 27.49202,-32.99422 27.49055,-32.99388 27.48945,-32.99349 27.48851,-32.99315 27.48773,-32.99297 27.48708,-32.99283 27.48668,-32.99279 27.48553,-32.99281 27.48413,-32.99307 27.48325,-32.99333 27.48053,-32.99415 27.47846,-32.99475 27.47779,-32.9949 27.47729,-32.995 27.47692,-32.99508 27.47594,-32.99517 27.47516,-32.99523 27.47359,-32.99519 27.47302,-32.99517 27.47059,-32.99474 27.47009,-32.99461 27.46948,-32.99445 27.46729,-32.99394 27.46687,-32.99391 27.46552,-32.99366 27.456,-32.99191 27.45488,-32.99089 27.45436,-32.99085 27.43995,-32.98979 27.43986,-32.98981 27.43974,-32.98983 27.42589,-32.99995 27.42527,-33.0004 27.41794,-33.00583 27.41336,-32.99779 27.4017,-32.97798 27.40139,-32.97746 27.4012,-32.97746 27.40055,-32.97734 27.39952,-32.97701 27.39864,-32.97671 27.39806,-32.9765 27.39753,-32.97624 27.39676,-32.97584 27.39612,-32.9755 27.39572,-32.97531 27.39488,-32.97492 27.39401,-32.97467 27.39273,-32.97425 27.3914,-32.97393 27.39097,-32.97391 27.38707,-32.97324 27.38637,-32.97312 27.38592,-32.97304 27.38505,-32.9727 27.38386,-32.9722 27.38297,-32.97183 27.3813,-32.97126 27.38074,-32.97101 27.37983,-32.97059 27.3789,-32.97024 27.37776,-32.96988 27.37756,-32.96982 27.3737,-32.96844 27.3705,-32.96734 27.36884,-32.96676 27.36837,-32.96649 27.36805,-32.9662 27.36785,-32.96594 27.36775,-32.96573 27.36773,-32.96562 27.36773,-32.96558 27.36766,-32.96505 27.36735,-32.96359 27.36725,-32.96279 27.36729,-32.96138 27.36731,-32.96042 27.3672,-32.9576 27.36718,-32.95663 27.36685,-32.95486 27.36652,-32.95349 27.36637,-32.95317 27.36617,-32.95285 27.36592,-32.95255 27.36579,-32.95234 27.36561,-32.95192 27.36564,-32.95162 27.36699,-32.95093 27.36714,-32.95084 27.36716,-32.95076 27.3672,-32.95077 27.3673,-32.95076 27.36743,-32.95071 27.36756,-32.95063 27.36771,-32.95049 27.368,-32.95041 27.36843,-32.95036 27.36882,-32.95033 27.36911,-32.95024 27.36938,-32.95017 27.36973,-32.95016 27.36988,-32.95018 27.36988,-32.95023 27.36993,-32.95024 27.37006,-32.95018 27.37029,-32.95008 27.37055,-32.95 27.37075,-32.94987 27.37088,-32.94982 27.37104,-32.94981 27.37118,-32.94981 27.37136,-32.94983 27.37143,-32.94983 27.37149,-32.94977 27.37158,-32.94966 27.37173,-32.94956 27.37188,-32.94948 27.372,-32.94943 27.37209,-32.94938 27.37206,-32.94933 27.37203,-32.94925 27.37203,-32.94918 27.37206,-32.94914 27.3721,-32.94913 27.37222,-32.94916 27.3723,-32.94917 27.37251,-32.94907 27.37252,-32.94896 27.37255,-32.94886 27.37271,-32.94893 27.37279,-32.94888 27.37288,-32.94877 27.37291,-32.94861 27.37295,-32.94854 27.373,-32.94854 27.37316,-32.94857 27.37325,-32.94861 27.37335,-32.94864 27.37348,-32.94854 27.37353,-32.9485 27.37362,-32.94853 27.37361,-32.94867 27.37364,-32.94873 27.37374,-32.94876 27.37381,-32.94871 27.37384,-32.94869 27.3738,-32.94861 27.37379,-32.94853 27.37381,-32.94849 27.37392,-32.94851 27.37402,-32.94848 27.37406,-32.94853 27.37419,-32.94849 27.37433,-32.94852 27.37441,-32.94849 27.3745,-32.94849 27.37464,-32.94851 27.37471,-32.94849 27.37477,-32.9484 27.37485,-32.94836 27.37494,-32.94839 27.37493,-32.94846 27.37498,-32.94854 27.37523,-32.94853 27.37529,-32.94843 27.37523,-32.94837 27.37518,-32.94827 27.37523,-32.94826 27.37528,-32.94833 27.37535,-32.9483 27.37544,-32.94821 27.37549,-32.94817 27.37561,-32.94817 27.37574,-32.94807 27.37576,-32.9479 27.37579,-32.94789 27.37591,-32.94789 27.37601,-32.94791 27.37613,-32.948 27.37618,-32.94811 27.37626,-32.94821 27.37637,-32.94821 27.37653,-32.94809 27.37657,-32.948 27.37648,-32.94797 27.3764,-32.94794 27.37636,-32.94789 27.37643,-32.94783 27.37655,-32.94791 27.37671,-32.94794 27.37689,-32.94792 27.37689,-32.94789 27.37687,-32.94785 27.37676,-32.94785 27.37672,-32.94782 27.37672,-32.94778 27.37687,-32.94769 27.37702,-32.94769 27.3771,-32.94778 27.37712,-32.94784 27.37717,-32.94784 27.37747,-32.94779 27.37759,-32.94771 27.37759,-32.94759 27.3777,-32.94757 27.37792,-32.94754 27.37811,-32.94758 27.37825,-32.94759 27.37851,-32.94741 27.37889,-32.94721 27.37916,-32.94704 27.37934,-32.94691 27.37955,-32.94667 27.37958,-32.94659 27.3796,-32.94649 27.37969,-32.94642 27.37984,-32.94642 27.37995,-32.94649 27.38002,-32.94653 27.38015,-32.94647 27.38028,-32.94624 27.38029,-32.9461 27.38037,-32.94602 27.38073,-32.94589 27.38142,-32.94569 27.38158,-32.94557 27.38174,-32.94544 27.38208,-32.9453 27.38227,-32.94514 27.38238,-32.94509 27.38255,-32.94506 27.38274,-32.94497 27.38288,-32.9449 27.38313,-32.94486 27.38341,-32.94487 27.38367,-32.94489 27.38383,-32.94479 27.38383,-32.94442 27.38393,-32.94439 27.38413,-32.94427 27.38438,-32.94422 27.38461,-32.94422 27.38476,-32.94414 27.38499,-32.94414 27.38514,-32.94417 27.38543,-32.94423 27.38566,-32.94428 27.38592,-32.9442 27.38625,-32.94399 27.38648,-32.94393 27.38662,-32.94382 27.38674,-32.94364 27.38678,-32.94353 27.38679,-32.94337 27.38679,-32.94325 27.38676,-32.94315 27.38671,-32.94311 27.38655,-32.94303 27.38642,-32.94298 27.38638,-32.94292 27.38638,-32.94277 27.38635,-32.94268 27.38629,-32.94255 27.38612,-32.9424 27.38607,-32.94231 27.38608,-32.94226 27.38612,-32.94223 27.38625,-32.94224 27.38642,-32.94222 27.38648,-32.94212 27.38642,-32.94202 27.38636,-32.94195 27.38635,-32.94184 27.38642,-32.94171 27.38643,-32.94154 27.38644,-32.94144 27.3865,-32.94133 27.38658,-32.94123 27.38665,-32.94107 27.38671,-32.94094 27.38686,-32.94071 27.38704,-32.94053 27.38722,-32.94041 27.38731,-32.94037 27.38744,-32.94038 27.38752,-32.94051 27.38758,-32.94057 27.3877,-32.9406 27.38787,-32.94053 27.38797,-32.94037 27.38787,-32.94031 27.38779,-32.94031 27.38768,-32.94025 27.38764,-32.9402 27.38764,-32.94008 27.38769,-32.94001 27.38782,-32.9399 27.38783,-32.93973 27.38785,-32.93957 27.38793,-32.93941 27.38826,-32.93941 27.38828,-32.93934 27.38831,-32.93919 27.38849,-32.93898 27.3886,-32.9388 27.38872,-32.9387 27.38888,-32.9386 27.38889,-32.93854 27.38888,-32.93836 27.38888,-32.93818 27.38889,-32.93803 27.3889,-32.93791 27.38895,-32.93768 27.38897,-32.93751 27.38902,-32.93734 27.38924,-32.93713 27.38948,-32.93686 27.38968,-32.9367 27.38996,-32.93656 27.39015,-32.93644 27.39037,-32.93639 27.39084,-32.93623 27.39097,-32.9361 27.39113,-32.936 27.39133,-32.93596 27.39159,-32.93597 27.39187,-32.93606 27.39199,-32.93601 27.39216,-32.93587 27.39242,-32.93576 27.39269,-32.93563 27.39283,-32.93544 27.39295,-32.93524 27.39303,-32.93503 27.39303,-32.93479 27.39297,-32.93444 27.39294,-32.93426 27.39301,-32.93416 27.3931,-32.93406 27.39341,-32.93406 27.39348,-32.93407 27.3936,-32.93402 27.39376,-32.93384 27.39406,-32.93357 27.39418,-32.93339 27.39418,-32.93327 27.39428,-32.93322 27.39439,-32.93322 27.39465,-32.93312 27.39487,-32.93293 27.39524,-32.93264 27.39549,-32.93242 27.39564,-32.93227 27.39593,-32.93221 27.39639,-32.9323 27.39664,-32.93238 27.39691,-32.9326 27.39726,-32.93285 27.39749,-32.93314 27.39767,-32.93344 27.39788,-32.93361 27.3981,-32.93371 27.39828,-32.93387 27.39845,-32.93402 27.39883,-32.93419 27.39907,-32.93422 27.39928,-32.93419 27.39946,-32.93412 27.39969,-32.93397 27.39995,-32.93392 27.40044,-32.93392 27.40058,-32.93403 27.40075,-32.93407 27.40092,-32.93406 27.40103,-32.93404 27.40118,-32.93406 27.40169,-32.93422 27.40213,-32.93434 27.40252,-32.93446 27.40269,-32.93452 27.40286,-32.93462 27.40309,-32.93469 27.40349,-32.93476 27.40404,-32.93489 27.40443,-32.93489 27.40471,-32.93499 27.40475,-32.93501 27.40487,-32.93509 27.40505,-32.93531 27.40516,-32.93554 27.40541,-32.93609 27.40546,-32.93631 27.40547,-32.93656 27.40547,-32.93677 27.40542,-32.93687 27.40537,-32.93696 27.40531,-32.93717 27.40537,-32.93722 27.40548,-32.9372 27.40556,-32.93706 27.40564,-32.93697 27.40577,-32.93691 27.40595,-32.93688 27.40622,-32.93689 27.40667,-32.9368 27.407,-32.93672 27.40764,-32.93649 27.40852,-32.93607 27.40916,-32.93568 27.40961,-32.93541 27.40972,-32.93534 27.40987,-32.93529 27.41008,-32.93532 27.41035,-32.93551 27.41069,-32.93594 27.41078,-32.93612 27.41087,-32.93621 27.41106,-32.9363 27.41133,-32.93636 27.41191,-32.93644 27.41223,-32.93644 27.41248,-32.9363 27.41287,-32.93614 27.41306,-32.93614 27.41323,-32.93617 27.41347,-32.93627 27.41384,-32.93669 27.41407,-32.93726 27.41425,-32.93741 27.41444,-32.93751 27.41464,-32.93755 27.41492,-32.93748 27.41538,-32.93735 27.41562,-32.93718 27.41621,-32.93678 27.41653,-32.93656 27.41671,-32.93654 27.4169,-32.93655 27.4172,-32.93665 27.41739,-32.93691 27.41754,-32.93716 27.41758,-32.93742 27.4177,-32.93768 27.4177,-32.93786 27.41772,-32.938 27.41776,-32.93812 27.41782,-32.93819 27.41799,-32.93819 27.41821,-32.93812 27.41848,-32.93795 27.41885,-32.93793 27.41895,-32.93786 27.41896,-32.93775 27.41892,-32.93749 27.41886,-32.93724 27.4188,-32.93705 27.41867,-32.93686 27.41847,-32.93663 27.41838,-32.93649 27.41834,-32.93627 27.41835,-32.93615 27.41846,-32.9359 27.4187,-32.93568 27.41893,-32.93549 27.41914,-32.93531 27.41933,-32.93486 27.41943,-32.93466 27.41945,-32.93459 27.41941,-32.93456 27.41928,-32.93449 27.419,-32.93437 27.41887,-32.93428 27.4187,-32.93411 27.41848,-32.93392 27.41843,-32.93384 27.41836,-32.93373 27.41811,-32.9335 27.41801,-32.93325 27.41787,-32.93294 27.41781,-32.93274 27.41768,-32.93248 27.41757,-32.93221 27.41738,-32.93189 27.4173,-32.93174 27.41704,-32.93134 27.41697,-32.93113 27.41696,-32.93092 27.41698,-32.93074 27.41712,-32.9305 27.41721,-32.93027 27.41721,-32.93 27.41715,-32.92968 27.41715,-32.9295 27.41717,-32.92934 27.4172,-32.92918 27.41726,-32.929 27.41737,-32.92886 27.4175,-32.92886 27.4176,-32.92882 27.41766,-32.92873 27.41767,-32.92857 27.41768,-32.92828 27.41764,-32.928 27.41761,-32.92783 27.41762,-32.92761 27.41767,-32.92728 27.41773,-32.92694 27.41774,-32.92675 27.41774,-32.9266 27.41773,-32.92648 27.41761,-32.92622 27.41738,-32.92572 27.41723,-32.92548 27.41694,-32.9251 27.41659,-32.9248 27.41585,-32.92415 27.41566,-32.92406 27.41542,-32.92391 27.41511,-32.92378 27.41489,-32.92368 27.4147,-32.92358 27.41445,-32.92346 27.41403,-32.92312 27.41377,-32.92289 27.41371,-32.92276 27.41352,-32.92251 27.41337,-32.92233 27.41309,-32.92218 27.41289,-32.92206 27.41264,-32.92198 27.4123,-32.92188 27.41202,-32.92181 27.41181,-32.92171 27.41156,-32.92164 27.41137,-32.92153 27.41121,-32.92144 27.41093,-32.92128 27.4105,-32.92105 27.41032,-32.92086 27.41015,-32.92071 27.41008,-32.92061 27.41006,-32.92049 27.41004,-32.92033 27.40998,-32.92013 27.40997,-32.92002 27.40983,-32.91986 27.40967,-32.91975 27.40962,-32.91973 27.40957,-32.91959 27.40949,-32.91931 27.4094,-32.91902 27.40936,-32.91883 27.40927,-32.91857 27.40921,-32.91838 27.40914,-32.91809 27.40902,-32.91771 27.40901,-32.91744 27.40896,-32.91697 27.40892,-32.91666 27.40891,-32.91644 27.40888,-32.91635 27.40886,-32.91633 27.40879,-32.91625 27.40875,-32.91623 27.40869,-32.91619 27.40862,-32.91619 27.40853,-32.91624 27.40821,-32.91658 27.40756,-32.91737 27.40747,-32.91756 27.40743,-32.91782 27.40742,-32.91794 27.4074,-32.91801 27.40687,-32.91838 27.40675,-32.91857 27.40666,-32.91866 27.40658,-32.91877 27.40647,-32.91892 27.40641,-32.91908 27.40638,-32.9192 27.40636,-32.91933 27.40636,-32.91993 27.40637,-32.92038 27.4064,-32.92062 27.40645,-32.92086 27.40661,-32.92111 27.40693,-32.92139 27.40714,-32.92156 27.4073,-32.92175 27.40739,-32.92198 27.40744,-32.92227 27.40754,-32.92293 27.40773,-32.92338 27.40793,-32.92382 27.40804,-32.9241 27.40814,-32.9243 27.40816,-32.92443 27.40814,-32.92457 27.40809,-32.92504 27.40805,-32.92543 27.40803,-32.9257 27.40802,-32.92595 27.408,-32.92613 27.40795,-32.92623 27.4079,-32.92636 27.4079,-32.92648 27.40793,-32.92672 27.40791,-32.92695 27.40788,-32.92702 27.4078,-32.92702 27.40766,-32.92699 27.40749,-32.92695 27.40717,-32.92692 27.40698,-32.92692 27.40679,-32.92699 27.40655,-32.92709 27.40637,-32.92729 27.40623,-32.92746 27.40609,-32.92753 27.40596,-32.92755 27.40578,-32.92753 27.40569,-32.92748 27.40546,-32.92736 27.40537,-32.92729 27.40523,-32.92714 27.40513,-32.92702 27.40505,-32.92692 27.40494,-32.92683 27.40435,-32.92647 27.40377,-32.92619 27.40355,-32.92606 27.40341,-32.92603 27.40319,-32.92596 27.40301,-32.92594 27.4028,-32.92589 27.40263,-32.92582 27.4025,-32.92575 27.40241,-32.92566 27.40239,-32.92556 27.40237,-32.92541 27.40238,-32.92525 27.40238,-32.92506 27.40233,-32.92477 27.4022,-32.9245 27.40202,-32.92419 27.40178,-32.92401 27.40148,-32.92379 27.40125,-32.9236 27.40098,-32.92347 27.40006,-32.92296 27.39977,-32.92266 27.39953,-32.92241 27.3994,-32.92231 27.39929,-32.92221 27.39914,-32.92214 27.39902,-32.92208 27.39888,-32.92197 27.39795,-32.92162 27.39754,-32.92147 27.39723,-32.92139 27.39697,-32.92143 27.39681,-32.92146 27.39665,-32.92151 27.39648,-32.92158 27.39637,-32.92167 27.3963,-32.92176 27.39624,-32.92186 27.39617,-32.92201 27.39603,-32.92222 27.39596,-32.92244 27.39589,-32.92259 27.39583,-32.92275 27.39581,-32.92292 27.39577,-32.92318 27.39577,-32.92327 27.39571,-32.92342 27.39562,-32.92354 27.39551,-32.92394 27.39548,-32.9241 27.39538,-32.92429 27.39527,-32.92451 27.39516,-32.92468 27.39513,-32.92495 27.3951,-32.92525 27.39493,-32.92591 27.39483,-32.92619 27.3948,-32.9263 27.39463,-32.9265 27.39455,-32.92658 27.39446,-32.92663 27.39431,-32.92668 27.39417,-32.92672 27.39402,-32.92663 27.394,-32.92661 27.39398,-32.92647 27.39394,-32.92631 27.39387,-32.92619 27.39369,-32.92601 27.39349,-32.92583 27.39345,-32.92571 27.39339,-32.9256 27.3934,-32.9255 27.39335,-32.92539 27.3933,-32.92527 27.39327,-32.92514 27.39324,-32.92504 27.3932,-32.92498 27.3932,-32.92482 27.39324,-32.92467 27.3932,-32.92444 27.39315,-32.92407 27.39314,-32.92382 27.39308,-32.92362 27.39298,-32.92336 27.39289,-32.92322 27.39285,-32.92317 27.39276,-32.92316 27.39263,-32.92305 27.39258,-32.92297 27.3925,-32.92271 27.3924,-32.92252 27.39235,-32.92243 27.39235,-32.92227 27.39238,-32.92218 27.39235,-32.92206 27.39234,-32.9219 27.39231,-32.92169 27.3922,-32.92136 27.39196,-32.92075 27.39167,-32.92039 27.39158,-32.9202 27.3914,-32.92001 27.39128,-32.91981 27.3912,-32.91967 27.39113,-32.91952 27.39112,-32.91939 27.39106,-32.91927 27.39106,-32.91916 27.39103,-32.91897 27.39108,-32.91882 27.39125,-32.91861 27.39153,-32.91831 27.39179,-32.91802 27.39203,-32.91783 27.39217,-32.91764 27.39229,-32.91734 27.3924,-32.917 27.39249,-32.91658 27.39258,-32.91633 27.39262,-32.91616 27.39269,-32.91596 27.39267,-32.91582 27.39258,-32.9157 27.39248,-32.9156 27.39229,-32.91549 27.39138,-32.91506 27.39026,-32.91455 27.38975,-32.9144 27.38966,-32.91438 27.38947,-32.91438 27.38922,-32.91443 27.38907,-32.91444 27.38854,-32.91448 27.3883,-32.91443 27.38813,-32.91442 27.38798,-32.91442 27.38791,-32.91443 27.38779,-32.91448 27.38763,-32.91463 27.38752,-32.91482 27.38743,-32.91498 27.38716,-32.91523 27.38701,-32.91535 27.38673,-32.91547 27.38651,-32.91559 27.38622,-32.91566 27.386,-32.91577 27.38565,-32.91594 27.38516,-32.91607 27.38485,-32.9161 27.38449,-32.91613 27.38426,-32.91612 27.38387,-32.91607 27.38359,-32.91604 27.38313,-32.91594 27.38289,-32.91588 27.38269,-32.91584 27.38245,-32.91582 27.3824,-32.91582 27.38196,-32.91584 27.38165,-32.91585 27.38128,-32.91594 27.38098,-32.91598 27.38066,-32.91597 27.38006,-32.91597 27.37981,-32.91605 27.3796,-32.91612 27.37938,-32.91629 27.37913,-32.91645 27.37898,-32.91652 27.37861,-32.91672 27.37843,-32.91677 27.37808,-32.91678 27.37785,-32.91678 27.37765,-32.91684 27.37751,-32.91689 27.37734,-32.91694 27.37711,-32.91696 27.37672,-32.91705 27.37643,-32.91699 27.37614,-32.9169 27.37586,-32.91686 27.37554,-32.9168 27.37516,-32.9168 27.37482,-32.91691 27.37459,-32.91696 27.37428,-32.91694 27.37407,-32.91691 27.37384,-32.9168 27.37339,-32.91669 27.37307,-32.9167 27.37274,-32.9168 27.3725,-32.91689 27.37231,-32.91692 27.37215,-32.91694 27.37167,-32.91696 27.3708,-32.91701 27.37048,-32.91697 27.36951,-32.91684 27.36906,-32.91677 27.3679,-32.91664 27.36753,-32.91667 27.36729,-32.91674 27.36709,-32.91682 27.36685,-32.91686 27.36671,-32.91686 27.36661,-32.91685 27.36638,-32.91699 27.36597,-32.91743 27.36575,-32.91762 27.36551,-32.91766 27.36535,-32.91762 27.36507,-32.91756 27.36475,-32.91753 27.36457,-32.91751 27.36444,-32.91741 27.36423,-32.91729 27.36393,-32.91719 27.36357,-32.91711 27.3634,-32.9171 27.36319,-32.91708 27.36292,-32.91701 27.36267,-32.91686 27.3624,-32.91669 27.36193,-32.91646 27.36158,-32.9163 27.36122,-32.9162 27.3608,-32.91614 27.35995,-32.91588 27.35955,-32.9158 27.35923,-32.91568 27.3591,-32.91556 27.35891,-32.91551 27.35875,-32.91551 27.35857,-32.91546 27.3583,-32.91536 27.35793,-32.91515 27.35759,-32.91496 27.35734,-32.91489 27.35696,-32.91479 27.35679,-32.91475 27.35669,-32.91465 27.35663,-32.91452 27.3566,-32.91444 27.35637,-32.91422 27.35608,-32.91401 27.3557,-32.91387 27.35531,-32.91375 27.355,-32.91369 27.35466,-32.91372 27.35434,-32.91375 27.35382,-32.91387 27.35339,-32.91394 27.35299,-32.91398 27.3523,-32.91397 27.35159,-32.91397 27.35108,-32.91392 27.35088,-32.91395 27.35063,-32.91401 27.35025,-32.91412 27.34995,-32.91427 27.34962,-32.91436 27.34937,-32.91442 27.34916,-32.91448 27.34904,-32.91453 27.34891,-32.91459 27.34865,-32.91474 27.34858,-32.91483 27.34857,-32.91491 27.34857,-32.91564 27.34848,-32.91577 27.34848,-32.91589 27.34855,-32.91601 27.3486,-32.91624 27.34868,-32.91636 27.34893,-32.91647 27.34927,-32.91654 27.35018,-32.91663 27.35052,-32.91664 27.35069,-32.91666 27.35073,-32.91666 27.35087,-32.91672 27.351,-32.9168 27.35127,-32.91687 27.35138,-32.91694 27.35156,-32.917 27.35187,-32.91711 27.35194,-32.91715 27.35202,-32.91718 27.35204,-32.91721 27.35209,-32.91723 27.35215,-32.91723 27.35224,-32.91722 27.35235,-32.91722 27.3524,-32.91724 27.35247,-32.91722 27.35249,-32.91716 27.35249,-32.91713 27.35254,-32.91709 27.35274,-32.91709 27.35297,-32.91713 27.35318,-32.91721 27.35343,-32.9174 27.3536,-32.91755 27.35393,-32.91785 27.35398,-32.91795 27.35399,-32.918 27.35398,-32.9181 27.35397,-32.9183 27.35396,-32.91837 27.35395,-32.91851 27.35387,-32.91871 27.35387,-32.91883 27.35385,-32.91899 27.35388,-32.91908 27.35393,-32.91917 27.35398,-32.91925 27.35403,-32.91932 27.35412,-32.91943 27.35416,-32.91958 27.35417,-32.91972 27.35423,-32.9199 27.3541,-32.92009 27.35385,-32.92042 27.35373,-32.92059 27.35355,-32.92069 27.35332,-32.92077 27.35307,-32.9208 27.35286,-32.92084 27.35271,-32.92085 27.3523,-32.92088 27.3521,-32.92088 27.35196,-32.92087 27.35178,-32.92083 27.35166,-32.92083 27.35158,-32.92091 27.35151,-32.92101 27.35147,-32.92115 27.35141,-32.92129 27.35139,-32.92147 27.35136,-32.92157 27.35128,-32.92165 27.35117,-32.92174 27.35109,-32.92179 27.35096,-32.92184 27.35077,-32.92184 27.3506,-32.92179 27.35039,-32.92174 27.35014,-32.92166 27.35005,-32.92165 27.3497,-32.92154 27.34958,-32.92148 27.34945,-32.92147 27.34938,-32.92144 27.34922,-32.92144 27.34911,-32.92141 27.34903,-32.92141 27.34894,-32.92139 27.34889,-32.92136 27.34882,-32.92133 27.34876,-32.92132 27.34856,-32.92127 27.34848,-32.92124 27.34828,-32.92124 27.3482,-32.92121 27.3481,-32.92117 27.34801,-32.92114 27.34793,-32.92109 27.34782,-32.92104 27.34775,-32.92099 27.34763,-32.92081 27.34759,-32.92078 27.34752,-32.92076 27.34737,-32.92067 27.34731,-32.92061 27.34725,-32.92056 27.34722,-32.92053 27.34716,-32.92052 27.34711,-32.92051 27.347,-32.92047 27.34654,-32.92025 27.34641,-32.92011 27.34629,-32.92003 27.34623,-32.92 27.34614,-32.91998 27.34601,-32.91992 27.34568,-32.91966 27.3455,-32.91952 27.34538,-32.91941 27.34535,-32.91935 27.34535,-32.91928 27.34538,-32.91923 27.34544,-32.91917 27.34549,-32.91908 27.34549,-32.91898 27.34548,-32.91888 27.34544,-32.91874 27.34535,-32.91847 27.34533,-32.91837 27.34531,-32.91824 27.34531,-32.91794 27.3453,-32.91779 27.34529,-32.91769 27.34527,-32.91759 27.34521,-32.91747 27.34515,-32.91736 27.34509,-32.91723 27.34506,-32.91712 27.34506,-32.91699 27.34501,-32.91669 27.34503,-32.91649 27.34503,-32.9162 27.34502,-32.91615 27.34502,-32.91606 27.345,-32.91596 27.34494,-32.91584 27.34491,-32.91572 27.34487,-32.91559 27.34483,-32.91545 27.34482,-32.91536 27.34482,-32.91515 27.34484,-32.91494 27.34486,-32.91485 27.34486,-32.91479 27.34484,-32.91474 27.34478,-32.91468 27.34473,-32.91461 27.34473,-32.91443 27.34476,-32.91434 27.34486,-32.91413 27.34486,-32.91405 27.34485,-32.91394 27.34476,-32.91374 27.34466,-32.91355 27.34455,-32.91335 27.34442,-32.91309 27.34438,-32.91294 27.34434,-32.91287 27.34424,-32.91278 27.34416,-32.91268 27.3441,-32.91259 27.34403,-32.91248 27.34394,-32.91235 27.34384,-32.91223 27.34383,-32.91217 27.34376,-32.91211 27.34354,-32.91189 27.34329,-32.91149 27.34321,-32.91143 27.34308,-32.91134 27.34291,-32.91124 27.34279,-32.91111 27.34269,-32.91103 27.34267,-32.91097 27.34266,-32.91093 27.34268,-32.91087 27.34268,-32.9108 27.34267,-32.91075 27.34259,-32.91068 27.34246,-32.91058 27.34236,-32.91051 27.34225,-32.91049 27.34216,-32.91043 27.34206,-32.91036 27.34194,-32.9103 27.34176,-32.91023 27.34166,-32.91018 27.34156,-32.91015 27.34144,-32.91013 27.34131,-32.91011 27.34118,-32.91005 27.34104,-32.90999 27.34088,-32.90993 27.34074,-32.90988 27.34058,-32.90986 27.34042,-32.90976 27.34024,-32.90967 27.34002,-32.9096 27.33992,-32.90959 27.3398,-32.90958 27.33969,-32.90958 27.33957,-32.90957 27.33947,-32.90956 27.33928,-32.90954 27.3391,-32.9095 27.33897,-32.90949 27.33877,-32.90948 27.33848,-32.9095 27.33817,-32.90953 27.33788,-32.90954 27.33754,-32.90949 27.33742,-32.90949 27.33733,-32.90952 27.33708,-32.90967 27.337,-32.90977 27.33693,-32.90986 27.33691,-32.90998 27.33691,-32.91011 27.33696,-32.91044 27.33709,-32.91067 27.33715,-32.91081 27.33719,-32.91095 27.33727,-32.91119 27.33732,-32.91131 27.33734,-32.9114 27.33737,-32.91151 27.33754,-32.91184 27.33767,-32.91204 27.33773,-32.9121 27.33777,-32.9122 27.33777,-32.9123 27.33783,-32.91242 27.33789,-32.91248 27.33806,-32.9126 27.33814,-32.91265 27.33819,-32.91273 27.33826,-32.91277 27.33837,-32.91287 27.33844,-32.91321 27.33843,-32.9136 27.33825,-32.91404 27.338,-32.91442 27.3378,-32.91465 27.33762,-32.91477 27.33735,-32.91497 27.33707,-32.91502 27.3368,-32.91507 27.33657,-32.91505 27.33637,-32.91508 27.33623,-32.91509 27.33616,-32.91505 27.3361,-32.91494 27.33595,-32.91478 27.33571,-32.91455 27.33544,-32.91428 27.33509,-32.91395 27.33474,-32.91368 27.33449,-32.91352 27.33407,-32.91326 27.33391,-32.91315 27.33368,-32.91296 27.33349,-32.91275 27.33335,-32.91261 27.33318,-32.91252 27.33299,-32.91236 27.33289,-32.91223 27.33271,-32.91216 27.33253,-32.91204 27.33224,-32.91198 27.33175,-32.91198 27.33143,-32.912 27.33109,-32.91198 27.33093,-32.91201 27.33083,-32.91205 27.33076,-32.9122 27.33054,-32.91238 27.33029,-32.91255 27.33018,-32.91258 27.33001,-32.91258 27.32984,-32.9126 27.3297,-32.91269 27.32951,-32.9128 27.32935,-32.91305 27.32924,-32.91333 27.32915,-32.9136 27.329,-32.91385 27.3287,-32.91414 27.32847,-32.91452 27.32835,-32.9149 27.32833,-32.91537 27.32829,-32.91593 27.32833,-32.91622 27.32837,-32.91654 27.32845,-32.91675 27.32848,-32.91699 27.32852,-32.91727 27.32859,-32.91745 27.32865,-32.91759 27.32869,-32.91769 27.32859,-32.91775 27.32852,-32.91781 27.3285,-32.91794 27.32853,-32.91821 27.32864,-32.91861 27.32869,-32.91883 27.32869,-32.91897 27.32862,-32.91919 27.32861,-32.91933 27.32865,-32.91941 27.32873,-32.91948 27.32884,-32.91954 27.3289,-32.9196 27.32902,-32.91973 27.32917,-32.91996 27.32923,-32.92014 27.32923,-32.92018 27.32921,-32.92026 27.32906,-32.92035 27.32884,-32.92049 27.32877,-32.92058 27.32876,-32.92072 27.3288,-32.92088 27.32885,-32.92111 27.32885,-32.92131 27.32895,-32.9215 27.32901,-32.92165 27.32908,-32.92178 27.32916,-32.92187 27.32947,-32.92262 27.32961,-32.9228 27.32967,-32.92288 27.32976,-32.92294 27.32981,-32.92302 27.32984,-32.92308 27.32988,-32.92339 27.32987,-32.92362 27.3299,-32.92389 27.32993,-32.92403 27.33003,-32.92426 27.33017,-32.92447 27.33041,-32.92486 27.33061,-32.92516 27.33067,-32.92535 27.33068,-32.92549 27.33071,-32.92572 27.3308,-32.92603 27.33085,-32.92636 27.33091,-32.92671 27.33097,-32.92693 27.33094,-32.92709 27.33078,-32.92723 27.3306,-32.92732 27.33045,-32.9273 27.33002,-32.92707 27.32969,-32.92693 27.32873,-32.92652 27.32839,-32.92637 27.32795,-32.92612 27.32761,-32.92601 27.3273,-32.92598 27.3269,-32.92602 27.32653,-32.92612 27.32626,-32.92627 27.3261,-32.92648 27.32602,-32.92672 27.32584,-32.92697 27.32542,-32.92755 27.32509,-32.92787 27.32488,-32.92799 27.32471,-32.92802 27.32451,-32.92801 27.32384,-32.92784 27.32308,-32.92777 27.32281,-32.92776 27.32223,-32.9276 27.32172,-32.92746 27.32128,-32.92731 27.32096,-32.92716 27.32074,-32.92702 27.32057,-32.9269 27.32036,-32.92684 27.32014,-32.92672 27.3196,-32.92649 27.31904,-32.92609 27.31877,-32.9259 27.31847,-32.92585 27.31819,-32.92585 27.31787,-32.92588 27.31763,-32.92594 27.31746,-32.92597 27.31715,-32.92602 27.31694,-32.92602 27.31673,-32.92595 27.31638,-32.92582 27.31612,-32.92567 27.31568,-32.92534 27.31514,-32.9248 27.31469,-32.92438 27.31419,-32.924 27.31395,-32.92385 27.31337,-32.9238 27.31297,-32.9239 27.3126,-32.92397 27.31243,-32.92406 27.31236,-32.92425 27.31229,-32.92449 27.31226,-32.92483 27.3123,-32.92493 27.31244,-32.92512 27.31249,-32.92529 27.31249,-32.92547 27.31245,-32.92572 27.31245,-32.92596 27.31246,-32.92613 27.31249,-32.92626 27.31247,-32.92637 27.31224,-32.92656 27.31204,-32.92667 27.31184,-32.92672 27.31146,-32.92673 27.31097,-32.92656 27.3106,-32.92639 27.31004,-32.92607 27.30968,-32.92584 27.30955,-32.9258 27.30945,-32.9258 27.3093,-32.92592 27.30911,-32.92596 27.30898,-32.92592 27.30886,-32.92589 27.3088,-32.92582 27.3087,-32.92567 27.30854,-32.92554 27.3084,-32.92547 27.30788,-32.9255 27.30748,-32.92556 27.30735,-32.92562 27.30731,-32.92574 27.3073,-32.92587 27.30731,-32.92598 27.30733,-32.92619 27.30738,-32.92636 27.30738,-32.92644 27.30735,-32.92653 27.30726,-32.92661 27.30715,-32.92667 27.30692,-32.9267 27.30685,-32.92674 27.30679,-32.9268 27.30675,-32.92694 27.30659,-32.92716 27.30648,-32.92724 27.30633,-32.92731 27.30613,-32.92728 27.30595,-32.92716 27.30584,-32.92704 27.30562,-32.92676 27.30549,-32.92662 27.30545,-32.92657 27.30537,-32.92645 27.30507,-32.92628 27.30475,-32.92609 27.30462,-32.92604 27.3044,-32.92588 27.30419,-32.92572 27.30372,-32.92548 27.30325,-32.92528 27.30292,-32.92519 27.30288,-32.92515 27.30283,-32.92504 27.3027,-32.92495 27.30262,-32.92492 27.30256,-32.92498 27.30251,-32.92504 27.30241,-32.92504 27.30221,-32.92489 27.3021,-32.92479 27.30208,-32.92472 27.30214,-32.92459 27.30214,-32.92448 27.30201,-32.92432 27.30187,-32.92412 27.30182,-32.92389 27.3018,-32.92372 27.30179,-32.92351 27.30173,-32.92322 27.30168,-32.92305 27.30168,-32.92281 27.30162,-32.9227 27.30146,-32.92252 27.30135,-32.92236 27.30121,-32.92228 27.30094,-32.92227 27.30053,-32.92237 27.30025,-32.92238 27.30008,-32.92234 27.30002,-32.9223 27.29998,-32.9222 27.29998,-32.9221 27.29992,-32.92197 27.29975,-32.92188 27.29962,-32.92188 27.29942,-32.92199 27.29926,-32.92215 27.29903,-32.9224 27.29879,-32.9227 27.29853,-32.92285 27.29819,-32.9229 27.29802,-32.92292 27.29785,-32.92297 27.29761,-32.92307 27.29745,-32.92315 27.2974,-32.92322 27.29742,-32.92333 27.2974,-32.92341 27.29732,-32.92348 27.29723,-32.92351 27.29716,-32.92351 27.2971,-32.92346 27.29702,-32.92338 27.29685,-32.92325 27.29676,-32.92318 27.29679,-32.92311 27.29679,-32.923 27.29673,-32.92291 27.29665,-32.92285 27.29655,-32.92282 27.29646,-32.92288 27.29639,-32.92294 27.29635,-32.923 27.2963,-32.92317 27.29628,-32.92335 27.29623,-32.92345 27.2961,-32.92355 27.2959,-32.92372 27.2957,-32.92402 27.29546,-32.92425 27.29524,-32.92435 27.29506,-32.92437 27.29484,-32.92427 27.29473,-32.92419 27.29466,-32.92407 27.29444,-32.92392 27.29427,-32.92383 27.29405,-32.92381 27.29386,-32.92385 27.29362,-32.92391 27.29346,-32.92402 27.29322,-32.92412 27.293,-32.92414 27.29265,-32.92415 27.29231,-32.92425 27.29209,-32.92438 27.29206,-32.92452 27.29201,-32.92467 27.29171,-32.92479 27.29139,-32.92489 27.2912,-32.92492 27.29105,-32.92492 27.29098,-32.92494 27.29088,-32.92497 27.29076,-32.92496 27.29043,-32.92502 27.29023,-32.9251 27.28997,-32.92516 27.28975,-32.9252 27.28926,-32.92519 27.28834,-32.92529 27.2872,-32.92547 27.28654,-32.92562 27.28634,-32.92565 27.28617,-32.92573 27.28589,-32.92576 27.2858,-32.92582 27.28556,-32.92594 27.28533,-32.92599 27.28503,-32.92603 27.28492,-32.92606 27.28481,-32.92612 27.28457,-32.9262 27.28443,-32.92622 27.28422,-32.9262 27.28406,-32.92623 27.28399,-32.9263 27.28384,-32.92644 27.28364,-32.92662 27.28357,-32.92673 27.2836,-32.92685 27.28368,-32.92702 27.28381,-32.92715 27.28391,-32.92722 27.28413,-32.92734 27.28433,-32.92748 27.28453,-32.92766 27.28468,-32.92774 27.28485,-32.92781 27.28503,-32.92789 27.28525,-32.92799 27.28571,-32.92825 27.28588,-32.92832 27.28601,-32.92835 27.2861,-32.92839 27.28622,-32.92849 27.2863,-32.92861 27.28652,-32.92886 27.2867,-32.92904 27.28677,-32.92913 27.28677,-32.92928 27.28674,-32.92939 27.28657,-32.92949 27.28625,-32.92965 27.286,-32.92969 27.28572,-32.92973 27.28543,-32.92981 27.28513,-32.92979 27.28481,-32.92979 27.28448,-32.92972 27.28415,-32.92966 27.28395,-32.92962 27.28391,-32.92959 27.28388,-32.92949 27.28377,-32.92937 27.28365,-32.92926 27.28354,-32.92914 27.28349,-32.92909 27.28329,-32.92881 27.28321,-32.92862 27.28318,-32.92852 27.28311,-32.92845 27.28298,-32.92842 27.28283,-32.92839 27.28266,-32.92838 27.28255,-32.92834 27.28231,-32.92814 27.28209,-32.92792 27.28192,-32.92779 27.28181,-32.92765 27.28175,-32.92764 27.28161,-32.92761 27.28136,-32.92741 27.28112,-32.92725 27.28086,-32.92704 27.2807,-32.92688 27.28048,-32.92678 27.28028,-32.92674 27.2801,-32.92659 27.28,-32.92645 27.27993,-32.92637 27.27987,-32.92631 27.27981,-32.92612 27.27982,-32.92598 27.27987,-32.92589 27.2799,-32.92579 27.27994,-32.92567 27.27994,-32.92557 27.27988,-32.92542 27.27973,-32.92525 27.27954,-32.92518 27.27927,-32.92512 27.27905,-32.92511 27.27884,-32.92512 27.27872,-32.92515 27.27859,-32.92531 27.27824,-32.92567 27.27796,-32.92597 27.2776,-32.92629 27.27712,-32.92664 27.27665,-32.92697 27.2765,-32.92707 27.27624,-32.92714 27.27596,-32.92722 27.27577,-32.92718 27.27547,-32.92708 27.27505,-32.92701 27.27476,-32.92694 27.27466,-32.92694 27.2745,-32.92699 27.27437,-32.92701 27.27405,-32.92698 27.27377,-32.92691 27.27358,-32.92692 27.27341,-32.92697 27.27323,-32.92702 27.27303,-32.92705 27.27291,-32.92704 27.27284,-32.92704 27.27274,-32.92707 27.27251,-32.92717 27.27236,-32.92728 27.2722,-32.92749 27.27206,-32.9277 27.27194,-32.92778 27.27183,-32.92778 27.27163,-32.92782 27.27147,-32.92784 27.27126,-32.92778 27.27114,-32.92778 27.27101,-32.92786 27.27084,-32.92794 27.27074,-32.92791 27.27066,-32.92784 27.27065,-32.92775 27.27067,-32.92764 27.27064,-32.92751 27.27062,-32.9274 27.2706,-32.92737 27.27057,-32.92715 27.27056,-32.92707 27.27053,-32.92687 27.27049,-32.92672 27.2705,-32.92654 27.27052,-32.92636 27.2705,-32.92622 27.27044,-32.92609 27.27039,-32.92599 27.27026,-32.92585 27.27006,-32.92573 27.27001,-32.92561 27.26996,-32.92542 27.27002,-32.92527 27.26996,-32.92515 27.26989,-32.9251 27.26971,-32.92494 27.26956,-32.92481 27.26942,-32.92478 27.26931,-32.92472 27.26921,-32.9246 27.26914,-32.92441 27.2691,-32.9242 27.26908,-32.92405 27.2691,-32.92394 27.26918,-32.92372 27.26923,-32.92355 27.26931,-32.92345 27.26949,-32.92342 27.26957,-32.92335 27.26961,-32.92322 27.26955,-32.9231 27.2695,-32.92301 27.26938,-32.923 27.2693,-32.92297 27.26924,-32.9229 27.2692,-32.92284 27.26919,-32.92275 27.26914,-32.92265 27.2691,-32.92264 27.26905,-32.9226 27.26905,-32.92254 27.26908,-32.92246 27.26915,-32.92235 27.26919,-32.92225 27.26927,-32.92213 27.26938,-32.92203 27.2694,-32.92196 27.26936,-32.92186 27.26914,-32.92178 27.26898,-32.92173 27.26891,-32.92169 27.26877,-32.9217 27.26865,-32.92168 27.26851,-32.92163 27.26835,-32.92159 27.26825,-32.9215 27.26817,-32.92155 27.26807,-32.92153 27.26799,-32.9215 27.26789,-32.92143 27.26784,-32.92133 27.26779,-32.92126 27.26775,-32.92113 27.26765,-32.92106 27.26748,-32.92105 27.26732,-32.92103 27.26716,-32.92098 27.26698,-32.921 27.26691,-32.92104 27.26694,-32.92111 27.26692,-32.92115 27.26681,-32.92117 27.26676,-32.92121 27.26665,-32.92127 27.26648,-32.92123 27.26615,-32.9211 27.26596,-32.92098 27.26583,-32.92095 27.26565,-32.92097 27.26562,-32.92093 27.26568,-32.92088 27.26568,-32.92081 27.26556,-32.9208 27.26533,-32.92073 27.2651,-32.92071 27.26492,-32.92077 27.2648,-32.9208 27.26445,-32.92095 27.26413,-32.92108 27.26395,-32.92124 27.26377,-32.92135 27.26359,-32.92138 27.26348,-32.92134 27.26331,-32.92133 27.26308,-32.92131 27.2629,-32.92134 27.2627,-32.92143 27.26239,-32.92173 27.26217,-32.92187 27.26193,-32.92201 27.26187,-32.92211 27.26184,-32.92221 27.26177,-32.92225 27.26163,-32.92228 27.2613,-32.92234 27.26122,-32.92237 27.26116,-32.9224 27.26116,-32.92247 27.26119,-32.9225 27.26124,-32.9226 27.26129,-32.92274 27.26127,-32.92288 27.26116,-32.92293 27.26099,-32.92291 27.26083,-32.92284 27.26074,-32.92278 27.26062,-32.9228 27.26054,-32.9228 27.26047,-32.92274 27.26033,-32.92255 27.26025,-32.92245 27.26015,-32.92244 27.26003,-32.92239 27.25985,-32.92223 27.2597,-32.92211 27.25943,-32.92191 27.25914,-32.92178 27.25909,-32.92167 27.25906,-32.92163 27.25906,-32.92155 27.25911,-32.92148 27.25924,-32.92136 27.25926,-32.92131 27.25926,-32.92121 27.2592,-32.92113 27.25916,-32.92102 27.25912,-32.9209 27.25907,-32.92086 27.259,-32.92083 27.25884,-32.92084 27.25861,-32.92089 27.25856,-32.92087 27.25851,-32.92077 27.25846,-32.92075 27.25832,-32.92082 27.25818,-32.9208 27.25808,-32.92073 27.25803,-32.92063 27.258,-32.92051 27.25784,-32.92024 27.25769,-32.92016 27.25758,-32.92015 27.25741,-32.92011 27.25728,-32.92002 27.25708,-32.91985 27.2568,-32.91966 27.25628,-32.91955 27.2559,-32.91948 27.25556,-32.91951 27.25504,-32.91949 27.25489,-32.91953 27.25469,-32.91963 27.25465,-32.91968 27.25463,-32.91972 27.25465,-32.91979 27.25468,-32.91985 27.25468,-32.91992 27.25465,-32.91997 27.25461,-32.92006 27.25461,-32.92013 27.25466,-32.92021 27.25472,-32.92032 27.25469,-32.92039 27.25463,-32.92042 27.25446,-32.92042 27.25429,-32.92035 27.25419,-32.92033 27.25409,-32.92033 27.25391,-32.92032 27.25379,-32.92025 27.25371,-32.92012 27.25362,-32.91996 27.25349,-32.91983 27.25339,-32.91979 27.25329,-32.91978 27.25318,-32.91978 27.25306,-32.91982 27.25292,-32.91983 27.25286,-32.91983 27.25286,-32.91976 27.25272,-32.91969 27.25252,-32.91968 27.2523,-32.91972 27.25217,-32.91973 27.25206,-32.91975 27.25172,-32.91958 27.2516,-32.91955 27.25151,-32.91946 27.25136,-32.91938 27.2512,-32.91925 27.2512,-32.9192 27.25114,-32.91909 27.25106,-32.91898 27.2509,-32.9189 27.25074,-32.91885 27.25063,-32.91885 27.25053,-32.91884 27.25045,-32.9188 27.2504,-32.91871 27.25031,-32.91863 27.2502,-32.91856 27.25005,-32.91854 27.24988,-32.91848 27.24978,-32.91838 27.24971,-32.91828 27.24963,-32.9182 27.24952,-32.9182 27.24944,-32.91821 27.24935,-32.91828 27.2493,-32.91838 27.24928,-32.91846 27.24924,-32.91853 27.24915,-32.91865 27.24908,-32.91877 27.24898,-32.9188 27.24885,-32.91878 27.2488,-32.91873 27.24879,-32.91867 27.24882,-32.9186 27.24872,-32.91854 27.24864,-32.91854 27.24852,-32.91853 27.24842,-32.91848 27.2483,-32.91843 27.24824,-32.91843 27.24817,-32.9185 27.2481,-32.91854 27.24799,-32.91858 27.24784,-32.9186 27.24769,-32.91859 27.24757,-32.91853 27.24737,-32.91844 27.24723,-32.91843 27.24703,-32.91847 27.24685,-32.91853 27.24652,-32.9187 27.24632,-32.9188 27.24613,-32.91885 27.24594,-32.91883 27.24572,-32.91879 27.24558,-32.91873 27.24546,-32.91865 27.2453,-32.91849 27.24512,-32.91835 27.24491,-32.91818 27.24473,-32.91803 27.2445,-32.91793 27.24438,-32.91792 27.24419,-32.91795 27.24411,-32.91801 27.24392,-32.91815 27.24374,-32.91816 27.24348,-32.91811 27.24328,-32.91812 27.24314,-32.91822 27.24297,-32.91835 27.24277,-32.91851 27.24257,-32.91863 27.24241,-32.91866 27.24228,-32.91868 27.24218,-32.91875 27.24205,-32.91875 27.24196,-32.91878 27.24187,-32.91888 27.2418,-32.91902 27.24174,-32.91913 27.24159,-32.91919 27.24156,-32.91926 27.24158,-32.91935 27.24164,-32.9194 27.24172,-32.91946 27.2418,-32.91957 27.24174,-32.91966 27.24163,-32.91973 27.24153,-32.91978 27.24133,-32.9197 27.24111,-32.91962 27.24084,-32.91946 27.2404,-32.91923 27.24012,-32.91913 27.23972,-32.91915 27.2394,-32.91925 27.23884,-32.91943 27.23827,-32.91958 27.23804,-32.91959 27.23779,-32.91973 27.23743,-32.9198 27.23722,-32.91983 27.2371,-32.91989 27.23692,-32.91996 27.2368,-32.91996 27.23677,-32.92005 27.23676,-32.92016 27.23677,-32.92028 27.23686,-32.92039 27.23692,-32.92051 27.23699,-32.92063 27.23697,-32.92072 27.23697,-32.92083 27.23689,-32.92092 27.23674,-32.92096 27.23657,-32.92096 27.23648,-32.92091 27.23632,-32.9208 27.23616,-32.92075 27.23605,-32.92069 27.23589,-32.92062 27.23582,-32.92053 27.23562,-32.92028 27.23545,-32.92002 27.23537,-32.91983 27.23525,-32.91953 27.2352,-32.91932 27.23508,-32.91892 27.23502,-32.9186 27.235,-32.91842 27.23502,-32.91832 27.2352,-32.91813 27.23568,-32.91771 27.2362,-32.9172 27.23651,-32.91696 27.23678,-32.91669 27.23703,-32.91646 27.23718,-32.91617 27.23731,-32.91593 27.23744,-32.9157 27.2375,-32.91545 27.23749,-32.91527 27.23745,-32.91499 27.23742,-32.91477 27.23733,-32.91454 27.23719,-32.91419 27.23691,-32.91368 27.23673,-32.91344 27.23658,-32.91327 27.2364,-32.91312 27.23626,-32.91297 27.23603,-32.91274 27.2358,-32.91259 27.23561,-32.91254 27.23547,-32.91249 27.23534,-32.9124 27.23517,-32.91233 27.23503,-32.91227 27.23499,-32.91227 27.23488,-32.91225 27.23477,-32.91218 27.23464,-32.9121 27.23454,-32.91197 27.23443,-32.91182 27.23442,-32.91165 27.23426,-32.9114 27.23417,-32.91128 27.2341,-32.91121 27.23398,-32.91118 27.23392,-32.91115 27.2339,-32.91109 27.2339,-32.91098 27.23385,-32.91088 27.23378,-32.91083 27.2336,-32.91073 27.23344,-32.91064 27.23336,-32.91052 27.23331,-32.91043 27.23322,-32.91035 27.23322,-32.91024 27.23321,-32.91009 27.23314,-32.90988 27.23305,-32.90979 27.23292,-32.90959 27.23281,-32.90948 27.23276,-32.90947 27.2326,-32.9094 27.2325,-32.9093 27.23244,-32.90903 27.23241,-32.9089 27.23243,-32.90878 27.23248,-32.90865 27.23248,-32.90858 27.2324,-32.90851 27.23233,-32.90851 27.23215,-32.90859 27.23199,-32.90862 27.23183,-32.90852 27.23178,-32.90842 27.23178,-32.90832 27.2318,-32.90825 27.23187,-32.90818 27.23191,-32.90805 27.23194,-32.90795 27.23202,-32.90762 27.23207,-32.90725 27.23201,-32.90718 27.23197,-32.90698 27.23183,-32.90678 27.23174,-32.90661 27.23169,-32.90649 27.23173,-32.90644 27.23176,-32.90631 27.23177,-32.90621 27.23183,-32.90614 27.23194,-32.90608 27.2321,-32.90592 27.23214,-32.90584 27.23206,-32.90568 27.23206,-32.90546 27.23204,-32.90532 27.23197,-32.90524 27.23188,-32.90516 27.2319,-32.90504 27.23205,-32.90474 27.23212,-32.90452 27.23211,-32.90442 27.23206,-32.90429 27.23208,-32.90424 27.23221,-32.90415 27.23229,-32.90415 27.23234,-32.90414 27.23239,-32.90408 27.23244,-32.90398 27.23256,-32.90376 27.23264,-32.90365 27.23268,-32.90342 27.23263,-32.90332 27.23258,-32.90317 27.23246,-32.90307 27.23226,-32.90285 27.23217,-32.90275 27.23206,-32.90258 27.23206,-32.90245 27.23204,-32.90229 27.23197,-32.90205 27.23199,-32.90185 27.23206,-32.90163 27.23209,-32.90133 27.23199,-32.90106 27.23156,-32.90063 27.23141,-32.90056 27.23117,-32.90036 27.23136,-32.89913 27.23141,-32.89836 27.23148,-32.89784 27.23148,-32.89719 27.23153,-32.89709 27.23168,-32.89619 27.23168,-32.8961 27.23166,-32.89605 27.23158,-32.89602 27.23153,-32.89605 27.23128,-32.89606 27.22999,-32.89622 27.22981,-32.8962 27.22971,-32.89629 27.22897,-32.89639 27.22882,-32.89639 27.22876,-32.89649 27.22851,-32.89669 27.2282,-32.89688 27.22764,-32.89728 27.22729,-32.89761 27.22683,-32.89808 27.2265,-32.89831 27.226,-32.8985 27.22567,-32.89859 27.22517,-32.8986 27.22465,-32.8985 27.22411,-32.89837 27.22335,-32.89832 27.22285,-32.89832 27.22208,-32.89847 27.22011,-32.89652 27.22014,-32.89643 27.22016,-32.8964 27.22019,-32.89639 27.22022,-32.89637 27.22013,-32.89619 27.22011,-32.89613 27.22009,-32.8961 27.22005,-32.89602 27.22002,-32.89599 27.21999,-32.89594 27.21995,-32.89587 27.21991,-32.89579 27.21984,-32.89574 27.21978,-32.89567 27.2197,-32.89559 27.21967,-32.89554 27.21963,-32.8955 27.21959,-32.89544 27.21956,-32.89538 27.21955,-32.89528 27.21956,-32.89519 27.21959,-32.89513 27.21961,-32.89508 27.21965,-32.89502 27.21965,-32.89496 27.21962,-32.89495 27.21963,-32.8949 27.21966,-32.89483 27.21963,-32.89478 27.21956,-32.89471 27.21942,-32.89402 27.21942,-32.89388 27.21944,-32.89378 27.21944,-32.89368 27.21942,-32.89358 27.21942,-32.89329 27.21936,-32.8932 27.2193,-32.89316 27.21927,-32.89313 27.21926,-32.89307 27.21926,-32.89295 27.21927,-32.89283 27.21923,-32.89272 27.21918,-32.89268 27.21912,-32.89263 27.21907,-32.89256 27.21905,-32.89252 27.21905,-32.89241 27.21907,-32.89236 27.21907,-32.89229 27.21905,-32.89222 27.21903,-32.89219 27.21897,-32.89217 27.21894,-32.89215 27.2189,-32.8921 27.2189,-32.8919 27.21891,-32.89184 27.21891,-32.89179 27.21887,-32.89171 27.21887,-32.89166 27.21886,-32.89163 27.21878,-32.8916 27.21872,-32.89154 27.21872,-32.89146 27.21878,-32.89141 27.21881,-32.89135 27.21885,-32.8913 27.21892,-32.89124 27.21895,-32.89121 27.21908,-32.8911 27.2191,-32.89097 27.2191,-32.89086 27.21906,-32.89078 27.21898,-32.89076 27.2189,-32.89078 27.21884,-32.89086 27.21876,-32.89089 27.21869,-32.89089 27.21862,-32.89085 27.21854,-32.89085 27.21848,-32.89089 27.21842,-32.89089 27.21831,-32.89086 27.21825,-32.89077 27.21827,-32.89069 27.21824,-32.89061 27.21807,-32.89061 27.21803,-32.89055 27.21803,-32.89046 27.21807,-32.8904 27.21826,-32.89036 27.21826,-32.8903 27.21819,-32.89027 27.21818,-32.89024 27.21815,-32.89021 27.21809,-32.89017 27.21801,-32.89013 27.21791,-32.89013 27.21793,-32.89001 27.21799,-32.88967 27.21814,-32.88946 27.21833,-32.88929 27.21849,-32.88905 27.21857,-32.88884 27.21859,-32.88855 27.21855,-32.88829 27.21846,-32.88809 27.21831,-32.88779 27.21822,-32.88754 27.21818,-32.8873 27.21818,-32.88702 27.21821,-32.88672 27.21816,-32.88646 27.21822,-32.88622 27.21838,-32.88604 27.21852,-32.88593 27.21865,-32.88585 27.21887,-32.88579 27.21904,-32.88579 27.21918,-32.88586 27.21925,-32.88599 27.21927,-32.88607 27.21965,-32.8867 27.21982,-32.88681 27.21992,-32.88691 27.22009,-32.88706 27.22025,-32.88721 27.22039,-32.88735 27.22049,-32.88746 27.22063,-32.88755 27.22074,-32.88761 27.22102,-32.88761 27.22115,-32.88758 27.22127,-32.88751 27.22134,-32.88747 27.2214,-32.88743 27.22145,-32.8874 27.22152,-32.88737 27.22164,-32.88733 27.22175,-32.88729 27.22185,-32.88727 27.22196,-32.88724 27.22205,-32.88721 27.2221,-32.88717 27.22212,-32.88711 27.2221,-32.88708 27.22208,-32.88704 27.2221,-32.88699 27.22213,-32.88698 27.22229,-32.88696 27.22233,-32.88686 27.22243,-32.88672 27.22251,-32.88653 27.22258,-32.88637 27.2227,-32.88622 27.22284,-32.88611 27.22294,-32.88602 27.22305,-32.88596 27.22323,-32.88593 27.22336,-32.88596 27.22339,-32.88603 27.22347,-32.88614 27.22358,-32.88619 27.22369,-32.88626 27.22381,-32.8864 27.22395,-32.88647 27.22406,-32.88657 27.22407,-32.88667 27.22409,-32.88678 27.22414,-32.88682 27.22424,-32.88681 27.22428,-32.88673 27.22437,-32.88673 27.22452,-32.88674 27.22461,-32.8867 27.22473,-32.8866 27.22482,-32.88647 27.22488,-32.8864 27.22493,-32.88638 27.22502,-32.88628 27.22506,-32.88617 27.2251,-32.88609 27.22518,-32.88603 27.22525,-32.88595 27.22526,-32.88584 27.2253,-32.88571 27.22532,-32.88565 27.22539,-32.88563 27.22548,-32.88558 27.2255,-32.88552 27.22555,-32.88543 27.22563,-32.88527 27.22559,-32.88519 27.22555,-32.88514 27.22544,-32.88506 27.22533,-32.8848 27.22526,-32.88472 27.22515,-32.88465 27.22498,-32.88459 27.22491,-32.88454 27.22481,-32.88448 27.22467,-32.88444 27.22463,-32.88444 27.22457,-32.88446 27.22451,-32.8845 27.22439,-32.8845 27.22436,-32.88449 27.2243,-32.88449 27.22423,-32.88454 27.22418,-32.8846 27.22414,-32.88468 27.22407,-32.88476 27.224,-32.8848 27.22395,-32.88485 27.22389,-32.88492 27.22384,-32.88494 27.22379,-32.88502 27.22375,-32.88514 27.22369,-32.88524 27.22362,-32.88537 27.22357,-32.88546 27.22353,-32.88552 27.22344,-32.88558 27.22336,-32.88558 27.22327,-32.88555 27.22313,-32.88555 27.22301,-32.88554 27.22295,-32.88552 27.22279,-32.8855 27.22268,-32.88552 27.22248,-32.88554 27.22241,-32.88555 27.22231,-32.88555 27.22218,-32.88554 27.2221,-32.88552 27.22192,-32.88547 27.22188,-32.88543 27.22179,-32.88535 27.22172,-32.88531 27.22164,-32.88524 27.22162,-32.8852 27.22159,-32.88511 27.22159,-32.88502 27.22158,-32.88494 27.22155,-32.88484 27.22151,-32.88481 27.22154,-32.88477 27.22161,-32.88475 27.22168,-32.88474 27.22177,-32.88473 27.22181,-32.88469 27.22186,-32.88466 27.22193,-32.88465 27.22201,-32.88461 27.22208,-32.88456 27.22215,-32.8845 27.22225,-32.88444 27.22232,-32.88439 27.22243,-32.8843 27.2225,-32.88425 27.22266,-32.88415 27.22273,-32.88407 27.22279,-32.88399 27.22287,-32.88389 27.22293,-32.88382 27.22303,-32.88374 27.2231,-32.8837 27.22322,-32.8836 27.22331,-32.88355 27.22337,-32.88351 27.22341,-32.88346 27.22343,-32.88339 27.22345,-32.88334 27.22349,-32.88326 27.22354,-32.8832 27.22357,-32.88316 27.22359,-32.8831 27.22363,-32.88305 27.22365,-32.88297 27.22362,-32.88293 27.22357,-32.88288 27.22358,-32.88281 27.22356,-32.88276 27.22345,-32.88271 27.22343,-32.88263 27.22342,-32.88248 27.22341,-32.88243 27.22337,-32.88236 27.22335,-32.88229 27.22334,-32.88224 27.22331,-32.88218 27.22324,-32.88216 27.2232,-32.88213 27.22318,-32.88206 27.22314,-32.88204 27.22306,-32.88202 27.22302,-32.88194 27.22298,-32.8819 27.22296,-32.88184 27.22293,-32.88178 27.22278,-32.88172 27.22272,-32.88172 27.22268,-32.88178 27.22273,-32.88186 27.22271,-32.88194 27.22258,-32.8819 27.22252,-32.88176 27.22249,-32.88167 27.2224,-32.88162 27.22236,-32.88159 27.2223,-32.88155 27.22224,-32.88147 27.2222,-32.88143 27.22214,-32.88138 27.22204,-32.88129 27.22197,-32.88124 27.22193,-32.88119 27.22184,-32.88109 27.22172,-32.88097 27.22171,-32.88092 27.2217,-32.88086 27.22172,-32.8808 27.22173,-32.88073 27.22166,-32.88064 27.22162,-32.88056 27.22156,-32.88052 27.22145,-32.88043 27.22141,-32.88038 27.22137,-32.8803 27.22133,-32.88025 27.22127,-32.88013 27.22123,-32.88009 27.22121,-32.88 27.22116,-32.87994 27.22107,-32.87988 27.22099,-32.87981 27.22096,-32.87979 27.22087,-32.87972 27.22082,-32.87965 27.22079,-32.87952 27.22073,-32.87941 27.22068,-32.87937 27.22062,-32.87934 27.22053,-32.8793 27.22049,-32.87925 27.22044,-32.87916 27.2204,-32.87907 27.2204,-32.87894 27.22041,-32.87886 27.22046,-32.87879 27.22044,-32.87869 27.22044,-32.87859 27.22056,-32.87845 27.22061,-32.87837 27.22064,-32.8783 27.22068,-32.87823 27.2207,-32.8782 27.22077,-32.87813 27.22082,-32.87812 27.22092,-32.87808 27.22096,-32.87802 27.22106,-32.8779 27.22113,-32.87782 27.22119,-32.87773 27.22134,-32.87748 27.22138,-32.8774 27.22144,-32.87734 27.22152,-32.87728 27.2216,-32.87721 27.22168,-32.87713 27.2217,-32.87697 27.22169,-32.87691 27.22168,-32.87687 27.22168,-32.8768 27.22172,-32.87677 27.22173,-32.87673 27.22173,-32.87668 27.2217,-32.87664 27.22179,-32.87649 27.22178,-32.87644 27.22175,-32.8764 27.22171,-32.87636 27.2217,-32.87632 27.2217,-32.87627 27.22173,-32.87622 27.22174,-32.87618 27.22172,-32.87614 27.22172,-32.87609 27.22179,-32.87598 27.22186,-32.87582 27.22188,-32.87577 27.22192,-32.87569 27.22194,-32.87557 27.22194,-32.8755 27.22196,-32.87545 27.222,-32.8754 27.22208,-32.87535 27.22212,-32.87532 27.22213,-32.87527 27.22218,-32.87524 27.22223,-32.8752 27.22226,-32.87516 27.22232,-32.87511 27.2223,-32.87506 27.22231,-32.87501 27.22236,-32.87498 27.22241,-32.87494 27.22244,-32.87491 27.22245,-32.87484 27.22245,-32.87471 27.22246,-32.87466 27.22251,-32.8746 27.22263,-32.87452 27.22268,-32.87448 27.2227,-32.87441 27.22271,-32.87436 27.22276,-32.87427 27.22278,-32.87422 27.22283,-32.87416 27.22289,-32.8741 27.22293,-32.87403 27.22299,-32.87393 27.22306,-32.87387 27.22308,-32.8738 27.2231,-32.87371 27.22313,-32.87365 27.22319,-32.8736 27.22326,-32.87357 27.22332,-32.87355 27.22334,-32.87351 27.22339,-32.87344 27.22341,-32.87336 27.22346,-32.87329 27.22352,-32.87322 27.22356,-32.87316 27.2236,-32.87309 27.22359,-32.87302 27.22356,-32.87298 27.22356,-32.87295 27.22355,-32.87292 27.22353,-32.87289 27.2235,-32.87286 27.22348,-32.87282 27.22345,-32.87279 27.22341,-32.87267 27.22344,-32.87259 27.22345,-32.87254 27.22342,-32.87249 27.22338,-32.87247 27.22332,-32.87242 27.2233,-32.87237 27.22328,-32.87231 27.22323,-32.87225 27.22331,-32.87219 27.22337,-32.87218 27.22341,-32.87215 27.22341,-32.87207 27.22342,-32.87201 27.22346,-32.87197 27.22358,-32.87193 27.22364,-32.87189 27.2237,-32.87186 27.22375,-32.8718 27.2238,-32.87177 27.22391,-32.87172 27.22405,-32.87164 27.22408,-32.87158 27.22414,-32.87153 27.22421,-32.8715 27.22424,-32.87148 27.22431,-32.87142 27.22435,-32.87133 27.22439,-32.87125 27.22444,-32.87116 27.22456,-32.87092 27.22461,-32.87086 27.22467,-32.87082 27.22472,-32.87079 27.22473,-32.87075 27.22473,-32.87066 27.22475,-32.87062 27.2248,-32.87055 27.22486,-32.87042 27.22491,-32.87038 27.22496,-32.87033 27.22498,-32.87028 27.225,-32.87021 27.22505,-32.87017 27.2251,-32.87011 27.22512,-32.87006 27.22515,-32.87 27.22517,-32.86989 27.22518,-32.86984 27.22522,-32.86972 27.22521,-32.86967 27.22521,-32.86953 27.22522,-32.86947 27.22524,-32.86942 27.22528,-32.86936 27.22528,-32.86932 27.22526,-32.86929 27.22521,-32.86927 27.22517,-32.86924 27.22517,-32.8692 27.22519,-32.86917 27.22523,-32.86894 27.22527,-32.86886 27.22533,-32.86879 27.22538,-32.86873 27.22546,-32.86857 27.22548,-32.86852 27.22549,-32.86847 27.22549,-32.86838 27.22553,-32.86835 27.22559,-32.86835 27.22564,-32.86839 27.22568,-32.86844 27.22572,-32.86847 27.22578,-32.86848 27.22584,-32.86847 27.22585,-32.86843 27.22587,-32.86841 27.2259,-32.86839 27.22592,-32.86836 27.22592,-32.8683 27.22589,-32.86822 27.22591,-32.86819 27.22597,-32.86812 27.22602,-32.86804 27.22603,-32.86798 27.22602,-32.8679 27.22597,-32.86784 27.22591,-32.86782 27.22583,-32.86776 27.22582,-32.86772 27.22582,-32.86767 27.22585,-32.86765 27.22588,-32.86761 27.22588,-32.86755 27.22587,-32.86749 27.22581,-32.86743 27.22575,-32.86739 27.22569,-32.86736 27.22564,-32.86732 27.2256,-32.86722 27.2256,-32.86701 27.22559,-32.86691 27.22558,-32.86683 27.22558,-32.86675 27.22563,-32.86667 27.2257,-32.86653 27.22571,-32.86648 27.22576,-32.86641 27.2258,-32.86636 27.22582,-32.8663 27.22586,-32.86622 27.22588,-32.86613 27.22588,-32.86605 27.22591,-32.86596 27.22595,-32.86593 27.22602,-32.86588 27.22604,-32.86581 27.22609,-32.86574 27.22615,-32.8657 27.22623,-32.86569 27.22636,-32.86569 27.22646,-32.86564 27.2265,-32.86558 27.22655,-32.86555 27.22665,-32.86554 27.22672,-32.86553 27.22679,-32.86548 27.2268,-32.86545 27.22695,-32.86528 27.227,-32.86522 27.22701,-32.86517 27.22701,-32.86512 27.22687,-32.86508 27.22683,-32.86506 27.2268,-32.865 27.22675,-32.86496 27.22658,-32.86493 27.22658,-32.86482 27.22663,-32.86476 27.22677,-32.86467 27.22681,-32.86463 27.22692,-32.86441 27.22692,-32.86434 27.22689,-32.86427 27.22687,-32.86419 27.22687,-32.86414 27.22686,-32.8641 27.22688,-32.86405 27.22686,-32.86401 27.22683,-32.86396 27.22683,-32.86384 27.22687,-32.86378 27.22697,-32.86371 27.22702,-32.86363 27.22704,-32.86356 27.22709,-32.8635 27.22715,-32.86343 27.22718,-32.86333 27.22724,-32.86321 27.22735,-32.86315 27.22743,-32.8631 27.22756,-32.86302 27.22765,-32.86294 27.22773,-32.86287 27.22782,-32.8628 27.22787,-32.86277 27.22795,-32.86273 27.22799,-32.86269 27.22804,-32.86266 27.22808,-32.86262 27.22822,-32.86253 27.22823,-32.86244 27.22827,-32.86236 27.22838,-32.8623 27.22845,-32.86231 27.22852,-32.86231 27.22863,-32.86225 27.22872,-32.86223 27.22886,-32.86224 27.22895,-32.86228 27.2291,-32.86231 27.22923,-32.86236 27.22932,-32.86239 27.22943,-32.86245 27.22955,-32.86253 27.22963,-32.86259 27.22976,-32.86266 27.22984,-32.86271 27.22992,-32.86272 27.23001,-32.86271 27.23006,-32.86269 27.23017,-32.86266 27.23024,-32.86262 27.23037,-32.86249 27.23038,-32.86244 27.23035,-32.86237 27.23036,-32.86231 27.2304,-32.86224 27.23043,-32.86218 27.23045,-32.8621 27.23045,-32.86198 27.23047,-32.86193 27.2305,-32.86188 27.23051,-32.86178 27.23056,-32.86169 27.23058,-32.86158 27.23058,-32.86149 27.23057,-32.86139 27.23056,-32.86131 27.23055,-32.86127 27.23057,-32.86117 27.23056,-32.86111 27.23052,-32.86101 27.23052,-32.86091 27.23058,-32.86082 27.23069,-32.86075 27.2308,-32.86067 27.23089,-32.8606 27.23103,-32.86054 27.23111,-32.86048 27.23117,-32.86043 27.23123,-32.86042 27.23128,-32.86036 27.23129,-32.86029 27.23128,-32.86021 27.23129,-32.86016 27.23134,-32.86011 27.23136,-32.86003 27.23137,-32.85996 27.23139,-32.8599 27.23138,-32.85983 27.23135,-32.85976 27.2313,-32.85972 27.23131,-32.8595 27.23131,-32.85943 27.23127,-32.85935 27.23126,-32.85927 27.23126,-32.85912 27.23129,-32.85908 27.23131,-32.85906 27.23143,-32.85896 27.2315,-32.85895 27.23162,-32.85893 27.2317,-32.85887 27.23178,-32.85878 27.23185,-32.85871 27.23193,-32.85867 27.23198,-32.8586 27.23203,-32.85852 27.23204,-32.85842 27.23205,-32.85837 27.23205,-32.8583 27.23206,-32.85822 27.23204,-32.85816 27.232,-32.85811 27.23193,-32.85804 27.23191,-32.85797 27.23191,-32.85789 27.23196,-32.85783 27.232,-32.8578 27.23209,-32.85776 27.23212,-32.85768 27.23216,-32.85765 27.23221,-32.85763 27.23227,-32.8576 27.23228,-32.85753 27.23226,-32.85748 27.23221,-32.85747 27.23213,-32.85747 27.23207,-32.85752 27.23203,-32.85757 27.23194,-32.85759 27.23188,-32.85757 27.2318,-32.85757 27.23174,-32.85756 27.23169,-32.85754 27.23163,-32.8575 27.23161,-32.85742 27.2316,-32.85734 27.23164,-32.85727 27.2317,-32.85721 27.2317,-32.85712 27.23172,-32.85705 27.23178,-32.85699 27.2318,-32.85691 27.23186,-32.85674 27.232,-32.85665 27.23205,-32.85659 27.23214,-32.85649 27.23222,-32.8564 27.23226,-32.85633 27.23231,-32.85627 27.23239,-32.8562 27.23246,-32.85619 27.23255,-32.8562 27.23264,-32.85619 27.23274,-32.85616 27.23289,-32.85609 27.23295,-32.85604 27.233,-32.856 27.23304,-32.85594 27.23305,-32.85586 27.23304,-32.85581 27.23301,-32.85576 27.23295,-32.8557 27.23294,-32.85565 27.23283,-32.85554 27.2328,-32.85547 27.2328,-32.85534 27.23288,-32.85527 27.23296,-32.85524 27.23304,-32.85524 27.23312,-32.85527 27.23316,-32.85534 27.2332,-32.85537 27.2333,-32.85537 27.23338,-32.85532 27.23339,-32.85523 27.23341,-32.85515 27.2335,-32.85504 27.23352,-32.85499 27.23352,-32.85492 27.23349,-32.85489 27.23347,-32.85473 27.23343,-32.85466 27.23345,-32.85458 27.23349,-32.8545 27.23357,-32.85442 27.23364,-32.85434 27.23366,-32.85428 27.23372,-32.85419 27.23376,-32.85411 27.23377,-32.85402 27.23375,-32.85387 27.23373,-32.85378 27.23365,-32.85369 27.23359,-32.85363 27.23344,-32.85351 27.23341,-32.85343 27.23343,-32.85335 27.23342,-32.85329 27.23338,-32.85326 27.23333,-32.8532 27.23331,-32.85315 27.23324,-32.85311 27.23322,-32.85307 27.23322,-32.85301 27.23332,-32.85291 27.23336,-32.85288 27.23339,-32.85283 27.23339,-32.85275 27.23334,-32.85268 27.23329,-32.85263 27.23326,-32.85256 27.2332,-32.85254 27.23314,-32.8525 27.23308,-32.85247 27.23303,-32.85245 27.233,-32.85241 27.23288,-32.85235 27.23277,-32.85235 27.23266,-32.85233 27.23262,-32.85231 27.23256,-32.85229 27.23251,-32.85228 27.23243,-32.85228 27.23235,-32.85227 27.23229,-32.85227 27.23223,-32.85225 27.23219,-32.85221 27.23213,-32.85217 27.23207,-32.85214 27.23202,-32.85213 27.23196,-32.85213 27.23188,-32.85205 27.23184,-32.85204 27.23174,-32.85205 27.23172,-32.85208 27.23171,-32.85211 27.23167,-32.85212 27.23165,-32.85216 27.23164,-32.85219 27.23158,-32.85219 27.23152,-32.85217 27.23147,-32.85218 27.23141,-32.85216 27.23136,-32.85214 27.23132,-32.85212 27.23131,-32.85208 27.23131,-32.85205 27.23133,-32.85201 27.23133,-32.85198 27.2313,-32.85191 27.23128,-32.85188 27.23124,-32.85186 27.23108,-32.85186 27.23104,-32.85184 27.23099,-32.85179 27.23099,-32.8517 27.23107,-32.85162 27.23115,-32.8516 27.23121,-32.85154 27.23125,-32.85147 27.23129,-32.85142 27.23128,-32.85131 27.23128,-32.85124 27.23122,-32.85115 27.23117,-32.8511 27.23109,-32.85105 27.23108,-32.851 27.23108,-32.85092 27.23099,-32.85077 27.23095,-32.85075 27.23091,-32.85063 27.23087,-32.85059 27.23083,-32.85059 27.23079,-32.8512 27.23073,-32.85177 27.23028,-32.85172 27.22996,-32.85169 27.22954,-32.85163 27.22953,-32.8516 27.22693,-32.85127 27.22695,-32.85147 27.22695,-32.85152 27.22692,-32.85174 27.2269,-32.85183 27.22688,-32.85193 27.22686,-32.85204 27.22684,-32.85215 27.22682,-32.85226 27.2268,-32.85236 27.22678,-32.85247 27.22676,-32.85258 27.22675,-32.85268 27.22673,-32.85278 27.22666,-32.85283 27.22654,-32.8529 27.22645,-32.85296 27.22635,-32.85303 27.22625,-32.85309 27.22615,-32.85316 27.22605,-32.85322 27.22594,-32.85329 27.22584,-32.85336 27.22574,-32.85342 27.22564,-32.85349 27.22554,-32.85355 27.22544,-32.85362 27.22533,-32.85369 27.22523,-32.85375 27.22513,-32.85382 27.22503,-32.85388 27.22493,-32.85395 27.22482,-32.85402 27.22473,-32.85408 27.22462,-32.85415 27.22452,-32.85421 27.22442,-32.85428 27.22433,-32.85434 27.22412,-32.85447 27.22344,-32.85492 27.22132,-32.85491 27.21842,-32.8549 27.21631,-32.85489 27.21621,-32.85489 27.21508,-32.85437 27.21487,-32.85427 27.21471,-32.8542 27.21459,-32.85415 27.21448,-32.8541 27.21437,-32.85404 27.21426,-32.85399 27.21414,-32.85394 27.21393,-32.85384 27.21379,-32.85378 27.21361,-32.85369 27.2135,-32.85364 27.21339,-32.85359 27.21328,-32.85354 27.21316,-32.85349 27.21305,-32.85343 27.21294,-32.85338 27.21282,-32.85333 27.21271,-32.85328 27.2126,-32.85323 27.21249,-32.85317 27.21237,-32.85312 27.21226,-32.85307 27.21215,-32.85302 27.21204,-32.85297 27.21199,-32.85294 27.21192,-32.85291 27.21164,-32.85278 27.21153,-32.85273 27.21141,-32.85268 27.2113,-32.85262 27.21117,-32.85257 27.21105,-32.85251 27.21093,-32.85245 27.2108,-32.8524 27.21068,-32.85234 27.21056,-32.85228 27.21044,-32.85223 27.21032,-32.85217 27.2102,-32.85211 27.21007,-32.85206 27.20995,-32.852 27.20983,-32.85195 27.20971,-32.85189 27.20959,-32.85183 27.20946,-32.85178 27.20934,-32.85172 27.20922,-32.85166 27.2091,-32.85161 27.20898,-32.85155 27.20879,-32.85147 27.20795,-32.85108 27.20699,-32.85063 27.206,-32.85018 27.20413,-32.84931 27.20407,-32.84837 27.20407,-32.84832 27.20383,-32.84461 27.20382,-32.84438 27.20245,-32.84467 27.19481,-32.84406 27.1921,-32.84381 27.17724,-32.84254 27.16721,-32.84082 27.15761,-32.83846 27.15761,-32.83846 27.15778,-32.8385 27.15777,-32.83836 27.15772,-32.83789 27.1581,-32.83574 27.15878,-32.83195 27.16179,-32.83233 27.16232,-32.82941 27.16248,-32.82849 27.16392,-32.82824 27.16497,-32.82725 27.16531,-32.82626 27.16752,-32.8251 27.16956,-32.82343 27.17005,-32.82338 27.17005,-32.82338 27.16987,-32.82334 27.17352,-32.82108 27.17352,-32.82107 27.17485,-32.82029 27.17732,-32.81741 27.17713,-32.81624 27.1771,-32.8154 27.17344,-32.81409 27.16992,-32.81284 27.16818,-32.81167 27.16951,-32.80921 27.16976,-32.80949 27.16989,-32.80962 27.17,-32.80974 27.17014,-32.80989 27.17022,-32.80998 27.17041,-32.81022 27.1706,-32.81043 27.17076,-32.81059 27.17089,-32.81075 27.17102,-32.81088 27.17112,-32.81095 27.17122,-32.81103 27.17129,-32.81108 27.17143,-32.81116 27.17154,-32.8112 27.17158,-32.81124 27.17178,-32.81135 27.17196,-32.81143 27.17202,-32.81148 27.17219,-32.81151 27.17235,-32.81155 27.17248,-32.81159 27.17262,-32.81163 27.17276,-32.81169 27.17294,-32.81178 27.17326,-32.81196 27.17339,-32.81201 27.17344,-32.81202 27.1735,-32.81204 27.17357,-32.81205 27.17363,-32.81206 27.17373,-32.81208 27.17386,-32.8121 27.17395,-32.81212 27.17406,-32.81214 27.17419,-32.81215 27.17432,-32.81217 27.17492,-32.81217 27.17505,-32.81215 27.17517,-32.81216 27.17523,-32.81217 27.17533,-32.81218 27.17544,-32.81221 27.17559,-32.81225 27.17583,-32.8123 27.17604,-32.81232 27.17618,-32.81233 27.17632,-32.81235 27.17675,-32.81235 27.17685,-32.81236 27.177,-32.8124 27.17713,-32.81246 27.17723,-32.81249 27.17732,-32.81253 27.17742,-32.81257 27.17745,-32.81257 27.17749,-32.81259 27.17753,-32.8126 27.17759,-32.81263 27.17764,-32.81264 27.178,-32.8127 27.17774,-32.81098 27.17966,-32.80959 27.18092,-32.8087 27.18102,-32.80863 27.18195,-32.80797 27.18219,-32.80739 27.18279,-32.80593 27.18196,-32.80528 27.18343,-32.80381 27.18367,-32.80379 27.18374,-32.80378 27.18384,-32.80376 27.18392,-32.80375 27.18397,-32.80375 27.1841,-32.80377 27.18418,-32.8038 27.18429,-32.80386 27.18455,-32.80402 27.18461,-32.80407 27.1848,-32.80251 27.18512,-32.79986 27.18514,-32.79971 27.19016,-32.79805 27.19014,-32.79803 27.19013,-32.79803 27.19009,-32.79798 27.19003,-32.7979 27.18994,-32.79783 27.1899,-32.79779 27.18979,-32.79775 27.18967,-32.79772 27.18958,-32.7977 27.18939,-32.79767 27.18922,-32.79764 27.18912,-32.79761 27.18906,-32.79758 27.18899,-32.79754 27.1889,-32.79745 27.18892,-32.79741 27.18888,-32.7974 27.19114,-32.79685 27.19472,-32.79624 27.19956,-32.79539 27.20625,-32.79417 27.21542,-32.79262 27.21876,-32.78407 27.21899,-32.78349 27.21897,-32.78342 27.21553,-32.77343 27.21272,-32.76535 27.21275,-32.76534 27.23037,-32.76089 27.23442,-32.7599 27.23961,-32.75479 27.24068,-32.75364 27.24082,-32.75177 27.24092,-32.7504 27.24122,-32.74778 27.24137,-32.74496 27.24082,-32.7444 27.23825,-32.74051 27.23424,-32.72948 27.23062,-32.71739 27.23154,-32.71549 27.23204,-32.71447 27.2321,-32.71446 27.23245,-32.71442 27.24909,-32.70026 27.24953,-32.69988 27.25519,-32.69407 27.25952,-32.68962 27.25958,-32.68957 27.26672,-32.68767 27.27503,-32.68432 27.28251,-32.68499 27.2872,-32.68488 27.28888,-32.68376 27.29297,-32.68103 27.29325,-32.67573 27.29744,-32.67668 27.29922,-32.67649 27.30987,-32.67539 27.31268,-32.67513 27.31404,-32.675 27.32035,-32.67517 27.32141,-32.6752 27.32246,-32.67522 27.33005,-32.67467 27.3324,-32.6745 27.33907,-32.674 27.35393,-32.67442 27.35458,-32.67444</coordinates></LinearRing></outerBoundaryIs></Polygon></MultiGeometry></Placemark></Document></kml>