<?xml version="1.0" encoding="UTF-8"?><kml xmlns="http://www.opengis.net/kml/2.2"><Document><Placemark><name>Umzimvubu</name><description>Local Municipality 296</description><ExtendedData><Data name="code"><value>296</value></Data><Data name="name"><value>Umzimvubu</value></Data><Data name="description"><value>Local Municipality 296</value></Data></ExtendedData><MultiGeometry><Polygon><outerBoundaryIs><LinearRing><coordinates>28.73692,-30.85604 28.73606,-30.85512 28.73545,-30.85477 28.7348,-30.85468 28.73361,-30.85468 28.73081,-30.85508 28.72969,-30.85526 28.72887,-30.85508 28.72799,-30.85508 28.72758,-30.85493 28.72714,-30.85475 28.72673,-30.85431 28.72643,-30.85366 28.72633,-30.85322 28.72633,-30.85228 28.72667,-30.85167 28.7272,-30.84979 28.72727,-30.8492 28.72748,-30.84867 28.72813,-30.84779 28.72891,-30.84656 28.72946,-30.84577 28.72967,-30.8448 28.72984,-30.84412 28.72926,-30.84315 28.72833,-30.84268 28.72762,-30.84268 28.72687,-30.84274 28.72625,-30.84274 28.72547,-30.84253 28.72435,-30.84253 28.7237,-30.84238 28.72309,-30.84238 28.7222,-30.84229 28.72146,-30.84229 28.72094,-30.84225 28.72033,-30.8419 28.71975,-30.84164 28.71945,-30.8414 28.71884,-30.84105 28.71823,-30.84069 28.71782,-30.84049 28.71707,-30.83963 28.71639,-30.83884 28.71585,-30.83837 28.71514,-30.83801 28.71468,-30.83778 28.71413,-30.83769 28.71372,-30.83763 28.71325,-30.83739 28.71264,-30.83713 28.71189,-30.83712 28.71131,-30.83671 28.71083,-30.83651 28.71019,-30.83636 28.7092,-30.83635 28.70859,-30.83615 28.70784,-30.83588 28.70706,-30.83588 28.70621,-30.83582 28.7057,-30.83564 28.70461,-30.83535 28.70359,-30.83493 28.70277,-30.83467 28.70206,-30.83422 28.70185,-30.83411 28.70124,-30.83378 28.70057,-30.83325 28.69946,-30.83263 28.69875,-30.83225 28.69786,-30.83181 28.69715,-30.83136 28.69552,-30.83051 28.69368,-30.82997 28.69287,-30.82962 28.69205,-30.82974 28.69181,-30.82979 28.69154,-30.83062 28.69112,-30.83273 28.69081,-30.83517 28.69039,-30.83702 28.68974,-30.83763 28.68923,-30.83784 28.68865,-30.83783 28.68814,-30.83777 28.68753,-30.83758 28.68765,-30.83736 28.68741,-30.83732 28.68716,-30.83725 28.68712,-30.83724 28.68696,-30.83716 28.68672,-30.83701 28.686,-30.83683 28.68466,-30.83583 28.68422,-30.83565 28.68395,-30.83553 28.68347,-30.83562 28.68269,-30.83603 28.6815,-30.83603 28.68116,-30.83599 28.67997,-30.83564 28.67935,-30.8349 28.67885,-30.83423 28.678,-30.83323 28.6778,-30.83273 28.67739,-30.83226 28.67708,-30.83199 28.67678,-30.83137 28.67682,-30.83052 28.67733,-30.82988 28.67887,-30.82824 28.68011,-30.82686 28.68049,-30.82636 28.681,-30.82571 28.68162,-30.82522 28.68243,-30.82501 28.68346,-30.82469 28.68407,-30.82478 28.68468,-30.82481 28.68492,-30.82481 28.68519,-30.82452 28.68564,-30.82396 28.68574,-30.82338 28.68591,-30.8225 28.68622,-30.82159 28.68657,-30.82047 28.68694,-30.81994 28.68683,-30.81897 28.68656,-30.81841 28.68622,-30.8178 28.68622,-30.81727 28.68608,-30.81692 28.68561,-30.81662 28.6852,-30.81656 28.68428,-30.81673 28.68363,-30.81685 28.6822,-30.81729 28.6803,-30.81778 28.67938,-30.81831 28.67886,-30.81931 28.67791,-30.82019 28.67729,-30.82059 28.67671,-30.82059 28.67631,-30.82039 28.676,-30.82006 28.67576,-30.81977 28.67556,-30.8195 28.67556,-30.81889 28.6755,-30.81839 28.67529,-30.81777 28.67499,-30.8173 28.67475,-30.81712 28.67417,-30.81689 28.67336,-30.81683 28.67252,-30.81691 28.67171,-30.81726 28.67109,-30.81776 28.67075,-30.81811 28.67003,-30.81846 28.66956,-30.81855 28.66891,-30.81866 28.66833,-30.81866 28.66769,-30.81863 28.6669,-30.81842 28.66667,-30.8181 28.66578,-30.81766 28.66575,-30.81739 28.66568,-30.81701 28.66565,-30.81642 28.66565,-30.81595 28.66572,-30.81551 28.66589,-30.81507 28.66603,-30.81466 28.66603,-30.81366 28.6659,-30.81316 28.6657,-30.81264 28.66526,-30.8119 28.66434,-30.81166 28.66386,-30.81169 28.66335,-30.81195 28.66271,-30.8121 28.66192,-30.81236 28.66138,-30.81262 28.66015,-30.81253 28.65974,-30.81236 28.65913,-30.81209 28.65861,-30.81188 28.65799,-30.81153 28.65755,-30.81109 28.65684,-30.81041 28.65633,-30.80967 28.65596,-30.80941 28.65523,-30.80884 28.65521,-30.80882 28.65464,-30.80835 28.65321,-30.8072 28.65277,-30.80693 28.65209,-30.8064 28.65145,-30.80599 28.65087,-30.80561 28.65084,-30.80502 28.65091,-30.80467 28.65121,-30.80446 28.65172,-30.80446 28.65261,-30.80441 28.65363,-30.80479 28.65417,-30.80506 28.65468,-30.80506 28.6557,-30.80474 28.65649,-30.80398 28.65675,-30.80365 28.65712,-30.80339 28.65753,-30.80301 28.65774,-30.80257 28.65815,-30.80231 28.65839,-30.80198 28.65856,-30.80146 28.65856,-30.80093 28.65815,-30.80037 28.65724,-30.80001 28.65639,-30.79983 28.6554,-30.79977 28.65434,-30.79986 28.65343,-30.79986 28.65271,-30.79965 28.65213,-30.79941 28.65159,-30.79915 28.65111,-30.79888 28.65,-30.79805 28.64976,-30.7977 28.64949,-30.79729 28.64928,-30.79694 28.64918,-30.79667 28.64915,-30.79614 28.64939,-30.79553 28.64984,-30.79515 28.65019,-30.79459 28.65077,-30.79439 28.65145,-30.79439 28.65169,-30.79433 28.6522,-30.79433 28.65268,-30.7943 28.65329,-30.7943 28.65421,-30.79431 28.65598,-30.7946 28.65901,-30.79473 28.66095,-30.7945 28.66139,-30.79415 28.6617,-30.79362 28.6618,-30.79292 28.66208,-30.79195 28.66188,-30.7908 28.66168,-30.79036 28.66096,-30.78995 28.66035,-30.78983 28.65964,-30.78986 28.65892,-30.79024 28.65766,-30.79126 28.65633,-30.7924 28.65565,-30.79243 28.6551,-30.7924 28.65459,-30.79219 28.65381,-30.79187 28.65354,-30.7914 28.65337,-30.79054 28.65327,-30.78975 28.65307,-30.78913 28.65297,-30.78861 28.6526,-30.78825 28.65236,-30.78755 28.65206,-30.78666 28.65199,-30.78646 28.65117,-30.78402 28.65083,-30.78278 28.65036,-30.78099 28.64982,-30.77976 28.64945,-30.77908 28.64911,-30.77834 28.64891,-30.77776 28.64829,-30.77667 28.64778,-30.77628 28.64744,-30.77608 28.64652,-30.77581 28.64601,-30.77572 28.64523,-30.77554 28.64452,-30.77522 28.64367,-30.77492 28.64275,-30.77451 28.64187,-30.77404 28.64122,-30.77315 28.64095,-30.77256 28.64075,-30.7716 28.64076,-30.77095 28.64089,-30.77036 28.64107,-30.76989 28.6412,-30.76948 28.64131,-30.76931 28.64138,-30.76901 28.64099,-30.76798 28.64031,-30.76751 28.63983,-30.76716 28.63963,-30.76675 28.63912,-30.76622 28.63868,-30.76551 28.63814,-30.76494 28.63801,-30.7648 28.63716,-30.76415 28.63648,-30.76339 28.63574,-30.76259 28.63475,-30.76177 28.6334,-30.76082 28.63241,-30.76009 28.6309,-30.75876 28.63036,-30.75861 28.63002,-30.75835 28.62941,-30.75817 28.62904,-30.75808 28.6286,-30.75764 28.62833,-30.75676 28.62819,-30.75596 28.62772,-30.75517 28.62738,-30.75487 28.6266,-30.75446 28.62466,-30.75407 28.62344,-30.75401 28.6233,-30.75406 28.62323,-30.75404 28.62252,-30.75421 28.62197,-30.75431 28.62149,-30.75461 28.62117,-30.75507 28.62097,-30.75522 28.62066,-30.75545 28.61985,-30.75582 28.61815,-30.75602 28.61665,-30.7561 28.61624,-30.75617 28.61578,-30.75622 28.61529,-30.75595 28.61451,-30.75528 28.61414,-30.75487 28.61359,-30.75458 28.61255,-30.75421 28.61206,-30.75451 28.612,-30.75482 28.61175,-30.75541 28.61163,-30.75584 28.61154,-30.75655 28.61125,-30.75684 28.61109,-30.75716 28.61085,-30.75728 28.61063,-30.75737 28.61024,-30.75727 28.60977,-30.75687 28.60947,-30.75655 28.60926,-30.75609 28.60894,-30.75575 28.60862,-30.7556 28.60814,-30.75543 28.60772,-30.75506 28.60745,-30.75445 28.60745,-30.75431 28.60744,-30.75369 28.60757,-30.75273 28.60768,-30.75189 28.60764,-30.7514 28.60776,-30.75071 28.60803,-30.75029 28.60817,-30.74987 28.60824,-30.74974 28.60854,-30.74966 28.60877,-30.74966 28.60904,-30.74985 28.60939,-30.75009 28.60965,-30.75021 28.61002,-30.75035 28.61068,-30.75049 28.611,-30.75049 28.61131,-30.75048 28.6119,-30.75031 28.61227,-30.75002 28.61273,-30.74966 28.6128,-30.7492 28.61265,-30.74839 28.6121,-30.74725 28.61136,-30.7457 28.61094,-30.74537 28.61041,-30.74495 28.6099,-30.7444 28.60941,-30.74348 28.60909,-30.74272 28.6081,-30.74169 28.60799,-30.7411 28.60787,-30.74072 28.60784,-30.74032 28.60768,-30.73991 28.6074,-30.7394 28.60693,-30.7389 28.60668,-30.73835 28.60666,-30.73784 28.6068,-30.7376 28.6068,-30.73731 28.60668,-30.73701 28.60601,-30.7365 28.60551,-30.73621 28.60499,-30.73602 28.6044,-30.73588 28.60299,-30.736 28.60239,-30.736 28.60159,-30.73583 28.60059,-30.73543 28.5995,-30.73506 28.59924,-30.73495 28.59855,-30.7348 28.59818,-30.73466 28.59753,-30.73434 28.59732,-30.7338 28.59736,-30.73333 28.59769,-30.73261 28.59832,-30.73197 28.59917,-30.73129 28.59972,-30.73103 28.60028,-30.73096 28.60081,-30.73065 28.60172,-30.72999 28.60213,-30.72941 28.60235,-30.72912 28.60245,-30.7288 28.60245,-30.72854 28.60224,-30.72829 28.60186,-30.72806 28.60129,-30.72783 28.60082,-30.72753 28.60027,-30.72719 28.59979,-30.72688 28.59949,-30.72647 28.59949,-30.72621 28.59933,-30.72587 28.59933,-30.72552 28.59928,-30.72528 28.59916,-30.72497 28.59891,-30.72441 28.59876,-30.72396 28.59874,-30.72393 28.59807,-30.72317 28.5977,-30.72285 28.597,-30.72216 28.59664,-30.72177 28.59634,-30.72141 28.59621,-30.72115 28.59623,-30.72078 28.59639,-30.72051 28.59647,-30.72022 28.59647,-30.71991 28.59624,-30.71948 28.59575,-30.71912 28.5953,-30.71893 28.5946,-30.71876 28.59384,-30.71852 28.59246,-30.71807 28.59198,-30.71788 28.59165,-30.71752 28.59156,-30.7172 28.59151,-30.71684 28.59142,-30.71651 28.59142,-30.7161 28.59135,-30.7157 28.59133,-30.71565 28.59121,-30.71529 28.59095,-30.71474 28.59057,-30.71382 28.59056,-30.71281 28.59044,-30.71237 28.59032,-30.71213 28.59023,-30.71173 28.5902,-30.71171 28.59,-30.71153 28.58974,-30.71144 28.58922,-30.71168 28.58837,-30.71201 28.58783,-30.71219 28.58745,-30.71238 28.58698,-30.71265 28.58666,-30.71277 28.58634,-30.71271 28.58597,-30.71254 28.58539,-30.71229 28.58449,-30.71157 28.58373,-30.71101 28.5834,-30.71073 28.58276,-30.71016 28.58255,-30.7101 28.58233,-30.70996 28.58203,-30.70975 28.58172,-30.70946 28.58165,-30.7092 28.58138,-30.70895 28.58117,-30.70878 28.58102,-30.70863 28.58066,-30.70846 28.57997,-30.70843 28.57817,-30.7085 28.57759,-30.7086 28.57716,-30.7087 28.57648,-30.70886 28.57589,-30.70901 28.57463,-30.7093 28.57424,-30.70945 28.57362,-30.70949 28.57274,-30.70957 28.57214,-30.7095 28.57171,-30.70933 28.57106,-30.70906 28.56976,-30.70873 28.56854,-30.70832 28.56812,-30.70818 28.56781,-30.70801 28.56742,-30.70769 28.56701,-30.70749 28.56638,-30.70741 28.56495,-30.70763 28.56291,-30.70819 28.56118,-30.70886 28.56061,-30.70891 28.56013,-30.70882 28.55992,-30.70867 28.55985,-30.70826 28.55998,-30.70771 28.5601,-30.7074 28.56067,-30.70695 28.56127,-30.70629 28.56186,-30.7057 28.56232,-30.70501 28.56253,-30.70447 28.56281,-30.70379 28.56297,-30.70352 28.56315,-30.70323 28.56329,-30.70297 28.5634,-30.70273 28.56342,-30.7025 28.56342,-30.70229 28.56338,-30.70201 28.56324,-30.70163 28.56307,-30.70135 28.56254,-30.70094 28.56117,-30.70048 28.56032,-30.70034 28.55958,-30.70008 28.55889,-30.69971 28.55846,-30.69929 28.5582,-30.69894 28.55786,-30.69847 28.55769,-30.69833 28.55748,-30.69819 28.55721,-30.69805 28.55689,-30.69796 28.55645,-30.69788 28.5561,-30.6979 28.55568,-30.69789 28.55536,-30.69788 28.55493,-30.69777 28.55411,-30.69751 28.55361,-30.69699 28.5534,-30.69664 28.55298,-30.69618 28.55251,-30.69549 28.5521,-30.69489 28.55152,-30.6944 28.55136,-30.69434 28.55122,-30.69425 28.55099,-30.69394 28.55064,-30.69353 28.55037,-30.69316 28.55016,-30.69279 28.54985,-30.69243 28.5499,-30.69214 28.55,-30.69148 28.55004,-30.69145 28.55037,-30.69122 28.55055,-30.69108 28.5507,-30.69103 28.55081,-30.691 28.55102,-30.69088 28.55126,-30.69066 28.55152,-30.69019 28.55178,-30.6898 28.55216,-30.68908 28.55238,-30.68791 28.55257,-30.68644 28.55265,-30.68546 28.55246,-30.68514 28.55241,-30.68476 28.55239,-30.68415 28.55251,-30.68374 28.553,-30.68314 28.55322,-30.68295 28.55358,-30.6828 28.55395,-30.68256 28.55431,-30.68232 28.55452,-30.6821 28.55455,-30.68176 28.5545,-30.68161 28.55437,-30.68129 28.5542,-30.68111 28.5539,-30.68084 28.55361,-30.68074 28.55313,-30.68055 28.5528,-30.68048 28.55236,-30.68033 28.55197,-30.68004 28.55173,-30.67982 28.55158,-30.67958 28.55144,-30.67943 28.55134,-30.67937 28.5512,-30.6793 28.55088,-30.67905 28.5506,-30.67874 28.55037,-30.67834 28.55023,-30.67788 28.55014,-30.67763 28.54997,-30.67741 28.54967,-30.67703 28.54954,-30.67672 28.54942,-30.67647 28.54921,-30.67621 28.54914,-30.67601 28.54912,-30.6757 28.54901,-30.67533 28.549,-30.67507 28.549,-30.67477 28.54869,-30.67412 28.54864,-30.67386 28.54841,-30.67359 28.54819,-30.67347 28.54805,-30.6734 28.54786,-30.67327 28.54765,-30.67303 28.54752,-30.67291 28.54733,-30.67278 28.54705,-30.67256 28.54663,-30.67216 28.54634,-30.67176 28.54624,-30.67113 28.54623,-30.67091 28.54616,-30.67064 28.54605,-30.67023 28.54573,-30.6697 28.54553,-30.66947 28.54534,-30.66924 28.54516,-30.6691 28.54489,-30.66897 28.54439,-30.66879 28.54392,-30.66857 28.54359,-30.66829 28.54335,-30.66812 28.54314,-30.66791 28.54299,-30.66774 28.5429,-30.66752 28.54283,-30.6673 28.5428,-30.66707 28.54279,-30.66677 28.54278,-30.66655 28.54274,-30.66626 28.54264,-30.6659 28.54253,-30.66568 28.54233,-30.66539 28.54223,-30.66524 28.54218,-30.66518 28.54208,-30.66502 28.54195,-30.6649 28.54213,-30.66472 28.54239,-30.6645 28.54263,-30.66428 28.54285,-30.66407 28.54309,-30.66383 28.54337,-30.66357 28.54367,-30.66329 28.544,-30.66301 28.5444,-30.66384 28.5444,-30.66512 28.54475,-30.66596 28.54567,-30.66675 28.54629,-30.66671 28.54695,-30.66638 28.54767,-30.66565 28.54837,-30.66525 28.54878,-30.66506 28.54889,-30.66497 28.54918,-30.66477 28.54933,-30.66458 28.54936,-30.66429 28.54936,-30.6642 28.54928,-30.66384 28.54969,-30.66339 28.55002,-30.66323 28.55043,-30.66281 28.55056,-30.66269 28.55081,-30.66249 28.55648,-30.6605 28.55928,-30.66003 28.56097,-30.66027 28.56282,-30.66076 28.56331,-30.66095 28.56486,-30.6616 28.56557,-30.66112 28.56618,-30.66071 28.56652,-30.66013 28.56641,-30.65958 28.56631,-30.65949 28.56628,-30.65945 28.56606,-30.65927 28.56571,-30.65897 28.56553,-30.65882 28.56544,-30.65877 28.5653,-30.65875 28.56485,-30.65854 28.56483,-30.6585 28.56477,-30.65841 28.56474,-30.65833 28.56455,-30.65814 28.56427,-30.65789 28.56411,-30.65774 28.56397,-30.65765 28.56383,-30.65763 28.56363,-30.65752 28.56349,-30.65743 28.56341,-30.65736 28.56332,-30.65728 28.56315,-30.65712 28.56284,-30.65689 28.56259,-30.65668 28.56224,-30.65637 28.56199,-30.65614 28.56197,-30.65612 28.56177,-30.65594 28.56161,-30.65581 28.56158,-30.65575 28.56144,-30.65558 28.56133,-30.65547 28.56122,-30.6554 28.56098,-30.6553 28.5608,-30.65527 28.56037,-30.65526 28.56224,-30.6536 28.56311,-30.65211 28.56467,-30.65092 28.56545,-30.64969 28.56795,-30.6493 28.56951,-30.64796 28.5728,-30.64648 28.5759,-30.64678 28.57779,-30.64858 28.57969,-30.64978 28.58037,-30.65217 28.58225,-30.65636 28.58293,-30.65845 28.5843,-30.66009 28.59052,-30.65937 28.59208,-30.65907 28.59346,-30.65923 28.59518,-30.66057 28.59517,-30.66207 28.59472,-30.66275 28.59475,-30.66277 28.59694,-30.66296 28.5987,-30.663 28.60353,-30.66235 28.60524,-30.66198 28.60678,-30.66169 28.6081,-30.66128 28.60893,-30.66102 28.61012,-30.66008 28.61087,-30.65966 28.61205,-30.65931 28.61346,-30.65902 28.61478,-30.65874 28.61514,-30.65869 28.61535,-30.65866 28.61552,-30.65864 28.61555,-30.65864 28.61599,-30.65858 28.61615,-30.65856 28.62116,-30.65763 28.62143,-30.65756 28.62313,-30.65727 28.62298,-30.65715 28.62336,-30.65703 28.63138,-30.65575 28.63151,-30.65573 28.63167,-30.6557 28.63325,-30.65541 28.63783,-30.65468 28.63822,-30.65468 28.64165,-30.65367 28.64354,-30.65308 28.6445,-30.6526 28.64623,-30.65174 28.64728,-30.65118 28.64829,-30.65053 28.64832,-30.65051 28.64968,-30.65114 28.65084,-30.65083 28.65591,-30.64999 28.65778,-30.65031 28.65805,-30.65041 28.65831,-30.65042 28.66235,-30.65115 28.66284,-30.65128 28.66736,-30.65394 28.66759,-30.65394 28.67176,-30.65135 28.67185,-30.65128 28.67074,-30.64001 28.67162,-30.62907 28.67692,-30.6258 28.67424,-30.62505 28.67108,-30.62487 28.66933,-30.62269 28.66941,-30.62269 28.675,-30.61906 28.67816,-30.61657 28.67989,-30.61521 28.68163,-30.61384 28.68343,-30.61269 28.68511,-30.61163 28.68626,-30.61068 28.6884,-30.60796 28.68851,-30.60641 28.68924,-30.60201 28.6893,-30.60191 28.6897,-30.60172 28.69135,-30.60093 28.69245,-30.60016 28.69346,-30.59929 28.69421,-30.59812 28.69541,-30.59563 28.69802,-30.58861 28.69874,-30.58586 28.69876,-30.58529 28.69907,-30.58323 28.69914,-30.58275 28.69917,-30.58256 28.69966,-30.58236 28.70011,-30.58224 28.70056,-30.5821 28.70112,-30.58195 28.70185,-30.58181 28.70243,-30.58175 28.70339,-30.58176 28.70382,-30.58186 28.7041,-30.58198 28.70433,-30.58214 28.70459,-30.58235 28.70487,-30.58259 28.70513,-30.58284 28.70541,-30.58302 28.70569,-30.58314 28.70609,-30.58328 28.70653,-30.58343 28.70718,-30.58361 28.70787,-30.58377 28.70836,-30.5839 28.70901,-30.5841 28.70988,-30.58441 28.7104,-30.58461 28.71086,-30.58478 28.71138,-30.58492 28.71187,-30.5851 28.71227,-30.5852 28.71262,-30.58527 28.71297,-30.58531 28.71332,-30.58537 28.71372,-30.58539 28.71407,-30.58533 28.71447,-30.58529 28.71487,-30.58523 28.71525,-30.58511 28.7156,-30.58497 28.71591,-30.58479 28.71624,-30.58456 28.71652,-30.58438 28.71675,-30.58416 28.71696,-30.58398 28.71715,-30.58383 28.71734,-30.58371 28.71771,-30.58339 28.718,-30.58315 28.71816,-30.58297 28.71835,-30.58278 28.71844,-30.58262 28.71861,-30.58238 28.71872,-30.5822 28.7188,-30.58197 28.71889,-30.58169 28.71894,-30.58122 28.71899,-30.58094 28.71901,-30.58066 28.71901,-30.58039 28.71897,-30.58017 28.71892,-30.57996 28.71878,-30.57968 28.71859,-30.57938 28.71848,-30.57907 28.71836,-30.57873 28.71827,-30.57834 28.71825,-30.57808 28.71825,-30.57777 28.71829,-30.57745 28.71836,-30.57718 28.71853,-30.57702 28.71874,-30.5769 28.71905,-30.57672 28.71908,-30.57669 28.7191,-30.57667 28.71913,-30.57665 28.71916,-30.57663 28.71922,-30.57659 28.71935,-30.57655 28.71952,-30.57653 28.71982,-30.57651 28.72013,-30.57651 28.7202,-30.57651 28.72042,-30.57652 28.72081,-30.5766 28.72117,-30.57666 28.72145,-30.57671 28.72176,-30.57671 28.72217,-30.57667 28.72262,-30.57659 28.72309,-30.57651 28.72344,-30.57641 28.72398,-30.57629 28.7244,-30.57619 28.72475,-30.57611 28.7252,-30.57609 28.72567,-30.57609 28.72595,-30.57615 28.72625,-30.57623 28.72656,-30.57641 28.72677,-30.5766 28.72698,-30.57686 28.72712,-30.57718 28.72726,-30.57759 28.72735,-30.57804 28.72751,-30.57853 28.72772,-30.57895 28.72784,-30.57917 28.72796,-30.57932 28.72816,-30.57946 28.72863,-30.5797 28.72894,-30.57987 28.72913,-30.58001 28.72922,-30.58019 28.72941,-30.58062 28.72948,-30.58086 28.72959,-30.58113 28.72978,-30.58141 28.72999,-30.58169 28.73013,-30.58202 28.73022,-30.5823 28.73024,-30.58251 28.73022,-30.58275 28.73017,-30.58295 28.7301,-30.58314 28.73001,-30.58328 28.72982,-30.58342 28.72975,-30.58352 28.72975,-30.58391 28.72977,-30.58407 28.72984,-30.58427 28.72996,-30.58449 28.73014,-30.5847 28.73043,-30.58498 28.73066,-30.58519 28.73099,-30.58545 28.73111,-30.58556 28.73122,-30.58564 28.73143,-30.58575 28.73183,-30.58583 28.73223,-30.58589 28.73267,-30.58595 28.73317,-30.58603 28.7337,-30.58616 28.73445,-30.58628 28.7353,-30.58634 28.73638,-30.58639 28.73706,-30.58641 28.73772,-30.58641 28.73832,-30.58639 28.73882,-30.58641 28.73914,-30.58645 28.73942,-30.58653 28.73961,-30.5867 28.73975,-30.58688 28.7398,-30.58708 28.73984,-30.58741 28.73989,-30.58763 28.74012,-30.58802 28.74043,-30.5885 28.74066,-30.58875 28.74092,-30.58883 28.74118,-30.58881 28.74151,-30.58869 28.74202,-30.58816 28.74242,-30.58766 28.74287,-30.58711 28.74318,-30.58664 28.74336,-30.58644 28.74353,-30.58626 28.74376,-30.5862 28.74383,-30.58618 28.74396,-30.58613 28.74414,-30.58612 28.74431,-30.58616 28.74455,-30.58626 28.74484,-30.58644 28.74616,-30.58726 28.74626,-30.58733 28.74679,-30.5877 28.74703,-30.58796 28.74725,-30.58833 28.74735,-30.58867 28.74735,-30.58892 28.74728,-30.58923 28.74719,-30.5894 28.74701,-30.58957 28.74686,-30.5897 28.74677,-30.58986 28.74659,-30.59016 28.74649,-30.59048 28.74643,-30.59076 28.74635,-30.5911 28.7463,-30.59151 28.74624,-30.59175 28.74623,-30.59181 28.74618,-30.59215 28.74604,-30.59231 28.74586,-30.59243 28.74575,-30.59249 28.74563,-30.59254 28.7453,-30.59263 28.74475,-30.59265 28.74409,-30.59264 28.74404,-30.59264 28.74303,-30.59247 28.74237,-30.59234 28.74185,-30.59231 28.7413,-30.5923 28.74125,-30.5923 28.74098,-30.59234 28.74075,-30.59245 28.74063,-30.59263 28.74063,-30.59277 28.74059,-30.59295 28.74056,-30.59369 28.74059,-30.59386 28.74066,-30.5942 28.7407,-30.59449 28.74075,-30.59472 28.74087,-30.59489 28.74104,-30.595 28.74118,-30.59506 28.74135,-30.59511 28.74158,-30.59514 28.74179,-30.59515 28.74205,-30.59516 28.74226,-30.59518 28.74242,-30.59522 28.74267,-30.5953 28.74291,-30.59542 28.74323,-30.59559 28.74353,-30.59581 28.74383,-30.59604 28.74419,-30.59626 28.74457,-30.59647 28.74491,-30.59665 28.74532,-30.59694 28.74566,-30.59727 28.74601,-30.59754 28.74624,-30.59766 28.74646,-30.59774 28.74673,-30.59777 28.74693,-30.59777 28.74711,-30.59771 28.74728,-30.5976 28.74741,-30.59746 28.74747,-30.59728 28.74752,-30.59707 28.74755,-30.5969 28.74761,-30.59668 28.7477,-30.59653 28.74781,-30.5964 28.74789,-30.59634 28.74804,-30.59627 28.74818,-30.59627 28.74838,-30.59628 28.74864,-30.59633 28.74884,-30.59643 28.74903,-30.59655 28.74926,-30.59672 28.74953,-30.59696 28.74981,-30.59717 28.74983,-30.59719 28.75016,-30.59746 28.75027,-30.59763 28.75033,-30.59782 28.75034,-30.59807 28.7504,-30.59837 28.75044,-30.59877 28.75047,-30.59912 28.75049,-30.59951 28.75049,-30.59988 28.75049,-30.6 28.75052,-30.6002 28.75062,-30.60065 28.75069,-30.60088 28.7508,-30.60115 28.751,-30.60133 28.75141,-30.60162 28.75168,-30.6018 28.75203,-30.60206 28.75223,-30.60218 28.75232,-30.60231 28.75254,-30.60253 28.75274,-30.60267 28.75291,-30.6027 28.75359,-30.6027 28.75401,-30.60258 28.75489,-30.60236 28.75554,-30.60214 28.75664,-30.60178 28.75826,-30.60112 28.75987,-30.60039 28.76024,-30.60012 28.76049,-30.59975 28.76062,-30.59957 28.7608,-30.59929 28.76093,-30.599 28.76098,-30.59887 28.76112,-30.59846 28.76123,-30.59792 28.76124,-30.59699 28.76121,-30.59665 28.76104,-30.59618 28.76093,-30.59589 28.76076,-30.59561 28.7607,-30.59533 28.76059,-30.59496 28.76051,-30.59466 28.76042,-30.59437 28.76042,-30.59401 28.76045,-30.59371 28.76045,-30.59349 28.76057,-30.59324 28.76076,-30.59298 28.76096,-30.59281 28.76107,-30.59272 28.76119,-30.59261 28.7615,-30.59227 28.76176,-30.59188 28.7619,-30.59154 28.76204,-30.5913 28.7621,-30.591 28.7621,-30.59088 28.7621,-30.59077 28.76204,-30.59039 28.76173,-30.58995 28.76139,-30.58962 28.76097,-30.58924 28.76052,-30.58892 28.76007,-30.58873 28.75962,-30.58846 28.75959,-30.58846 28.75949,-30.58835 28.75936,-30.58821 28.75925,-30.58789 28.75921,-30.58743 28.75932,-30.58699 28.75961,-30.5865 28.75995,-30.58606 28.7603,-30.58572 28.76039,-30.58563 28.7608,-30.58533 28.76119,-30.58513 28.76153,-30.58499 28.76187,-30.58494 28.76227,-30.58499 28.76278,-30.58504 28.76328,-30.58538 28.76385,-30.58548 28.76481,-30.58563 28.76554,-30.58563 28.7664,-30.58568 28.76649,-30.58572 28.76701,-30.58597 28.76792,-30.58632 28.76854,-30.58647 28.76995,-30.58647 28.77074,-30.58642 28.77125,-30.5863 28.77137,-30.58627 28.77137,-30.58623 28.77205,-30.58603 28.77236,-30.5859 28.7725,-30.58584 28.77289,-30.5855 28.77323,-30.58506 28.77374,-30.58422 28.77414,-30.58344 28.77431,-30.5831 28.77441,-30.58295 28.77448,-30.58286 28.77499,-30.58261 28.7755,-30.58242 28.77601,-30.58213 28.77618,-30.58193 28.77641,-30.58178 28.77725,-30.58179 28.77788,-30.58193 28.77833,-30.58203 28.7785,-30.5821 28.77884,-30.58223 28.77902,-30.58239 28.77923,-30.58257 28.77968,-30.58301 28.78005,-30.58343 28.78008,-30.58345 28.78019,-30.58404 28.78019,-30.58453 28.78002,-30.58497 28.77979,-30.58541 28.77951,-30.58575 28.77922,-30.58624 28.77905,-30.58668 28.77894,-30.58722 28.77882,-30.58785 28.7786,-30.58834 28.77834,-30.58872 28.77732,-30.59025 28.77689,-30.59088 28.77667,-30.59127 28.77661,-30.59171 28.77672,-30.5922 28.77695,-30.59274 28.77694,-30.59372 28.77688,-30.59388 28.77671,-30.59409 28.77667,-30.59413 28.77652,-30.59437 28.7765,-30.59468 28.77652,-30.59496 28.77661,-30.5952 28.77677,-30.59547 28.77702,-30.59569 28.77738,-30.59592 28.77773,-30.59605 28.77807,-30.59621 28.77824,-30.59628 28.77833,-30.59631 28.77855,-30.59647 28.77879,-30.59666 28.77892,-30.59687 28.77901,-30.59704 28.77904,-30.59726 28.77904,-30.59741 28.77897,-30.59765 28.77897,-30.59778 28.779,-30.59794 28.77908,-30.59812 28.77922,-30.59845 28.77985,-30.59923 28.78006,-30.59946 28.78009,-30.59947 28.78026,-30.59962 28.78052,-30.59975 28.78074,-30.59978 28.78093,-30.59981 28.78098,-30.59981 28.78116,-30.59987 28.78125,-30.59992 28.78139,-30.59999 28.78159,-30.60014 28.78181,-30.60033 28.78194,-30.60054 28.78206,-30.60077 28.78236,-30.60132 28.7825,-30.60149 28.78263,-30.60168 28.78268,-30.60174 28.78276,-30.60184 28.78284,-30.60196 28.78291,-30.60205 28.78304,-30.6024 28.78317,-30.60272 28.78315,-30.60291 28.78307,-30.60312 28.78298,-30.60326 28.7827,-30.60352 28.78215,-30.60397 28.78194,-30.60409 28.78181,-30.60416 28.78173,-30.6042 28.78156,-30.60428 28.78124,-30.60446 28.78098,-30.60471 28.78086,-30.60486 28.7807,-30.60505 28.78056,-30.60535 28.78056,-30.60593 28.78048,-30.60669 28.78048,-30.60676 28.78046,-30.60778 28.7804,-30.6089 28.78038,-30.6094 28.78038,-30.60944 28.78042,-30.60966 28.78044,-30.60981 28.78049,-30.61006 28.78056,-30.61029 28.78071,-30.61064 28.78086,-30.61085 28.78097,-30.61109 28.78112,-30.61129 28.78128,-30.61155 28.78147,-30.61174 28.78167,-30.61196 28.78194,-30.61222 28.78197,-30.61224 28.78226,-30.61245 28.78248,-30.61261 28.7827,-30.61273 28.78283,-30.61279 28.78294,-30.61283 28.78322,-30.61293 28.78353,-30.61297 28.78388,-30.61304 28.7842,-30.6131 28.78443,-30.61318 28.78462,-30.61328 28.78491,-30.61349 28.78526,-30.61376 28.78546,-30.61391 28.78565,-30.61406 28.78574,-30.61413 28.78582,-30.61419 28.78595,-30.6143 28.78608,-30.6145 28.78617,-30.61466 28.78619,-30.61483 28.78622,-30.61506 28.78622,-30.61526 28.7862,-30.61537 28.78613,-30.6156 28.78602,-30.61577 28.78596,-30.61589 28.78576,-30.61598 28.78557,-30.61612 28.7853,-30.61625 28.78496,-30.61643 28.78462,-30.61652 28.7843,-30.61665 28.78391,-30.6167 28.78382,-30.61672 28.78354,-30.61679 28.78326,-30.61692 28.78322,-30.61695 28.78301,-30.61711 28.78284,-30.6173 28.78252,-30.6176 28.78236,-30.61779 28.78217,-30.61803 28.78206,-30.61829 28.78204,-30.61861 28.78208,-30.61894 28.7821,-30.61918 28.78221,-30.61943 28.78244,-30.61967 28.78278,-30.61993 28.78307,-30.62015 28.7834,-30.62032 28.78381,-30.62056 28.78423,-30.62074 28.78458,-30.62087 28.78497,-30.62093 28.78503,-30.62093 28.78554,-30.62096 28.78597,-30.62097 28.78639,-30.62097 28.78686,-30.62093 28.78722,-30.62087 28.78759,-30.62068 28.788,-30.62042 28.78822,-30.6203 28.78839,-30.6202 28.78849,-30.62006 28.78856,-30.61996 28.78876,-30.61972 28.789,-30.6194 28.78918,-30.61924 28.78932,-30.61909 28.78951,-30.61888 28.78967,-30.6187 28.78991,-30.61854 28.79015,-30.6184 28.79079,-30.61802 28.79134,-30.61773 28.79186,-30.61744 28.79234,-30.61726 28.79252,-30.61719 28.79323,-30.6169 28.79408,-30.61668 28.79485,-30.61633 28.79567,-30.61598 28.79611,-30.61585 28.79644,-30.61573 28.79692,-30.61563 28.79792,-30.61563 28.7982,-30.6156 28.79858,-30.6156 28.79884,-30.6157 28.79921,-30.61586 28.7995,-30.61612 28.79965,-30.61631 28.79984,-30.61647 28.7999,-30.61655 28.80002,-30.61669 28.80024,-30.61698 28.80043,-30.61717 28.8005,-30.61743 28.80065,-30.61768 28.80102,-30.61807 28.80142,-30.61838 28.80172,-30.61864 28.80197,-30.6188 28.80231,-30.61887 28.80244,-30.61889 28.80249,-30.6189 28.80298,-30.61948 28.80319,-30.61976 28.80331,-30.61993 28.80354,-30.62032 28.80369,-30.6206 28.80387,-30.62096 28.80417,-30.62186 28.80435,-30.62228 28.8045,-30.6226 28.8048,-30.62302 28.80528,-30.62357 28.80545,-30.62382 28.80554,-30.62396 28.80576,-30.62422 28.80587,-30.62434 28.80613,-30.62476 28.80643,-30.6256 28.80658,-30.62605 28.80672,-30.62637 28.80698,-30.6266 28.80734,-30.62696 28.80761,-30.62724 28.80814,-30.62779 28.80873,-30.62824 28.80903,-30.62853 28.80918,-30.62882 28.80932,-30.62901 28.80968,-30.62967 28.80995,-30.63017 28.81014,-30.6304 28.81026,-30.63048 28.81036,-30.63056 28.81055,-30.63066 28.81085,-30.63079 28.81097,-30.63083 28.81126,-30.63092 28.81139,-30.63102 28.81152,-30.63111 28.8117,-30.63133 28.81189,-30.63159 28.81211,-30.63192 28.81222,-30.63224 28.81228,-30.63239 28.81229,-30.63243 28.81248,-30.63269 28.81308,-30.63304 28.81352,-30.6334 28.81363,-30.63359 28.81363,-30.63388 28.81356,-30.63411 28.81337,-30.63433 28.81326,-30.63449 28.81319,-30.63452 28.813,-30.63459 28.81284,-30.63465 28.81278,-30.63468 28.81218,-30.63472 28.81132,-30.63472 28.80968,-30.63453 28.80931,-30.63448 28.8091,-30.63444 28.80835,-30.63429 28.80805,-30.63426 28.80775,-30.63416 28.80775,-30.63413 28.8076,-30.634 28.8076,-30.63352 28.80768,-30.63336 28.80768,-30.63332 28.80794,-30.63304 28.8082,-30.63271 28.80839,-30.63242 28.8085,-30.63228 28.80854,-30.63223 28.80857,-30.63199 28.80857,-30.63194 28.80857,-30.63172 28.80846,-30.63152 28.80843,-30.63152 28.80817,-30.63133 28.80803,-30.63129 28.80783,-30.63123 28.80755,-30.63121 28.8075,-30.6312 28.80743,-30.6312 28.80735,-30.63119 28.80729,-30.6312 28.80704,-30.6312 28.80675,-30.63123 28.80647,-30.63128 28.80642,-30.6313 28.80616,-30.63136 28.80586,-30.63142 28.80556,-30.63152 28.80547,-30.63156 28.80526,-30.63165 28.80508,-30.63181 28.80485,-30.63197 28.80455,-30.63219 28.80426,-30.63242 28.80422,-30.63242 28.80403,-30.63251 28.80366,-30.63264 28.80362,-30.63264 28.80325,-30.63271 28.80318,-30.63271 28.8028,-30.63267 28.80277,-30.63267 28.80239,-30.63264 28.80198,-30.63254 28.80195,-30.63254 28.80165,-30.63245 28.80129,-30.63242 28.80124,-30.63241 28.8012,-30.63241 28.80087,-30.63244 28.8005,-30.63251 28.8002,-30.63251 28.79998,-30.63257 28.79994,-30.63258 28.79985,-30.63261 28.79968,-30.63277 28.79958,-30.63283 28.79953,-30.63286 28.79942,-30.63299 28.79941,-30.63331 28.79949,-30.6335 28.79955,-30.63363 28.79959,-30.63371 28.79965,-30.63379 28.79974,-30.6339 28.79984,-30.63398 28.79992,-30.63404 28.8,-30.63412 28.80039,-30.63438 28.80057,-30.63451 28.80088,-30.63465 28.80117,-30.63481 28.80148,-30.63496 28.80177,-30.63518 28.80204,-30.63543 28.8022,-30.63562 28.80244,-30.63597 28.80284,-30.63634 28.80313,-30.63659 28.80356,-30.63691 28.80374,-30.637 28.804,-30.63713 28.80508,-30.63795 28.80538,-30.63814 28.80568,-30.6383 28.80585,-30.63835 28.80605,-30.63842 28.80635,-30.63849 28.80655,-30.63853 28.80677,-30.63858 28.80732,-30.63864 28.80783,-30.63869 28.80813,-30.63879 28.80837,-30.63894 28.80844,-30.63904 28.80857,-30.63919 28.80869,-30.63945 28.80882,-30.63976 28.80893,-30.64006 28.80906,-30.64031 28.80917,-30.64046 28.80927,-30.64062 28.80948,-30.64086 28.80978,-30.64111 28.81009,-30.64136 28.81023,-30.64147 28.81032,-30.6416 28.81036,-30.64174 28.81043,-30.64186 28.81047,-30.64191 28.81055,-30.64204 28.81072,-30.64232 28.81079,-30.64249 28.81083,-30.64264 28.81151,-30.64289 28.81176,-30.64307 28.81224,-30.6433 28.81282,-30.64333 28.81336,-30.64336 28.81387,-30.64349 28.81434,-30.64364 28.81441,-30.64369 28.81499,-30.64405 28.81568,-30.64449 28.81611,-30.64484 28.81651,-30.64528 28.81688,-30.64578 28.81731,-30.64638 28.81778,-30.64713 28.81825,-30.64776 28.81847,-30.648 28.81869,-30.64823 28.81912,-30.64864 28.8197,-30.64911 28.82028,-30.64946 28.82075,-30.64971 28.82115,-30.6498 28.82159,-30.64999 28.82184,-30.65015 28.82213,-30.65015 28.82253,-30.65012 28.82269,-30.65011 28.82304,-30.64996 28.82344,-30.64975 28.82369,-30.64959 28.82398,-30.6494 28.82427,-30.64909 28.82446,-30.64884 28.82464,-30.64855 28.82486,-30.64821 28.82494,-30.64805 28.82497,-30.64799 28.82508,-30.64764 28.82509,-30.64756 28.82515,-30.6472 28.82515,-30.64683 28.82522,-30.64633 28.82537,-30.64567 28.82544,-30.64535 28.82555,-30.64507 28.82573,-30.64482 28.82595,-30.64454 28.82621,-30.64422 28.82661,-30.64397 28.82701,-30.64369 28.82704,-30.64369 28.82755,-30.64344 28.82802,-30.64322 28.82857,-30.64307 28.82872,-30.64303 28.82926,-30.64294 28.83086,-30.64294 28.83209,-30.6431 28.83236,-30.64316 28.83296,-30.64329 28.83343,-30.64337 28.83358,-30.64339 28.8338,-30.64343 28.83434,-30.64354 28.83474,-30.6437 28.83496,-30.64375 28.83503,-30.64377 28.83527,-30.64391 28.83536,-30.64395 28.83576,-30.64402 28.83612,-30.64408 28.83681,-30.64433 28.83732,-30.64446 28.83793,-30.64471 28.8384,-30.64499 28.83879,-30.64524 28.83919,-30.6455 28.83927,-30.64559 28.83938,-30.6457 28.83966,-30.64602 28.83981,-30.64615 28.84006,-30.64638 28.84076,-30.64704 28.84117,-30.64744 28.84136,-30.64779 28.84142,-30.64794 28.8416,-30.64831 28.84168,-30.64855 28.84173,-30.64869 28.84183,-30.64918 28.84189,-30.6493 28.84196,-30.64943 28.84216,-30.64977 28.8424,-30.65007 28.84266,-30.65045 28.84273,-30.65056 28.84282,-30.65068 28.84292,-30.65085 28.84298,-30.65098 28.8431,-30.65126 28.84331,-30.65158 28.84339,-30.65166 28.84356,-30.65186 28.84383,-30.65205 28.84434,-30.65213 28.84461,-30.65204 28.84503,-30.65191 28.84509,-30.65189 28.84531,-30.65182 28.84539,-30.65179 28.8455,-30.65168 28.84561,-30.65158 28.84592,-30.65139 28.84618,-30.65122 28.84642,-30.651 28.84661,-30.6508 28.8468,-30.65062 28.84729,-30.65013 28.84777,-30.64968 28.84805,-30.6494 28.84822,-30.64927 28.84842,-30.64918 28.84882,-30.64914 28.84909,-30.64914 28.84928,-30.64916 28.84931,-30.64917 28.84957,-30.64927 28.84974,-30.64941 28.84982,-30.64951 28.84989,-30.64957 28.85001,-30.64984 28.8501,-30.65015 28.85025,-30.65046 28.85076,-30.65138 28.85098,-30.65172 28.85104,-30.65183 28.85114,-30.6521 28.85121,-30.65241 28.8514,-30.65347 28.85147,-30.65405 28.85148,-30.65409 28.85153,-30.65438 28.85163,-30.65466 28.85163,-30.65487 28.85162,-30.65508 28.85148,-30.65525 28.85129,-30.65543 28.85112,-30.65559 28.85093,-30.65571 28.85081,-30.65579 28.8504,-30.65601 28.85004,-30.65617 28.84871,-30.65659 28.8485,-30.65666 28.8478,-30.65688 28.84726,-30.65708 28.8469,-30.6572 28.8466,-30.65732 28.84641,-30.65741 28.84617,-30.6575 28.84573,-30.6576 28.84549,-30.65767 28.84533,-30.65768 28.84511,-30.65784 28.84487,-30.65796 28.84467,-30.65813 28.84432,-30.65839 28.84408,-30.65861 28.84392,-30.65876 28.84382,-30.65904 28.84374,-30.65931 28.8436,-30.65966 28.84342,-30.65991 28.84318,-30.66021 28.84302,-30.66031 28.84286,-30.66045 28.84274,-30.66057 28.84258,-30.66074 28.84244,-30.66093 28.84235,-30.661 28.84223,-30.6611 28.84167,-30.6616 28.84151,-30.66169 28.84141,-30.66175 28.84127,-30.66183 28.84117,-30.66189 28.84098,-30.66194 28.84091,-30.66196 28.84054,-30.66204 28.84025,-30.66209 28.83994,-30.66213 28.83955,-30.66217 28.83952,-30.66218 28.83916,-30.66225 28.83777,-30.66247 28.83723,-30.66257 28.8362,-30.66281 28.8361,-30.66284 28.83574,-30.66295 28.83548,-30.66305 28.83538,-30.66308 28.83523,-30.66318 28.83499,-30.66332 28.83483,-30.66344 28.83463,-30.66358 28.83437,-30.66375 28.83405,-30.66396 28.83375,-30.66421 28.83334,-30.66457 28.8329,-30.665 28.83258,-30.66536 28.83232,-30.66564 28.8321,-30.6659 28.83182,-30.66615 28.83164,-30.66631 28.83162,-30.66633 28.83135,-30.66665 28.83121,-30.66682 28.83111,-30.66699 28.83099,-30.6672 28.83086,-30.66735 28.83083,-30.66739 28.83067,-30.6676 28.83051,-30.66778 28.83043,-30.66796 28.83033,-30.66816 28.83031,-30.66833 28.83027,-30.66851 28.83027,-30.66871 28.83031,-30.66888 28.83041,-30.66907 28.83053,-30.66923 28.83068,-30.6695 28.83086,-30.66983 28.83094,-30.67009 28.831,-30.67035 28.83106,-30.67055 28.83106,-30.67086 28.83104,-30.6711 28.831,-30.67127 28.83112,-30.67138 28.8313,-30.67158 28.83148,-30.6717 28.83176,-30.67193 28.83207,-30.67218 28.83247,-30.67244 28.83279,-30.67255 28.8332,-30.67268 28.83354,-30.67275 28.83394,-30.6728 28.83424,-30.67282 28.83457,-30.67282 28.83487,-30.67281 28.83511,-30.67272 28.83545,-30.6726 28.83561,-30.6725 28.83578,-30.6724 28.83632,-30.67207 28.83669,-30.67181 28.83696,-30.67154 28.83722,-30.67137 28.83744,-30.6712 28.83768,-30.67106 28.83792,-30.67087 28.83802,-30.6708 28.83837,-30.67054 28.83865,-30.67042 28.83887,-30.6703 28.83913,-30.67027 28.83943,-30.67025 28.83975,-30.67027 28.83994,-30.67027 28.84016,-30.67034 28.84046,-30.67048 28.8407,-30.67065 28.84086,-30.67087 28.84106,-30.6711 28.84133,-30.67134 28.84146,-30.67144 28.84159,-30.67156 28.84179,-30.67178 28.84191,-30.67192 28.84197,-30.67196 28.84219,-30.67209 28.84243,-30.67221 28.84272,-30.67237 28.84298,-30.67251 28.84322,-30.67266 28.84333,-30.67271 28.84341,-30.67275 28.8436,-30.67283 28.84378,-30.67285 28.84415,-30.67283 28.84443,-30.67284 28.84466,-30.67282 28.84495,-30.67277 28.84514,-30.67268 28.84539,-30.67263 28.84565,-30.67258 28.84594,-30.67256 28.84626,-30.6726 28.84652,-30.67263 28.84674,-30.67268 28.84726,-30.67279 28.84761,-30.6728 28.84809,-30.6728 28.84829,-30.67275 28.84863,-30.67263 28.84885,-30.67257 28.84915,-30.67243 28.84938,-30.67237 28.84943,-30.67236 28.85011,-30.67236 28.85043,-30.6725 28.85062,-30.67267 28.85086,-30.67288 28.85106,-30.67308 28.85134,-30.67343 28.85154,-30.67374 28.85173,-30.67412 28.85177,-30.67441 28.85178,-30.67447 28.85185,-30.6748 28.85187,-30.67496 28.85189,-30.67525 28.85193,-30.67552 28.85205,-30.67576 28.85214,-30.67586 28.85221,-30.67594 28.85229,-30.67603 28.85241,-30.67614 28.85251,-30.67623 28.85261,-30.67631 28.85284,-30.67649 28.85308,-30.67673 28.85336,-30.677 28.85364,-30.67735 28.8538,-30.67755 28.85431,-30.6779 28.85475,-30.67821 28.85507,-30.67852 28.85531,-30.67876 28.85542,-30.67903 28.85546,-30.67941 28.85546,-30.67975 28.85538,-30.68013 28.8553,-30.68054 28.85518,-30.68092 28.85506,-30.68137 28.85486,-30.68188 28.85462,-30.68237 28.85438,-30.68278 28.85411,-30.68322 28.85387,-30.68377 28.85383,-30.68377 28.85363,-30.68432 28.85327,-30.68501 28.85317,-30.68526 28.85315,-30.68531 28.85311,-30.68543 28.85303,-30.6857 28.85299,-30.68595 28.85298,-30.68601 28.85292,-30.68625 28.85282,-30.6865 28.8527,-30.68672 28.85255,-30.68697 28.85246,-30.68715 28.8524,-30.68725 28.85233,-30.68737 28.85218,-30.68762 28.85208,-30.68786 28.85206,-30.68807 28.852,-30.68827 28.852,-30.68901 28.852,-30.68905 28.85202,-30.68928 28.85204,-30.68931 28.85211,-30.68943 28.85212,-30.68946 28.85225,-30.6897 28.85243,-30.68987 28.8526,-30.68999 28.85267,-30.69003 28.85283,-30.6901 28.85302,-30.69017 28.85351,-30.69024 28.85374,-30.69019 28.85378,-30.69019 28.85383,-30.69017 28.85398,-30.69012 28.85415,-30.69008 28.85419,-30.69007 28.85441,-30.68992 28.85444,-30.6899 28.8545,-30.68986 28.85469,-30.68972 28.85487,-30.68957 28.85489,-30.68955 28.85511,-30.68935 28.85514,-30.68933 28.85532,-30.68918 28.85535,-30.68917 28.85559,-30.68903 28.85586,-30.6888 28.8559,-30.68877 28.85623,-30.68851 28.85675,-30.68815 28.8572,-30.68785 28.85731,-30.68777 28.85758,-30.68758 28.85767,-30.6875 28.85789,-30.68731 28.85807,-30.68711 28.85825,-30.68686 28.85834,-30.68669 28.85846,-30.68651 28.85861,-30.68632 28.85879,-30.68617 28.85896,-30.68604 28.85918,-30.68592 28.85931,-30.68586 28.85938,-30.68584 28.85956,-30.6858 28.85961,-30.68579 28.85997,-30.68577 28.8603,-30.68575 28.86059,-30.68579 28.86083,-30.68586 28.8611,-30.68596 28.86139,-30.68606 28.86164,-30.68609 28.86185,-30.68609 28.86206,-30.68614 28.8623,-30.68621 28.86255,-30.68633 28.86284,-30.68639 28.86307,-30.68644 28.86329,-30.68649 28.86382,-30.68656 28.86428,-30.68666 28.86467,-30.68676 28.8651,-30.687 28.86556,-30.68717 28.86599,-30.68727 28.86634,-30.68727 28.86676,-30.6873 28.86711,-30.6874 28.86745,-30.6875 28.86758,-30.68754 28.86793,-30.6877 28.86824,-30.68784 28.86866,-30.68787 28.86913,-30.68787 28.86994,-30.68777 28.87048,-30.68767 28.87087,-30.68757 28.87125,-30.68745 28.87138,-30.68741 28.87173,-30.68714 28.87192,-30.68701 28.87207,-30.6868 28.87215,-30.68627 28.87223,-30.686 28.87227,-30.6855 28.87223,-30.685 28.87216,-30.68453 28.87204,-30.68412 28.87189,-30.68376 28.87185,-30.68375 28.87154,-30.68342 28.87103,-30.68312 28.87061,-30.68278 28.87045,-30.68266 28.8703,-30.68255 28.8701,-30.68216 28.87003,-30.68201 28.8698,-30.68148 28.86956,-30.68074 28.86933,-30.6803 28.8691,-30.67993 28.86867,-30.67946 28.86833,-30.67913 28.86767,-30.67852 28.8674,-30.67819 28.8674,-30.67816 28.86718,-30.67794 28.86709,-30.67785 28.86681,-30.67748 28.86668,-30.67722 28.86647,-30.67681 28.86635,-30.67651 28.86627,-30.67634 28.86627,-30.67611 28.86643,-30.67584 28.86666,-30.67568 28.86705,-30.67558 28.86773,-30.67529 28.86802,-30.67517 28.8684,-30.67499 28.86876,-30.67481 28.86938,-30.67451 28.87004,-30.67424 28.87054,-30.67394 28.87132,-30.6737 28.87184,-30.67349 28.87205,-30.6734 28.87223,-30.67334 28.87271,-30.67317 28.87333,-30.673 28.8738,-30.67287 28.87457,-30.67287 28.87508,-30.67294 28.87543,-30.67294 28.87582,-30.67304 28.87612,-30.67314 28.87628,-30.67324 28.87644,-30.67338 28.87659,-30.67351 28.87678,-30.67371 28.87682,-30.67371 28.87709,-30.67411 28.87733,-30.67451 28.87756,-30.67478 28.87818,-30.67552 28.87876,-30.67622 28.87914,-30.67662 28.87953,-30.67696 28.87971,-30.67704 28.87984,-30.67709 28.88007,-30.67716 28.88054,-30.67716 28.88073,-30.67706 28.88097,-30.67703 28.88124,-30.67693 28.88138,-30.67677 28.88163,-30.67656 28.88178,-30.67629 28.88195,-30.67607 28.88201,-30.67599 28.88229,-30.67576 28.88256,-30.67546 28.88294,-30.67515 28.88341,-30.67502 28.88341,-30.67499 28.88399,-30.67475 28.88449,-30.67465 28.88516,-30.6745 28.88535,-30.67445 28.88545,-30.67443 28.88585,-30.67432 28.88628,-30.67418 28.8867,-30.67402 28.88705,-30.67385 28.88733,-30.67372 28.88767,-30.67365 28.8881,-30.67365 28.88833,-30.67368 28.88864,-30.67382 28.8888,-30.67399 28.88884,-30.67419 28.88884,-30.67446 28.8888,-30.67472 28.8886,-30.67499 28.88841,-30.67519 28.88818,-30.67536 28.88818,-30.67539 28.88814,-30.67539 28.8879,-30.67556 28.88763,-30.67576 28.88732,-30.67593 28.88717,-30.6761 28.88694,-30.67626 28.88694,-30.6763 28.88679,-30.67643 28.88659,-30.67666 28.88628,-30.677 28.88628,-30.67747 28.88612,-30.6776 28.88604,-30.6777 28.886,-30.6777 28.88577,-30.6778 28.88554,-30.67784 28.8855,-30.67784 28.88519,-30.67794 28.88492,-30.678 28.88469,-30.67814 28.88465,-30.67814 28.88445,-30.6783 28.88441,-30.6783 28.88418,-30.67851 28.88414,-30.67851 28.88395,-30.67864 28.88378,-30.67869 28.88372,-30.67871 28.88368,-30.67874 28.88364,-30.67874 28.88337,-30.67881 28.88302,-30.67891 28.88275,-30.67891 28.88197,-30.67911 28.88158,-30.67917 28.88104,-30.67937 28.88069,-30.67951 28.88065,-30.67951 28.8803,-30.67967 28.88003,-30.67988 28.8798,-30.68021 28.87972,-30.68045 28.87968,-30.68048 28.87964,-30.68071 28.87964,-30.68098 28.87968,-30.68118 28.87976,-30.68138 28.87987,-30.68158 28.88014,-30.68179 28.88027,-30.68185 28.88045,-30.68195 28.88049,-30.68195 28.88096,-30.68212 28.881,-30.68212 28.88135,-30.68232 28.88138,-30.68232 28.88152,-30.6824 28.88169,-30.68249 28.88204,-30.68276 28.88204,-30.68279 28.88235,-30.68309 28.88235,-30.68313 28.88255,-30.68346 28.8827,-30.6838 28.88286,-30.6842 28.88293,-30.68454 28.88297,-30.6849 28.88301,-30.68524 28.88316,-30.68571 28.88336,-30.68601 28.88346,-30.68614 28.88363,-30.68638 28.8839,-30.68668 28.8839,-30.68671 28.88406,-30.68687 28.88425,-30.68705 28.88456,-30.68725 28.88487,-30.68739 28.88607,-30.68739 28.88665,-30.68719 28.88719,-30.68705 28.88762,-30.68678 28.88785,-30.68662 28.88797,-30.68628 28.88804,-30.68611 28.8882,-30.68568 28.8884,-30.68504 28.8884,-30.68501 28.88863,-30.68424 28.88863,-30.68421 28.8887,-30.68401 28.88883,-30.68367 28.8889,-30.68356 28.8891,-30.6833 28.88926,-30.68313 28.88945,-30.68293 28.88972,-30.68274 28.88984,-30.68267 28.88987,-30.68264 28.89015,-30.6824 28.89065,-30.68213 28.89084,-30.68205 28.89123,-30.68186 28.89189,-30.6816 28.89251,-30.68133 28.89317,-30.68106 28.89375,-30.68089 28.89426,-30.68073 28.89468,-30.68064 28.89476,-30.68063 28.89523,-30.68063 28.89587,-30.68067 28.89633,-30.68067 28.8968,-30.68083 28.89703,-30.681 28.8971,-30.68105 28.89718,-30.6811 28.89738,-30.6814 28.89745,-30.68181 28.89745,-30.68234 28.89741,-30.68271 28.8973,-30.68321 28.89714,-30.68368 28.89706,-30.68422 28.89706,-30.68469 28.89714,-30.68519 28.89737,-30.68563 28.89764,-30.68606 28.89799,-30.68646 28.89826,-30.6869 28.89845,-30.6874 28.89857,-30.68791 28.89865,-30.68854 28.89884,-30.68945 28.89887,-30.68958 28.89907,-30.69045 28.8993,-30.69109 28.89954,-30.69159 28.89985,-30.69209 28.90023,-30.69253 28.90074,-30.69317 28.90124,-30.6936 28.90178,-30.69411 28.90244,-30.69454 28.90309,-30.695 28.90325,-30.69511 28.90341,-30.69522 28.90369,-30.69503 28.90387,-30.69492 28.90429,-30.69464 28.9068,-30.69373 28.90774,-30.69332 28.90785,-30.69327 28.90823,-30.69312 28.90833,-30.69311 28.90837,-30.6931 28.90847,-30.69308 28.90935,-30.69278 28.90994,-30.6926 28.91003,-30.69257 28.91047,-30.69237 28.91173,-30.69194 28.91238,-30.69171 28.91297,-30.69151 28.9147,-30.69091 28.91633,-30.69034 28.9169,-30.69014 28.91787,-30.6898 28.91992,-30.68898 28.92015,-30.68898 28.92326,-30.68789 28.92468,-30.6873 28.92556,-30.68581 28.92556,-30.6857 28.92596,-30.68486 28.92601,-30.68458 28.92613,-30.68441 28.92622,-30.68429 28.92747,-30.68174 28.92886,-30.67933 28.92934,-30.67822 28.92957,-30.67492 28.92952,-30.67335 28.9297,-30.67228 28.93065,-30.67059 28.93157,-30.66901 28.93278,-30.66695 28.93349,-30.66537 28.93413,-30.66482 28.93453,-30.66459 28.93515,-30.66413 28.93782,-30.66213 28.94013,-30.6604 28.94046,-30.65993 28.94041,-30.65985 28.94103,-30.65867 28.94172,-30.65733 28.943,-30.65493 28.94314,-30.65455 28.94362,-30.65379 28.94362,-30.65369 28.94423,-30.65256 28.94477,-30.65154 28.94546,-30.65058 28.94547,-30.65055 28.94567,-30.65003 28.94584,-30.64975 28.94595,-30.64956 28.94626,-30.64884 28.94648,-30.6477 28.94679,-30.64686 28.94708,-30.64594 28.94777,-30.64332 28.94793,-30.64289 28.94793,-30.64263 28.94815,-30.64224 28.9486,-30.63987 28.94908,-30.63848 28.94927,-30.63725 28.94998,-30.63505 28.95015,-30.63452 28.95068,-30.63257 28.95102,-30.63188 28.95158,-30.62879 28.95165,-30.62857 28.95252,-30.62537 28.95268,-30.62474 28.95272,-30.62457 28.95272,-30.62327 28.95262,-30.62263 28.95259,-30.62034 28.95251,-30.61977 28.95251,-30.6189 28.95242,-30.6181 28.95238,-30.61761 28.95242,-30.61737 28.95234,-30.61676 28.95233,-30.61669 28.95223,-30.61626 28.95222,-30.61611 28.9522,-30.61576 28.9522,-30.6157 28.9522,-30.61564 28.95224,-30.61481 28.95216,-30.611 28.95671,-30.60413 28.95692,-30.60382 28.95703,-30.60365 28.95705,-30.60331 28.95693,-30.60133 28.9569,-30.59555 28.95677,-30.59372 28.95675,-30.59235 28.95665,-30.58965 28.95657,-30.58716 28.9562,-30.57358 28.95614,-30.57248 28.96765,-30.57237 28.96792,-30.57237 28.98417,-30.57222 28.98424,-30.57222 28.98434,-30.57228 28.98785,-30.57435 29.02468,-30.5961 29.02604,-30.5969 29.02668,-30.59701 29.02678,-30.59702 29.03231,-30.59793 29.03858,-30.59992 29.03929,-30.60015 29.04605,-30.6023 29.04665,-30.60228 29.07413,-30.60127 29.07801,-30.59973 29.07771,-30.6095 29.08019,-30.61057 29.08427,-30.61233 29.09387,-30.61097 29.13525,-30.60514 29.13665,-30.60546 29.1373,-30.60562 29.13913,-30.60606 29.13981,-30.60622 29.14148,-30.60663 29.14527,-30.60755 29.14565,-30.60764 29.14721,-30.60802 29.14839,-30.6083 29.15146,-30.60905 29.15276,-30.60936 29.15555,-30.61004 29.1577,-30.61056 29.16033,-30.6112 29.16292,-30.61182 29.1681,-30.61308 29.16812,-30.6131 29.16812,-30.61326 29.16815,-30.61352 29.16815,-30.61375 29.16822,-30.61399 29.16823,-30.61413 29.16823,-30.61417 29.16824,-30.6143 29.16824,-30.61442 29.16825,-30.61449 29.16823,-30.61478 29.16821,-30.61494 29.16812,-30.61529 29.16809,-30.61536 29.16808,-30.61544 29.16807,-30.6155 29.16805,-30.61557 29.16804,-30.6156 29.16802,-30.61568 29.16801,-30.61579 29.16797,-30.61587 29.16792,-30.61598 29.16782,-30.61622 29.16779,-30.61629 29.16778,-30.61634 29.16777,-30.61639 29.16777,-30.6169 29.1678,-30.61698 29.16781,-30.61703 29.16785,-30.61711 29.16786,-30.61716 29.16788,-30.61721 29.16791,-30.61729 29.16793,-30.61737 29.16796,-30.61745 29.16803,-30.61765 29.16807,-30.61773 29.16813,-30.61781 29.16818,-30.61784 29.16826,-30.61791 29.1683,-30.61796 29.16836,-30.61799 29.16841,-30.61802 29.16852,-30.61806 29.16861,-30.61813 29.16872,-30.61818 29.16876,-30.6182 29.16886,-30.61826 29.16888,-30.61827 29.16893,-30.61829 29.16901,-30.61834 29.16903,-30.61836 29.16905,-30.61839 29.16909,-30.61842 29.16911,-30.61846 29.16915,-30.6185 29.16927,-30.61868 29.1693,-30.61874 29.16931,-30.6188 29.16934,-30.61891 29.16938,-30.61905 29.1694,-30.61912 29.16943,-30.61919 29.16944,-30.61922 29.16945,-30.61926 29.16949,-30.61933 29.1695,-30.61936 29.16961,-30.61951 29.16965,-30.61959 29.16974,-30.61971 29.16989,-30.61988 29.17006,-30.62005 29.17013,-30.62017 29.17047,-30.62071 29.17053,-30.62078 29.17062,-30.62093 29.17065,-30.62103 29.1707,-30.6211 29.17076,-30.62124 29.17077,-30.62128 29.17079,-30.62133 29.1708,-30.62137 29.17081,-30.62142 29.17082,-30.62144 29.17082,-30.62146 29.17084,-30.62151 29.17088,-30.62165 29.1709,-30.6217 29.1709,-30.62171 29.17092,-30.62174 29.17095,-30.6218 29.17096,-30.62183 29.17119,-30.62226 29.1712,-30.62228 29.17122,-30.62232 29.17126,-30.62238 29.17127,-30.6224 29.17128,-30.62241 29.1713,-30.62245 29.17135,-30.62252 29.17136,-30.62253 29.1714,-30.62259 29.17149,-30.62269 29.17159,-30.62278 29.17178,-30.62307 29.17183,-30.62314 29.17188,-30.62319 29.17195,-30.62331 29.172,-30.62341 29.17204,-30.62347 29.17209,-30.62354 29.17215,-30.62362 29.17224,-30.62373 29.17228,-30.62377 29.17252,-30.62399 29.17256,-30.62404 29.17265,-30.6241 29.17274,-30.62417 29.17281,-30.62422 29.17285,-30.62423 29.17289,-30.62424 29.17294,-30.62426 29.17299,-30.62427 29.17313,-30.62427 29.17319,-30.62428 29.1733,-30.62426 29.17339,-30.62426 29.17344,-30.62425 29.17361,-30.62425 29.17369,-30.62423 29.17378,-30.6242 29.17384,-30.62417 29.17392,-30.62411 29.17398,-30.62406 29.17402,-30.62404 29.17413,-30.62399 29.17418,-30.62395 29.17433,-30.6238 29.17441,-30.62373 29.1745,-30.62365 29.17468,-30.62351 29.17474,-30.62346 29.17481,-30.62341 29.17489,-30.62333 29.17502,-30.62323 29.17511,-30.62315 29.17519,-30.62308 29.17526,-30.623 29.17532,-30.62295 29.1756,-30.62273 29.17569,-30.62267 29.17577,-30.62261 29.1758,-30.62257 29.17589,-30.62247 29.17595,-30.62238 29.17603,-30.6223 29.17609,-30.62219 29.17619,-30.62209 29.17625,-30.622 29.17631,-30.62193 29.17632,-30.62192 29.17636,-30.62188 29.17647,-30.6218 29.17655,-30.62174 29.17661,-30.62168 29.17665,-30.62165 29.17675,-30.62153 29.17681,-30.62147 29.17691,-30.62132 29.177,-30.62122 29.17705,-30.62116 29.1771,-30.62109 29.17712,-30.62107 29.17723,-30.621 29.1773,-30.62093 29.17737,-30.62088 29.17739,-30.62087 29.17741,-30.62086 29.17747,-30.62082 29.17757,-30.62075 29.17778,-30.62063 29.17786,-30.62057 29.17792,-30.6205 29.17801,-30.62042 29.17816,-30.62031 29.17836,-30.62021 29.17852,-30.62011 29.17864,-30.62006 29.17893,-30.61991 29.179,-30.61987 29.17907,-30.61982 29.17915,-30.61978 29.17937,-30.61961 29.17951,-30.61951 29.17963,-30.61944 29.17968,-30.61942 29.17971,-30.61941 29.17974,-30.61939 29.17981,-30.61936 29.17991,-30.61932 29.18037,-30.61909 29.18044,-30.61906 29.18047,-30.61905 29.18049,-30.61903 29.18059,-30.61897 29.18069,-30.61892 29.18085,-30.61886 29.18091,-30.61884 29.18099,-30.6188 29.18108,-30.61877 29.18112,-30.61875 29.18121,-30.61871 29.18128,-30.61867 29.18139,-30.6186 29.18144,-30.61858 29.18154,-30.61855 29.18163,-30.61851 29.18184,-30.61842 29.18192,-30.6184 29.18197,-30.61839 29.18201,-30.61837 29.18204,-30.61835 29.18206,-30.61835 29.18208,-30.61834 29.18215,-30.61832 29.18222,-30.61831 29.18229,-30.6183 29.18233,-30.61829 29.18235,-30.61829 29.18237,-30.61829 29.18239,-30.61828 29.1825,-30.61826 29.1826,-30.61825 29.18272,-30.61822 29.18283,-30.6182 29.18309,-30.6182 29.18346,-30.61819 29.18363,-30.6182 29.1837,-30.61819 29.18431,-30.61819 29.18438,-30.6182 29.18442,-30.6182 29.18448,-30.61822 29.18454,-30.61823 29.18463,-30.61825 29.18476,-30.61828 29.18485,-30.61831 29.18488,-30.61832 29.18489,-30.61833 29.18493,-30.61834 29.18498,-30.61836 29.185,-30.61837 29.18507,-30.61842 29.18521,-30.61849 29.18528,-30.61854 29.18535,-30.6186 29.18542,-30.61869 29.18544,-30.61872 29.18549,-30.61878 29.1855,-30.61881 29.18551,-30.61884 29.18553,-30.6189 29.18554,-30.61892 29.18557,-30.61899 29.1856,-30.61907 29.18565,-30.61915 29.1857,-30.61924 29.18575,-30.61934 29.18578,-30.61942 29.18579,-30.61982 29.18579,-30.62006 29.18578,-30.6202 29.18577,-30.62023 29.18576,-30.62029 29.18575,-30.62035 29.18574,-30.6204 29.18569,-30.62049 29.18562,-30.62078 29.18559,-30.62084 29.18557,-30.62093 29.18554,-30.621 29.18553,-30.62103 29.18552,-30.62105 29.18549,-30.62111 29.18544,-30.6212 29.18538,-30.6213 29.18509,-30.62154 29.18506,-30.62156 29.18502,-30.62159 29.18493,-30.62165 29.18485,-30.6217 29.18455,-30.62182 29.1845,-30.62185 29.18441,-30.62188 29.18435,-30.62192 29.18428,-30.62196 29.18409,-30.62208 29.184,-30.62212 29.18392,-30.62215 29.18388,-30.62217 29.18383,-30.62218 29.18376,-30.62219 29.1836,-30.6222 29.18336,-30.6222 29.1832,-30.62223 29.183,-30.62225 29.18285,-30.62225 29.18278,-30.62226 29.1827,-30.62228 29.18264,-30.62229 29.18254,-30.62232 29.18242,-30.6224 29.18233,-30.62245 29.18227,-30.6225 29.18218,-30.62257 29.18211,-30.62261 29.18205,-30.62264 29.18197,-30.62271 29.1819,-30.62275 29.18183,-30.62281 29.18171,-30.62287 29.18115,-30.62333 29.18106,-30.6234 29.18103,-30.62342 29.18099,-30.62345 29.18094,-30.62349 29.18088,-30.62356 29.18083,-30.62359 29.18073,-30.62369 29.18071,-30.62373 29.1807,-30.62374 29.18069,-30.62375 29.18064,-30.62382 29.18059,-30.62386 29.18054,-30.62395 29.1805,-30.624 29.18039,-30.62411 29.18007,-30.62448 29.17997,-30.62458 29.1799,-30.62464 29.17988,-30.62466 29.17986,-30.62468 29.17974,-30.62481 29.17967,-30.62487 29.17967,-30.62488 29.17963,-30.62492 29.17958,-30.62499 29.17953,-30.62505 29.17949,-30.62509 29.17945,-30.62516 29.17941,-30.6252 29.17938,-30.62525 29.17929,-30.62533 29.17914,-30.62546 29.17906,-30.62552 29.17906,-30.62552 29.17903,-30.62554 29.17897,-30.62562 29.17892,-30.62565 29.17887,-30.62573 29.1788,-30.6258 29.17879,-30.62583 29.17874,-30.62591 29.17872,-30.62594 29.1787,-30.626 29.1787,-30.62623 29.17869,-30.62629 29.17869,-30.62634 29.17868,-30.62637 29.17865,-30.62643 29.17851,-30.62678 29.17844,-30.62695 29.17843,-30.62697 29.17842,-30.62698 29.17841,-30.62705 29.17831,-30.62727 29.17821,-30.62747 29.17818,-30.6276 29.17815,-30.62766 29.17808,-30.62774 29.17798,-30.62787 29.17793,-30.62793 29.17792,-30.62802 29.17791,-30.6281 29.1779,-30.6282 29.1779,-30.62828 29.17789,-30.62838 29.17786,-30.6285 29.17784,-30.62854 29.17782,-30.62859 29.17781,-30.62861 29.17779,-30.62866 29.17778,-30.6287 29.17778,-30.62873 29.1778,-30.62882 29.17781,-30.62887 29.17782,-30.6289 29.17783,-30.62895 29.17784,-30.62899 29.17784,-30.62901 29.17786,-30.62905 29.17787,-30.62913 29.1779,-30.62924 29.1779,-30.63003 29.17792,-30.63022 29.17792,-30.63035 29.17793,-30.63044 29.17793,-30.6305 29.17792,-30.6306 29.17792,-30.63069 29.17786,-30.63103 29.17786,-30.63137 29.17787,-30.63146 29.1779,-30.63156 29.17793,-30.63163 29.17797,-30.63174 29.17798,-30.63177 29.178,-30.63183 29.17802,-30.63189 29.17803,-30.63191 29.17807,-30.63198 29.17812,-30.63205 29.17845,-30.63252 29.17846,-30.63257 29.17847,-30.6326 29.17854,-30.63281 29.17858,-30.63291 29.17859,-30.63295 29.17862,-30.63302 29.17864,-30.63308 29.17865,-30.6331 29.17868,-30.63319 29.17873,-30.63329 29.17876,-30.63338 29.17878,-30.63345 29.17881,-30.63354 29.17887,-30.63366 29.17904,-30.63401 29.17906,-30.63407 29.17912,-30.63414 29.17916,-30.63421 29.17925,-30.63434 29.1793,-30.63449 29.17932,-30.63453 29.1794,-30.63467 29.17945,-30.63475 29.17949,-30.63481 29.17952,-30.63488 29.17957,-30.63497 29.1796,-30.63508 29.17964,-30.63526 29.17964,-30.6356 29.17966,-30.63571 29.17967,-30.63577 29.17969,-30.63584 29.17971,-30.6359 29.17974,-30.63597 29.17975,-30.63604 29.17977,-30.63615 29.17979,-30.63619 29.17986,-30.63632 29.1799,-30.63642 29.17992,-30.63646 29.17995,-30.63654 29.18003,-30.63671 29.18009,-30.63684 29.18012,-30.63691 29.18014,-30.63697 29.18027,-30.63731 29.18032,-30.6374 29.18034,-30.63749 29.18036,-30.63755 29.18045,-30.63768 29.18061,-30.6379 29.18065,-30.63804 29.18077,-30.63832 29.18079,-30.63839 29.18081,-30.63845 29.18084,-30.63853 29.18085,-30.63862 29.18082,-30.6389 29.18082,-30.63942 29.18083,-30.63948 29.18086,-30.63958 29.18087,-30.63961 29.18091,-30.63968 29.18099,-30.63983 29.18106,-30.6399 29.18109,-30.63996 29.1811,-30.63998 29.18111,-30.63999 29.18115,-30.64006 29.1812,-30.64011 29.18128,-30.6402 29.18152,-30.64055 29.18158,-30.6406 29.18169,-30.64074 29.18176,-30.64082 29.18184,-30.6409 29.1819,-30.64095 29.18191,-30.64096 29.18197,-30.64099 29.18203,-30.64102 29.18205,-30.64103 29.18212,-30.64106 29.18221,-30.64111 29.18239,-30.64119 29.18244,-30.64121 29.1825,-30.64124 29.1826,-30.64127 29.18264,-30.64128 29.18273,-30.64131 29.18283,-30.64133 29.18295,-30.64135 29.18312,-30.64135 29.18325,-30.64134 29.18358,-30.64134 29.1837,-30.64131 29.18383,-30.64129 29.1839,-30.64127 29.184,-30.64123 29.18409,-30.64119 29.18419,-30.64114 29.18438,-30.64106 29.18445,-30.64105 29.18455,-30.641 29.18463,-30.64097 29.18481,-30.64085 29.18489,-30.6408 29.18501,-30.64074 29.18511,-30.64068 29.18523,-30.64062 29.18531,-30.64056 29.18544,-30.64049 29.18556,-30.64041 29.18568,-30.64032 29.18575,-30.64026 29.18582,-30.64018 29.18588,-30.64015 29.1859,-30.64014 29.18592,-30.64013 29.186,-30.64007 29.18616,-30.63991 29.18625,-30.63984 29.18633,-30.63978 29.18654,-30.63964 29.18672,-30.63946 29.18681,-30.6394 29.1869,-30.63933 29.18698,-30.63928 29.18709,-30.63923 29.18715,-30.63919 29.18726,-30.6391 29.18737,-30.63903 29.18744,-30.63897 29.18747,-30.63893 29.18749,-30.6389 29.18755,-30.63884 29.18766,-30.63872 29.18767,-30.6387 29.18781,-30.6386 29.18788,-30.63851 29.18789,-30.63849 29.1879,-30.63845 29.18793,-30.63838 29.18799,-30.6383 29.18803,-30.63822 29.18813,-30.63811 29.18818,-30.63804 29.18832,-30.63793 29.18847,-30.63778 29.18855,-30.63771 29.18861,-30.63767 29.18862,-30.63766 29.18872,-30.63756 29.18886,-30.63746 29.18888,-30.63744 29.18892,-30.63742 29.189,-30.63739 29.18906,-30.63734 29.18918,-30.63725 29.18927,-30.63716 29.18934,-30.6371 29.1894,-30.63704 29.18944,-30.63696 29.1895,-30.63689 29.18955,-30.63684 29.18958,-30.63679 29.18963,-30.63673 29.1898,-30.63654 29.18988,-30.63644 29.18996,-30.63636 29.19002,-30.63627 29.19008,-30.63623 29.19017,-30.63615 29.19028,-30.63607 29.19032,-30.63602 29.19037,-30.63597 29.19042,-30.63593 29.19046,-30.6359 29.19073,-30.63559 29.19081,-30.63551 29.19081,-30.63551 29.19093,-30.6354 29.19104,-30.63531 29.19112,-30.63525 29.1912,-30.6352 29.19132,-30.63512 29.19141,-30.63507 29.19152,-30.63504 29.19161,-30.635 29.1917,-30.63497 29.19178,-30.63494 29.19183,-30.6349 29.19187,-30.63485 29.1919,-30.63482 29.19205,-30.63476 29.19219,-30.6347 29.19232,-30.63468 29.19241,-30.63466 29.1925,-30.63463 29.19292,-30.63457 29.19303,-30.63456 29.19318,-30.63456 29.1933,-30.63455 29.19341,-30.63455 29.19351,-30.63454 29.19361,-30.63453 29.1937,-30.63452 29.19376,-30.63452 29.19395,-30.6345 29.194,-30.63449 29.19405,-30.63449 29.19446,-30.63449 29.19457,-30.63448 29.19474,-30.63448 29.19486,-30.63449 29.19504,-30.63455 29.19524,-30.63465 29.19529,-30.63466 29.19558,-30.63466 29.19567,-30.63465 29.19581,-30.63464 29.1959,-30.63462 29.196,-30.63462 29.19623,-30.63463 29.1964,-30.63462 29.19648,-30.63462 29.19661,-30.63464 29.19672,-30.63463 29.19678,-30.63462 29.19689,-30.63462 29.19707,-30.63461 29.19719,-30.63461 29.19727,-30.63459 29.19737,-30.63457 29.19745,-30.63455 29.19751,-30.63454 29.19759,-30.63452 29.19762,-30.63451 29.19768,-30.63449 29.19778,-30.63444 29.1978,-30.63442 29.19788,-30.63438 29.19791,-30.63435 29.19793,-30.63433 29.19797,-30.63428 29.19803,-30.63418 29.19805,-30.63414 29.19809,-30.63409 29.19816,-30.63401 29.1982,-30.63393 29.19822,-30.63389 29.19825,-30.63385 29.19834,-30.63372 29.1984,-30.63366 29.19845,-30.63357 29.19848,-30.63352 29.19852,-30.63346 29.19854,-30.63343 29.19855,-30.6334 29.19863,-30.6333 29.19865,-30.63324 29.19869,-30.63313 29.19871,-30.63307 29.19873,-30.63298 29.19874,-30.63293 29.19873,-30.63286 29.19873,-30.6328 29.19873,-30.63252 29.19872,-30.63244 29.19872,-30.63237 29.19871,-30.63223 29.19868,-30.63211 29.19866,-30.632 29.19863,-30.63189 29.1986,-30.63183 29.19857,-30.63177 29.19855,-30.63174 29.19853,-30.63171 29.19853,-30.6317 29.19852,-30.63167 29.19849,-30.63163 29.19846,-30.63159 29.19841,-30.63154 29.19836,-30.63147 29.19829,-30.63139 29.19823,-30.6313 29.19817,-30.63122 29.19803,-30.63107 29.19791,-30.63098 29.19784,-30.63091 29.19774,-30.63085 29.19762,-30.63079 29.19753,-30.63073 29.19728,-30.63056 29.19725,-30.63055 29.19722,-30.63053 29.19714,-30.6305 29.19711,-30.63049 29.197,-30.63044 29.19689,-30.6304 29.19683,-30.63039 29.19674,-30.63037 29.19668,-30.63034 29.1966,-30.63027 29.19651,-30.6302 29.19646,-30.63014 29.19643,-30.63009 29.19641,-30.63004 29.19638,-30.62996 29.19631,-30.6298 29.19629,-30.62972 29.19623,-30.6296 29.19612,-30.62943 29.19609,-30.62936 29.196,-30.62911 29.19594,-30.62903 29.19587,-30.62893 29.19579,-30.62882 29.19575,-30.62875 29.19567,-30.62863 29.19562,-30.62857 29.19561,-30.62856 29.19559,-30.62851 29.19558,-30.62848 29.19557,-30.62845 29.19547,-30.62831 29.19544,-30.62823 29.19543,-30.62819 29.19542,-30.62815 29.19539,-30.62808 29.19538,-30.62806 29.19535,-30.628 29.19533,-30.62794 29.19529,-30.6278 29.19526,-30.6277 29.19518,-30.62742 29.19513,-30.62726 29.19509,-30.62707 29.19506,-30.62695 29.19504,-30.62684 29.19502,-30.62668 29.19499,-30.62652 29.19499,-30.62648 29.19498,-30.62643 29.19496,-30.62634 29.19495,-30.62629 29.19495,-30.62618 29.19492,-30.62607 29.19492,-30.62574 29.19493,-30.62563 29.19493,-30.62551 29.19494,-30.62541 29.19496,-30.62515 29.19503,-30.62491 29.19508,-30.6248 29.19516,-30.62465 29.19519,-30.62458 29.1952,-30.62454 29.19522,-30.6245 29.19526,-30.62442 29.19535,-30.62431 29.19543,-30.62425 29.19544,-30.62424 29.19545,-30.62423 29.19552,-30.62418 29.19561,-30.62412 29.19571,-30.62408 29.19581,-30.62402 29.19593,-30.62399 29.19603,-30.62394 29.19611,-30.62389 29.19617,-30.62382 29.19625,-30.62377 29.19636,-30.62373 29.19645,-30.62369 29.19653,-30.62366 29.1966,-30.62364 29.19665,-30.62363 29.19668,-30.62362 29.19672,-30.62361 29.1968,-30.62358 29.1969,-30.62354 29.19703,-30.62353 29.19715,-30.62351 29.19759,-30.62351 29.1977,-30.6235 29.19788,-30.62348 29.19806,-30.62342 29.19823,-30.62338 29.19832,-30.62335 29.19839,-30.62333 29.19847,-30.6233 29.19868,-30.62324 29.19879,-30.62321 29.1989,-30.62319 29.199,-30.62318 29.19912,-30.62318 29.19929,-30.62319 29.19938,-30.62319 29.19948,-30.6232 29.19951,-30.62321 29.19957,-30.62322 29.19963,-30.62324 29.19965,-30.62325 29.19974,-30.62325 29.19981,-30.62324 29.19987,-30.62324 29.1999,-30.62323 29.19991,-30.62322 29.19993,-30.62321 29.19997,-30.6232 29.2,-30.62319 29.20003,-30.62317 29.20006,-30.62315 29.20011,-30.62307 29.20014,-30.62306 29.20022,-30.62296 29.20032,-30.62291 29.20041,-30.62286 29.20048,-30.6228 29.20059,-30.62274 29.20074,-30.62271 29.20081,-30.6227 29.20085,-30.62269 29.20092,-30.62269 29.201,-30.62267 29.20115,-30.62267 29.20119,-30.62266 29.20122,-30.62266 29.20123,-30.62265 29.20127,-30.62264 29.20137,-30.62258 29.20141,-30.62256 29.20143,-30.62255 29.20144,-30.62254 29.20148,-30.62252 29.20154,-30.62246 29.20159,-30.62244 29.20162,-30.62241 29.20167,-30.62237 29.20172,-30.62231 29.20172,-30.62231 29.20178,-30.62225 29.20183,-30.62217 29.20184,-30.62217 29.20187,-30.62214 29.20193,-30.62208 29.20199,-30.62203 29.20208,-30.62193 29.20223,-30.62173 29.20228,-30.6217 29.20228,-30.62169 29.2023,-30.62167 29.20235,-30.62162 29.2024,-30.62156 29.20243,-30.62153 29.20244,-30.62153 29.20251,-30.62146 29.20264,-30.62135 29.2027,-30.6213 29.20272,-30.62126 29.20273,-30.62125 29.20287,-30.62114 29.20293,-30.6211 29.203,-30.62108 29.2032,-30.62098 29.20327,-30.62092 29.20351,-30.62075 29.20411,-30.62037 29.20417,-30.62034 29.20423,-30.62032 29.20425,-30.62031 29.20428,-30.62029 29.20429,-30.62029 29.20431,-30.62028 29.20443,-30.62023 29.20456,-30.62018 29.20459,-30.62017 29.2046,-30.62017 29.20463,-30.62017 29.20468,-30.62016 29.20476,-30.62014 29.20487,-30.62014 29.20493,-30.62016 29.20499,-30.62018 29.20509,-30.6202 29.20516,-30.62022 29.20519,-30.62023 29.20528,-30.62027 29.20535,-30.6203 29.20541,-30.62032 29.20552,-30.62037 29.2056,-30.62042 29.20564,-30.62043 29.20573,-30.62047 29.20606,-30.62065 29.20613,-30.62069 29.20621,-30.62073 29.20624,-30.62074 29.20654,-30.62089 29.20661,-30.62093 29.20669,-30.62096 29.20684,-30.62101 29.20693,-30.62103 29.20722,-30.62111 29.2073,-30.62113 29.20748,-30.6212 29.20759,-30.62124 29.20773,-30.62129 29.20778,-30.6213 29.20783,-30.62131 29.20791,-30.62132 29.20798,-30.62135 29.20802,-30.62136 29.20814,-30.62139 29.20828,-30.62142 29.2084,-30.62145 29.20856,-30.62149 29.20873,-30.62153 29.20878,-30.62154 29.20889,-30.62157 29.20896,-30.62159 29.20906,-30.6216 29.20913,-30.62159 29.20925,-30.62156 29.20939,-30.62151 29.20955,-30.6215 29.20972,-30.6215 29.20979,-30.62149 29.20985,-30.62149 29.20995,-30.62149 29.21011,-30.62153 29.21017,-30.62154 29.21047,-30.62154 29.21055,-30.62153 29.21058,-30.62153 29.21062,-30.62152 29.21072,-30.6215 29.21081,-30.6215 29.21101,-30.62148 29.21113,-30.62147 29.21119,-30.62145 29.21128,-30.62144 29.21133,-30.62142 29.21139,-30.62139 29.21148,-30.62136 29.21154,-30.62133 29.21161,-30.62129 29.21172,-30.62123 29.21185,-30.62116 29.21191,-30.62112 29.21201,-30.62107 29.21224,-30.62092 29.21229,-30.62089 29.21235,-30.62085 29.21252,-30.62075 29.21261,-30.62067 29.21268,-30.62061 29.21272,-30.62058 29.21278,-30.62053 29.21285,-30.62048 29.21286,-30.62047 29.21292,-30.62044 29.21308,-30.62035 29.2132,-30.62031 29.21334,-30.62027 29.21351,-30.62019 29.21363,-30.62015 29.21385,-30.62006 29.21409,-30.61997 29.21415,-30.61994 29.21423,-30.61991 29.21443,-30.61983 29.21457,-30.61979 29.21463,-30.61978 29.21471,-30.61977 29.21476,-30.61975 29.21484,-30.61973 29.21489,-30.61971 29.21493,-30.6197 29.21498,-30.61968 29.21501,-30.61967 29.2151,-30.61964 29.21515,-30.61964 29.21523,-30.61961 29.21531,-30.61959 29.21534,-30.61959 29.21538,-30.61958 29.21542,-30.61957 29.21547,-30.61956 29.21554,-30.61952 29.2156,-30.61948 29.21568,-30.61946 29.21582,-30.6194 29.21591,-30.61935 29.21601,-30.61929 29.21611,-30.61921 29.21617,-30.61918 29.21625,-30.61916 29.21633,-30.61911 29.21653,-30.61903 29.21662,-30.619 29.21669,-30.61897 29.21674,-30.61895 29.21682,-30.61893 29.21687,-30.61891 29.21691,-30.6189 29.21697,-30.61887 29.21703,-30.61886 29.2171,-30.61881 29.21734,-30.61869 29.21739,-30.61867 29.21741,-30.61866 29.21744,-30.61865 29.21751,-30.61862 29.21754,-30.61861 29.21757,-30.61861 29.2176,-30.61861 29.21764,-30.6186 29.21782,-30.61854 29.21787,-30.61852 29.21793,-30.6185 29.21799,-30.6185 29.21804,-30.61852 29.21823,-30.61859 29.2183,-30.61862 29.21838,-30.61868 29.21847,-30.61874 29.2185,-30.61878 29.21856,-30.61885 29.21861,-30.61891 29.21873,-30.61905 29.21885,-30.61918 29.21885,-30.61918 29.21891,-30.61925 29.21902,-30.61937 29.21905,-30.61942 29.21917,-30.61958 29.21923,-30.61965 29.21953,-30.61998 29.21957,-30.62002 29.21963,-30.62009 29.21967,-30.62014 29.21984,-30.62028 29.22007,-30.6205 29.22016,-30.62075 29.22082,-30.62067 29.22125,-30.62062 29.22164,-30.62057 29.22229,-30.62048 29.22281,-30.62042 29.22577,-30.62005 29.22839,-30.61973 29.23168,-30.61987 29.23498,-30.62001 29.23827,-30.62016 29.23948,-30.62021 29.23988,-30.62023 29.24041,-30.62025 29.24149,-30.6203 29.24251,-30.62034 29.24486,-30.62044 29.24879,-30.62062 29.24916,-30.62063 29.24957,-30.62065 29.24984,-30.62066 29.25134,-30.62073 29.25271,-30.62079 29.25407,-30.62085 29.25558,-30.62091 29.25712,-30.62098 29.25845,-30.62104 29.26133,-30.62116 29.26285,-30.6227 29.26589,-30.62576 29.26741,-30.6273 29.26894,-30.62883 29.26989,-30.6298 29.27138,-30.63129 29.2724,-30.63232 29.27286,-30.63279 29.27435,-30.63429 29.27583,-30.63578 29.27732,-30.63728 29.27852,-30.63737 29.2799,-30.63748 29.28136,-30.6376 29.28248,-30.63769 29.28506,-30.63789 29.28764,-30.6381 29.29016,-30.6383 29.2937,-30.63858 29.29616,-30.63877 29.29861,-30.63896 29.30107,-30.63916 29.30309,-30.63932 29.30328,-30.63933 29.30352,-30.63935 29.30497,-30.63985 29.3057,-30.6401 29.30788,-30.64086 29.31112,-30.64197 29.31442,-30.64311 29.31598,-30.64365 29.31659,-30.64386 29.31877,-30.64462 29.31984,-30.64499 29.32117,-30.64523 29.3225,-30.64448 29.32365,-30.64584 29.32634,-30.649 29.3317,-30.65532 29.33439,-30.65848 29.33975,-30.6648 29.34001,-30.6651 29.34244,-30.66796 29.34564,-30.67173 29.36286,-30.65729 29.36292,-30.65724 29.36326,-30.65696 29.36778,-30.65317 29.37023,-30.65111 29.3728,-30.64896 29.37922,-30.64954 29.38553,-30.65012 29.40134,-30.63944 29.40421,-30.63951 29.40707,-30.63958 29.40994,-30.63965 29.4128,-30.63971 29.41567,-30.63978 29.41706,-30.63981 29.41853,-30.63985 29.4214,-30.63992 29.42293,-30.63996 29.42426,-30.63999 29.42697,-30.63982 29.42967,-30.63971 29.43238,-30.63958 29.43296,-30.63955 29.43348,-30.63952 29.43401,-30.6395 29.43457,-30.63947 29.43476,-30.63946 29.43567,-30.63941 29.43624,-30.63938 29.43676,-30.63936 29.43786,-30.6393 29.43838,-30.63928 29.43892,-30.63925 29.43999,-30.63919 29.44299,-30.63904 29.4464,-30.63706 29.46111,-30.62851 29.46859,-30.62416 29.47013,-30.62395 29.47132,-30.62379 29.47141,-30.62378 29.47152,-30.62376 29.47278,-30.62359 29.47927,-30.62271 29.48468,-30.62198 29.48474,-30.62197 29.48481,-30.62196 29.48832,-30.62148 29.49132,-30.62107 29.49287,-30.62086 29.49416,-30.62069 29.50218,-30.6196 29.51236,-30.61822 29.52429,-30.64116 29.52763,-30.64221 29.52941,-30.64276 29.54468,-30.64754 29.54464,-30.64817 29.54401,-30.64881 29.54294,-30.64989 29.54268,-30.6504 29.54201,-30.65069 29.54168,-30.65143 29.54095,-30.65217 29.54035,-30.65285 29.53935,-30.65399 29.53908,-30.65456 29.53881,-30.65456 29.53841,-30.65507 29.53715,-30.65683 29.53628,-30.65786 29.53501,-30.65928 29.53501,-30.65956 29.53468,-30.66019 29.53408,-30.6611 29.53381,-30.66178 29.53355,-30.66246 29.53301,-30.66349 29.53268,-30.66406 29.53268,-30.66457 29.53241,-30.66554 29.53215,-30.66605 29.53215,-30.66662 29.53188,-30.66753 29.53161,-30.6681 29.53161,-30.66855 29.53135,-30.66935 29.53135,-30.66997 29.53108,-30.6706 29.53108,-30.67088 29.53095,-30.6714 29.53095,-30.67202 29.53088,-30.67288 29.53088,-30.67413 29.53095,-30.67515 29.53094,-30.67651 29.53074,-30.67731 29.53048,-30.67786 29.53048,-30.67839 29.53022,-30.67946 29.52988,-30.68016 29.52961,-30.68073 29.5293,-30.68157 29.52908,-30.68215 29.52841,-30.68323 29.52781,-30.6842 29.52708,-30.68528 29.52648,-30.68585 29.52588,-30.68653 29.52455,-30.68801 29.52381,-30.68852 29.52355,-30.68909 29.52281,-30.6896 29.52195,-30.68989 29.52161,-30.6904 29.52135,-30.6904 29.52035,-30.69062 29.51955,-30.69096 29.51921,-30.69148 29.51801,-30.69205 29.51735,-30.69204 29.51701,-30.69233 29.51595,-30.69261 29.51528,-30.69284 29.51592,-30.69393 29.51524,-30.69402 29.51443,-30.69413 29.51434,-30.69415 29.51403,-30.69423 29.50198,-30.69628 29.50194,-30.69629 29.49989,-30.69732 29.49976,-30.69748 29.49837,-30.69915 29.4979,-30.6995 29.49695,-30.69986 29.49673,-30.69979 29.4949,-30.70012 29.49436,-30.70029 29.49427,-30.7003 29.49237,-30.70054 29.49041,-30.701 29.48969,-30.70099 29.48954,-30.70098 29.48914,-30.70088 29.4887,-30.70093 29.48812,-30.70092 29.48372,-30.70084 29.48363,-30.70084 29.48246,-30.70271 29.48108,-30.705 29.48071,-30.70565 29.47932,-30.70786 29.47854,-30.70892 29.47666,-30.71144 29.47605,-30.71238 29.47573,-30.71303 29.47531,-30.71388 29.47501,-30.71447 29.47338,-30.71712 29.47257,-30.71844 29.47156,-30.72006 29.47136,-30.72011 29.46999,-30.72261 29.46997,-30.72264 29.46947,-30.72257 29.46877,-30.72257 29.46777,-30.72297 29.46743,-30.72311 29.46616,-30.72399 29.46576,-30.72436 29.46525,-30.72483 29.46421,-30.72519 29.46358,-30.72536 29.46355,-30.72537 29.46367,-30.72556 29.46414,-30.72613 29.46508,-30.72728 29.46538,-30.72765 29.46541,-30.72769 29.46516,-30.72805 29.4655,-30.72932 29.4654,-30.72965 29.46528,-30.73002 29.46518,-30.73011 29.46516,-30.73013 29.46383,-30.73136 29.46343,-30.73169 29.46261,-30.73235 29.4622,-30.73306 29.46196,-30.73398 29.46194,-30.73409 29.4619,-30.73423 29.4613,-30.73453 29.46117,-30.73504 29.46079,-30.73545 29.4601,-30.73554 29.45885,-30.73536 29.45835,-30.73547 29.45828,-30.73538 29.45825,-30.73533 29.45814,-30.73524 29.45806,-30.73518 29.45798,-30.73513 29.45785,-30.73505 29.45764,-30.73494 29.45754,-30.73489 29.45734,-30.73475 29.45727,-30.7347 29.457,-30.73451 29.45662,-30.73444 29.45658,-30.73444 29.45613,-30.73437 29.45584,-30.7344 29.45565,-30.73443 29.45563,-30.73441 29.45561,-30.73443 29.45557,-30.73448 29.45552,-30.73447 29.45545,-30.73435 29.45501,-30.73348 29.45496,-30.73344 29.45492,-30.7334 29.45488,-30.73328 29.45481,-30.73312 29.45471,-30.73293 29.45464,-30.73274 29.45462,-30.73268 29.45453,-30.73237 29.45446,-30.73202 29.45445,-30.73192 29.45446,-30.73183 29.45448,-30.73168 29.45395,-30.73141 29.45393,-30.73145 29.45307,-30.73275 29.45229,-30.73348 29.45214,-30.73374 29.45202,-30.73397 29.45163,-30.73506 29.45149,-30.73589 29.45147,-30.73604 29.45142,-30.73703 29.45152,-30.73745 29.45156,-30.7376 29.45203,-30.73755 29.45337,-30.7379 29.4534,-30.73792 29.45424,-30.73842 29.45556,-30.73952 29.4562,-30.74005 29.45682,-30.74107 29.45687,-30.74142 29.45598,-30.74282 29.45573,-30.74321 29.45521,-30.74402 29.45516,-30.74411 29.45332,-30.74736 29.45257,-30.74844 29.45179,-30.74925 29.45009,-30.75041 29.45007,-30.75043 29.4517,-30.75049 29.45249,-30.75079 29.45283,-30.75311 29.45537,-30.75352 29.45569,-30.75354 29.45727,-30.75359 29.45793,-30.75351 29.45881,-30.75353 29.45913,-30.75368 29.45935,-30.75378 29.46154,-30.75547 29.46203,-30.7559 29.4622,-30.75605 29.46276,-30.75654 29.4632,-30.75693 29.4642,-30.75808 29.46501,-30.75901 29.46477,-30.75943 29.46262,-30.76101 29.46129,-30.76199 29.46026,-30.76293 29.46036,-30.76346 29.46025,-30.7643 29.46017,-30.76451 29.46021,-30.76463 29.46021,-30.76536 29.45995,-30.76756 29.45945,-30.76759 29.45927,-30.76758 29.45869,-30.76758 29.45826,-30.76757 29.45813,-30.76757 29.45808,-30.76756 29.45798,-30.76755 29.45755,-30.7675 29.45722,-30.7679 29.45708,-30.76802 29.45691,-30.76815 29.45678,-30.76827 29.4565,-30.76846 29.45599,-30.76876 29.45559,-30.76896 29.4553,-30.76906 29.45515,-30.76909 29.45501,-30.7691 29.45442,-30.76961 29.45394,-30.76985 29.45579,-30.77089 29.45661,-30.77147 29.45716,-30.77234 29.4572,-30.77412 29.45774,-30.7742 29.45904,-30.77469 29.45991,-30.77537 29.461,-30.77647 29.46102,-30.77649 29.46094,-30.77658 29.45972,-30.77818 29.45967,-30.77846 29.45928,-30.77906 29.45934,-30.77915 29.45937,-30.77921 29.4594,-30.77922 29.45951,-30.7793 29.4596,-30.77938 29.45989,-30.77956 29.46004,-30.77965 29.46018,-30.77973 29.46055,-30.78025 29.46068,-30.78103 29.461,-30.78183 29.46096,-30.78227 29.46046,-30.78355 29.46054,-30.78429 29.46059,-30.78477 29.4606,-30.78488 29.46067,-30.78512 29.46062,-30.78516 29.46014,-30.78564 29.45996,-30.78581 29.45993,-30.78585 29.45987,-30.78587 29.45958,-30.78605 29.4592,-30.78624 29.45906,-30.7863 29.45886,-30.7864 29.45844,-30.78653 29.45838,-30.78654 29.45824,-30.78701 29.45818,-30.78712 29.45785,-30.78777 29.45759,-30.788 29.45695,-30.78855 29.45692,-30.78856 29.45676,-30.78859 29.45523,-30.78896 29.45426,-30.7892 29.45365,-30.78947 29.4519,-30.79024 29.45132,-30.79055 29.4509,-30.79087 29.45053,-30.79135 29.45055,-30.79137 29.45071,-30.79146 29.45074,-30.79156 29.45019,-30.79272 29.44955,-30.79383 29.44955,-30.79407 29.44922,-30.79533 29.4492,-30.79553 29.44919,-30.79567 29.44852,-30.79705 29.44798,-30.79753 29.44756,-30.79774 29.44594,-30.79854 29.44556,-30.79919 29.44568,-30.79946 29.44436,-30.80026 29.44309,-30.80123 29.44102,-30.80222 29.4403,-30.80298 29.43979,-30.80413 29.43869,-30.80505 29.43796,-30.80551 29.43775,-30.80564 29.43754,-30.8058 29.43603,-30.80696 29.43582,-30.80691 29.43541,-30.8071 29.43518,-30.80721 29.43305,-30.80934 29.43301,-30.8094 29.43219,-30.80997 29.43214,-30.81005 29.4318,-30.81043 29.43144,-30.81084 29.4313,-30.81102 29.43114,-30.81122 29.4311,-30.81128 29.43099,-30.81139 29.43091,-30.8115 29.4308,-30.81166 29.43067,-30.8118 29.43062,-30.81186 29.43056,-30.81193 29.43048,-30.81199 29.43056,-30.81218 29.43067,-30.81246 29.43088,-30.81295 29.43135,-30.81371 29.43148,-30.81429 29.4314,-30.81442 29.43129,-30.81438 29.43124,-30.81436 29.43112,-30.81429 29.43101,-30.81424 29.43079,-30.8141 29.4306,-30.81399 29.43053,-30.81391 29.43041,-30.81379 29.43031,-30.8137 29.43025,-30.8136 29.42876,-30.81276 29.42873,-30.81275 29.42808,-30.81213 29.42788,-30.81205 29.42719,-30.81178 29.42664,-30.81168 29.42573,-30.81153 29.4252,-30.81149 29.42422,-30.81143 29.42378,-30.81141 29.42307,-30.81145 29.42233,-30.81168 29.42227,-30.81326 29.42211,-30.81391 29.42212,-30.81407 29.42214,-30.81501 29.4224,-30.81638 29.4227,-30.81809 29.42282,-30.8184 29.42269,-30.81861 29.4226,-30.81875 29.42192,-30.81916 29.42037,-30.82077 29.41947,-30.8217 29.41742,-30.82247 29.40977,-30.82516 29.40871,-30.82543 29.40758,-30.82578 29.40755,-30.82579 29.40754,-30.82594 29.40753,-30.82608 29.40753,-30.82614 29.40754,-30.82673 29.40756,-30.82747 29.40785,-30.83133 29.40816,-30.83538 29.40673,-30.83771 29.40514,-30.84032 29.40515,-30.84078 29.40512,-30.8408 29.394,-30.83711 29.39326,-30.83687 29.39246,-30.83679 29.38141,-30.83769 29.37315,-30.83836 29.37114,-30.83852 29.36674,-30.83888 29.3612,-30.83907 29.35851,-30.83917 29.35726,-30.83958 29.34787,-30.84269 29.34632,-30.84384 29.34422,-30.84539 29.34313,-30.84621 29.34303,-30.84628 29.34223,-30.84688 29.34216,-30.84693 29.33956,-30.84886 29.33899,-30.84928 29.3383,-30.84979 29.33362,-30.85326 29.33314,-30.85361 29.33294,-30.85376 29.32961,-30.85623 29.32947,-30.85633 29.32945,-30.85635 29.32913,-30.85658 29.32444,-30.86006 29.32447,-30.86012 29.32442,-30.8603 29.31701,-30.85845 29.31326,-30.85751 29.30822,-30.85625 29.30553,-30.85558 29.30335,-30.85667 29.30124,-30.85772 29.30109,-30.85778 29.301,-30.8578 29.30071,-30.85788 29.30011,-30.85804 29.29709,-30.85885 29.29418,-30.85964 29.28631,-30.86176 29.28443,-30.86156 29.28435,-30.86164 29.28426,-30.86159 29.28411,-30.8616 29.28394,-30.86162 29.2839,-30.86162 29.28371,-30.86163 29.28335,-30.8616 29.28312,-30.86157 29.2829,-30.86156 29.28283,-30.86155 29.28264,-30.86151 29.28241,-30.86147 29.28223,-30.86143 29.28211,-30.8614 29.28205,-30.86138 29.282,-30.86137 29.28187,-30.86135 29.28172,-30.8613 29.28165,-30.86128 29.28156,-30.86126 29.28152,-30.86125 29.28146,-30.86123 29.28139,-30.86121 29.28132,-30.8612 29.28117,-30.86117 29.281,-30.86114 29.28075,-30.86109 29.28056,-30.86105 29.2803,-30.86105 29.28,-30.86108 29.27392,-30.86043 29.26912,-30.85744 29.26735,-30.85374 29.26732,-30.85361 29.26724,-30.85186 29.26694,-30.85147 29.26727,-30.85389 29.26752,-30.85569 29.26772,-30.85661 29.26777,-30.85672 29.26842,-30.85945 29.26903,-30.86195 29.26959,-30.86422 29.26964,-30.86444 29.27062,-30.86832 29.27088,-30.86927 29.26964,-30.86939 29.268,-30.86981 29.26707,-30.87001 29.26597,-30.87054 29.26482,-30.87145 29.26454,-30.87193 29.26442,-30.87214 29.2642,-30.87294 29.26416,-30.87317 29.26412,-30.87343 29.26412,-30.87396 29.26443,-30.87465 29.26497,-30.87557 29.26279,-30.8767 29.26173,-30.87727 29.26169,-30.87729 29.2616,-30.8773 29.26132,-30.87739 29.26105,-30.87744 29.26075,-30.8775 29.26071,-30.8775 29.26057,-30.87758 29.26047,-30.87767 29.26036,-30.87777 29.26029,-30.87784 29.26024,-30.87788 29.25996,-30.87808 29.25993,-30.87811 29.25995,-30.87814 29.25987,-30.87821 29.25921,-30.87846 29.25904,-30.87846 29.2589,-30.87846 29.25815,-30.87721 29.25744,-30.87569 29.25682,-30.87447 29.25682,-30.87432 29.25645,-30.87351 29.2562,-30.87299 29.25558,-30.87174 29.25503,-30.87062 29.25492,-30.87041 29.25443,-30.86927 29.25417,-30.86881 29.25244,-30.86874 29.25085,-30.86862 29.24984,-30.86831 29.24979,-30.86828 29.24957,-30.86821 29.24942,-30.86817 29.24846,-30.86815 29.24832,-30.86819 29.24817,-30.86824 29.24731,-30.8685 29.24652,-30.8688 29.24506,-30.86964 29.24502,-30.86968 29.24339,-30.87067 29.24286,-30.87079 29.24242,-30.87083 29.24228,-30.87079 29.24087,-30.87053 29.24004,-30.8704 29.23986,-30.87038 29.23933,-30.87053 29.23871,-30.87064 29.23761,-30.87103 29.23623,-30.873 29.23616,-30.87304 29.23612,-30.87306 29.23596,-30.87313 29.23566,-30.87332 29.23546,-30.87344 29.23543,-30.87346 29.23498,-30.87378 29.23453,-30.8741 29.23355,-30.87301 29.23257,-30.87165 29.23112,-30.87039 29.2305,-30.87043 29.23036,-30.87051 29.22811,-30.8701 29.22723,-30.86991 29.22639,-30.8698 29.22454,-30.87006 29.22443,-30.87008 29.22343,-30.87026 29.22211,-30.87045 29.22198,-30.87045 29.22162,-30.8706 29.22118,-30.87076 29.22066,-30.8709 29.21918,-30.8708 29.21908,-30.87079 29.21906,-30.87081 29.21896,-30.87093 29.2189,-30.87101 29.21883,-30.87109 29.21869,-30.87123 29.21855,-30.87135 29.21848,-30.87143 29.21836,-30.87158 29.21831,-30.87166 29.21822,-30.87193 29.21819,-30.87205 29.21779,-30.87225 29.21726,-30.8724 29.21646,-30.8724 29.21523,-30.87233 29.21452,-30.87221 29.21311,-30.87176 29.21019,-30.87066 29.20834,-30.86956 29.20819,-30.86946 29.208,-30.86945 29.20786,-30.86943 29.20682,-30.86926 29.20687,-30.86923 29.20691,-30.86922 29.2069,-30.86917 29.2069,-30.86909 29.20692,-30.86903 29.20695,-30.869 29.207,-30.86891 29.20707,-30.86874 29.20709,-30.8687 29.20591,-30.86808 29.20463,-30.86744 29.20431,-30.8672 29.20273,-30.86604 29.20158,-30.86475 29.20144,-30.86425 29.20144,-30.8633 29.20158,-30.86296 29.20219,-30.86258 29.20312,-30.86208 29.20405,-30.86151 29.20638,-30.86021 29.207,-30.8596 29.2074,-30.85892 29.2074,-30.85823 29.20687,-30.85732 29.20661,-30.85705 29.20617,-30.85639 29.20596,-30.85637 29.20598,-30.85622 29.20603,-30.85592 29.20603,-30.85573 29.2062,-30.85546 29.20625,-30.85523 29.20664,-30.8542 29.20669,-30.85398 29.20673,-30.85382 29.20704,-30.85299 29.20721,-30.85249 29.20755,-30.8518 29.20636,-30.85089 29.20567,-30.85036 29.20547,-30.85064 29.20518,-30.85126 29.2051,-30.85128 29.20452,-30.8514 29.20432,-30.85144 29.20403,-30.85147 29.20372,-30.85152 29.20362,-30.85153 29.20347,-30.85154 29.20325,-30.85154 29.20293,-30.85153 29.20226,-30.85145 29.2019,-30.8514 29.20164,-30.85139 29.20159,-30.85139 29.20129,-30.8514 29.20125,-30.85141 29.20108,-30.85142 29.20066,-30.85139 29.20035,-30.85136 29.2,-30.85129 29.19964,-30.85122 29.19916,-30.8512 29.19867,-30.85118 29.19855,-30.85113 29.19827,-30.85095 29.19798,-30.85079 29.19774,-30.8507 29.19759,-30.85064 29.1975,-30.85061 29.19732,-30.85059 29.19721,-30.85058 29.19696,-30.85052 29.19672,-30.85046 29.19668,-30.85046 29.19662,-30.85048 29.19655,-30.85045 29.19651,-30.85043 29.19691,-30.85024 29.1968,-30.85012 29.19711,-30.84909 29.1975,-30.84825 29.19768,-30.84772 29.19785,-30.84692 29.19821,-30.84597 29.19825,-30.84578 29.19831,-30.84551 29.19711,-30.84551 29.19661,-30.84553 29.19657,-30.84552 29.19611,-30.8455 29.19604,-30.84549 29.19559,-30.84552 29.19513,-30.84555 29.19493,-30.84559 29.19474,-30.84564 29.19471,-30.84562 29.19465,-30.84563 29.19433,-30.84577 29.19431,-30.8457 29.19427,-30.84464 29.19431,-30.8445 29.19439,-30.8443 29.19441,-30.84424 29.19442,-30.84418 29.19444,-30.84407 29.19445,-30.844 29.19433,-30.84366 29.19434,-30.84361 29.19434,-30.84354 29.19436,-30.84347 29.19445,-30.84335 29.19455,-30.84329 29.1946,-30.84323 29.19466,-30.84317 29.19468,-30.84314 29.19468,-30.84305 29.19467,-30.84296 29.19465,-30.84292 29.19459,-30.84278 29.19457,-30.84262 29.1946,-30.84257 29.19464,-30.84248 29.19471,-30.84241 29.19483,-30.84234 29.19496,-30.84228 29.19501,-30.8422 29.19505,-30.84209 29.19049,-30.83855 29.18921,-30.83755 29.17556,-30.82694 29.17057,-30.82306 29.16556,-30.81916 29.16468,-30.82149 29.16465,-30.82152 29.16441,-30.82172 29.16428,-30.82172 29.16428,-30.82183 29.16401,-30.82217 29.16374,-30.82246 29.16361,-30.82257 29.16334,-30.82285 29.16307,-30.82285 29.16274,-30.82313 29.16274,-30.82325 29.16247,-30.82325 29.16247,-30.82336 29.1622,-30.82336 29.16192,-30.8236 29.16167,-30.82381 29.16132,-30.82381 29.16125,-30.82388 29.15998,-30.82679 29.15945,-30.82837 29.1588,-30.82943 29.15876,-30.82949 29.15812,-30.83009 29.15789,-30.83022 29.15753,-30.83043 29.15722,-30.8306 29.15669,-30.83071 29.15624,-30.83081 29.15441,-30.83077 29.15107,-30.83026 29.15093,-30.83023 29.15011,-30.8303 29.14986,-30.83038 29.1484,-30.83082 29.14815,-30.83084 29.14759,-30.83088 29.14724,-30.83091 29.1472,-30.83091 29.14692,-30.83087 29.14646,-30.83079 29.14575,-30.83068 29.14529,-30.83061 29.14381,-30.83038 29.14257,-30.83014 29.13945,-30.82953 29.13869,-30.82938 29.13828,-30.8293 29.13611,-30.82913 29.13469,-30.82933 29.13389,-30.8296 29.13348,-30.82973 29.13343,-30.82975 29.13259,-30.8303 29.13201,-30.83068 29.1311,-30.83127 29.12956,-30.83245 29.12931,-30.83264 29.12911,-30.83285 29.12902,-30.83294 29.12859,-30.83339 29.12858,-30.83343 29.1284,-30.83399 29.12839,-30.83404 29.12818,-30.83597 29.12815,-30.83624 29.12807,-30.83646 29.12781,-30.83713 29.12728,-30.83779 29.12533,-30.83937 29.12515,-30.83957 29.12502,-30.83971 29.125,-30.83973 29.12473,-30.84003 29.12466,-30.84014 29.12455,-30.84032 29.12427,-30.84078 29.12419,-30.8416 29.12437,-30.8429 29.12437,-30.84362 29.12471,-30.84537 29.12456,-30.8464 29.12425,-30.84705 29.1241,-30.84738 29.12342,-30.84813 29.12324,-30.84823 29.12267,-30.84854 29.12182,-30.84875 29.11996,-30.84887 29.11881,-30.84901 29.11854,-30.84903 29.11753,-30.84919 29.1163,-30.84926 29.1162,-30.84927 29.11455,-30.84922 29.11251,-30.84893 29.11127,-30.84875 29.10972,-30.84858 29.10936,-30.84854 29.1088,-30.84852 29.10745,-30.84847 29.10723,-30.84849 29.10562,-30.8486 29.10403,-30.84871 29.1019,-30.8488 29.10033,-30.84886 29.09865,-30.84877 29.09649,-30.84865 29.09395,-30.84864 29.09366,-30.84861 29.09309,-30.84854 29.09273,-30.84841 29.09233,-30.84826 29.09148,-30.84767 29.09119,-30.8473 29.09088,-30.8469 29.0906,-30.84616 29.09056,-30.84607 29.09055,-30.84603 29.09041,-30.84568 29.09005,-30.84368 29.09001,-30.84347 29.08959,-30.84281 29.08875,-30.84196 29.08872,-30.84193 29.08803,-30.8413 29.08737,-30.84069 29.087,-30.84035 29.08613,-30.83991 29.08449,-30.83965 29.08412,-30.83951 29.08377,-30.83938 29.08314,-30.83889 29.08231,-30.83779 29.08211,-30.83764 29.08179,-30.83741 29.08097,-30.83728 29.07983,-30.83746 29.07813,-30.83797 29.0767,-30.83856 29.07583,-30.83909 29.07531,-30.83967 29.07521,-30.84003 29.07521,-30.84006 29.0752,-30.84026 29.07516,-30.84146 29.07514,-30.84197 29.07509,-30.84226 29.07507,-30.84233 29.07494,-30.84304 29.07466,-30.84364 29.07326,-30.84552 29.07293,-30.84632 29.07279,-30.84742 29.07274,-30.84788 29.07258,-30.84876 29.07194,-30.85004 29.0713,-30.85031 29.07104,-30.85038 29.07023,-30.85058 29.06991,-30.85054 29.06943,-30.85065 29.0694,-30.85066 29.06942,-30.85099 29.06942,-30.85103 29.06949,-30.8516 29.06942,-30.8524 29.06931,-30.8532 29.06896,-30.85374 29.06869,-30.85432 29.06844,-30.85466 29.06834,-30.85503 29.06831,-30.85513 29.06832,-30.85519 29.06843,-30.85569 29.06861,-30.85616 29.06893,-30.85666 29.06935,-30.85717 29.06974,-30.85765 29.07004,-30.8582 29.07028,-30.85878 29.07067,-30.85957 29.07086,-30.86015 29.07108,-30.86075 29.07142,-30.86132 29.0718,-30.86198 29.07185,-30.86205 29.07212,-30.86242 29.07253,-30.86274 29.07309,-30.86295 29.07415,-30.86322 29.07513,-30.86345 29.07622,-30.86371 29.077,-30.864 29.07756,-30.86428 29.0782,-30.86478 29.07872,-30.86532 29.07926,-30.86593 29.07985,-30.86665 29.0802,-30.86711 29.08061,-30.86754 29.08118,-30.86779 29.0818,-30.86776 29.08237,-30.86751 29.08266,-30.86713 29.08271,-30.86707 29.08294,-30.86654 29.08325,-30.86603 29.08366,-30.86547 29.0838,-30.86527 29.084,-30.86498 29.08457,-30.8645 29.08521,-30.86413 29.0858,-30.86393 29.08621,-30.86379 29.08644,-30.86372 29.08696,-30.86372 29.08742,-30.86397 29.08776,-30.86432 29.08793,-30.86449 29.08809,-30.86464 29.0881,-30.86487 29.08815,-30.86572 29.0882,-30.86604 29.08852,-30.86623 29.08857,-30.86624 29.08924,-30.8664 29.09019,-30.86661 29.09107,-30.86675 29.09186,-30.86681 29.09276,-30.86697 29.09293,-30.86702 29.09341,-30.86715 29.09422,-30.86729 29.09436,-30.86733 29.09481,-30.86747 29.09539,-30.86765 29.09598,-30.86789 29.09645,-30.8683 29.09706,-30.8688 29.09746,-30.86939 29.09759,-30.86981 29.0976,-30.87014 29.09762,-30.87083 29.09762,-30.87128 29.09749,-30.8718 29.09722,-30.87213 29.09669,-30.87238 29.09623,-30.87267 29.09572,-30.87321 29.0952,-30.87379 29.09487,-30.87442 29.09453,-30.87486 29.09424,-30.87521 29.09388,-30.87545 29.09353,-30.87563 29.09327,-30.87574 29.09307,-30.87583 29.09245,-30.87606 29.09231,-30.87612 29.09194,-30.87626 29.09173,-30.87634 29.09147,-30.87652 29.09128,-30.87672 29.09122,-30.87684 29.0911,-30.87704 29.09097,-30.87739 29.09087,-30.87777 29.09053,-30.87873 29.09047,-30.87911 29.09045,-30.87921 29.09081,-30.88015 29.0916,-30.8814 29.09336,-30.8869 29.09342,-30.88713 29.09363,-30.88786 29.09367,-30.88818 29.0941,-30.89211 29.09389,-30.89399 29.09314,-30.89457 29.09219,-30.89462 29.09143,-30.89417 29.09041,-30.89394 29.08939,-30.89349 29.08755,-30.89163 29.0861,-30.8904 29.08484,-30.89008 29.08043,-30.88855 29.07311,-30.88511 29.06878,-30.88358 29.06625,-30.88272 29.06514,-30.88207 29.06514,-30.88149 29.06569,-30.88009 29.06691,-30.87868 29.06884,-30.87792 29.0707,-30.87709 29.07102,-30.87619 29.07108,-30.87546 29.07093,-30.87501 29.06959,-30.87478 29.06796,-30.87433 29.06344,-30.87408 29.06239,-30.87431 29.05955,-30.87597 29.05836,-30.87677 29.05786,-30.87755 29.05786,-30.87776 29.05787,-30.87831 29.05798,-30.87949 29.0579,-30.88054 29.05781,-30.88185 29.05804,-30.88283 29.05899,-30.88376 29.05978,-30.88459 29.06059,-30.88557 29.06112,-30.88594 29.06234,-30.88617 29.06418,-30.88745 29.0654,-30.8882 29.06587,-30.88913 29.06587,-30.88979 29.06558,-30.89016 29.06535,-30.89062 29.06453,-30.89109 29.06364,-30.89157 29.06326,-30.8918 29.06286,-30.89233 29.06204,-30.89326 29.06152,-30.89406 29.06143,-30.89469 29.06126,-30.89557 29.06108,-30.89632 29.05973,-30.89879 29.05941,-30.89934 29.05853,-30.90055 29.05757,-30.90198 29.05711,-30.90361 29.05728,-30.90482 29.05772,-30.90565 29.05819,-30.90605 29.05886,-30.90608 29.05896,-30.90614 29.05954,-30.90648 29.06042,-30.90708 29.06182,-30.90813 29.06304,-30.90891 29.06415,-30.90972 29.06523,-30.90989 29.0668,-30.90989 29.06797,-30.90959 29.07078,-30.90775 29.07192,-30.90617 29.07197,-30.9061 29.07204,-30.90601 29.07276,-30.90506 29.07454,-30.90451 29.07631,-30.90411 29.07639,-30.90409 29.07678,-30.90401 29.07859,-30.9039 29.08034,-30.90471 29.08092,-30.90566 29.08212,-30.90832 29.0822,-30.90869 29.0822,-30.90869 29.08232,-30.90933 29.08209,-30.90998 29.082,-30.91061 29.08237,-30.91179 29.0826,-30.91285 29.08284,-30.91398 29.08284,-30.91496 29.08272,-30.91639 29.08255,-30.91747 29.08235,-30.91853 29.08198,-30.91931 29.08146,-30.92051 29.0814,-30.92122 29.08114,-30.92175 29.08112,-30.9222 29.08108,-30.92288 29.08024,-30.92459 29.07957,-30.92579 29.07851,-30.927 29.07792,-30.92843 29.07767,-30.92864 29.07626,-30.92982 29.07475,-30.932 29.07281,-30.93467 29.06751,-30.93756 29.06553,-30.93937 29.06477,-30.94085 29.06508,-30.94178 29.0656,-30.94239 29.06732,-30.94465 29.06802,-30.94638 29.06858,-30.94711 29.06886,-30.94762 29.06886,-30.94762 29.06916,-30.94816 29.06929,-30.94844 29.06932,-30.94849 29.06933,-30.94853 29.06934,-30.94874 29.06937,-30.94886 29.06938,-30.94889 29.0694,-30.94893 29.06942,-30.94902 29.06948,-30.94914 29.06956,-30.94927 29.06981,-30.94962 29.07003,-30.94998 29.07006,-30.95005 29.07022,-30.95031 29.07037,-30.95069 29.0704,-30.95076 29.07048,-30.95103 29.0706,-30.95136 29.07073,-30.95177 29.07083,-30.95201 29.07089,-30.95214 29.07095,-30.95232 29.07113,-30.95281 29.07127,-30.9532 29.07136,-30.95362 29.07136,-30.95378 29.07137,-30.95407 29.07135,-30.95478 29.07132,-30.95567 29.07133,-30.95598 29.07133,-30.95598 29.07133,-30.95598 29.07131,-30.95598 29.07136,-30.95624 29.07137,-30.95626 29.07138,-30.95684 29.07137,-30.95689 29.07127,-30.95738 29.07127,-30.95739 29.07126,-30.9574 29.07122,-30.95766 29.07121,-30.95774 29.0712,-30.95784 29.07112,-30.95833 29.07109,-30.95869 29.07102,-30.95906 29.07102,-30.95906 29.07102,-30.95906 29.07094,-30.95944 29.07086,-30.95967 29.07079,-30.95985 29.07077,-30.95993 29.07077,-30.95993 29.07059,-30.96031 29.07044,-30.9607 29.07035,-30.96111 29.07025,-30.96151 29.07026,-30.96191 29.07026,-30.96238 29.07036,-30.96288 29.07049,-30.96341 29.07062,-30.96367 29.07079,-30.964 29.0709,-30.96425 29.07094,-30.96433 29.07095,-30.96437 29.07105,-30.96457 29.07106,-30.96458 29.07111,-30.96469 29.07129,-30.96498 29.07137,-30.96512 29.07144,-30.96526 29.07152,-30.96539 29.07153,-30.9654 29.07181,-30.96581 29.07189,-30.96592 29.07204,-30.96612 29.07205,-30.96613 29.07228,-30.96643 29.07228,-30.96643 29.07228,-30.96643 29.07271,-30.96668 29.07321,-30.96682 29.07382,-30.96689 29.07495,-30.96689 29.07518,-30.96684 29.07519,-30.96684 29.0754,-30.96679 29.07582,-30.96663 29.07613,-30.96651 29.07628,-30.96648 29.07642,-30.96646 29.07646,-30.96645 29.07713,-30.96638 29.07793,-30.96626 29.07859,-30.96605 29.0786,-30.96604 29.07861,-30.96604 29.07911,-30.96588 29.07994,-30.9656 29.08029,-30.96546 29.08029,-30.96546 29.08031,-30.96545 29.08062,-30.96532 29.08119,-30.96502 29.08131,-30.96494 29.08142,-30.96484 29.08144,-30.96483 29.08153,-30.96476 29.08197,-30.96439 29.08203,-30.96433 29.08234,-30.96402 29.08278,-30.96355 29.0828,-30.96353 29.08328,-30.96304 29.08328,-30.96304 29.08328,-30.96304 29.08358,-30.96255 29.08387,-30.96207 29.08404,-30.96171 29.08414,-30.9614 29.08414,-30.9614 29.08422,-30.96111 29.08424,-30.96103 29.08436,-30.96049 29.08436,-30.96049 29.08436,-30.96049 29.08436,-30.96049 29.08428,-30.95986 29.08428,-30.95986 29.0843,-30.95942 29.08414,-30.9588 29.08396,-30.95828 29.08383,-30.95797 29.08374,-30.9579 29.08343,-30.95765 29.0833,-30.9576 29.0833,-30.9576 29.0833,-30.9576 29.08319,-30.95752 29.08295,-30.95736 29.08293,-30.95734 29.08268,-30.95708 29.08265,-30.95705 29.08264,-30.95704 29.08264,-30.95703 29.08237,-30.95658 29.08214,-30.95624 29.08211,-30.95612 29.08206,-30.95591 29.08206,-30.95591 29.08208,-30.95585 29.08208,-30.95552 29.08209,-30.95512 29.08226,-30.95466 29.08236,-30.95437 29.0826,-30.95395 29.08284,-30.95357 29.08317,-30.95327 29.08347,-30.95309 29.08349,-30.95308 29.08357,-30.95303 29.08409,-30.9529 29.08415,-30.9529 29.0848,-30.95288 29.08486,-30.95288 29.08558,-30.95285 29.08583,-30.95284 29.08621,-30.9528 29.08652,-30.95277 29.08696,-30.95268 29.08723,-30.95257 29.08748,-30.95241 29.08761,-30.9523 29.08771,-30.95219 29.08771,-30.95219 29.08771,-30.95219 29.08776,-30.95208 29.08777,-30.95201 29.08772,-30.95161 29.08764,-30.95127 29.08762,-30.95117 29.0875,-30.95095 29.08733,-30.95065 29.08724,-30.95055 29.08718,-30.95048 29.08718,-30.95048 29.08717,-30.95047 29.08709,-30.95041 29.08682,-30.95012 29.08682,-30.95012 29.08658,-30.94977 29.08629,-30.94936 29.08629,-30.94936 29.08628,-30.94935 29.08628,-30.94934 29.08614,-30.94915 29.08608,-30.94906 29.08609,-30.949 29.08609,-30.949 29.08609,-30.949 29.08617,-30.94822 29.08617,-30.94821 29.08617,-30.94818 29.08619,-30.94767 29.08621,-30.94748 29.08624,-30.94717 29.08632,-30.94674 29.08642,-30.94629 29.08676,-30.94574 29.08681,-30.94566 29.08686,-30.94558 29.08692,-30.9455 29.08732,-30.94489 29.08743,-30.94478 29.08768,-30.94453 29.08814,-30.94421 29.08859,-30.94403 29.08921,-30.94383 29.08951,-30.94376 29.08965,-30.94372 29.08968,-30.94372 29.08979,-30.94369 29.08992,-30.94365 29.08997,-30.94364 29.0904,-30.94352 29.09098,-30.94331 29.09104,-30.94329 29.0915,-30.94313 29.0915,-30.94313 29.09154,-30.94312 29.09181,-30.94303 29.09183,-30.94303 29.09214,-30.94301 29.09273,-30.9429 29.0936,-30.94284 29.09431,-30.94278 29.09454,-30.94276 29.09494,-30.94272 29.0953,-30.94273 29.09574,-30.94274 29.09602,-30.94277 29.09606,-30.94277 29.09624,-30.94279 29.09641,-30.94285 29.09643,-30.94285 29.09687,-30.94301 29.09767,-30.94322 29.09825,-30.94331 29.09864,-30.94334 29.09897,-30.94337 29.09951,-30.94341 29.09998,-30.94345 29.10044,-30.94341 29.10114,-30.94323 29.10116,-30.94322 29.10116,-30.94322 29.10152,-30.94305 29.10156,-30.94304 29.10159,-30.94302 29.10159,-30.94302 29.1016,-30.94302 29.10205,-30.94293 29.10223,-30.94289 29.10227,-30.94288 29.10234,-30.94287 29.10249,-30.94283 29.10253,-30.94282 29.10274,-30.94276 29.10276,-30.94275 29.10302,-30.94268 29.10383,-30.94245 29.10416,-30.94233 29.10419,-30.94232 29.10451,-30.9422 29.10467,-30.94215 29.10471,-30.94214 29.10483,-30.9421 29.10488,-30.94208 29.10524,-30.94197 29.10592,-30.94183 29.10616,-30.94177 29.10622,-30.94176 29.10629,-30.94174 29.10656,-30.94168 29.10721,-30.94156 29.10736,-30.94151 29.10756,-30.94145 29.10815,-30.94132 29.10881,-30.94109 29.10896,-30.94104 29.10929,-30.94088 29.10935,-30.94085 29.1097,-30.94068 29.10997,-30.94055 29.11025,-30.94041 29.11052,-30.94028 29.11056,-30.94025 29.11057,-30.94024 29.11092,-30.94003 29.11109,-30.93993 29.1112,-30.93986 29.11147,-30.93972 29.11159,-30.93965 29.11195,-30.93946 29.11214,-30.93933 29.11219,-30.93929 29.11257,-30.93902 29.11284,-30.93882 29.11304,-30.93868 29.11309,-30.93863 29.1131,-30.93863 29.11322,-30.93838 29.11328,-30.93826 29.11334,-30.93817 29.11357,-30.93786 29.11372,-30.93777 29.114,-30.9376 29.11438,-30.93752 29.11439,-30.93752 29.11456,-30.93752 29.11467,-30.93752 29.11492,-30.93753 29.11556,-30.93757 29.11586,-30.93756 29.11601,-30.93755 29.11606,-30.93755 29.11628,-30.93749 29.11648,-30.93743 29.11698,-30.9373 29.11756,-30.93735 29.11813,-30.93739 29.11823,-30.93738 29.11876,-30.93732 29.11906,-30.93728 29.11917,-30.93726 29.11936,-30.93723 29.11965,-30.93721 29.11968,-30.93721 29.11968,-30.93721 29.11983,-30.9372 29.11989,-30.9372 29.12019,-30.93722 29.12041,-30.93723 29.12053,-30.93724 29.12089,-30.93728 29.121,-30.93729 29.12124,-30.93728 29.12125,-30.93728 29.12184,-30.93726 29.12212,-30.93723 29.12218,-30.93723 29.12255,-30.93721 29.12281,-30.93721 29.12316,-30.9372 29.12342,-30.93724 29.12363,-30.93727 29.12399,-30.93736 29.12421,-30.93742 29.12431,-30.93745 29.12437,-30.93747 29.12439,-30.93748 29.12442,-30.93749 29.12496,-30.93766 29.12539,-30.93781 29.12547,-30.93784 29.12562,-30.9379 29.12595,-30.93804 29.12628,-30.93837 29.12628,-30.93837 29.12628,-30.93837 29.12646,-30.93883 29.12673,-30.93927 29.127,-30.9396 29.12722,-30.93987 29.12743,-30.9402 29.12753,-30.94058 29.12753,-30.94059 29.12755,-30.94093 29.12754,-30.94099 29.12751,-30.94127 29.12757,-30.94167 29.12777,-30.942 29.12791,-30.94236 29.12794,-30.94244 29.12796,-30.94248 29.12804,-30.94263 29.12815,-30.94285 29.12828,-30.94322 29.12829,-30.94324 29.12831,-30.9433 29.12837,-30.94358 29.1284,-30.94379 29.1284,-30.94381 29.12842,-30.94396 29.12845,-30.9445 29.12846,-30.94475 29.12847,-30.94499 29.12847,-30.94502 29.12848,-30.9454 29.12849,-30.94563 29.12849,-30.94572 29.1285,-30.94588 29.12853,-30.94633 29.12853,-30.94637 29.12857,-30.94653 29.12867,-30.94691 29.12869,-30.94708 29.1287,-30.94717 29.12877,-30.94765 29.12876,-30.94842 29.12876,-30.94864 29.12875,-30.94899 29.1287,-30.94934 29.12869,-30.94946 29.12868,-30.9495 29.12868,-30.94953 29.12858,-30.95 29.12844,-30.95021 29.12833,-30.95038 29.12818,-30.95079 29.12822,-30.95122 29.12828,-30.95164 29.12853,-30.95198 29.1288,-30.9523 29.12882,-30.95231 29.12883,-30.95233 29.12942,-30.95283 29.12966,-30.95297 29.12997,-30.95316 29.13025,-30.95332 29.13063,-30.95354 29.13073,-30.95358 29.1313,-30.95382 29.13135,-30.95384 29.1314,-30.95386 29.13175,-30.95399 29.13234,-30.9541 29.133,-30.95418 29.13345,-30.95423 29.13393,-30.95425 29.13429,-30.95425 29.13485,-30.95415 29.13533,-30.95402 29.13577,-30.95394 29.13622,-30.9538 29.13657,-30.95372 29.13697,-30.95366 29.1374,-30.95354 29.1378,-30.95347 29.13826,-30.95345 29.13877,-30.95339 29.13939,-30.95326 29.13982,-30.95316 29.14034,-30.95305 29.14079,-30.95292 29.14139,-30.95281 29.1424,-30.95255 29.14275,-30.95247 29.14362,-30.95236 29.14402,-30.95229 29.14498,-30.95222 29.14577,-30.95219 29.14631,-30.95212 29.14672,-30.95204 29.14728,-30.95193 29.14813,-30.9518 29.14813,-30.9518 29.14832,-30.95177 29.14875,-30.95179 29.14916,-30.95176 29.14968,-30.95178 29.15023,-30.95181 29.15062,-30.95183 29.15138,-30.95193 29.1523,-30.95211 29.15252,-30.95207 29.15255,-30.95207 29.15297,-30.95217 29.15298,-30.95218 29.15302,-30.95222 29.15317,-30.95238 29.15324,-30.95245 29.1533,-30.95251 29.15348,-30.9527 29.15366,-30.95298 29.15381,-30.95342 29.15396,-30.9538 29.15403,-30.95403 29.1541,-30.95423 29.15414,-30.95434 29.15414,-30.95435 29.1542,-30.95442 29.15439,-30.95466 29.15445,-30.95504 29.15448,-30.9552 29.15448,-30.95523 29.15448,-30.95564 29.15448,-30.95597 29.15448,-30.95628 29.15448,-30.9565 29.15448,-30.95652 29.15447,-30.95656 29.15442,-30.95704 29.15435,-30.9576 29.15429,-30.95781 29.15429,-30.95781 29.15419,-30.9582 29.15414,-30.9584 29.15403,-30.95889 29.15379,-30.95951 29.15378,-30.95955 29.15376,-30.95966 29.15373,-30.95982 29.15367,-30.96017 29.15366,-30.96023 29.15366,-30.96023 29.15349,-30.96075 29.15338,-30.96102 29.15333,-30.96113 29.15332,-30.96114 29.15321,-30.9614 29.15311,-30.96159 29.15295,-30.9619 29.15284,-30.96223 29.15279,-30.96234 29.15272,-30.96249 29.15267,-30.96259 29.15261,-30.96267 29.15245,-30.96292 29.15232,-30.96306 29.15219,-30.9632 29.15218,-30.9632 29.15169,-30.96338 29.15145,-30.96348 29.15133,-30.96353 29.1512,-30.96358 29.15113,-30.9636 29.15087,-30.9637 29.15049,-30.96399 29.15022,-30.96432 29.14988,-30.96478 29.14958,-30.96522 29.14908,-30.96579 29.14877,-30.96612 29.14848,-30.96652 29.14838,-30.96678 29.14831,-30.96696 29.14829,-30.96701 29.14822,-30.96746 29.14808,-30.96782 29.14793,-30.96814 29.14791,-30.96818 29.14791,-30.96818 29.14747,-30.96864 29.1472,-30.969 29.14718,-30.96909 29.14717,-30.96911 29.14717,-30.96911 29.147,-30.96923 29.14675,-30.96938 29.14654,-30.9695 29.14637,-30.96966 29.14631,-30.96978 29.14628,-30.96985 29.14618,-30.97002 29.14607,-30.97017 29.14606,-30.97018 29.1459,-30.97037 29.14571,-30.9706 29.1456,-30.97074 29.14551,-30.97085 29.14544,-30.97091 29.14536,-30.97098 29.14519,-30.97123 29.14503,-30.97143 29.14494,-30.97162 29.14485,-30.97184 29.14484,-30.97204 29.14485,-30.97228 29.14489,-30.97252 29.1451,-30.97284 29.14527,-30.97301 29.14527,-30.97302 29.14549,-30.97318 29.14574,-30.97351 29.14576,-30.97354 29.14605,-30.97381 29.14641,-30.97417 29.14659,-30.97434 29.1466,-30.97435 29.14669,-30.97444 29.14673,-30.97448 29.14685,-30.97459 29.14687,-30.9746 29.14691,-30.97463 29.1469,-30.97464 29.1469,-30.97464 29.14697,-30.97471 29.14684,-30.97474 29.14684,-30.97475 29.14679,-30.97483 29.14667,-30.97499 29.14647,-30.9752 29.14647,-30.9752 29.14641,-30.97534 29.14625,-30.97621 29.14625,-30.97657 29.14625,-30.97657 29.14614,-30.97647 29.1461,-30.97657 29.14596,-30.97641 29.14475,-30.97571 29.14423,-30.97543 29.1436,-30.97504 29.14311,-30.97479 29.14226,-30.97421 29.14169,-30.97388 29.14125,-30.97372 29.14071,-30.97351 29.14001,-30.9732 29.13935,-30.9729 29.13932,-30.97288 29.13907,-30.97281 29.13901,-30.9728 29.1386,-30.97271 29.13855,-30.9727 29.13814,-30.97264 29.13801,-30.97263 29.13801,-30.97263 29.13751,-30.97257 29.13749,-30.97257 29.13717,-30.97253 29.13717,-30.97253 29.13709,-30.97253 29.13661,-30.97251 29.13595,-30.97259 29.13543,-30.97278 29.13526,-30.97286 29.13471,-30.97312 29.13467,-30.97314 29.13449,-30.97322 29.13397,-30.97349 29.13386,-30.97357 29.13356,-30.97378 29.13326,-30.97398 29.1331,-30.97408 29.13286,-30.97423 29.13283,-30.97425 29.13275,-30.97429 29.13233,-30.97459 29.13233,-30.97459 29.13233,-30.97459 29.13196,-30.97473 29.13137,-30.97487 29.13128,-30.9749 29.13127,-30.9749 29.1305,-30.9751 29.12954,-30.97523 29.12926,-30.97526 29.12889,-30.97531 29.12867,-30.97533 29.12818,-30.97545 29.12779,-30.97548 29.12776,-30.97548 29.12753,-30.97554 29.1274,-30.97557 29.12715,-30.9756 29.12674,-30.97566 29.12629,-30.97569 29.12623,-30.9757 29.12618,-30.9757 29.12362,-30.9761 29.12252,-30.97616 29.12149,-30.97625 29.12003,-30.97635 29.11892,-30.97639 29.11854,-30.97642 29.11852,-30.97642 29.11851,-30.97643 29.11838,-30.97645 29.11814,-30.97647 29.11813,-30.97647 29.11787,-30.9765 29.11748,-30.97649 29.11724,-30.97648 29.11624,-30.97644 29.11559,-30.97644 29.11535,-30.97646 29.11534,-30.97646 29.11495,-30.97649 29.11491,-30.9765 29.11376,-30.9767 29.11374,-30.97662 29.11374,-30.97661 29.11371,-30.97661 29.11334,-30.97668 29.11332,-30.97668 29.11287,-30.97676 29.11216,-30.97694 29.11178,-30.97704 29.11149,-30.97711 29.11118,-30.97718 29.11092,-30.97723 29.11045,-30.97734 29.11039,-30.97735 29.11025,-30.97738 29.10998,-30.97746 29.10964,-30.97755 29.10948,-30.97758 29.10914,-30.97765 29.10859,-30.97779 29.10843,-30.97783 29.10826,-30.97788 29.1075,-30.97809 29.10658,-30.97835 29.10619,-30.97845 29.10611,-30.97847 29.10608,-30.97848 29.10577,-30.97856 29.10527,-30.97865 29.10507,-30.97869 29.10445,-30.97883 29.10394,-30.97901 29.10346,-30.97925 29.10317,-30.97951 29.10277,-30.9799 29.10273,-30.97997 29.10273,-30.97997 29.10249,-30.98035 29.10247,-30.98038 29.10246,-30.9804 29.10219,-30.98083 29.10196,-30.98123 29.10178,-30.98176 29.10163,-30.98228 29.10161,-30.98272 29.10163,-30.98282 29.10164,-30.98314 29.10165,-30.98324 29.10165,-30.98326 29.10177,-30.98354 29.10216,-30.98394 29.10252,-30.98422 29.10259,-30.98424 29.10311,-30.98444 29.10365,-30.98463 29.1038,-30.98468 29.10397,-30.98474 29.10489,-30.98493 29.10541,-30.98504 29.10648,-30.98503 29.10662,-30.98501 29.10697,-30.98496 29.10758,-30.98491 29.10767,-30.98489 29.10777,-30.98487 29.10828,-30.98483 29.10837,-30.98483 29.10843,-30.98482 29.10901,-30.9848 29.10955,-30.98478 29.11004,-30.98483 29.11066,-30.98493 29.11112,-30.98512 29.11139,-30.98525 29.11155,-30.98532 29.11199,-30.98546 29.11241,-30.9855 29.1125,-30.98551 29.11294,-30.98549 29.11294,-30.98549 29.11326,-30.98547 29.11367,-30.98542 29.11368,-30.98542 29.11382,-30.9854 29.11433,-30.98546 29.11441,-30.98549 29.11451,-30.98553 29.11454,-30.98554 29.11475,-30.9856 29.11539,-30.98585 29.11546,-30.98588 29.11557,-30.98592 29.11591,-30.98601 29.1163,-30.98605 29.11633,-30.98605 29.11638,-30.98606 29.11648,-30.98607 29.11716,-30.98615 29.11764,-30.98614 29.1181,-30.98613 29.11876,-30.98612 29.11879,-30.98612 29.11897,-30.98612 29.11974,-30.98617 29.12007,-30.9862 29.1201,-30.9862 29.12044,-30.98623 29.12116,-30.98633 29.12117,-30.98633 29.12122,-30.98634 29.12193,-30.98642 29.12202,-30.98643 29.1224,-30.98648 29.12251,-30.98649 29.12266,-30.98649 29.12315,-30.98649 29.12354,-30.98655 29.12476,-30.98703 29.12512,-30.98718 29.12513,-30.98719 29.12573,-30.98744 29.12589,-30.9875 29.12626,-30.98765 29.1267,-30.98787 29.12704,-30.98805 29.12708,-30.98807 29.12734,-30.98822 29.12754,-30.98832 29.12755,-30.98832 29.12781,-30.98845 29.12807,-30.98853 29.12809,-30.98854 29.12828,-30.9886 29.12838,-30.98863 29.12863,-30.9887 29.12895,-30.98878 29.12944,-30.98888 29.12968,-30.98892 29.13004,-30.98899 29.13106,-30.98914 29.13115,-30.98915 29.13135,-30.98918 29.1317,-30.98924 29.13191,-30.98927 29.13199,-30.98928 29.13208,-30.98929 29.13217,-30.98929 29.13227,-30.9893 29.13266,-30.98936 29.13276,-30.98937 29.13295,-30.98939 29.13327,-30.98943 29.13357,-30.98947 29.13414,-30.98956 29.13433,-30.98957 29.13434,-30.98957 29.13444,-30.98957 29.13495,-30.98959 29.13512,-30.98961 29.13512,-30.98961 29.13539,-30.98965 29.13548,-30.98967 29.13583,-30.98973 29.13602,-30.98976 29.13643,-30.98985 29.13654,-30.98987 29.13674,-30.98992 29.1369,-30.98997 29.13713,-30.99003 29.13731,-30.99008 29.13759,-30.99016 29.13789,-30.99027 29.13824,-30.9904 29.13864,-30.99063 29.13869,-30.99066 29.13887,-30.99079 29.13939,-30.99118 29.13949,-30.99125 29.13976,-30.99145 29.14024,-30.99179 29.14045,-30.99196 29.14071,-30.99219 29.14072,-30.9922 29.14078,-30.99225 29.14105,-30.99254 29.14114,-30.99264 29.14129,-30.99282 29.1416,-30.99318 29.1418,-30.99352 29.14186,-30.99361 29.1419,-30.99366 29.14199,-30.99378 29.14213,-30.99406 29.14217,-30.99415 29.14229,-30.99443 29.14232,-30.99453 29.14239,-30.99475 29.14241,-30.99481 29.14257,-30.99511 29.14259,-30.99514 29.14272,-30.99534 29.14277,-30.99547 29.14277,-30.99547 29.14281,-30.99559 29.1429,-30.99584 29.14303,-30.99629 29.14315,-30.99666 29.14319,-30.99679 29.1432,-30.99686 29.1432,-30.99687 29.1432,-30.99687 29.14322,-30.99725 29.14323,-30.99737 29.14325,-30.9978 29.14327,-30.99799 29.14328,-30.99861 29.14325,-30.99913 29.14324,-30.99925 29.14321,-30.99949 29.14318,-30.99961 29.14318,-30.99961 29.14313,-30.99986 29.14304,-31.00011 29.14296,-31.00031 29.14296,-31.00041 29.14281,-31.00075 29.14273,-31.00094 29.14225,-31.00207 29.1419,-31.00297 29.14179,-31.00324 29.14151,-31.0036 29.14134,-31.00382 29.14125,-31.00397 29.14116,-31.00416 29.14077,-31.00496 29.14042,-31.00537 29.14039,-31.00541 29.14021,-31.00571 29.14005,-31.00593 29.13952,-31.00665 29.13886,-31.0072 29.13819,-31.0077 29.13818,-31.00771 29.13803,-31.00782 29.13728,-31.00818 29.13713,-31.00822 29.13607,-31.00847 29.13595,-31.00851 29.13516,-31.00877 29.13499,-31.00882 29.13487,-31.00886 29.13368,-31.00916 29.13337,-31.00924 29.13226,-31.00953 29.13222,-31.00954 29.13161,-31.00978 29.13087,-31.01007 29.13057,-31.01019 29.13015,-31.01035 29.13008,-31.01036 29.12922,-31.01087 29.12906,-31.01098 29.12882,-31.01116 29.1284,-31.01139 29.12786,-31.0117 29.12767,-31.01178 29.12712,-31.01203 29.12561,-31.01309 29.125,-31.01354 29.12496,-31.01357 29.12495,-31.01358 29.12454,-31.01399 29.12427,-31.01436 29.12426,-31.01438 29.12413,-31.01456 29.12383,-31.01506 29.12381,-31.01509 29.12345,-31.01538 29.12345,-31.01538 29.12322,-31.01557 29.12321,-31.01558 29.12294,-31.01582 29.12285,-31.01604 29.12285,-31.01605 29.12278,-31.01654 29.12278,-31.01654 29.12275,-31.01681 29.12275,-31.01681 29.12274,-31.01686 29.12272,-31.01691 29.12271,-31.01696 29.12274,-31.01716 29.12275,-31.01735 29.1228,-31.01741 29.12313,-31.01787 29.12377,-31.01874 29.12468,-31.01919 29.12505,-31.01936 29.12533,-31.01939 29.12533,-31.0194 29.12533,-31.01947 29.12548,-31.01951 29.12545,-31.01979 29.12546,-31.02002 29.12534,-31.02016 29.1253,-31.0202 29.12519,-31.02022 29.12503,-31.02029 29.12499,-31.0203 29.12496,-31.02032 29.12463,-31.02049 29.1246,-31.02051 29.12457,-31.02059 29.12456,-31.0207 29.12456,-31.02081 29.12453,-31.02086 29.12447,-31.02095 29.12441,-31.02102 29.1243,-31.02115 29.12427,-31.0212 29.12424,-31.02125 29.12421,-31.02129 29.12412,-31.02166 29.12362,-31.02201 29.12336,-31.02224 29.12334,-31.0223 29.1233,-31.02237 29.12327,-31.02241 29.12315,-31.02253 29.1231,-31.02262 29.12307,-31.02265 29.12302,-31.02267 29.12299,-31.02267 29.12286,-31.02265 29.12282,-31.02265 29.12255,-31.02277 29.12252,-31.02282 29.1225,-31.02283 29.12248,-31.02287 29.12248,-31.02293 29.12244,-31.02293 29.12241,-31.02297 29.12233,-31.02303 29.1223,-31.02305 29.12224,-31.02306 29.12211,-31.02307 29.12179,-31.02335 29.12164,-31.02342 29.12158,-31.02348 29.12132,-31.02362 29.12121,-31.02366 29.12111,-31.02372 29.12103,-31.02375 29.12093,-31.02379 29.12087,-31.02383 29.12067,-31.02392 29.12057,-31.02396 29.12031,-31.02412 29.1203,-31.02413 29.12028,-31.02415 29.12024,-31.02423 29.12018,-31.02433 29.12018,-31.02442 29.1202,-31.0245 29.12023,-31.02458 29.12024,-31.02463 29.12027,-31.02467 29.12042,-31.02477 29.12053,-31.02481 29.12066,-31.02487 29.12074,-31.02493 29.12079,-31.02497 29.12109,-31.02511 29.12053,-31.0256 29.12017,-31.02595 29.12006,-31.02657 29.12008,-31.02666 29.12018,-31.02693 29.12029,-31.02715 29.12029,-31.02724 29.12031,-31.02729 29.12024,-31.02785 29.11997,-31.02805 29.11989,-31.02813 29.11966,-31.02833 29.11941,-31.02846 29.11918,-31.02858 29.11913,-31.02861 29.11902,-31.02868 29.11897,-31.02878 29.11879,-31.02892 29.11859,-31.02898 29.11841,-31.0291 29.1183,-31.02923 29.11809,-31.02943 29.11792,-31.02952 29.11777,-31.02962 29.11771,-31.02968 29.11754,-31.02963 29.11743,-31.0295 29.11732,-31.02926 29.11729,-31.02913 29.11729,-31.02911 29.11725,-31.02893 29.1172,-31.02861 29.11713,-31.02832 29.11709,-31.02823 29.11679,-31.02793 29.11637,-31.028 29.11599,-31.02808 29.11587,-31.02815 29.11567,-31.02819 29.11553,-31.02819 29.11545,-31.02821 29.11475,-31.02877 29.11457,-31.0289 29.11453,-31.02894 29.1144,-31.02905 29.11431,-31.02912 29.11415,-31.02925 29.11402,-31.02939 29.11394,-31.02953 29.11386,-31.02968 29.11375,-31.02985 29.11359,-31.03006 29.11352,-31.03017 29.11341,-31.03027 29.11326,-31.03031 29.1132,-31.03039 29.11257,-31.03067 29.11222,-31.03088 29.11203,-31.03115 29.112,-31.03127 29.11194,-31.0314 29.11188,-31.03153 29.11183,-31.03164 29.11179,-31.03201 29.1119,-31.03217 29.11206,-31.03221 29.11213,-31.03238 29.11206,-31.03259 29.11207,-31.03264 29.11194,-31.03288 29.11191,-31.03301 29.11185,-31.0333 29.11144,-31.03323 29.11107,-31.03325 29.11071,-31.03319 29.11054,-31.03314 29.11045,-31.03314 29.10975,-31.03321 29.10964,-31.03339 29.10964,-31.03345 29.10957,-31.03378 29.10949,-31.03402 29.10935,-31.0343 29.1092,-31.03444 29.10912,-31.03504 29.10896,-31.03512 29.109,-31.03553 29.109,-31.03553 29.10872,-31.03537 29.10865,-31.0353 29.10862,-31.03532 29.10848,-31.03519 29.10839,-31.03514 29.10837,-31.03512 29.10833,-31.03508 29.10813,-31.03491 29.10803,-31.03482 29.10788,-31.03467 29.10783,-31.03464 29.10721,-31.03433 29.10651,-31.03398 29.10664,-31.03319 29.1066,-31.03311 29.10658,-31.0329 29.10661,-31.03284 29.10664,-31.03276 29.10665,-31.03272 29.10665,-31.03251 29.10662,-31.03246 29.10658,-31.03241 29.10657,-31.03239 29.1064,-31.03214 29.10632,-31.03205 29.10626,-31.03198 29.1062,-31.03186 29.1062,-31.03185 29.10619,-31.03184 29.10619,-31.03184 29.10559,-31.03117 29.10551,-31.03107 29.10548,-31.03104 29.10543,-31.03102 29.10541,-31.03101 29.10535,-31.03091 29.10472,-31.03022 29.10468,-31.03018 29.10453,-31.03009 29.10443,-31.03007 29.10431,-31.03005 29.10418,-31.02993 29.10415,-31.02991 29.10412,-31.0299 29.10391,-31.02985 29.10364,-31.02971 29.10341,-31.02951 29.10335,-31.02945 29.10329,-31.02939 29.10323,-31.02933 29.10322,-31.02933 29.10316,-31.02937 29.10307,-31.02943 29.10298,-31.0295 29.10281,-31.02969 29.10279,-31.02971 29.10255,-31.02984 29.1025,-31.02986 29.1023,-31.02994 29.10212,-31.03004 29.10203,-31.03011 29.10201,-31.03011 29.10185,-31.03025 29.10177,-31.03039 29.10171,-31.03051 29.10163,-31.03066 29.10154,-31.03096 29.10153,-31.03103 29.1015,-31.03117 29.10141,-31.03128 29.10125,-31.03148 29.10113,-31.03167 29.10092,-31.03175 29.10078,-31.03175 29.1007,-31.03176 29.10027,-31.03186 29.09967,-31.03204 29.09948,-31.03219 29.09941,-31.03224 29.09933,-31.03227 29.09927,-31.0323 29.0992,-31.03234 29.09909,-31.03244 29.09887,-31.03263 29.09854,-31.03285 29.09839,-31.03295 29.09833,-31.03301 29.09831,-31.03301 29.0983,-31.033 29.09794,-31.03326 29.0977,-31.03351 29.09767,-31.03354 29.09737,-31.03372 29.09699,-31.03384 29.09658,-31.03387 29.0961,-31.03392 29.09571,-31.03392 29.09566,-31.03392 29.09541,-31.03392 29.09523,-31.03396 29.09516,-31.03397 29.09494,-31.03399 29.0945,-31.03403 29.0945,-31.03405 29.09449,-31.03405 29.09436,-31.03411 29.09395,-31.03424 29.09392,-31.03425 29.09354,-31.03437 29.09293,-31.03459 29.09279,-31.03465 29.09258,-31.03474 29.09236,-31.03478 29.09186,-31.03488 29.09153,-31.03508 29.09136,-31.03525 29.09122,-31.03549 29.09121,-31.03551 29.0911,-31.03574 29.09097,-31.03601 29.0909,-31.03607 29.09089,-31.03609 29.09077,-31.03623 29.09075,-31.03624 29.09072,-31.03625 29.09071,-31.03626 29.0906,-31.03638 29.09044,-31.03639 29.09027,-31.03649 29.0898,-31.03658 29.08943,-31.0366 29.0894,-31.03663 29.08936,-31.03663 29.08928,-31.03663 29.08902,-31.03676 29.0889,-31.03683 29.08868,-31.03695 29.08839,-31.03697 29.08808,-31.03698 29.08801,-31.03698 29.08776,-31.03697 29.08756,-31.03697 29.08729,-31.03706 29.08714,-31.03713 29.08703,-31.03721 29.08696,-31.03727 29.08693,-31.0373 29.08687,-31.0373 29.08687,-31.0373 29.08649,-31.03732 29.08606,-31.03725 29.08598,-31.03721 29.08585,-31.03715 29.08578,-31.03715 29.08576,-31.0371 29.08561,-31.0371 29.0856,-31.0371 29.08554,-31.0371 29.08535,-31.03709 29.08519,-31.03714 29.08492,-31.03723 29.08462,-31.03726 29.08428,-31.03731 29.0841,-31.03748 29.0841,-31.03749 29.08408,-31.03749 29.08399,-31.03749 29.08385,-31.03753 29.08369,-31.03756 29.08352,-31.03761 29.08338,-31.03771 29.08331,-31.03782 29.08328,-31.03792 29.08325,-31.03798 29.08322,-31.03799 29.08317,-31.03804 29.08316,-31.03805 29.08308,-31.03814 29.08284,-31.03829 29.08267,-31.03837 29.08262,-31.03839 29.08244,-31.03848 29.08235,-31.03854 29.08232,-31.03858 29.0823,-31.03857 29.08206,-31.03873 29.08198,-31.03882 29.08185,-31.03898 29.08169,-31.03909 29.08148,-31.03911 29.08138,-31.03914 29.08104,-31.03922 29.08065,-31.03951 29.08047,-31.03962 29.08047,-31.03964 29.08048,-31.03966 29.08045,-31.03967 29.08036,-31.03985 29.08026,-31.03994 29.08008,-31.03996 29.08007,-31.03996 29.07992,-31.03996 29.07982,-31.03998 29.07972,-31.04002 29.07968,-31.04004 29.07919,-31.04025 29.07903,-31.04025 29.07893,-31.04029 29.07887,-31.04025 29.07885,-31.04025 29.07881,-31.0402 29.07875,-31.04013 29.0787,-31.04004 29.07869,-31.04003 29.07861,-31.04003 29.07854,-31.04012 29.07842,-31.04019 29.07842,-31.04019 29.07832,-31.04028 29.07828,-31.04029 29.07826,-31.0403 29.07809,-31.04032 29.07806,-31.04032 29.07772,-31.04032 29.07761,-31.04028 29.07755,-31.04026 29.07751,-31.0402 29.07743,-31.04012 29.07738,-31.0401 29.07731,-31.04005 29.07728,-31.04005 29.07721,-31.04005 29.0772,-31.04002 29.07717,-31.03986 29.07717,-31.03982 29.07716,-31.03977 29.07703,-31.03977 29.07693,-31.0398 29.07672,-31.03987 29.0767,-31.03987 29.0766,-31.03997 29.07648,-31.04015 29.07647,-31.04018 29.07645,-31.04023 29.0763,-31.04046 29.07627,-31.04045 29.07621,-31.04049 29.07617,-31.04047 29.07602,-31.04041 29.07588,-31.04029 29.07582,-31.04023 29.07582,-31.04023 29.07581,-31.04022 29.07574,-31.04018 29.07568,-31.04007 29.07547,-31.03984 29.07536,-31.03962 29.07525,-31.0394 29.07526,-31.03927 29.07526,-31.03907 29.0751,-31.03884 29.07432,-31.0386 29.07401,-31.03801 29.0738,-31.03779 29.07215,-31.03765 29.07212,-31.03761 29.07198,-31.0376 29.07162,-31.03708 29.07116,-31.03659 29.07108,-31.03647 29.07047,-31.0358 29.06984,-31.0348 29.0694,-31.03497 29.06897,-31.03536 29.06865,-31.03571 29.0682,-31.03618 29.06774,-31.03657 29.06695,-31.0371 29.06508,-31.03793 29.06475,-31.03793 29.06474,-31.03795 29.06475,-31.03793 29.06479,-31.03759 29.06438,-31.03715 29.06437,-31.03714 29.06437,-31.03714 29.06436,-31.03714 29.06435,-31.03713 29.06408,-31.03698 29.06345,-31.03662 29.06343,-31.03661 29.06311,-31.03606 29.06311,-31.03549 29.06289,-31.03492 29.06289,-31.03492 29.06289,-31.03492 29.06231,-31.03462 29.06192,-31.0347 29.06156,-31.03473 29.06081,-31.03489 29.0606,-31.03477 29.06045,-31.0346 29.06046,-31.03452 29.06048,-31.03438 29.06052,-31.03393 29.06056,-31.03341 29.06057,-31.03326 29.06058,-31.03318 29.06059,-31.03316 29.06061,-31.03305 29.06062,-31.03295 29.06063,-31.03284 29.06063,-31.03241 29.06063,-31.03241 29.05997,-31.03238 29.05937,-31.03204 29.05933,-31.03202 29.0593,-31.032 29.05806,-31.03196 29.05731,-31.03207 29.05691,-31.03215 29.05637,-31.03207 29.05478,-31.03169 29.05463,-31.03177 29.05453,-31.03165 29.05448,-31.03158 29.05456,-31.03131 29.0546,-31.03112 29.05464,-31.03097 29.05469,-31.03074 29.05473,-31.03055 29.05487,-31.03028 29.05509,-31.02968 29.05563,-31.02872 29.05638,-31.02819 29.05722,-31.02754 29.05722,-31.02694 29.05669,-31.02644 29.05588,-31.02606 29.0558,-31.02602 29.05505,-31.02587 29.05416,-31.02549 29.05332,-31.02469 29.05266,-31.02363 29.05213,-31.02294 29.05133,-31.02245 29.05036,-31.02214 29.04978,-31.02173 29.04912,-31.021 29.04841,-31.02074 29.04743,-31.02062 29.04623,-31.02062 29.04533,-31.02037 29.04472,-31.0196 29.04418,-31.0186 29.04404,-31.01832 29.04363,-31.01696 29.0436,-31.0168 29.04298,-31.01516 29.04286,-31.0145 29.04284,-31.01361 29.04293,-31.01208 29.043,-31.01162 29.04302,-31.01078 29.04299,-31.01041 29.04298,-31.0104 29.04292,-31.0103 29.04264,-31.00999 29.0419,-31.00957 29.04181,-31.00954 29.0419,-31.00933 29.04179,-31.00954 29.04012,-31.00901 29.03976,-31.00885 29.03831,-31.00832 29.0376,-31.00778 29.03713,-31.00759 29.03663,-31.00752 29.03618,-31.00765 29.03561,-31.00807 29.03492,-31.00854 29.03447,-31.00881 29.034,-31.00898 29.03306,-31.00917 29.03244,-31.00921 29.03185,-31.00914 29.03144,-31.00888 29.03097,-31.00843 29.03072,-31.00797 29.03072,-31.00721 29.03053,-31.00658 29.0303,-31.00632 29.02948,-31.00567 29.02801,-31.00481 29.02759,-31.00457 29.02743,-31.00445 29.02682,-31.00412 29.02631,-31.00409 29.02615,-31.00413 29.02577,-31.00424 29.02479,-31.00451 29.0242,-31.0045 29.02361,-31.00433 29.02296,-31.00396 29.02246,-31.00345 29.02217,-31.00321 29.02173,-31.00306 29.02103,-31.00302 29.01972,-31.00325 29.01927,-31.00312 29.01901,-31.00292 29.01877,-31.00273 29.01858,-31.00261 29.01818,-31.00235 29.01767,-31.00229 29.01713,-31.00235 29.01631,-31.00255 29.01567,-31.0027 29.01539,-31.0029 29.01496,-31.00345 29.01476,-31.00392 29.01474,-31.00397 29.01456,-31.00426 29.0144,-31.00459 29.01411,-31.00501 29.01401,-31.00515 29.01362,-31.00566 29.01355,-31.00577 29.01325,-31.0062 29.01326,-31.00659 29.01321,-31.00948 29.01321,-31.01139 29.01329,-31.01218 29.01339,-31.01234 29.01335,-31.01257 29.01333,-31.0127 29.01334,-31.01291 29.0134,-31.01325 29.01353,-31.01372 29.01365,-31.01439 29.01387,-31.01492 29.014,-31.01519 29.014,-31.01531 29.01415,-31.01557 29.01432,-31.01585 29.01461,-31.01636 29.01474,-31.01662 29.01484,-31.0168 29.01494,-31.01719 29.01492,-31.01768 29.01479,-31.01822 29.01467,-31.01868 29.01441,-31.01998 29.01408,-31.02005 29.01184,-31.02002 29.01121,-31.01993 29.01112,-31.01991 29.0109,-31.01986 29.01059,-31.01979 29.01017,-31.01964 29.00966,-31.01945 29.00943,-31.01936 29.00925,-31.01928 29.00915,-31.01924 29.00903,-31.01919 29.00869,-31.01906 29.00833,-31.01893 29.00826,-31.01891 29.00805,-31.01861 29.00777,-31.01855 29.0074,-31.0185 29.0072,-31.01847 29.00701,-31.01846 29.00697,-31.01849 29.0067,-31.01848 29.00651,-31.01836 29.00634,-31.01827 29.00616,-31.01824 29.00596,-31.01821 29.00579,-31.01813 29.00546,-31.01809 29.00522,-31.01811 29.00513,-31.01812 29.00506,-31.0182 29.0049,-31.01804 29.00469,-31.018 29.00459,-31.01803 29.00436,-31.01803 29.00431,-31.01806 29.00419,-31.0182 29.00381,-31.01846 29.00351,-31.01852 29.00314,-31.0184 29.00295,-31.01846 29.00279,-31.01854 29.00287,-31.01868 29.00293,-31.01886 29.00277,-31.01889 29.00273,-31.019 29.00255,-31.01907 29.00232,-31.0192 29.00235,-31.01926 29.00252,-31.01934 29.00252,-31.01952 29.00238,-31.01958 29.00225,-31.01959 29.00218,-31.01964 29.00218,-31.01975 29.00222,-31.0199 29.00222,-31.02002 29.00209,-31.02015 29.00209,-31.0203 29.00213,-31.02047 29.00196,-31.0205 29.00178,-31.02053 29.00172,-31.02063 29.00171,-31.0208 29.00172,-31.02093 29.00158,-31.02093 29.00153,-31.02117 29.00155,-31.02132 29.00155,-31.02149 29.00145,-31.02159 29.00115,-31.02153 29.00109,-31.02166 29.00109,-31.02176 29.00114,-31.0218 29.00122,-31.02182 29.00118,-31.02192 29.00115,-31.02206 29.00105,-31.02202 29.00097,-31.02202 29.0008,-31.02208 29.0007,-31.02224 29.00061,-31.02237 29.00061,-31.02251 29.00066,-31.02273 29.00076,-31.02278 29.00092,-31.02281 29.00101,-31.02306 29.00094,-31.02314 29.00085,-31.0232 29.00077,-31.02314 29.00067,-31.02319 29.00082,-31.02336 29.00077,-31.02347 29.0007,-31.02361 29.00055,-31.02382 29.00047,-31.02406 29.00035,-31.02423 29.00026,-31.02439 29.00008,-31.02457 28.99998,-31.02468 28.9999,-31.02487 28.99983,-31.02498 28.99971,-31.02513 28.99958,-31.02524 28.99941,-31.0253 28.99921,-31.0254 28.9991,-31.02552 28.99901,-31.02565 28.99891,-31.02585 28.99889,-31.02599 28.99878,-31.02614 28.99852,-31.02604 28.99841,-31.02604 28.99834,-31.02605 28.99827,-31.02613 28.99815,-31.02625 28.99802,-31.02628 28.99784,-31.02624 28.99768,-31.02627 28.99748,-31.02639 28.99723,-31.02642 28.99704,-31.02643 28.99674,-31.02643 28.99653,-31.02645 28.99636,-31.02647 28.99626,-31.02651 28.99609,-31.02671 28.99597,-31.02685 28.99589,-31.02698 28.99579,-31.0272 28.99569,-31.02729 28.9955,-31.02729 28.99541,-31.02719 28.99541,-31.02709 28.99506,-31.02709 28.99489,-31.02706 28.99469,-31.02699 28.99453,-31.02699 28.99436,-31.027 28.99422,-31.02699 28.99414,-31.02692 28.99392,-31.0267 28.99383,-31.02667 28.9934,-31.02645 28.99311,-31.02639 28.99264,-31.02638 28.99161,-31.02645 28.99141,-31.02653 28.99123,-31.02657 28.99089,-31.02666 28.99066,-31.02664 28.99018,-31.02668 28.99018,-31.02679 28.98999,-31.02686 28.98958,-31.02676 28.9893,-31.02666 28.98905,-31.02653 28.98873,-31.02636 28.98818,-31.02599 28.98782,-31.02574 28.98763,-31.02566 28.98743,-31.02559 28.98739,-31.02546 28.98724,-31.02536 28.98709,-31.02512 28.98702,-31.02495 28.9869,-31.02485 28.98677,-31.02484 28.98646,-31.02494 28.98635,-31.02491 28.98591,-31.02468 28.98584,-31.02454 28.98574,-31.02457 28.98567,-31.0245 28.98549,-31.02424 28.98528,-31.02428 28.98507,-31.02441 28.98468,-31.02419 28.98452,-31.02417 28.98434,-31.02395 28.98409,-31.0236 28.98401,-31.02348 28.98374,-31.02328 28.98366,-31.02299 28.98343,-31.02279 28.98322,-31.02276 28.98276,-31.02279 28.98254,-31.02276 28.98209,-31.0228 28.98166,-31.02286 28.98153,-31.02298 28.98142,-31.02309 28.9812,-31.02323 28.981,-31.02323 28.98086,-31.0234 28.98073,-31.0234 28.98041,-31.02356 28.98023,-31.02383 28.98012,-31.02409 28.97998,-31.02431 28.97977,-31.02453 28.97948,-31.02484 28.97931,-31.0249 28.97894,-31.02502 28.979,-31.02515 28.97918,-31.02571 28.9792,-31.02623 28.97918,-31.02666 28.97903,-31.0271 28.97886,-31.0273 28.97938,-31.02752 28.9797,-31.02775 28.97984,-31.02813 28.97989,-31.02892 28.97963,-31.02928 28.97968,-31.0295 28.98001,-31.02968 28.98038,-31.03007 28.98057,-31.03037 28.98062,-31.0312 28.98057,-31.03198 28.98071,-31.03247 28.98087,-31.03249 28.98141,-31.03267 28.98235,-31.03322 28.98276,-31.03358 28.98328,-31.03493 28.98363,-31.0356 28.98403,-31.03687 28.98405,-31.03743 28.98325,-31.03796 28.98249,-31.03879 28.98207,-31.03905 28.98181,-31.03937 28.98106,-31.04012 28.98071,-31.04032 28.98031,-31.04048 28.97923,-31.04054 28.97825,-31.0406 28.9779,-31.04086 28.97764,-31.04129 28.97766,-31.04189 28.97811,-31.04254 28.97935,-31.04313 28.98108,-31.04375 28.98115,-31.04403 28.98092,-31.0444 28.98041,-31.04462 28.97854,-31.0449 28.97816,-31.04518 28.97814,-31.04553 28.98006,-31.04858 28.98032,-31.04918 28.98071,-31.05059 28.98167,-31.05223 28.98258,-31.05386 28.9826,-31.05401 28.98228,-31.05411 28.98162,-31.05431 28.98089,-31.05457 28.97998,-31.05528 28.97902,-31.05637 28.97888,-31.05677 28.97888,-31.05746 28.97862,-31.05834 28.97796,-31.05962 28.97721,-31.06004 28.97662,-31.06018 28.97625,-31.06002 28.9758,-31.05943 28.97494,-31.05937 28.97412,-31.05937 28.97318,-31.05941 28.97243,-31.05921 28.97215,-31.05925 28.97163,-31.05931 28.9713,-31.05951 28.97074,-31.06022 28.97062,-31.06038 28.97031,-31.0603 28.96986,-31.0603 28.96891,-31.06073 28.96836,-31.06078 28.96746,-31.06112 28.96646,-31.06112 28.96551,-31.06147 28.96431,-31.06146 28.96331,-31.06194 28.96301,-31.06211 28.96171,-31.06538 28.96026,-31.06788 28.95851,-31.07042 28.95786,-31.07175 28.95686,-31.07214 28.95611,-31.07291 28.9552,-31.073 28.9543,-31.073 28.95335,-31.0727 28.9525,-31.07184 28.9521,-31.07102 28.95241,-31.06999 28.95341,-31.06805 28.95451,-31.06624 28.95631,-31.06495 28.95781,-31.06357 28.95886,-31.06228 28.95946,-31.06146 28.95971,-31.06047 28.95951,-31.05918 28.95891,-31.05849 28.95801,-31.0581 28.95656,-31.05776 28.95476,-31.05698 28.95341,-31.05634 28.95246,-31.05578 28.95116,-31.05461 28.95011,-31.05272 28.94906,-31.05104 28.94849,-31.05006 28.94816,-31.04949 28.94817,-31.04803 28.94879,-31.046 28.94854,-31.04458 28.94804,-31.04381 28.94719,-31.04338 28.94639,-31.04329 28.94519,-31.04449 28.94329,-31.04755 28.94119,-31.04949 28.93879,-31.05043 28.93704,-31.05104 28.93278,-31.05327 28.93263,-31.05392 28.93283,-31.05461 28.93568,-31.0565 28.93713,-31.05732 28.93898,-31.05818 28.94028,-31.059 28.94128,-31.05948 28.94178,-31.06025 28.94141,-31.06176 28.9384,-31.06731 28.93815,-31.06834 28.9354,-31.07118 28.93445,-31.072 28.9324,-31.07299 28.93145,-31.07312 28.9307,-31.07312 28.93015,-31.07282 28.9301,-31.07243 28.92995,-31.07204 28.9302,-31.07088 28.93135,-31.06937 28.93178,-31.06882 28.9321,-31.06843 28.9321,-31.06778 28.93195,-31.06675 28.93135,-31.06455 28.93075,-31.06378 28.92935,-31.06287 28.9266,-31.06054 28.9259,-31.05942 28.92525,-31.05783 28.92551,-31.05645 28.92591,-31.0549 28.92551,-31.05374 28.92516,-31.05335 28.92461,-31.05318 28.92351,-31.05318 28.92101,-31.05374 28.91933,-31.05382 28.91743,-31.05421 28.91583,-31.05498 28.91463,-31.0555 28.91293,-31.05658 28.91178,-31.0567 28.90998,-31.05692 28.90913,-31.05728 28.90833,-31.05761 28.90793,-31.05872 28.90832,-31.05937 28.90952,-31.06006 28.91062,-31.06079 28.91422,-31.06174 28.91642,-31.06248 28.91857,-31.0639 28.91962,-31.06532 28.91962,-31.06575 28.91882,-31.06648 28.91765,-31.067 28.91479,-31.0682 28.91374,-31.06923 28.91254,-31.07083 28.91224,-31.07164 28.91219,-31.07238 28.91229,-31.07354 28.91194,-31.075 28.91028,-31.07642 28.90956,-31.0767 28.90803,-31.07728 28.90668,-31.07741 28.90573,-31.07771 28.90383,-31.07771 28.90203,-31.07749 28.90023,-31.07697 28.89873,-31.07633 28.89768,-31.07546 28.89646,-31.07443 28.89531,-31.07292 28.89326,-31.07021 28.89249,-31.06888 28.89171,-31.06754 28.89081,-31.06633 28.88961,-31.06457 28.88952,-31.06443 28.88892,-31.06353 28.88692,-31.06224 28.872,-31.05443 28.86945,-31.05314 28.8675,-31.05236 28.8662,-31.05193 28.86458,-31.05141 28.86365,-31.05151 28.86222,-31.05167 28.86109,-31.05192 28.85777,-31.05265 28.85562,-31.05308 28.85337,-31.05342 28.85137,-31.05329 28.85137,-31.05263 28.85137,-31.05247 28.85142,-31.05183 28.85262,-31.05067 28.85433,-31.04955 28.85588,-31.04826 28.85678,-31.04628 28.85748,-31.04464 28.85794,-31.04318 28.85929,-31.04219 28.86109,-31.0415 28.86229,-31.04151 28.86479,-31.0422 28.86734,-31.0434 28.87003,-31.04724 28.87143,-31.04858 28.87288,-31.04948 28.87408,-31.04961 28.87543,-31.04927 28.87563,-31.04879 28.87618,-31.04789 28.87583,-31.04673 28.87454,-31.04449 28.87199,-31.04074 28.87164,-31.03975 28.87097,-31.03773 28.87092,-31.03715 28.87102,-31.03635 28.87102,-31.03544 28.87137,-31.03454 28.87218,-31.03368 28.87413,-31.03299 28.87563,-31.03286 28.87718,-31.03325 28.87982,-31.03575 28.88287,-31.03795 28.88442,-31.03821 28.88592,-31.03847 28.88712,-31.03774 28.88792,-31.03684 28.88782,-31.03559 28.88667,-31.03412 28.88468,-31.03223 28.88363,-31.03115 28.88148,-31.02882 28.88013,-31.02676 28.87851,-31.02434 28.87791,-31.02275 28.87742,-31.02112 28.87712,-31.02004 28.87672,-31.01887 28.87622,-31.01788 28.87592,-31.01724 28.87492,-31.01655 28.87417,-31.0162 28.87367,-31.01603 28.87281,-31.01559 28.87272,-31.01555 28.87173,-31.01439 28.8702,-31.01262 28.86996,-31.01168 28.87026,-31.01056 28.87076,-31.0094 28.87241,-31.00729 28.87396,-31.00552 28.87437,-31.00307 28.87412,-31.00186 28.87339,-31.00096 28.87264,-31.00057 28.8719,-31.00023 28.87085,-30.99971 28.87005,-30.99928 28.86955,-30.99863 28.86935,-30.99773 28.86935,-30.99618 28.8698,-30.99372 28.86978,-30.99283 28.86976,-30.99222 28.86946,-30.99114 28.86906,-30.99028 28.86861,-30.98963 28.86801,-30.98946 28.86711,-30.98933 28.86561,-30.98967 28.86421,-30.9904 28.86381,-30.99066 28.86301,-30.99083 28.86201,-30.99083 28.86174,-30.99067 28.86106,-30.99027 28.86002,-30.9888 28.85845,-30.98613 28.8572,-30.98415 28.8569,-30.98299 28.85675,-30.98239 28.85571,-30.98066 28.85436,-30.97877 28.85371,-30.97769 28.85341,-30.97683 28.85258,-30.97525 28.85218,-30.9747 28.85138,-30.97373 28.85087,-30.97305 28.85027,-30.97232 28.84959,-30.97139 28.84899,-30.97063 28.84859,-30.97022 28.84827,-30.96974 28.84823,-30.96881 28.84821,-30.96848 28.84816,-30.96774 28.84816,-30.96715 28.84844,-30.96643 28.8488,-30.96581 28.84916,-30.96529 28.85044,-30.96471 28.85164,-30.96475 28.8524,-30.96475 28.85348,-30.96482 28.85531,-30.96523 28.85703,-30.96603 28.85815,-30.96685 28.85967,-30.96799 28.86103,-30.96851 28.8617,-30.96855 28.8623,-30.96861 28.86326,-30.96882 28.8647,-30.96882 28.86606,-30.96862 28.86722,-30.96828 28.86758,-30.968 28.86798,-30.96755 28.86876,-30.96635 28.86892,-30.96593 28.86896,-30.96549 28.86896,-30.96497 28.86881,-30.96438 28.86841,-30.96404 28.86809,-30.96366 28.86761,-30.96356 28.86661,-30.96356 28.86593,-30.96359 28.86509,-30.96355 28.86421,-30.96331 28.86373,-30.963 28.86373,-30.96259 28.86353,-30.96217 28.86353,-30.96149 28.86389,-30.96087 28.86425,-30.96004 28.86442,-30.95963 28.86478,-30.95897 28.8651,-30.95856 28.86558,-30.95777 28.86563,-30.95771 28.86628,-30.95684 28.86684,-30.95594 28.86708,-30.95553 28.86708,-30.95498 28.86712,-30.95457 28.86736,-30.95426 28.86748,-30.95388 28.8676,-30.95353 28.8678,-30.95316 28.8678,-30.95274 28.86784,-30.95223 28.86768,-30.95157 28.86752,-30.95116 28.86733,-30.95047 28.86705,-30.94992 28.86661,-30.9494 28.86609,-30.94888 28.86541,-30.9484 28.86437,-30.94781 28.86307,-30.94709 28.8622,-30.94705 28.86132,-30.94722 28.86048,-30.94722 28.85908,-30.94743 28.85824,-30.94753 28.85752,-30.94753 28.85536,-30.94715 28.85368,-30.94701 28.85245,-30.94646 28.85137,-30.94563 28.85065,-30.94511 28.85017,-30.94449 28.84993,-30.94427 28.84961,-30.94397 28.84909,-30.94325 28.84806,-30.94235 28.84636,-30.94187 28.84564,-30.94187 28.8442,-30.9419 28.84256,-30.94217 28.84016,-30.94217 28.83916,-30.94214 28.83813,-30.94186 28.83625,-30.94186 28.83524,-30.94208 28.83483,-30.94216 28.83425,-30.94282 28.83425,-30.94315 28.83437,-30.94373 28.83559,-30.94527 28.83578,-30.94563 28.83581,-30.94613 28.83555,-30.94637 28.83498,-30.94695 28.83299,-30.94753 28.83136,-30.9475 28.83018,-30.94766 28.82932,-30.94766 28.82836,-30.94802 28.82784,-30.94846 28.82776,-30.94953 28.8277,-30.95058 28.82785,-30.95221 28.82843,-30.95394 28.82868,-30.95466 28.82897,-30.95579 28.82959,-30.95684 28.82994,-30.95731 28.83035,-30.95764 28.83102,-30.95819 28.83112,-30.95822 28.83131,-30.95849 28.83153,-30.95888 28.83157,-30.95937 28.83189,-30.95971 28.83184,-30.9605 28.83202,-30.96098 28.8324,-30.96125 28.83286,-30.96171 28.83317,-30.96226 28.83332,-30.9626 28.8334,-30.96293 28.83339,-30.96346 28.83291,-30.96398 28.83245,-30.96445 28.83201,-30.96458 28.83152,-30.96469 28.83099,-30.96466 28.82976,-30.96433 28.8289,-30.96391 28.82841,-30.96367 28.82779,-30.96294 28.82682,-30.96129 28.82624,-30.95998 28.8258,-30.95917 28.82535,-30.95826 28.82504,-30.95771 28.82466,-30.95705 28.82428,-30.95619 28.82417,-30.95579 28.824,-30.95533 28.82387,-30.955 28.82333,-30.95469 28.82303,-30.95454 28.82228,-30.9544 28.82121,-30.95431 28.81834,-30.95444 28.81563,-30.95523 28.81303,-30.95565 28.81268,-30.95604 28.81168,-30.95597 28.81112,-30.95582 28.8106,-30.95562 28.81037,-30.95538 28.81029,-30.95525 28.81017,-30.95527 28.80943,-30.95467 28.80879,-30.95423 28.80849,-30.95383 28.80813,-30.95297 28.80782,-30.95211 28.80757,-30.95149 28.80737,-30.95077 28.80714,-30.95004 28.80716,-30.9494 28.80747,-30.94885 28.80809,-30.94852 28.80909,-30.94808 28.80998,-30.94762 28.81075,-30.94727 28.81162,-30.94696 28.81246,-30.9467 28.8129,-30.94621 28.81308,-30.94581 28.81352,-30.94522 28.81417,-30.94396 28.81427,-30.94326 28.81394,-30.94174 28.8133,-30.94032 28.81305,-30.93982 28.81295,-30.93917 28.81285,-30.93864 28.81285,-30.93797 28.81364,-30.93723 28.81436,-30.93682 28.81483,-30.93644 28.81528,-30.93594 28.81613,-30.93512 28.81671,-30.93462 28.81722,-30.93415 28.8175,-30.93389 28.81757,-30.93342 28.8176,-30.93277 28.81808,-30.9316 28.81846,-30.93066 28.81893,-30.93019 28.81948,-30.9296 28.81931,-30.92855 28.81945,-30.92769 28.81996,-30.92684 28.82037,-30.92658 28.82068,-30.92635 28.82068,-30.92546 28.82051,-30.92464 28.81997,-30.92414 28.8191,-30.9237 28.81624,-30.92299 28.81525,-30.92284 28.81396,-30.92231 28.8129,-30.92187 28.81158,-30.92113 28.81038,-30.92028 28.81015,-30.91981 28.81022,-30.91849 28.81053,-30.91772 28.81203,-30.91676 28.81244,-30.91635 28.81257,-30.91576 28.81281,-30.9155 28.81281,-30.91517 28.81298,-30.91488 28.81307,-30.9142 28.81266,-30.91367 28.81188,-30.91341 28.81076,-30.91317 28.80786,-30.91308 28.80664,-30.91281 28.80582,-30.91264 28.80514,-30.91272 28.80459,-30.91263 28.80391,-30.91252 28.80296,-30.91228 28.80183,-30.91207 28.80126,-30.91172 28.80105,-30.9114 28.80105,-30.90996 28.80146,-30.90928 28.8017,-30.90872 28.80177,-30.90828 28.80181,-30.90793 28.80201,-30.90749 28.80242,-30.90705 28.80253,-30.9067 28.80249,-30.90626 28.80219,-30.90593 28.80168,-30.90582 28.80103,-30.90573 28.79994,-30.90587 28.79888,-30.90614 28.79679,-30.90704 28.79624,-30.90704 28.79549,-30.90681 28.79474,-30.9066 28.79427,-30.90645 28.79365,-30.9061 28.79318,-30.90548 28.79246,-30.90457 28.79185,-30.90404 28.79185,-30.90351 28.79189,-30.90281 28.7923,-30.9021 28.79261,-30.90143 28.79288,-30.9009 28.79298,-30.90052 28.79299,-30.89993 28.79295,-30.89937 28.79275,-30.89875 28.79275,-30.89849 28.79255,-30.89805 28.79204,-30.89772 28.79156,-30.89734 28.79122,-30.89699 28.79083,-30.89637 28.79049,-30.89608 28.79049,-30.89596 28.79036,-30.89546 28.79063,-30.89525 28.79094,-30.89502 28.79124,-30.8949 28.7924,-30.89464 28.79574,-30.89441 28.79751,-30.89424 28.79812,-30.89424 28.7986,-30.89444 28.79952,-30.89509 28.80057,-30.89556 28.80173,-30.89527 28.80231,-30.89448 28.80248,-30.89401 28.80248,-30.89351 28.80238,-30.89313 28.80215,-30.89272 28.80164,-30.89242 28.80038,-30.89201 28.8001,-30.89192 28.79908,-30.89145 28.79847,-30.8913 28.79776,-30.89074 28.79694,-30.89004 28.79653,-30.88945 28.79613,-30.88889 28.79589,-30.88854 28.79567,-30.88789 28.79547,-30.88707 28.7953,-30.8861 28.79492,-30.88507 28.79411,-30.88416 28.79353,-30.88348 28.7919,-30.88239 28.78914,-30.88136 28.7885,-30.88115 28.78683,-30.88115 28.78587,-30.88135 28.7841,-30.88244 28.78328,-30.88285 28.78216,-30.88355 28.78165,-30.88367 28.78044,-30.88378 28.77901,-30.88381 28.77778,-30.88378 28.77666,-30.88378 28.77509,-30.8836 28.77448,-30.88351 28.77359,-30.88274 28.77244,-30.88186 28.77173,-30.8813 28.77094,-30.88077 28.7705,-30.88042 28.76982,-30.88027 28.76887,-30.88053 28.76798,-30.88088 28.76706,-30.88129 28.76609,-30.8817 28.76517,-30.88267 28.76503,-30.88305 28.76499,-30.88349 28.76503,-30.88449 28.76516,-30.88549 28.76546,-30.88669 28.76553,-30.88716 28.76553,-30.88816 28.76529,-30.88866 28.76491,-30.8891 28.76426,-30.88954 28.76307,-30.88974 28.76225,-30.8898 28.76164,-30.88998 28.76082,-30.89006 28.76028,-30.89003 28.76022,-30.89002 28.7597,-30.88997 28.75895,-30.88997 28.75834,-30.88979 28.75807,-30.8895 28.75793,-30.88882 28.75827,-30.88809 28.75879,-30.88659 28.75903,-30.88513 28.75914,-30.88407 28.75951,-30.88351 28.75996,-30.88289 28.76043,-30.88219 28.76088,-30.88184 28.76139,-30.88125 28.7616,-30.88043 28.76119,-30.87858 28.7599,-30.87673 28.7595,-30.87605 28.75923,-30.87508 28.75902,-30.87443 28.75889,-30.87408 28.75858,-30.87376 28.75831,-30.87332 28.75828,-30.87293 28.75828,-30.87258 28.75842,-30.87235 28.75859,-30.87214 28.75874,-30.87141 28.75867,-30.87073 28.75847,-30.86988 28.75817,-30.86847 28.75814,-30.8683 28.75804,-30.86782 28.75804,-30.86697 28.75784,-30.86583 28.75753,-30.86512 28.75702,-30.86459 28.75675,-30.86415 28.75646,-30.86356 28.75531,-30.86285 28.7548,-30.86256 28.75439,-30.86232 28.75384,-30.86212 28.75303,-30.86188 28.7518,-30.86185 28.7487,-30.86249 28.74744,-30.8629 28.74666,-30.86372 28.74525,-30.86595 28.74464,-30.86671 28.74396,-30.86724 28.74351,-30.86733 28.74324,-30.86759 28.74321,-30.86812 28.74273,-30.86909 28.74162,-30.86985 28.74128,-30.86991 28.74077,-30.86993 28.74063,-30.86964 28.74056,-30.86926 28.7406,-30.86873 28.74087,-30.8682 28.74098,-30.86735 28.74095,-30.86638 28.74095,-30.8655 28.74088,-30.86497 28.74092,-30.86441 28.74109,-30.864 28.74112,-30.86347 28.74079,-30.86265 28.74065,-30.86212 28.74035,-30.86145 28.74008,-30.86056 28.73921,-30.85895 28.73819,-30.85768 28.73735,-30.8565 28.73692,-30.85604</coordinates></LinearRing></outerBoundaryIs></Polygon></MultiGeometry></Placemark></Document></kml>