<?xml version="1.0" encoding="UTF-8"?><kml xmlns="http://www.opengis.net/kml/2.2"><Document><Placemark><name>Ezingoleni</name><description>Local Municipality 505</description><ExtendedData><Data name="code"><value>505</value></Data><Data name="name"><value>Ezingoleni</value></Data><Data name="description"><value>Local Municipality 505</value></Data></ExtendedData><MultiGeometry><Polygon><outerBoundaryIs><LinearRing><coordinates>30.15258,-30.80977 30.1512,-30.81157 30.15112,-30.81167 30.14848,-30.8151 30.14848,-30.8151 30.14399,-30.82093 30.14578,-30.83631 30.14598,-30.83803 30.14614,-30.8387 30.14616,-30.8388 30.15059,-30.85772 30.15246,-30.85275 30.15717,-30.85639 30.15957,-30.85794 30.16243,-30.85981 30.16245,-30.85982 30.16287,-30.86009 30.16656,-30.86246 30.16725,-30.8627 30.17271,-30.86445 30.17728,-30.86594 30.18094,-30.86712 30.18075,-30.869 30.18042,-30.87219 30.18011,-30.87507 30.17986,-30.87755 30.17955,-30.88048 30.17922,-30.8836 30.17862,-30.88938 30.1783,-30.89235 30.17809,-30.8945 30.17075,-30.89891 30.16848,-30.90027 30.16239,-30.90396 30.16227,-30.90403 30.15803,-30.90661 30.15469,-30.90451 30.15019,-30.90168 30.14846,-30.90059 30.14518,-30.89849 30.14153,-30.90313 30.13564,-30.90333 30.12365,-30.90374 30.12297,-30.90415 30.12291,-30.90414 30.12286,-30.90414 30.12281,-30.90413 30.12278,-30.90413 30.12273,-30.90411 30.12265,-30.90411 30.12256,-30.90411 30.12252,-30.9041 30.12249,-30.9041 30.12242,-30.90407 30.12236,-30.90403 30.12226,-30.90401 30.12213,-30.904 30.12207,-30.90399 30.12198,-30.90397 30.12195,-30.90395 30.12193,-30.90394 30.12189,-30.90393 30.12174,-30.90389 30.12169,-30.90388 30.12166,-30.90387 30.12162,-30.90387 30.1216,-30.90387 30.12157,-30.90386 30.12153,-30.90386 30.12146,-30.90387 30.12138,-30.90388 30.1213,-30.90387 30.12102,-30.90387 30.12101,-30.90387 30.12098,-30.90386 30.12095,-30.90385 30.12093,-30.90385 30.12087,-30.90385 30.12085,-30.90385 30.12081,-30.90384 30.12072,-30.90382 30.12068,-30.90381 30.12065,-30.9038 30.12057,-30.90376 30.12038,-30.90372 30.12032,-30.90368 30.12006,-30.90359 30.12,-30.90357 30.11992,-30.90354 30.11989,-30.90352 30.11985,-30.90351 30.11977,-30.90346 30.11971,-30.90344 30.11966,-30.90342 30.11964,-30.90341 30.11958,-30.90337 30.11932,-30.90323 30.11922,-30.90318 30.11908,-30.90311 30.11905,-30.90309 30.11903,-30.90308 30.11898,-30.90305 30.11895,-30.90304 30.11892,-30.90303 30.1188,-30.90297 30.11875,-30.90296 30.11869,-30.90293 30.11861,-30.9029 30.11855,-30.90287 30.11852,-30.90285 30.11833,-30.90273 30.11826,-30.90266 30.11821,-30.9026 30.11819,-30.90253 30.11819,-30.9025 30.11815,-30.90242 30.11811,-30.90236 30.11809,-30.90232 30.11805,-30.90229 30.11801,-30.90225 30.11799,-30.90224 30.11794,-30.90221 30.1179,-30.90218 30.11785,-30.90214 30.1178,-30.90211 30.1177,-30.90207 30.11752,-30.90201 30.11749,-30.902 30.11744,-30.90199 30.1174,-30.90197 30.11739,-30.90196 30.11733,-30.90193 30.11728,-30.90188 30.11726,-30.90185 30.11722,-30.9018 30.11721,-30.90179 30.11717,-30.90176 30.11715,-30.90174 30.11702,-30.90166 30.11688,-30.90162 30.11682,-30.9016 30.11676,-30.90158 30.11671,-30.90155 30.11658,-30.90145 30.11655,-30.90143 30.11647,-30.90139 30.11645,-30.90137 30.11642,-30.90135 30.11641,-30.90135 30.11638,-30.90132 30.11633,-30.90128 30.11627,-30.90124 30.11623,-30.90122 30.11614,-30.90117 30.11611,-30.90116 30.11604,-30.90111 30.11598,-30.90105 30.1159,-30.901 30.11589,-30.90099 30.11583,-30.90097 30.1158,-30.90095 30.11577,-30.90094 30.11573,-30.90093 30.11569,-30.90093 30.11562,-30.90095 30.11558,-30.90096 30.11546,-30.90096 30.11541,-30.90095 30.11538,-30.90095 30.11536,-30.90096 30.11535,-30.90096 30.1153,-30.90095 30.11526,-30.90095 30.11522,-30.90094 30.11516,-30.90094 30.11509,-30.90095 30.11506,-30.90096 30.11505,-30.90097 30.11503,-30.90097 30.11501,-30.90098 30.11496,-30.90099 30.11493,-30.90099 30.11487,-30.901 30.11484,-30.90102 30.11479,-30.90102 30.11474,-30.90101 30.11467,-30.90101 30.11459,-30.90098 30.11456,-30.90098 30.11455,-30.90098 30.11453,-30.90097 30.11449,-30.90096 30.11444,-30.90093 30.11443,-30.90092 30.11439,-30.90089 30.11433,-30.90087 30.11422,-30.90084 30.11416,-30.90081 30.11414,-30.9008 30.11405,-30.90077 30.11403,-30.90076 30.11398,-30.90074 30.1139,-30.90072 30.11386,-30.90071 30.11379,-30.90067 30.11375,-30.90065 30.11372,-30.90063 30.1137,-30.9006 30.11368,-30.90058 30.11364,-30.90053 30.11362,-30.90049 30.11359,-30.90042 30.11356,-30.90032 30.11356,-30.90029 30.11354,-30.90022 30.11354,-30.90019 30.11353,-30.90016 30.11352,-30.90011 30.11353,-30.90007 30.11354,-30.90002 30.11354,-30.89997 30.11358,-30.89987 30.1136,-30.89984 30.1136,-30.8998 30.11362,-30.89976 30.11364,-30.89971 30.11368,-30.89965 30.11369,-30.89964 30.1137,-30.89962 30.11372,-30.89957 30.11378,-30.89945 30.1138,-30.8994 30.11381,-30.89936 30.11383,-30.89933 30.11385,-30.89929 30.11387,-30.89927 30.1139,-30.89922 30.11391,-30.89921 30.11392,-30.8992 30.11393,-30.89917 30.11397,-30.89912 30.11398,-30.89909 30.11401,-30.89907 30.1141,-30.89898 30.11417,-30.89892 30.11421,-30.89888 30.11426,-30.89884 30.11427,-30.89884 30.11429,-30.89882 30.1143,-30.89881 30.11431,-30.89879 30.11433,-30.89877 30.11434,-30.89876 30.11438,-30.89873 30.1144,-30.8987 30.11445,-30.89866 30.11446,-30.89865 30.11449,-30.89864 30.11451,-30.89861 30.11455,-30.89857 30.11458,-30.89853 30.11463,-30.89849 30.11475,-30.89841 30.11477,-30.89839 30.11479,-30.89838 30.1149,-30.89829 30.11496,-30.89825 30.11499,-30.89821 30.11501,-30.89818 30.11503,-30.89814 30.11507,-30.8981 30.1151,-30.89806 30.11517,-30.89799 30.11518,-30.89797 30.11518,-30.89796 30.11518,-30.89795 30.1152,-30.89793 30.11522,-30.89791 30.11524,-30.89787 30.11528,-30.89781 30.11531,-30.89778 30.11534,-30.89774 30.11536,-30.89771 30.11541,-30.89764 30.11552,-30.89757 30.11556,-30.89752 30.11558,-30.8975 30.11559,-30.89749 30.1156,-30.89747 30.11561,-30.89745 30.11566,-30.89741 30.11569,-30.89736 30.1157,-30.89733 30.11571,-30.89732 30.11577,-30.89728 30.1158,-30.89725 30.1158,-30.89722 30.11582,-30.89719 30.11587,-30.89714 30.11589,-30.89711 30.1159,-30.89708 30.11592,-30.89704 30.11596,-30.89699 30.116,-30.89692 30.11606,-30.89687 30.1161,-30.89684 30.11612,-30.8968 30.11615,-30.89677 30.11616,-30.89674 30.11623,-30.89667 30.11624,-30.89664 30.11625,-30.89661 30.11626,-30.89657 30.11627,-30.89654 30.11634,-30.89642 30.11634,-30.89635 30.11637,-30.89629 30.11646,-30.89614 30.11647,-30.8961 30.11648,-30.89607 30.11652,-30.896 30.11654,-30.89596 30.11655,-30.89594 30.11657,-30.89591 30.11659,-30.89589 30.1166,-30.89588 30.11663,-30.89583 30.11666,-30.89581 30.11675,-30.8958 30.11678,-30.89577 30.11684,-30.89572 30.1169,-30.89568 30.11694,-30.89566 30.11697,-30.89561 30.117,-30.89558 30.11704,-30.89555 30.11707,-30.89551 30.1172,-30.89538 30.11725,-30.89535 30.1173,-30.89531 30.11733,-30.8953 30.11734,-30.89529 30.11738,-30.89525 30.11745,-30.8952 30.11747,-30.89517 30.1175,-30.89514 30.11753,-30.89512 30.11756,-30.89509 30.11757,-30.89506 30.11758,-30.89501 30.11763,-30.89489 30.11764,-30.89483 30.11773,-30.89472 30.11778,-30.89466 30.11781,-30.89462 30.11789,-30.89455 30.11795,-30.89452 30.11796,-30.89451 30.11803,-30.89444 30.11808,-30.89441 30.11818,-30.89437 30.11829,-30.89433 30.11835,-30.89431 30.11839,-30.89428 30.11841,-30.89427 30.11843,-30.89427 30.11844,-30.89426 30.11847,-30.89425 30.11851,-30.89422 30.11854,-30.89418 30.11862,-30.8941 30.11863,-30.89407 30.11868,-30.89401 30.11869,-30.894 30.1187,-30.89399 30.11872,-30.89398 30.11874,-30.89394 30.11878,-30.8939 30.11879,-30.89386 30.1188,-30.89377 30.11883,-30.89369 30.11888,-30.89361 30.11891,-30.89358 30.11895,-30.89355 30.11901,-30.89352 30.11903,-30.89349 30.11906,-30.89345 30.1191,-30.8934 30.11916,-30.89335 30.11919,-30.89331 30.11922,-30.89329 30.11931,-30.89325 30.11934,-30.89323 30.11937,-30.89322 30.1194,-30.89322 30.11943,-30.89319 30.11947,-30.89318 30.11963,-30.89311 30.11967,-30.89309 30.1197,-30.89307 30.11974,-30.89303 30.11977,-30.89301 30.11979,-30.89298 30.11983,-30.89295 30.11985,-30.89292 30.11991,-30.89287 30.11996,-30.89285 30.11998,-30.89283 30.11998,-30.89282 30.12003,-30.89278 30.12008,-30.89272 30.12008,-30.89272 30.12015,-30.89265 30.12022,-30.8926 30.12023,-30.89259 30.12024,-30.89258 30.12028,-30.89255 30.12034,-30.8925 30.12036,-30.89247 30.12039,-30.89244 30.12041,-30.89241 30.12043,-30.89237 30.12044,-30.89232 30.12044,-30.89228 30.12046,-30.89222 30.12048,-30.89219 30.1205,-30.89214 30.12056,-30.89204 30.12058,-30.89199 30.12064,-30.89194 30.12067,-30.89189 30.12068,-30.89186 30.12068,-30.89182 30.1207,-30.89176 30.12072,-30.89171 30.12075,-30.89166 30.12079,-30.89162 30.12081,-30.89159 30.12088,-30.89149 30.1209,-30.89142 30.12092,-30.8914 30.12096,-30.89131 30.12098,-30.89128 30.121,-30.89124 30.12104,-30.89115 30.12107,-30.89109 30.12111,-30.89103 30.12113,-30.89097 30.12116,-30.89092 30.12118,-30.89088 30.12121,-30.89081 30.12122,-30.89078 30.12122,-30.89076 30.12123,-30.89073 30.12124,-30.89069 30.12124,-30.89042 30.12123,-30.89034 30.12123,-30.89032 30.12122,-30.89028 30.12121,-30.89024 30.1212,-30.89022 30.12119,-30.89014 30.12118,-30.89003 30.12116,-30.88994 30.12112,-30.88974 30.12112,-30.88967 30.12109,-30.88962 30.12105,-30.88957 30.12104,-30.88954 30.12101,-30.88949 30.12098,-30.88946 30.12094,-30.88943 30.12087,-30.88938 30.12072,-30.88929 30.12067,-30.88927 30.12064,-30.88923 30.12062,-30.88922 30.12061,-30.88921 30.12061,-30.8892 30.1206,-30.88917 30.12057,-30.88908 30.12054,-30.88906 30.12052,-30.88904 30.12051,-30.88899 30.12047,-30.88896 30.12043,-30.88891 30.12039,-30.88886 30.12037,-30.88882 30.12035,-30.88878 30.12032,-30.88874 30.12027,-30.8887 30.12015,-30.88858 30.12013,-30.88854 30.12006,-30.88847 30.11999,-30.88843 30.11996,-30.8884 30.1199,-30.88835 30.11979,-30.88826 30.11972,-30.88821 30.1197,-30.88818 30.11961,-30.88811 30.11953,-30.88807 30.11951,-30.88806 30.11948,-30.88802 30.11935,-30.888 30.11931,-30.88799 30.11926,-30.88798 30.11923,-30.88797 30.11922,-30.88797 30.11916,-30.88797 30.11898,-30.88795 30.11891,-30.88793 30.1187,-30.8879 30.11865,-30.88789 30.11856,-30.88788 30.11846,-30.88787 30.1183,-30.88786 30.11822,-30.88786 30.11795,-30.88785 30.11779,-30.88786 30.11771,-30.88786 30.11765,-30.88787 30.11757,-30.88787 30.11753,-30.88789 30.11741,-30.88789 30.1173,-30.8879 30.11725,-30.88792 30.11702,-30.88792 30.11696,-30.88793 30.11686,-30.88791 30.11679,-30.88791 30.11668,-30.88789 30.11663,-30.88788 30.11653,-30.88787 30.11646,-30.88788 30.11636,-30.88788 30.11632,-30.88787 30.11598,-30.88785 30.1159,-30.88784 30.1157,-30.88784 30.11561,-30.88783 30.11556,-30.88782 30.11548,-30.8878 30.11536,-30.88777 30.11528,-30.88776 30.11524,-30.88775 30.11522,-30.88774 30.11514,-30.88772 30.11509,-30.8877 30.11503,-30.88769 30.11496,-30.88762 30.11495,-30.88761 30.11493,-30.88757 30.11491,-30.88756 30.11489,-30.88754 30.11484,-30.88751 30.11483,-30.8875 30.11476,-30.88747 30.11467,-30.88742 30.11462,-30.8874 30.11456,-30.88738 30.1145,-30.88737 30.11442,-30.88734 30.11438,-30.88731 30.11435,-30.8873 30.11429,-30.88725 30.11422,-30.8872 30.11419,-30.88714 30.11417,-30.88711 30.11413,-30.88708 30.11408,-30.88702 30.11403,-30.88693 30.11399,-30.88686 30.11388,-30.88675 30.11384,-30.88669 30.1138,-30.88664 30.11375,-30.88659 30.11371,-30.88657 30.11364,-30.88654 30.11359,-30.88651 30.11345,-30.88644 30.1134,-30.88641 30.11322,-30.88638 30.11318,-30.88635 30.11303,-30.88627 30.113,-30.88623 30.11297,-30.88618 30.11295,-30.88615 30.11289,-30.88611 30.11286,-30.88608 30.11282,-30.88605 30.11273,-30.88599 30.11263,-30.88594 30.11259,-30.8859 30.11257,-30.88589 30.11251,-30.88586 30.11248,-30.88583 30.11247,-30.88583 30.11243,-30.88579 30.11232,-30.88575 30.11227,-30.88572 30.11204,-30.88562 30.11194,-30.88557 30.11186,-30.88555 30.11171,-30.88549 30.11165,-30.88548 30.11151,-30.88544 30.11149,-30.88543 30.11144,-30.88541 30.1114,-30.8854 30.11138,-30.88539 30.1112,-30.88535 30.11117,-30.88534 30.11099,-30.88527 30.11094,-30.88526 30.11093,-30.88525 30.11089,-30.88524 30.11085,-30.88523 30.11082,-30.88521 30.11082,-30.88521 30.11077,-30.88518 30.11075,-30.88517 30.11071,-30.88516 30.11065,-30.88512 30.11063,-30.88511 30.1106,-30.8851 30.11057,-30.88508 30.11051,-30.88505 30.11043,-30.885 30.1104,-30.88498 30.11033,-30.88494 30.11029,-30.88492 30.1102,-30.88486 30.11005,-30.88475 30.10997,-30.88471 30.10983,-30.88468 30.10978,-30.88466 30.10973,-30.88465 30.10969,-30.88464 30.10955,-30.8846 30.10949,-30.88458 30.10944,-30.88456 30.10934,-30.88453 30.10928,-30.88451 30.10923,-30.8845 30.10917,-30.88449 30.10826,-30.88449 30.10798,-30.88447 30.10792,-30.88446 30.10789,-30.88446 30.10782,-30.88445 30.10777,-30.88444 30.10762,-30.88444 30.10758,-30.88445 30.10729,-30.88445 30.10726,-30.88446 30.10714,-30.88448 30.10704,-30.88447 30.10697,-30.88447 30.10689,-30.88446 30.10678,-30.8845 30.10671,-30.88454 30.10659,-30.88458 30.10655,-30.8846 30.10635,-30.88464 30.10623,-30.88467 30.10622,-30.88467 30.1062,-30.88469 30.106,-30.88469 30.10597,-30.88468 30.10593,-30.88467 30.10561,-30.88467 30.10558,-30.88467 30.10553,-30.88468 30.1055,-30.88469 30.10544,-30.88469 30.10539,-30.8847 30.10531,-30.8847 30.10524,-30.88471 30.10522,-30.88472 30.10521,-30.88472 30.10518,-30.88472 30.10511,-30.88472 30.10502,-30.88471 30.10497,-30.88471 30.10488,-30.8847 30.10465,-30.8847 30.10461,-30.88471 30.10453,-30.88471 30.10448,-30.88473 30.1044,-30.88473 30.10433,-30.88475 30.10422,-30.88476 30.10413,-30.88476 30.10401,-30.88477 30.10397,-30.88478 30.10395,-30.88479 30.10387,-30.88479 30.10375,-30.8848 30.10364,-30.8848 30.10358,-30.88481 30.1035,-30.88482 30.10329,-30.88482 30.10324,-30.88483 30.1032,-30.88483 30.10261,-30.88486 30.10257,-30.88486 30.10252,-30.88487 30.1023,-30.88487 30.10164,-30.8849 30.10155,-30.88491 30.10147,-30.88491 30.1014,-30.8849 30.10124,-30.8849 30.10115,-30.88489 30.10102,-30.88488 30.10084,-30.88485 30.10075,-30.88484 30.10064,-30.88483 30.1006,-30.88482 30.10058,-30.88482 30.10054,-30.88481 30.10047,-30.88479 30.10043,-30.88478 30.10041,-30.88477 30.10026,-30.88473 30.10019,-30.88471 30.10006,-30.88468 30.10004,-30.88468 30.10002,-30.88467 30.09997,-30.88467 30.09991,-30.88466 30.09984,-30.88467 30.09977,-30.88467 30.09959,-30.88467 30.09956,-30.88467 30.09951,-30.88468 30.0994,-30.88468 30.09924,-30.8847 30.09911,-30.8847 30.09897,-30.88471 30.09891,-30.88472 30.09877,-30.88474 30.09871,-30.88476 30.09844,-30.88476 30.09837,-30.88475 30.09834,-30.88474 30.09824,-30.88474 30.09818,-30.88472 30.098,-30.88463 30.09798,-30.88462 30.09794,-30.88461 30.09789,-30.88459 30.09787,-30.88458 30.09785,-30.88458 30.09781,-30.88457 30.09777,-30.88456 30.09774,-30.88456 30.09759,-30.88454 30.09745,-30.88452 30.09737,-30.88451 30.09731,-30.8845 30.09725,-30.88448 30.09712,-30.88445 30.09707,-30.88445 30.09696,-30.88447 30.09688,-30.88448 30.09683,-30.88447 30.09658,-30.88441 30.09654,-30.88441 30.09653,-30.88441 30.0965,-30.8844 30.09642,-30.88437 30.09638,-30.88436 30.09631,-30.88434 30.09627,-30.88433 30.0962,-30.8843 30.09617,-30.88428 30.09608,-30.88423 30.09606,-30.8842 30.09596,-30.88416 30.09595,-30.88416 30.09592,-30.88414 30.09588,-30.88413 30.09587,-30.88412 30.09573,-30.88411 30.09569,-30.88411 30.09553,-30.88413 30.09536,-30.88413 30.09523,-30.8841 30.09503,-30.88395 30.095,-30.88394 30.09497,-30.88393 30.09454,-30.88376 30.09445,-30.88375 30.09436,-30.88375 30.09429,-30.88374 30.09422,-30.88372 30.09404,-30.88369 30.094,-30.88367 30.09395,-30.88367 30.09361,-30.88351 30.0935,-30.88348 30.09337,-30.88345 30.09319,-30.88343 30.09307,-30.88343 30.09262,-30.88332 30.09254,-30.88331 30.09251,-30.88331 30.09237,-30.88329 30.09216,-30.88327 30.09212,-30.88326 30.09202,-30.88323 30.09195,-30.88322 30.0916,-30.88308 30.09143,-30.88303 30.09135,-30.88302 30.09129,-30.88302 30.09122,-30.88303 30.09119,-30.88306 30.09113,-30.88308 30.09109,-30.88311 30.09099,-30.88319 30.09094,-30.88321 30.09088,-30.88322 30.09076,-30.88322 30.09068,-30.88318 30.09045,-30.88318 30.09034,-30.88319 30.09018,-30.88321 30.09001,-30.88323 30.08995,-30.88324 30.08971,-30.8833 30.08967,-30.88332 30.08965,-30.88333 30.08963,-30.88334 30.0896,-30.88335 30.08956,-30.88336 30.08953,-30.88337 30.08951,-30.88338 30.08948,-30.88339 30.08944,-30.88341 30.08937,-30.88345 30.08928,-30.88347 30.08922,-30.8835 30.08914,-30.88352 30.08906,-30.88352 30.08891,-30.88353 30.08865,-30.8836 30.08856,-30.88361 30.08853,-30.88362 30.08845,-30.88364 30.08841,-30.88366 30.08833,-30.88367 30.0883,-30.88368 30.08821,-30.8837 30.08814,-30.88372 30.088,-30.88374 30.08792,-30.88375 30.08783,-30.88376 30.08773,-30.88377 30.08763,-30.88377 30.08756,-30.88378 30.08747,-30.88379 30.08738,-30.8838 30.08735,-30.88382 30.0873,-30.88386 30.08721,-30.88389 30.08713,-30.88391 30.08702,-30.88393 30.08695,-30.88394 30.0869,-30.88395 30.08678,-30.88398 30.08659,-30.88403 30.08633,-30.8841 30.0863,-30.88412 30.08623,-30.88415 30.0862,-30.88416 30.08618,-30.88416 30.08614,-30.88417 30.08611,-30.88418 30.08607,-30.88419 30.08602,-30.8842 30.08595,-30.88423 30.08584,-30.88424 30.08575,-30.88427 30.08551,-30.88437 30.08547,-30.88438 30.08544,-30.88439 30.0854,-30.8844 30.08533,-30.88442 30.08529,-30.88444 30.08522,-30.88444 30.08515,-30.88445 30.08512,-30.88447 30.08505,-30.88448 30.08501,-30.8845 30.08492,-30.88454 30.0849,-30.88458 30.08485,-30.8846 30.08482,-30.88461 30.08478,-30.88465 30.08454,-30.88478 30.08445,-30.88481 30.08434,-30.88485 30.08432,-30.88488 30.08424,-30.8849 30.08416,-30.88491 30.08407,-30.88491 30.08402,-30.8849 30.08393,-30.8849 30.08384,-30.88488 30.08379,-30.88487 30.08368,-30.88487 30.0836,-30.88488 30.08351,-30.88491 30.08342,-30.88492 30.08335,-30.88493 30.08323,-30.88496 30.08315,-30.88497 30.08306,-30.88496 30.08299,-30.88494 30.08287,-30.88493 30.08275,-30.88493 30.08271,-30.88494 30.08266,-30.88497 30.08262,-30.88501 30.08257,-30.88503 30.08246,-30.88509 30.08235,-30.88511 30.08232,-30.88512 30.08209,-30.88512 30.08196,-30.88511 30.08183,-30.88509 30.08174,-30.88507 30.08163,-30.88505 30.08143,-30.88505 30.08133,-30.88503 30.08132,-30.88503 30.08129,-30.88502 30.08122,-30.88502 30.08118,-30.88501 30.08114,-30.885 30.08112,-30.885 30.08105,-30.88498 30.08101,-30.88498 30.08096,-30.88497 30.0809,-30.88495 30.08084,-30.88492 30.08079,-30.88489 30.08075,-30.88486 30.08072,-30.88484 30.08068,-30.88481 30.0806,-30.88476 30.08056,-30.88473 30.08053,-30.88471 30.08044,-30.88467 30.08029,-30.88462 30.08025,-30.88461 30.08024,-30.8846 30.08018,-30.88458 30.08011,-30.88454 30.08004,-30.88451 30.07999,-30.88447 30.0799,-30.88443 30.07981,-30.88438 30.0797,-30.88432 30.07956,-30.88427 30.07941,-30.88421 30.07934,-30.88419 30.07931,-30.88417 30.07925,-30.88415 30.07915,-30.8841 30.07909,-30.88408 30.07902,-30.88406 30.07897,-30.88403 30.07892,-30.88401 30.07889,-30.884 30.0788,-30.88395 30.07868,-30.88388 30.07865,-30.88386 30.07848,-30.88379 30.07842,-30.88375 30.07838,-30.88371 30.07831,-30.88367 30.0782,-30.88358 30.07814,-30.88353 30.0781,-30.8835 30.07794,-30.88342 30.07787,-30.88339 30.07774,-30.88334 30.07769,-30.88334 30.07767,-30.88334 30.07764,-30.88333 30.0776,-30.88333 30.07758,-30.88333 30.07756,-30.88334 30.07739,-30.8833 30.07731,-30.88327 30.07729,-30.88324 30.0772,-30.8832 30.07717,-30.88317 30.07709,-30.88312 30.07706,-30.88309 30.07703,-30.88305 30.07695,-30.88298 30.07691,-30.88295 30.07682,-30.88288 30.07679,-30.88284 30.07679,-30.88284 30.07677,-30.88282 30.07666,-30.88274 30.07663,-30.8827 30.07662,-30.8827 30.07656,-30.88266 30.07653,-30.88264 30.07652,-30.88264 30.07645,-30.88261 30.07642,-30.88258 30.07636,-30.88256 30.07635,-30.88256 30.07632,-30.88254 30.07627,-30.88253 30.07625,-30.88252 30.07616,-30.88249 30.07613,-30.88249 30.07608,-30.88247 30.07605,-30.88245 30.07598,-30.88241 30.07591,-30.88238 30.07587,-30.88236 30.07586,-30.88235 30.07581,-30.88232 30.07576,-30.88231 30.07574,-30.8823 30.07566,-30.88224 30.07565,-30.8822 30.07563,-30.88213 30.07559,-30.88207 30.07556,-30.882 30.07554,-30.88196 30.0755,-30.88189 30.07547,-30.88185 30.07543,-30.88178 30.07537,-30.8817 30.07528,-30.88159 30.07527,-30.88155 30.07526,-30.88149 30.07525,-30.88144 30.07522,-30.88135 30.07521,-30.8813 30.07518,-30.88125 30.07516,-30.88121 30.07515,-30.88119 30.07514,-30.88115 30.07511,-30.88105 30.07509,-30.88101 30.07505,-30.88086 30.07502,-30.88082 30.07501,-30.88078 30.07499,-30.88074 30.07499,-30.88071 30.07498,-30.88066 30.07497,-30.88062 30.07495,-30.88057 30.07495,-30.88053 30.07494,-30.88046 30.07489,-30.88016 30.07489,-30.88002 30.07488,-30.87998 30.07488,-30.8799 30.07487,-30.87985 30.07487,-30.8798 30.07486,-30.87975 30.07486,-30.87971 30.07481,-30.87952 30.07479,-30.87943 30.07477,-30.87938 30.07475,-30.8793 30.07475,-30.87925 30.07471,-30.8791 30.07466,-30.87902 30.07464,-30.87897 30.07456,-30.87879 30.07455,-30.87873 30.07454,-30.87868 30.07454,-30.87864 30.07453,-30.87859 30.07452,-30.87854 30.07451,-30.87852 30.07451,-30.87851 30.07449,-30.87846 30.07449,-30.87845 30.07447,-30.87842 30.07444,-30.87838 30.07444,-30.87838 30.0744,-30.87834 30.07435,-30.87831 30.07427,-30.87826 30.07423,-30.87823 30.0742,-30.8782 30.07409,-30.87813 30.07408,-30.87812 30.07407,-30.87808 30.07404,-30.87804 30.07404,-30.87804 30.07393,-30.87793 30.0739,-30.87789 30.07383,-30.87784 30.07381,-30.87781 30.07379,-30.87779 30.07376,-30.87775 30.07371,-30.87769 30.07366,-30.87764 30.07364,-30.8776 30.0736,-30.87757 30.07356,-30.87751 30.07346,-30.87743 30.07341,-30.8774 30.0734,-30.87739 30.07332,-30.87734 30.07327,-30.87729 30.07321,-30.87725 30.07318,-30.8772 30.07309,-30.87713 30.07305,-30.87708 30.07299,-30.87703 30.07292,-30.87697 30.07282,-30.87687 30.07275,-30.87682 30.07274,-30.87679 30.0727,-30.87677 30.07269,-30.87676 30.07265,-30.87674 30.07263,-30.87671 30.07259,-30.87669 30.0725,-30.87663 30.07245,-30.87662 30.07239,-30.87657 30.07235,-30.87655 30.07228,-30.87649 30.07216,-30.87641 30.0721,-30.87633 30.07201,-30.87626 30.07196,-30.8762 30.07188,-30.87612 30.07178,-30.87605 30.07169,-30.87596 30.07165,-30.87594 30.0716,-30.87591 30.07153,-30.87587 30.07149,-30.87585 30.07144,-30.87583 30.07139,-30.87581 30.07135,-30.8758 30.0713,-30.87578 30.07127,-30.87577 30.07121,-30.87574 30.07114,-30.87571 30.07106,-30.87567 30.07104,-30.87564 30.07098,-30.87561 30.07095,-30.87559 30.07087,-30.87555 30.07085,-30.87552 30.07081,-30.87547 30.07079,-30.87543 30.07075,-30.87538 30.07073,-30.87535 30.07073,-30.87534 30.07067,-30.87526 30.07065,-30.87523 30.07058,-30.87516 30.07054,-30.87509 30.07052,-30.87503 30.07051,-30.87501 30.07047,-30.87493 30.07043,-30.87488 30.07042,-30.87487 30.07039,-30.87483 30.07036,-30.87478 30.07032,-30.8747 30.07032,-30.87469 30.07031,-30.87467 30.0703,-30.87463 30.0703,-30.87461 30.07029,-30.87456 30.07029,-30.87449 30.0703,-30.87445 30.0703,-30.87439 30.0703,-30.87437 30.07031,-30.87434 30.07032,-30.87432 30.07032,-30.87431 30.07034,-30.87427 30.07036,-30.87424 30.07037,-30.87419 30.07039,-30.87415 30.0704,-30.87411 30.07043,-30.87406 30.07045,-30.87399 30.07044,-30.87396 30.07044,-30.87392 30.07043,-30.87388 30.07043,-30.87385 30.07041,-30.87382 30.0704,-30.87378 30.07038,-30.87374 30.07037,-30.87371 30.07034,-30.87366 30.07032,-30.87359 30.07028,-30.8735 30.07026,-30.87347 30.07025,-30.87343 30.07024,-30.8734 30.07023,-30.87336 30.07016,-30.87322 30.07016,-30.87319 30.07013,-30.87313 30.07006,-30.87292 30.07004,-30.87289 30.07002,-30.87287 30.07001,-30.87284 30.06998,-30.87279 30.06996,-30.87275 30.06995,-30.87272 30.06994,-30.87268 30.06993,-30.87263 30.06993,-30.87262 30.06991,-30.87259 30.06986,-30.87257 30.06983,-30.87256 30.06978,-30.87258 30.06976,-30.87252 30.06977,-30.87239 30.06978,-30.87234 30.0698,-30.87229 30.06988,-30.87213 30.0699,-30.87208 30.06991,-30.87206 30.06991,-30.87205 30.06995,-30.87201 30.06998,-30.87199 30.06999,-30.87196 30.07006,-30.87194 30.07012,-30.87188 30.07014,-30.87184 30.07016,-30.87181 30.0702,-30.87176 30.07022,-30.87173 30.07026,-30.87165 30.07032,-30.87155 30.07034,-30.8715 30.07035,-30.87149 30.07036,-30.87147 30.07045,-30.87135 30.07055,-30.8713 30.07065,-30.87123 30.07075,-30.87118 30.07083,-30.87111 30.07088,-30.87107 30.07093,-30.87104 30.07094,-30.87103 30.07096,-30.87101 30.071,-30.871 30.07104,-30.87099 30.07106,-30.87097 30.07112,-30.87094 30.07115,-30.87092 30.07122,-30.87089 30.07128,-30.87086 30.07135,-30.87084 30.07138,-30.87083 30.07139,-30.87082 30.07146,-30.87078 30.07151,-30.87075 30.07155,-30.87075 30.07159,-30.87074 30.07166,-30.87073 30.07172,-30.87071 30.07182,-30.87069 30.07188,-30.87068 30.07193,-30.87067 30.07197,-30.87067 30.07201,-30.87066 30.07218,-30.87066 30.07228,-30.87064 30.07264,-30.87064 30.07272,-30.87066 30.07279,-30.87067 30.0729,-30.87067 30.07298,-30.87068 30.07321,-30.87068 30.07328,-30.87069 30.07333,-30.8707 30.07336,-30.87071 30.07341,-30.87072 30.07347,-30.87073 30.07354,-30.87073 30.07362,-30.87074 30.07368,-30.87074 30.07373,-30.87074 30.07377,-30.87075 30.07383,-30.87076 30.07392,-30.87077 30.07397,-30.87078 30.07398,-30.87078 30.07401,-30.87079 30.07408,-30.8708 30.07412,-30.87083 30.07414,-30.87084 30.07415,-30.87084 30.07422,-30.87087 30.07425,-30.87087 30.07432,-30.87089 30.07442,-30.8709 30.07456,-30.87093 30.07463,-30.87094 30.07471,-30.87097 30.07479,-30.87099 30.07487,-30.87103 30.07494,-30.87106 30.07499,-30.87107 30.07507,-30.8711 30.07522,-30.87111 30.07543,-30.87115 30.07553,-30.87118 30.07563,-30.87121 30.07567,-30.87122 30.07571,-30.87124 30.07583,-30.87128 30.07588,-30.8713 30.07596,-30.87133 30.07609,-30.87135 30.07611,-30.87135 30.07613,-30.87136 30.0762,-30.87138 30.07624,-30.87139 30.07626,-30.8714 30.07631,-30.87141 30.07636,-30.87144 30.07641,-30.87145 30.07646,-30.87148 30.07647,-30.87148 30.07651,-30.87148 30.0766,-30.87151 30.07665,-30.87153 30.07676,-30.87156 30.07681,-30.87157 30.07686,-30.87159 30.07696,-30.87161 30.07697,-30.87162 30.07702,-30.87164 30.07706,-30.87165 30.07709,-30.87165 30.07711,-30.87166 30.07716,-30.87167 30.07719,-30.87168 30.0772,-30.87169 30.07727,-30.87171 30.07729,-30.87173 30.07751,-30.8718 30.07759,-30.87183 30.07771,-30.87189 30.07781,-30.87192 30.07789,-30.87196 30.07802,-30.87199 30.07816,-30.87201 30.07827,-30.87206 30.07829,-30.87206 30.07831,-30.87207 30.07833,-30.87208 30.07835,-30.87209 30.0784,-30.8721 30.0785,-30.87214 30.07857,-30.87219 30.07863,-30.87221 30.07874,-30.87223 30.07879,-30.87224 30.07887,-30.87226 30.07892,-30.87227 30.079,-30.87229 30.07904,-30.8723 30.07907,-30.87231 30.07922,-30.87235 30.07939,-30.87242 30.07945,-30.87244 30.0795,-30.87248 30.07956,-30.87248 30.07962,-30.87252 30.07964,-30.87253 30.0797,-30.87255 30.07978,-30.87258 30.07983,-30.87258 30.07991,-30.87261 30.07996,-30.87262 30.07999,-30.87263 30.08004,-30.87265 30.08012,-30.87269 30.08015,-30.8727 30.08018,-30.87272 30.08028,-30.87278 30.08034,-30.87281 30.08045,-30.87283 30.08053,-30.87287 30.08068,-30.87289 30.0807,-30.8729 30.08075,-30.87291 30.08081,-30.87294 30.08083,-30.87295 30.08092,-30.87297 30.081,-30.87301 30.08107,-30.87302 30.08122,-30.87306 30.08142,-30.87311 30.08155,-30.87314 30.08174,-30.8732 30.08183,-30.87323 30.08188,-30.87325 30.08197,-30.87328 30.08201,-30.87329 30.08205,-30.87331 30.08211,-30.87333 30.08217,-30.87334 30.08224,-30.87338 30.08241,-30.87343 30.08246,-30.87345 30.08255,-30.87351 30.08259,-30.87351 30.08269,-30.87355 30.08279,-30.87358 30.08284,-30.87358 30.08293,-30.8736 30.08297,-30.87361 30.08303,-30.87363 30.08311,-30.87365 30.08319,-30.87368 30.08322,-30.87369 30.08329,-30.87371 30.08335,-30.87373 30.08338,-30.87374 30.08348,-30.87375 30.08355,-30.87376 30.08369,-30.87377 30.08374,-30.87378 30.08379,-30.87379 30.08388,-30.87381 30.08392,-30.87382 30.08394,-30.87383 30.084,-30.87386 30.08408,-30.87388 30.08411,-30.87389 30.08418,-30.87391 30.08434,-30.87392 30.0844,-30.87392 30.08447,-30.87393 30.08455,-30.87394 30.0846,-30.87395 30.08469,-30.87396 30.08481,-30.874 30.08492,-30.87402 30.08509,-30.87407 30.0852,-30.87412 30.08535,-30.87417 30.08542,-30.87419 30.08551,-30.87423 30.08558,-30.87426 30.08561,-30.87427 30.08567,-30.8743 30.08584,-30.87433 30.08592,-30.87435 30.08596,-30.87436 30.08607,-30.87438 30.08615,-30.87439 30.08626,-30.87437 30.08635,-30.87436 30.08639,-30.87436 30.08658,-30.87438 30.08668,-30.87438 30.08676,-30.87439 30.08682,-30.87439 30.08687,-30.8744 30.08692,-30.8744 30.087,-30.87441 30.08704,-30.87441 30.0871,-30.87442 30.08717,-30.87443 30.08721,-30.87444 30.0873,-30.87446 30.0874,-30.87446 30.08748,-30.87445 30.08755,-30.87445 30.0876,-30.87444 30.08815,-30.87445 30.08819,-30.87446 30.08827,-30.8745 30.08829,-30.87452 30.08833,-30.87455 30.08836,-30.87457 30.08836,-30.87457 30.0884,-30.87461 30.08846,-30.87464 30.08851,-30.87467 30.08854,-30.87468 30.08858,-30.8747 30.08866,-30.87472 30.08871,-30.87476 30.08875,-30.87478 30.08878,-30.87481 30.08885,-30.87484 30.08889,-30.87487 30.08892,-30.8749 30.08896,-30.87495 30.08896,-30.87497 30.08896,-30.87499 30.089,-30.87504 30.08904,-30.87507 30.08906,-30.87511 30.08914,-30.87518 30.08915,-30.87521 30.0892,-30.87526 30.0892,-30.87529 30.08921,-30.87532 30.08922,-30.87537 30.08924,-30.87542 30.08928,-30.87547 30.08931,-30.87554 30.08937,-30.8756 30.08943,-30.87563 30.08945,-30.87567 30.08948,-30.8757 30.08951,-30.87574 30.08956,-30.87578 30.08962,-30.87584 30.08967,-30.8759 30.08976,-30.876 30.08978,-30.87603 30.08982,-30.87606 30.08983,-30.87609 30.0899,-30.87614 30.08992,-30.87617 30.08996,-30.8762 30.08997,-30.87623 30.09003,-30.87628 30.09004,-30.8763 30.09005,-30.87632 30.09009,-30.87637 30.09012,-30.87642 30.09017,-30.87648 30.09021,-30.87653 30.09026,-30.87658 30.0903,-30.8766 30.09034,-30.87663 30.09037,-30.87667 30.09037,-30.87674 30.09039,-30.87678 30.09042,-30.87681 30.09046,-30.87687 30.09048,-30.87691 30.0905,-30.87695 30.09052,-30.877 30.09052,-30.877 30.09056,-30.87704 30.09059,-30.87708 30.09062,-30.87712 30.09067,-30.87718 30.09074,-30.8772 30.09076,-30.87722 30.09077,-30.87723 30.09083,-30.87726 30.09085,-30.87728 30.09087,-30.87729 30.09089,-30.87731 30.09093,-30.87732 30.09102,-30.87735 30.09105,-30.87736 30.0911,-30.87736 30.09117,-30.87738 30.09119,-30.8774 30.09124,-30.87742 30.09126,-30.87744 30.09134,-30.87749 30.09143,-30.87755 30.09148,-30.87757 30.09151,-30.87757 30.09159,-30.87758 30.09165,-30.8776 30.09167,-30.87763 30.0917,-30.87764 30.09174,-30.87766 30.09179,-30.87769 30.09181,-30.87771 30.09184,-30.87773 30.09184,-30.87773 30.09187,-30.87776 30.09192,-30.8778 30.09193,-30.8778 30.09195,-30.87781 30.09202,-30.87788 30.09205,-30.8779 30.09205,-30.8779 30.0921,-30.87794 30.09212,-30.87796 30.09213,-30.87799 30.09215,-30.87802 30.09218,-30.87805 30.09222,-30.87811 30.09224,-30.87813 30.09228,-30.87816 30.09233,-30.87819 30.0924,-30.87821 30.09246,-30.87823 30.09251,-30.87825 30.09265,-30.87825 30.09269,-30.87824 30.09272,-30.87821 30.09276,-30.87821 30.09279,-30.87818 30.09284,-30.87816 30.09286,-30.87814 30.09288,-30.87813 30.09291,-30.87812 30.09298,-30.87811 30.0931,-30.87809 30.09317,-30.87806 30.09321,-30.87805 30.09328,-30.878 30.09333,-30.87798 30.09337,-30.87795 30.0934,-30.87792 30.09347,-30.87785 30.09348,-30.87781 30.0935,-30.87778 30.09351,-30.87775 30.09351,-30.87768 30.09352,-30.87763 30.09353,-30.8776 30.09353,-30.87754 30.09354,-30.87752 30.09354,-30.87751 30.09357,-30.87749 30.09357,-30.87748 30.09358,-30.87746 30.0936,-30.87741 30.09362,-30.87737 30.09363,-30.87734 30.09363,-30.87731 30.09362,-30.87728 30.09362,-30.87714 30.09363,-30.87711 30.09363,-30.87705 30.09363,-30.87696 30.09363,-30.87693 30.09361,-30.87689 30.09361,-30.87684 30.0936,-30.87681 30.09358,-30.87678 30.09358,-30.87677 30.09357,-30.87675 30.09355,-30.87672 30.09355,-30.8767 30.09355,-30.87669 30.09354,-30.87667 30.09354,-30.87666 30.09353,-30.87664 30.09351,-30.87661 30.09351,-30.87656 30.0935,-30.87653 30.0935,-30.8765 30.09348,-30.87647 30.09346,-30.87641 30.09344,-30.87633 30.09342,-30.87629 30.0934,-30.87624 30.09339,-30.87619 30.09338,-30.87615 30.09336,-30.87612 30.09336,-30.87607 30.09336,-30.87606 30.09335,-30.87604 30.09335,-30.87597 30.09334,-30.87595 30.09334,-30.87593 30.09332,-30.87587 30.09331,-30.87584 30.09331,-30.8758 30.0933,-30.87577 30.09329,-30.87573 30.09327,-30.87569 30.09326,-30.87566 30.09325,-30.87562 30.09325,-30.87554 30.09323,-30.87551 30.09322,-30.87547 30.09318,-30.87537 30.09318,-30.87535 30.09317,-30.87533 30.09316,-30.8753 30.09316,-30.87529 30.09315,-30.87525 30.09315,-30.8752 30.09314,-30.87517 30.09314,-30.87512 30.09312,-30.87509 30.09311,-30.87506 30.09311,-30.8749 30.0931,-30.87487 30.0931,-30.87484 30.09309,-30.87477 30.09308,-30.87473 30.09308,-30.87464 30.0931,-30.8746 30.0931,-30.87456 30.09313,-30.87447 30.09314,-30.87443 30.09315,-30.8744 30.09314,-30.87419 30.09314,-30.8741 30.09313,-30.87406 30.09311,-30.87403 30.09311,-30.8738 30.09312,-30.87377 30.09312,-30.87366 30.09313,-30.8736 30.09313,-30.87355 30.09312,-30.87349 30.09312,-30.87328 30.09311,-30.87325 30.0931,-30.8732 30.09309,-30.87316 30.09308,-30.87308 30.09309,-30.87303 30.09309,-30.87295 30.0931,-30.87292 30.0931,-30.87285 30.09311,-30.87281 30.09312,-30.87278 30.09312,-30.87264 30.09311,-30.87259 30.09309,-30.87253 30.09308,-30.87249 30.09308,-30.87246 30.09307,-30.87241 30.09307,-30.87209 30.09308,-30.87195 30.0931,-30.87189 30.09314,-30.87183 30.09316,-30.87177 30.09316,-30.87151 30.09312,-30.87144 30.09311,-30.87141 30.09311,-30.8713 30.0931,-30.87124 30.0931,-30.8712 30.09306,-30.87115 30.09302,-30.87111 30.093,-30.87107 30.093,-30.87102 30.09299,-30.87086 30.09298,-30.87082 30.09297,-30.87078 30.09296,-30.87074 30.09296,-30.87071 30.09295,-30.87067 30.09295,-30.87064 30.09292,-30.87056 30.09291,-30.87052 30.09288,-30.87048 30.09287,-30.87041 30.09284,-30.87019 30.09281,-30.87015 30.09278,-30.8701 30.09277,-30.87007 30.09276,-30.87002 30.09275,-30.86998 30.09271,-30.8699 30.09267,-30.86985 30.09267,-30.86979 30.09264,-30.86959 30.09264,-30.86956 30.09262,-30.8695 30.09262,-30.86946 30.09261,-30.86942 30.09261,-30.86892 30.0926,-30.86887 30.0926,-30.8688 30.09261,-30.86877 30.09261,-30.86867 30.09263,-30.86862 30.09266,-30.86856 30.09267,-30.86851 30.09268,-30.86848 30.0927,-30.86844 30.09272,-30.86841 30.09274,-30.86837 30.09274,-30.86834 30.09275,-30.86827 30.09277,-30.86823 30.09278,-30.86818 30.0928,-30.86816 30.0928,-30.86813 30.09281,-30.86808 30.09282,-30.86805 30.09284,-30.86801 30.09285,-30.86798 30.09286,-30.86794 30.09289,-30.8679 30.09292,-30.86787 30.09296,-30.86782 30.093,-30.86776 30.09303,-30.86772 30.09305,-30.86769 30.09305,-30.86769 30.09307,-30.86765 30.09311,-30.86754 30.09313,-30.8675 30.09314,-30.86747 30.09316,-30.86743 30.09317,-30.86741 30.09317,-30.86739 30.09318,-30.86738 30.09319,-30.86735 30.09321,-30.8673 30.09324,-30.86726 30.09325,-30.86722 30.09336,-30.86708 30.09339,-30.86699 30.0934,-30.86695 30.09341,-30.86691 30.09342,-30.86687 30.09343,-30.86683 30.09345,-30.86678 30.09347,-30.86675 30.09349,-30.86671 30.09351,-30.86664 30.09356,-30.86658 30.09357,-30.86657 30.09359,-30.86655 30.09369,-30.86642 30.09372,-30.86636 30.09374,-30.86634 30.09375,-30.86631 30.09378,-30.86627 30.0938,-30.86623 30.09385,-30.86618 30.09388,-30.86614 30.09391,-30.86611 30.09392,-30.86608 30.09394,-30.86604 30.09398,-30.86598 30.09401,-30.86594 30.09416,-30.86579 30.09419,-30.86576 30.09419,-30.86575 30.0942,-30.86574 30.0942,-30.86571 30.09424,-30.86566 30.09428,-30.86563 30.09431,-30.86561 30.09437,-30.86555 30.0944,-30.86551 30.09445,-30.86547 30.09448,-30.86545 30.09451,-30.86542 30.09454,-30.86539 30.09457,-30.86537 30.09459,-30.86534 30.0946,-30.86531 30.09461,-30.86528 30.09462,-30.86525 30.09464,-30.86522 30.09466,-30.86518 30.09467,-30.86515 30.09469,-30.86514 30.09472,-30.86512 30.0948,-30.86514 30.09485,-30.86515 30.09488,-30.86515 30.09491,-30.86514 30.09497,-30.86509 30.09501,-30.86507 30.09504,-30.86504 30.09505,-30.86502 30.09505,-30.86501 30.09507,-30.86499 30.09508,-30.86496 30.09512,-30.86492 30.09514,-30.86486 30.09514,-30.86476 30.09515,-30.86461 30.0952,-30.86449 30.09522,-30.86445 30.09524,-30.86441 30.09525,-30.86437 30.09525,-30.86426 30.09526,-30.86421 30.09526,-30.86416 30.09525,-30.86412 30.09524,-30.86399 30.09524,-30.8639 30.09525,-30.86385 30.09524,-30.86373 30.09524,-30.86343 30.09526,-30.86336 30.09526,-30.86323 30.09527,-30.8632 30.09528,-30.86315 30.09528,-30.86306 30.09527,-30.86302 30.09526,-30.86298 30.09524,-30.86294 30.09522,-30.86292 30.09518,-30.86289 30.09512,-30.86285 30.09511,-30.86285 30.09507,-30.86282 30.09499,-30.86273 30.09497,-30.86269 30.09496,-30.86264 30.09494,-30.86261 30.09492,-30.86257 30.09489,-30.86253 30.09487,-30.8625 30.09486,-30.86246 30.09484,-30.86241 30.09483,-30.86237 30.0948,-30.86234 30.09477,-30.86229 30.09472,-30.86226 30.09465,-30.86221 30.09462,-30.86218 30.0945,-30.86212 30.09444,-30.86207 30.09441,-30.86206 30.09437,-30.86205 30.09431,-30.86204 30.09409,-30.86204 30.09401,-30.86205 30.09396,-30.86207 30.09382,-30.86207 30.09369,-30.86208 30.09363,-30.8621 30.09355,-30.86213 30.09349,-30.86215 30.09344,-30.86217 30.09339,-30.86219 30.09336,-30.8622 30.09335,-30.86221 30.09332,-30.86222 30.09327,-30.86224 30.09321,-30.86224 30.09311,-30.86225 30.09302,-30.86223 30.09271,-30.86223 30.0926,-30.86226 30.09253,-30.86228 30.09239,-30.86234 30.09221,-30.86236 30.09215,-30.86238 30.0921,-30.8624 30.09208,-30.86241 30.09205,-30.86242 30.09199,-30.86244 30.09183,-30.86247 30.09178,-30.86249 30.09176,-30.8625 30.09172,-30.86251 30.09164,-30.86253 30.09153,-30.86257 30.09142,-30.86262 30.09138,-30.86264 30.09135,-30.86264 30.09131,-30.86265 30.09125,-30.86267 30.0912,-30.86268 30.09113,-30.8627 30.0911,-30.86273 30.09104,-30.86276 30.09095,-30.86279 30.09089,-30.86281 30.09085,-30.86282 30.09083,-30.86284 30.09067,-30.86291 30.09061,-30.86293 30.09054,-30.86294 30.09049,-30.86297 30.09045,-30.86298 30.09042,-30.86299 30.09037,-30.863 30.0903,-30.86302 30.09027,-30.86303 30.09026,-30.86304 30.09016,-30.86305 30.09006,-30.86306 30.09,-30.86308 30.08978,-30.86315 30.08971,-30.86317 30.08961,-30.8632 30.08955,-30.86322 30.08949,-30.86325 30.08947,-30.86326 30.08945,-30.86327 30.0894,-30.8633 30.08932,-30.86334 30.08922,-30.86342 30.08885,-30.86359 30.0888,-30.86362 30.08874,-30.86366 30.0887,-30.86367 30.08867,-30.86368 30.0886,-30.86371 30.08851,-30.86373 30.08846,-30.86376 30.08832,-30.86379 30.08801,-30.86389 30.08789,-30.86395 30.08774,-30.86399 30.0876,-30.86404 30.0874,-30.86408 30.08728,-30.86408 30.0872,-30.86408 30.08711,-30.86409 30.08701,-30.86409 30.08695,-30.86408 30.08691,-30.86408 30.08686,-30.86407 30.0867,-30.86403 30.08666,-30.86401 30.08661,-30.86399 30.08654,-30.86396 30.08647,-30.86391 30.08643,-30.86389 30.08635,-30.86383 30.08626,-30.86374 30.08623,-30.8637 30.0862,-30.86366 30.08617,-30.86361 30.08608,-30.86349 30.08604,-30.86347 30.08598,-30.86346 30.08594,-30.86345 30.08585,-30.86345 30.08579,-30.86342 30.08576,-30.8634 30.08566,-30.86335 30.08561,-30.86333 30.08555,-30.86329 30.08547,-30.86327 30.08545,-30.86327 30.08541,-30.86326 30.08537,-30.86325 30.0853,-30.86326 30.08524,-30.86327 30.08519,-30.8633 30.08514,-30.86332 30.0851,-30.86335 30.08509,-30.8634 30.08509,-30.86343 30.08508,-30.86347 30.08506,-30.86351 30.08501,-30.86353 30.08497,-30.86357 30.08488,-30.86358 30.08484,-30.86359 30.0848,-30.8636 30.08476,-30.8636 30.08473,-30.86361 30.08469,-30.86362 30.08462,-30.86363 30.08456,-30.86363 30.08449,-30.86362 30.08439,-30.86363 30.08431,-30.86365 30.08426,-30.86366 30.08424,-30.86367 30.08421,-30.86368 30.08414,-30.86371 30.08409,-30.86372 30.08398,-30.86375 30.0839,-30.86377 30.08373,-30.86377 30.08364,-30.86376 30.08351,-30.86373 30.08341,-30.86371 30.08337,-30.86371 30.08333,-30.8637 30.08328,-30.86369 30.08321,-30.86367 30.08319,-30.86367 30.08316,-30.86366 30.08309,-30.86366 30.08304,-30.86366 30.08298,-30.86367 30.08288,-30.86369 30.08281,-30.86369 30.08278,-30.8637 30.08274,-30.86371 30.08271,-30.86373 30.08269,-30.86378 30.08268,-30.8638 30.08268,-30.86381 30.08267,-30.86382 30.08265,-30.86386 30.0826,-30.86394 30.08258,-30.86397 30.08256,-30.86401 30.08254,-30.86403 30.08251,-30.86407 30.08247,-30.86413 30.08242,-30.86418 30.08238,-30.8642 30.08236,-30.86422 30.08231,-30.86427 30.0823,-30.86428 30.08226,-30.8643 30.08224,-30.86433 30.08214,-30.86451 30.08209,-30.86456 30.08206,-30.8646 30.08202,-30.86466 30.082,-30.86472 30.08199,-30.86477 30.08199,-30.86481 30.08199,-30.86482 30.08201,-30.86485 30.08205,-30.86488 30.08208,-30.8649 30.0821,-30.86492 30.08209,-30.86501 30.08202,-30.86518 30.08197,-30.86534 30.08191,-30.86565 30.08187,-30.86581 30.08185,-30.86586 30.08181,-30.8659 30.08177,-30.86591 30.08174,-30.86591 30.08172,-30.8659 30.08171,-30.8659 30.08151,-30.86586 30.08135,-30.86587 30.08124,-30.86588 30.08105,-30.86592 30.08083,-30.86594 30.08072,-30.86595 30.08063,-30.86596 30.08023,-30.86596 30.08019,-30.86595 30.08015,-30.86595 30.08008,-30.86594 30.08003,-30.86593 30.07997,-30.86591 30.07992,-30.8659 30.07987,-30.86589 30.07975,-30.86585 30.07971,-30.86581 30.0796,-30.86576 30.0795,-30.86574 30.07942,-30.86573 30.07924,-30.86572 30.07918,-30.8657 30.07912,-30.8657 30.07909,-30.86571 30.07905,-30.86572 30.079,-30.86573 30.07894,-30.86573 30.07888,-30.86576 30.0787,-30.86576 30.07866,-30.86574 30.07857,-30.86573 30.0785,-30.86571 30.07845,-30.86569 30.07838,-30.86566 30.07827,-30.86563 30.07821,-30.86561 30.07805,-30.8656 30.07801,-30.8656 30.07788,-30.86559 30.07782,-30.86558 30.07777,-30.86557 30.07772,-30.86556 30.07769,-30.86555 30.07766,-30.86555 30.07753,-30.86555 30.07751,-30.86556 30.07749,-30.86556 30.07748,-30.86557 30.07742,-30.8656 30.0774,-30.86563 30.07734,-30.86565 30.07729,-30.8657 30.0772,-30.86573 30.07715,-30.86575 30.07699,-30.86573 30.07696,-30.86577 30.07692,-30.86581 30.07689,-30.86584 30.07685,-30.86587 30.07681,-30.86588 30.07678,-30.86588 30.07661,-30.86587 30.07645,-30.86585 30.07599,-30.86585 30.07593,-30.86586 30.07571,-30.86588 30.07549,-30.86588 30.07527,-30.86592 30.07521,-30.86593 30.07507,-30.86599 30.075,-30.866 30.07485,-30.86601 30.07479,-30.866 30.07458,-30.86599 30.07454,-30.86598 30.07446,-30.86596 30.07416,-30.86596 30.07401,-30.86595 30.07388,-30.86595 30.07379,-30.86593 30.0737,-30.86592 30.07366,-30.86592 30.0736,-30.86591 30.07352,-30.8659 30.07346,-30.86589 30.07339,-30.86587 30.07319,-30.86581 30.07317,-30.8658 30.07311,-30.86578 30.07306,-30.86576 30.07305,-30.86575 30.07294,-30.8657 30.07287,-30.86567 30.07281,-30.86565 30.07272,-30.86561 30.07268,-30.86558 30.07263,-30.86553 30.07253,-30.86541 30.07251,-30.86536 30.07251,-30.86527 30.07252,-30.86522 30.07255,-30.86518 30.07258,-30.86515 30.07264,-30.86507 30.07267,-30.86501 30.07269,-30.86494 30.07271,-30.86488 30.07275,-30.86482 30.0728,-30.86478 30.07282,-30.86474 30.07287,-30.86468 30.07291,-30.86466 30.07298,-30.86461 30.07303,-30.86459 30.07309,-30.86458 30.07312,-30.86455 30.07315,-30.86448 30.07315,-30.86443 30.07317,-30.86435 30.07321,-30.864 30.07322,-30.86397 30.07322,-30.86381 30.07327,-30.86352 30.07327,-30.86336 30.07331,-30.86307 30.07329,-30.863 30.07328,-30.86295 30.07328,-30.86258 30.07327,-30.86252 30.07327,-30.86249 30.07326,-30.86246 30.07323,-30.86239 30.07324,-30.86237 30.07325,-30.86233 30.07324,-30.86211 30.07322,-30.86201 30.07321,-30.86194 30.0732,-30.86189 30.07319,-30.86183 30.07319,-30.86177 30.07315,-30.8616 30.07313,-30.86146 30.07313,-30.8614 30.07312,-30.86132 30.07311,-30.86129 30.07309,-30.86117 30.07309,-30.86112 30.07308,-30.86106 30.07308,-30.86092 30.07309,-30.86084 30.07311,-30.86079 30.07312,-30.86066 30.07312,-30.86052 30.07313,-30.86047 30.07314,-30.8604 30.07314,-30.86035 30.07315,-30.86027 30.07318,-30.86018 30.07318,-30.86011 30.07321,-30.86006 30.07326,-30.85998 30.07338,-30.8597 30.07339,-30.85964 30.07341,-30.85959 30.07344,-30.85954 30.07345,-30.85952 30.07346,-30.85951 30.07348,-30.85948 30.0736,-30.85923 30.07362,-30.85919 30.07364,-30.85916 30.07371,-30.85872 30.07373,-30.85865 30.07374,-30.85859 30.07382,-30.85823 30.07384,-30.85817 30.07385,-30.85814 30.07385,-30.85811 30.07386,-30.85808 30.07387,-30.85804 30.07394,-30.85775 30.07396,-30.85771 30.07398,-30.85763 30.07401,-30.85753 30.07408,-30.85726 30.0741,-30.85721 30.07413,-30.85712 30.07416,-30.85706 30.07419,-30.85702 30.07425,-30.85678 30.07426,-30.85672 30.07426,-30.8566 30.07424,-30.85648 30.07423,-30.85643 30.07422,-30.8564 30.07419,-30.85636 30.07415,-30.85633 30.07413,-30.85629 30.07409,-30.85626 30.07403,-30.85623 30.07395,-30.85617 30.07389,-30.85614 30.07381,-30.85609 30.07374,-30.85605 30.07364,-30.856 30.07357,-30.85599 30.07355,-30.85598 30.07348,-30.85594 30.07338,-30.8559 30.07334,-30.85588 30.07333,-30.85587 30.07325,-30.85582 30.07318,-30.85577 30.07317,-30.85576 30.07312,-30.85572 30.07304,-30.85568 30.07302,-30.85567 30.07296,-30.85561 30.07284,-30.85552 30.07279,-30.85549 30.07275,-30.85545 30.07271,-30.85542 30.07266,-30.85537 30.07261,-30.85533 30.07255,-30.85529 30.07251,-30.85525 30.07245,-30.8552 30.0724,-30.85518 30.07224,-30.85513 30.07219,-30.85508 30.07214,-30.85502 30.0721,-30.85498 30.07192,-30.85472 30.07189,-30.85466 30.07188,-30.85463 30.07186,-30.85459 30.07171,-30.8543 30.07167,-30.85421 30.07164,-30.85414 30.07161,-30.85406 30.07156,-30.85397 30.07152,-30.85388 30.07146,-30.85376 30.0714,-30.85362 30.07135,-30.85354 30.07131,-30.85347 30.07129,-30.8534 30.07128,-30.85334 30.07123,-30.85327 30.07121,-30.85321 30.07119,-30.85314 30.07118,-30.85312 30.07115,-30.85307 30.07112,-30.85302 30.07109,-30.85298 30.07106,-30.85295 30.07101,-30.8529 30.07095,-30.85282 30.07079,-30.85266 30.07071,-30.85257 30.07062,-30.85243 30.07059,-30.85239 30.07056,-30.85237 30.07053,-30.85235 30.07051,-30.85232 30.0705,-30.8523 30.07048,-30.85226 30.07045,-30.85217 30.07041,-30.85202 30.0704,-30.852 30.07039,-30.85196 30.07037,-30.85193 30.07036,-30.8519 30.07034,-30.8518 30.07033,-30.85177 30.0703,-30.85173 30.07026,-30.85168 30.07024,-30.85165 30.07021,-30.85163 30.07016,-30.8516 30.07013,-30.85158 30.07005,-30.85156 30.06998,-30.85154 30.06992,-30.85153 30.06971,-30.85146 30.06958,-30.85143 30.06951,-30.85141 30.06944,-30.8514 30.0694,-30.8514 30.06933,-30.85141 30.06925,-30.85147 30.06919,-30.85149 30.06909,-30.8515 30.06898,-30.8515 30.06879,-30.85153 30.06871,-30.85153 30.06867,-30.85155 30.06862,-30.85156 30.06856,-30.85158 30.0685,-30.85161 30.06847,-30.85163 30.06824,-30.85167 30.06819,-30.85171 30.06802,-30.85175 30.068,-30.85176 30.06799,-30.85176 30.06796,-30.85177 30.06791,-30.85178 30.06784,-30.85178 30.06782,-30.85181 30.06779,-30.85181 30.06772,-30.85182 30.06763,-30.85182 30.06758,-30.85181 30.06752,-30.8518 30.06746,-30.85177 30.06741,-30.85175 30.06738,-30.85174 30.06733,-30.85173 30.06727,-30.85173 30.06723,-30.85172 30.0672,-30.85172 30.06712,-30.85175 30.06708,-30.85176 30.06691,-30.85176 30.06684,-30.85174 30.0668,-30.85172 30.06679,-30.85171 30.06678,-30.85171 30.06675,-30.85169 30.0667,-30.85166 30.06669,-30.85165 30.06663,-30.85162 30.0666,-30.8516 30.06655,-30.85157 30.06649,-30.85154 30.06648,-30.85153 30.06644,-30.85151 30.0664,-30.85149 30.06636,-30.85146 30.06631,-30.85143 30.06627,-30.85139 30.06622,-30.85137 30.06616,-30.85132 30.06615,-30.85131 30.06614,-30.8513 30.06611,-30.85129 30.06608,-30.85127 30.06606,-30.85124 30.06602,-30.85121 30.06597,-30.85119 30.06594,-30.85117 30.0659,-30.85114 30.06588,-30.85113 30.06582,-30.85111 30.06579,-30.85109 30.06578,-30.85109 30.06574,-30.85108 30.0657,-30.85107 30.06567,-30.85106 30.06564,-30.85105 30.06558,-30.85102 30.06551,-30.85098 30.06539,-30.85094 30.06533,-30.85091 30.0652,-30.85086 30.06517,-30.85084 30.06513,-30.85082 30.06502,-30.85078 30.06499,-30.85077 30.06498,-30.85076 30.06491,-30.85073 30.06489,-30.8507 30.06489,-30.8507 30.06484,-30.85066 30.06481,-30.85063 30.06478,-30.85059 30.06474,-30.85054 30.06472,-30.85049 30.0647,-30.85046 30.06469,-30.85044 30.06468,-30.8504 30.06463,-30.85031 30.06462,-30.85028 30.06461,-30.85026 30.0646,-30.85022 30.06458,-30.85017 30.06455,-30.85013 30.06452,-30.8501 30.06451,-30.85008 30.06446,-30.85001 30.06442,-30.84998 30.06436,-30.84988 30.06433,-30.84984 30.06425,-30.84972 30.06422,-30.84968 30.0642,-30.84965 30.06417,-30.8496 30.06413,-30.84952 30.06411,-30.84946 30.0641,-30.84941 30.06409,-30.84938 30.06407,-30.84936 30.06403,-30.84931 30.06391,-30.84925 30.06387,-30.84924 30.0638,-30.8492 30.06376,-30.84917 30.0637,-30.84914 30.06367,-30.84911 30.06361,-30.84907 30.06349,-30.84898 30.06345,-30.84894 30.06345,-30.84894 30.06337,-30.84884 30.06331,-30.84879 30.06317,-30.84871 30.06308,-30.84868 30.06303,-30.84865 30.06296,-30.84861 30.0629,-30.84857 30.06283,-30.84853 30.06273,-30.84848 30.06265,-30.84841 30.06259,-30.84836 30.06256,-30.84833 30.06251,-30.84829 30.0625,-30.84827 30.06249,-30.84825 30.06245,-30.84821 30.0624,-30.84818 30.06236,-30.84815 30.06232,-30.84813 30.06231,-30.84812 30.06219,-30.84806 30.06207,-30.84806 30.06197,-30.84807 30.0619,-30.84809 30.06179,-30.84813 30.06171,-30.84814 30.06164,-30.84815 30.06162,-30.84816 30.06158,-30.84817 30.06131,-30.84817 30.06125,-30.84816 30.06117,-30.84813 30.06113,-30.8481 30.06107,-30.84806 30.06104,-30.84803 30.06099,-30.84802 30.06091,-30.84799 30.06083,-30.84799 30.06077,-30.84798 30.06055,-30.84798 30.06052,-30.84798 30.06048,-30.84797 30.06042,-30.84796 30.06038,-30.84796 30.06016,-30.84785 30.06012,-30.84783 30.06003,-30.8478 30.05996,-30.84778 30.05993,-30.84777 30.05971,-30.84777 30.05964,-30.84778 30.0596,-30.84779 30.05952,-30.84782 30.05947,-30.84785 30.05932,-30.84793 30.05927,-30.84796 30.05924,-30.84797 30.05921,-30.84797 30.0592,-30.84798 30.05917,-30.84799 30.05912,-30.84801 30.05908,-30.84803 30.05899,-30.84804 30.05895,-30.84806 30.05874,-30.84812 30.0587,-30.84814 30.05868,-30.84815 30.05864,-30.84817 30.05856,-30.8482 30.0585,-30.84821 30.05845,-30.84823 30.0584,-30.84827 30.05837,-30.84828 30.05835,-30.84829 30.05833,-30.84829 30.0583,-30.8483 30.05824,-30.84832 30.05814,-30.84838 30.05814,-30.84839 30.05812,-30.84841 30.05808,-30.84844 30.05805,-30.84846 30.05801,-30.8485 30.05797,-30.84852 30.05793,-30.84853 30.05787,-30.84852 30.05782,-30.84851 30.05779,-30.8485 30.05767,-30.84841 30.0576,-30.84839 30.05754,-30.84836 30.05746,-30.84835 30.05737,-30.84831 30.0573,-30.84828 30.05722,-30.84825 30.05712,-30.84823 30.05706,-30.8482 30.05692,-30.84815 30.05683,-30.84812 30.05675,-30.84809 30.05661,-30.84805 30.0565,-30.84802 30.05644,-30.848 30.0563,-30.84796 30.05621,-30.84794 30.05618,-30.84793 30.05614,-30.84792 30.05612,-30.8479 30.0561,-30.84789 30.05602,-30.84785 30.05598,-30.84782 30.05595,-30.84781 30.0559,-30.8478 30.05586,-30.8478 30.05582,-30.8478 30.05577,-30.84779 30.05562,-30.84778 30.05554,-30.84778 30.05551,-30.84777 30.05544,-30.84775 30.05536,-30.84774 30.05528,-30.84773 30.05518,-30.8477 30.05513,-30.84768 30.05502,-30.84764 30.05495,-30.84761 30.05489,-30.84759 30.05484,-30.84757 30.05477,-30.84756 30.05472,-30.84755 30.05467,-30.84753 30.05444,-30.84753 30.05439,-30.84752 30.05432,-30.84752 30.05429,-30.84751 30.05427,-30.84751 30.05417,-30.84748 30.05412,-30.84746 30.05406,-30.84744 30.054,-30.8474 30.05396,-30.84736 30.05389,-30.84732 30.05377,-30.8472 30.05366,-30.84714 30.05361,-30.84709 30.05352,-30.84702 30.05338,-30.8469 30.05333,-30.84688 30.05328,-30.84687 30.05317,-30.84685 30.05301,-30.84685 30.05288,-30.84688 30.05275,-30.84692 30.05265,-30.84696 30.05251,-30.84702 30.05247,-30.84705 30.05238,-30.84706 30.05235,-30.8471 30.05225,-30.84712 30.05223,-30.84714 30.05216,-30.84716 30.05212,-30.84719 30.05205,-30.84724 30.05196,-30.84724 30.05193,-30.84726 30.05187,-30.84728 30.05181,-30.8473 30.05178,-30.84732 30.05175,-30.84733 30.05173,-30.84735 30.05169,-30.84738 30.05164,-30.84738 30.05159,-30.8474 30.05154,-30.84743 30.05146,-30.84746 30.05142,-30.8475 30.05136,-30.84751 30.05133,-30.84752 30.05132,-30.84753 30.05127,-30.84755 30.05118,-30.84757 30.05109,-30.84757 30.05088,-30.84756 30.05084,-30.84756 30.05078,-30.84757 30.05071,-30.84757 30.05066,-30.84759 30.0506,-30.84761 30.05052,-30.84762 30.05038,-30.84769 30.0503,-30.84771 30.05021,-30.84772 30.05017,-30.84773 30.04997,-30.84773 30.0499,-30.84777 30.04985,-30.84785 30.04984,-30.84786 30.04984,-30.84787 30.0498,-30.84791 30.04973,-30.84796 30.04971,-30.84797 30.04969,-30.84798 30.04966,-30.84799 30.04962,-30.84799 30.04949,-30.84798 30.04942,-30.84798 30.04934,-30.84797 30.04932,-30.84797 30.0493,-30.84798 30.04895,-30.84798 30.04886,-30.848 30.04853,-30.848 30.04845,-30.84799 30.04821,-30.84801 30.04809,-30.84801 30.04798,-30.84799 30.04792,-30.84798 30.04783,-30.84797 30.04777,-30.84795 30.04771,-30.84794 30.04751,-30.84794 30.04733,-30.84798 30.04725,-30.84799 30.04718,-30.848 30.0471,-30.84803 30.04705,-30.84804 30.04691,-30.84804 30.04664,-30.84803 30.0464,-30.84802 30.04631,-30.848 30.04625,-30.84799 30.0462,-30.84798 30.04614,-30.84797 30.04608,-30.84796 30.04604,-30.84796 30.04596,-30.84796 30.04584,-30.84793 30.04578,-30.8479 30.04558,-30.84785 30.04548,-30.84783 30.0454,-30.84779 30.04534,-30.84777 30.04523,-30.84773 30.04516,-30.84771 30.04511,-30.84769 30.04487,-30.84765 30.04483,-30.84765 30.04478,-30.84764 30.04472,-30.84763 30.04458,-30.8476 30.04452,-30.84758 30.04438,-30.84752 30.04434,-30.84751 30.04432,-30.8475 30.04426,-30.84746 30.04421,-30.84744 30.04414,-30.84739 30.04405,-30.84736 30.04396,-30.84732 30.04393,-30.84731 30.04383,-30.84729 30.04357,-30.84729 30.04353,-30.84728 30.04348,-30.84727 30.04341,-30.84724 30.04337,-30.84723 30.04326,-30.84721 30.04315,-30.84716 30.04307,-30.84711 30.04297,-30.84706 30.0429,-30.84701 30.04282,-30.84696 30.04277,-30.84692 30.04269,-30.84689 30.04263,-30.84687 30.04257,-30.84683 30.04245,-30.84676 30.04241,-30.84673 30.04235,-30.8467 30.0423,-30.84668 30.04226,-30.84665 30.04223,-30.84663 30.04213,-30.84659 30.04203,-30.84654 30.04197,-30.8465 30.04194,-30.84648 30.0419,-30.84646 30.04185,-30.84643 30.04184,-30.84642 30.0418,-30.84638 30.04174,-30.8463 30.0417,-30.84627 30.04167,-30.8462 30.04163,-30.84618 30.04151,-30.84606 30.04146,-30.846 30.04142,-30.84595 30.04118,-30.84571 30.04112,-30.84566 30.04105,-30.8456 30.04096,-30.84554 30.04089,-30.84549 30.04078,-30.84535 30.0407,-30.84527 30.04066,-30.84522 30.04061,-30.8452 30.04059,-30.84519 30.04053,-30.84515 30.04041,-30.84508 30.04034,-30.84505 30.04031,-30.84504 30.04024,-30.845 30.04017,-30.84496 30.04015,-30.84495 30.04002,-30.84488 30.03992,-30.8448 30.03984,-30.84472 30.03976,-30.84467 30.03972,-30.84465 30.03948,-30.84463 30.0394,-30.84463 30.03931,-30.84462 30.03923,-30.84462 30.03921,-30.84461 30.03917,-30.8446 30.03911,-30.84459 30.03907,-30.84458 30.03898,-30.84456 30.03887,-30.84456 30.03882,-30.84455 30.03873,-30.84455 30.03869,-30.84456 30.03858,-30.84462 30.03853,-30.84464 30.0385,-30.84465 30.03842,-30.84469 30.03829,-30.84475 30.03817,-30.8448 30.03806,-30.84486 30.03796,-30.84493 30.03785,-30.84503 30.03778,-30.8451 30.03766,-30.84519 30.0376,-30.84523 30.03758,-30.84526 30.03754,-30.84529 30.03755,-30.84533 30.03753,-30.84536 30.03754,-30.84542 30.03752,-30.84548 30.03746,-30.84552 30.03729,-30.84567 30.03728,-30.84568 30.03721,-30.84573 30.03703,-30.84591 30.037,-30.84597 30.03698,-30.84603 30.03695,-30.84607 30.03693,-30.84612 30.0369,-30.84617 30.0369,-30.84621 30.03691,-30.8463 30.03689,-30.84634 30.03675,-30.84641 30.03669,-30.84643 30.03661,-30.84645 30.03657,-30.84647 30.03655,-30.84649 30.03649,-30.84656 30.03639,-30.8466 30.03632,-30.84662 30.03623,-30.84664 30.03615,-30.84664 30.03598,-30.84667 30.03592,-30.84668 30.03587,-30.84668 30.03578,-30.84669 30.03562,-30.84669 30.03556,-30.8467 30.03547,-30.84672 30.0354,-30.84674 30.03524,-30.84677 30.03503,-30.84683 30.03494,-30.84684 30.03486,-30.84685 30.03479,-30.84684 30.03465,-30.84685 30.0346,-30.84686 30.03452,-30.84687 30.03446,-30.84689 30.03441,-30.8469 30.03437,-30.84691 30.03435,-30.84692 30.03432,-30.84693 30.03425,-30.84695 30.03417,-30.84698 30.03411,-30.84699 30.03397,-30.84699 30.03387,-30.84701 30.03373,-30.84705 30.03368,-30.84707 30.03365,-30.84708 30.03362,-30.84709 30.0336,-30.8471 30.03353,-30.84711 30.03342,-30.84714 30.03336,-30.84715 30.03329,-30.84717 30.03325,-30.8472 30.03318,-30.84722 30.03313,-30.84724 30.03309,-30.84724 30.033,-30.84726 30.03294,-30.84727 30.03288,-30.8473 30.03286,-30.84731 30.03281,-30.84733 30.03277,-30.84737 30.03272,-30.84741 30.03268,-30.84745 30.03263,-30.84749 30.03257,-30.84752 30.03255,-30.84753 30.03253,-30.84754 30.03245,-30.84759 30.03236,-30.84762 30.0323,-30.84764 30.03224,-30.84765 30.03215,-30.84767 30.03207,-30.8477 30.03204,-30.84772 30.03197,-30.84773 30.03194,-30.84774 30.03192,-30.84775 30.03189,-30.84776 30.03185,-30.84777 30.0318,-30.84779 30.03175,-30.84779 30.03155,-30.84782 30.03148,-30.84782 30.03137,-30.84781 30.0313,-30.84781 30.03123,-30.8478 30.03103,-30.8478 30.03098,-30.84779 30.03094,-30.84779 30.03061,-30.84779 30.03056,-30.8478 30.03052,-30.8478 30.03048,-30.8478 30.03046,-30.84781 30.03042,-30.84782 30.03037,-30.84782 30.03031,-30.84783 30.03017,-30.84785 30.03006,-30.84784 30.03003,-30.84785 30.02996,-30.84786 30.02988,-30.84788 30.02979,-30.84791 30.02973,-30.84794 30.02968,-30.84796 30.02965,-30.84797 30.02962,-30.84799 30.0296,-30.848 30.02951,-30.84802 30.02943,-30.84803 30.02927,-30.84808 30.02918,-30.84809 30.02911,-30.84812 30.02904,-30.84812 30.02897,-30.84813 30.02876,-30.84813 30.02872,-30.84812 30.02867,-30.84812 30.02859,-30.84811 30.02834,-30.84811 30.02831,-30.84812 30.0281,-30.84812 30.02805,-30.84813 30.02801,-30.84814 30.02797,-30.84814 30.02789,-30.84814 30.02785,-30.84813 30.02783,-30.84813 30.02774,-30.84814 30.02767,-30.84815 30.02763,-30.84816 30.02759,-30.84817 30.02753,-30.84819 30.02749,-30.8482 30.02744,-30.84822 30.02736,-30.84824 30.0273,-30.84827 30.02725,-30.84828 30.02722,-30.84829 30.02717,-30.8483 30.02709,-30.84833 30.02704,-30.84833 30.02691,-30.84836 30.02684,-30.84836 30.02674,-30.84838 30.02674,-30.84838 30.02671,-30.84841 30.02666,-30.84844 30.02658,-30.84844 30.02652,-30.84847 30.02644,-30.84849 30.02638,-30.84851 30.02635,-30.84853 30.02627,-30.84855 30.02617,-30.84855 30.02604,-30.84857 30.026,-30.84858 30.02598,-30.84859 30.02592,-30.8486 30.02586,-30.8486 30.02584,-30.84861 30.02581,-30.84862 30.02576,-30.84863 30.02571,-30.84865 30.02565,-30.84867 30.02563,-30.84869 30.02556,-30.84872 30.02553,-30.84874 30.02547,-30.84877 30.02545,-30.84878 30.02543,-30.84882 30.02538,-30.84887 30.02536,-30.84891 30.02532,-30.84896 30.0253,-30.849 30.02529,-30.84901 30.02528,-30.84903 30.02524,-30.8491 30.02522,-30.84914 30.0252,-30.84919 30.02516,-30.84924 30.02515,-30.84926 30.02515,-30.84927 30.02515,-30.84929 30.02514,-30.84932 30.02513,-30.84936 30.02513,-30.84954 30.02512,-30.84957 30.02511,-30.84958 30.0251,-30.8496 30.0251,-30.84961 30.025,-30.84973 30.02499,-30.84977 30.02495,-30.84985 30.0249,-30.84996 30.02488,-30.85004 30.02486,-30.85007 30.02485,-30.85011 30.02484,-30.85014 30.02484,-30.85016 30.02484,-30.85019 30.02483,-30.85022 30.02483,-30.85025 30.02482,-30.8503 30.02482,-30.85037 30.0248,-30.85046 30.0248,-30.85074 30.02481,-30.85079 30.02481,-30.85093 30.02483,-30.85103 30.02483,-30.85108 30.02484,-30.85114 30.02486,-30.85117 30.02486,-30.85117 30.02487,-30.85122 30.02489,-30.85127 30.0249,-30.85131 30.02491,-30.85134 30.02494,-30.85141 30.02496,-30.85146 30.02499,-30.85154 30.02503,-30.85177 30.02503,-30.85183 30.02505,-30.85191 30.02506,-30.85198 30.02506,-30.85204 30.02505,-30.85214 30.02504,-30.8522 30.02505,-30.85235 30.02505,-30.85246 30.02506,-30.85253 30.02509,-30.8526 30.02519,-30.8527 30.02521,-30.85274 30.02522,-30.85276 30.02523,-30.85277 30.02527,-30.85284 30.02528,-30.85288 30.02528,-30.8529 30.02532,-30.85298 30.02534,-30.85303 30.02535,-30.85312 30.02539,-30.85317 30.02547,-30.85328 30.0255,-30.8533 30.02552,-30.85334 30.02554,-30.8534 30.02557,-30.85345 30.02559,-30.8535 30.02562,-30.85356 30.02563,-30.85367 30.02565,-30.85371 30.02565,-30.85376 30.02567,-30.8538 30.02568,-30.85385 30.0257,-30.85397 30.02571,-30.85402 30.02571,-30.8541 30.02572,-30.85431 30.02572,-30.85456 30.02571,-30.85466 30.02571,-30.85475 30.02569,-30.85487 30.02569,-30.85494 30.02565,-30.85501 30.02564,-30.85502 30.0256,-30.85506 30.02556,-30.85513 30.02551,-30.85521 30.0255,-30.85523 30.02548,-30.85527 30.02544,-30.85531 30.02541,-30.85536 30.02538,-30.85542 30.02535,-30.85545 30.02532,-30.85551 30.0253,-30.85558 30.02528,-30.85564 30.02528,-30.85567 30.02527,-30.8557 30.02527,-30.85573 30.02526,-30.85577 30.02524,-30.85589 30.02522,-30.85595 30.0252,-30.85602 30.02516,-30.85611 30.02514,-30.85619 30.02514,-30.85623 30.02512,-30.85629 30.0251,-30.85634 30.02509,-30.85639 30.02507,-30.85646 30.02507,-30.85651 30.02505,-30.85657 30.02504,-30.85661 30.025,-30.85667 30.02496,-30.8567 30.02488,-30.85686 30.02487,-30.85692 30.02485,-30.857 30.02481,-30.85706 30.02479,-30.8571 30.02476,-30.85714 30.02471,-30.85718 30.02469,-30.85719 30.02464,-30.85722 30.02455,-30.85726 30.02447,-30.85728 30.02436,-30.85728 30.02428,-30.8573 30.02425,-30.85732 30.02422,-30.85733 30.02417,-30.85734 30.02415,-30.85736 30.02414,-30.85736 30.02411,-30.85736 30.0241,-30.85736 30.02408,-30.85738 30.02408,-30.85738 30.02404,-30.85739 30.02399,-30.85741 30.02396,-30.85742 30.02372,-30.85742 30.02368,-30.8574 30.02364,-30.85739 30.0236,-30.85735 30.02359,-30.85732 30.02358,-30.85731 30.02356,-30.85728 30.02354,-30.85726 30.02348,-30.85724 30.02344,-30.85721 30.02334,-30.85716 30.02329,-30.85713 30.02319,-30.8571 30.02305,-30.85706 30.023,-30.85705 30.02293,-30.85703 30.02286,-30.85702 30.02266,-30.85698 30.02264,-30.85698 30.0226,-30.85697 30.02255,-30.85696 30.0225,-30.85695 30.02248,-30.85694 30.02235,-30.8569 30.02224,-30.85686 30.02217,-30.85683 30.02207,-30.85679 30.02199,-30.85675 30.02196,-30.85671 30.02184,-30.85668 30.02174,-30.85663 30.02165,-30.85658 30.02164,-30.85658 30.02162,-30.85656 30.02159,-30.85654 30.02158,-30.85654 30.02155,-30.85653 30.02142,-30.85644 30.02135,-30.8564 30.02131,-30.85637 30.0213,-30.85636 30.02126,-30.85634 30.02122,-30.8563 30.02118,-30.85627 30.02114,-30.85625 30.02111,-30.85623 30.02102,-30.85618 30.02101,-30.85618 30.02095,-30.85613 30.02092,-30.85611 30.02092,-30.85611 30.02089,-30.85608 30.02086,-30.85606 30.02082,-30.85603 30.02077,-30.856 30.02074,-30.85598 30.0207,-30.85592 30.02064,-30.85589 30.02059,-30.85584 30.02056,-30.8558 30.02054,-30.85575 30.02051,-30.85571 30.02049,-30.85569 30.02046,-30.85567 30.02044,-30.85564 30.02044,-30.85563 30.0204,-30.85563 30.0203,-30.85553 30.0203,-30.8555 30.02029,-30.85549 30.02028,-30.85547 30.02025,-30.85544 30.02025,-30.85544 30.02023,-30.85539 30.02022,-30.85535 30.02021,-30.85532 30.02021,-30.85529 30.02019,-30.85521 30.02017,-30.85519 30.02017,-30.85516 30.02014,-30.85513 30.02012,-30.8551 30.02008,-30.85506 30.02004,-30.85503 30.01996,-30.85497 30.0199,-30.85494 30.01987,-30.85491 30.01983,-30.85488 30.01981,-30.85485 30.01979,-30.85483 30.01977,-30.85475 30.01977,-30.85474 30.01976,-30.85472 30.01974,-30.85469 30.01974,-30.85469 30.01972,-30.85465 30.01971,-30.85461 30.01969,-30.85457 30.01966,-30.85453 30.01964,-30.85451 30.01964,-30.85451 30.01963,-30.85447 30.01961,-30.85445 30.0196,-30.8544 30.01958,-30.85437 30.01958,-30.85425 30.01956,-30.85419 30.01955,-30.85415 30.01953,-30.85411 30.01951,-30.85406 30.0195,-30.85403 30.01948,-30.85395 30.01946,-30.85379 30.01945,-30.85378 30.01944,-30.85374 30.01944,-30.85365 30.01943,-30.85362 30.01943,-30.8536 30.01943,-30.85341 30.01944,-30.85338 30.01944,-30.85336 30.01945,-30.85333 30.01946,-30.85328 30.01946,-30.85321 30.01945,-30.85317 30.01943,-30.85314 30.01941,-30.85308 30.01941,-30.85308 30.01939,-30.85305 30.01938,-30.85302 30.01938,-30.85301 30.01938,-30.85286 30.01939,-30.85284 30.01939,-30.85283 30.01941,-30.85281 30.01943,-30.85276 30.01946,-30.85272 30.0195,-30.85262 30.01952,-30.85258 30.01955,-30.85246 30.01956,-30.8524 30.01956,-30.85234 30.01958,-30.85226 30.01958,-30.85219 30.01959,-30.85216 30.01959,-30.85206 30.01961,-30.852 30.01961,-30.85192 30.01963,-30.85188 30.01963,-30.85184 30.01965,-30.85179 30.01965,-30.85177 30.01966,-30.85174 30.01967,-30.85171 30.01968,-30.85169 30.01968,-30.85166 30.0197,-30.85161 30.01971,-30.85157 30.01973,-30.85145 30.01974,-30.85136 30.01975,-30.85132 30.01975,-30.85128 30.01975,-30.85126 30.01976,-30.85124 30.01976,-30.85121 30.01976,-30.8512 30.01977,-30.85117 30.01979,-30.85113 30.01982,-30.85101 30.01982,-30.85093 30.01984,-30.85088 30.01984,-30.85078 30.01986,-30.85074 30.01988,-30.8507 30.0199,-30.85067 30.01992,-30.85059 30.01996,-30.85057 30.01998,-30.85053 30.02002,-30.85047 30.02007,-30.85042 30.02009,-30.85039 30.02012,-30.85035 30.02018,-30.85029 30.02021,-30.85027 30.02023,-30.85024 30.02026,-30.85022 30.02029,-30.85019 30.02029,-30.85019 30.02029,-30.85018 30.02031,-30.85016 30.02034,-30.85013 30.02039,-30.8501 30.0204,-30.85009 30.02042,-30.85006 30.02043,-30.85005 30.02048,-30.85002 30.0205,-30.85 30.0205,-30.84999 30.02051,-30.84996 30.02052,-30.84995 30.02054,-30.84991 30.02057,-30.84987 30.0206,-30.84982 30.02062,-30.84979 30.02066,-30.84974 30.0207,-30.84971 30.02072,-30.84969 30.02072,-30.84968 30.02073,-30.84967 30.02075,-30.84964 30.0208,-30.84959 30.02083,-30.84955 30.02087,-30.84951 30.02093,-30.84946 30.02096,-30.84942 30.02101,-30.84936 30.02106,-30.84931 30.02113,-30.84926 30.0212,-30.84919 30.02123,-30.84916 30.02124,-30.84916 30.02128,-30.84911 30.02132,-30.84908 30.02133,-30.84905 30.02137,-30.84901 30.02143,-30.84893 30.02149,-30.84889 30.02152,-30.84886 30.02152,-30.84885 30.02157,-30.84881 30.02165,-30.84873 30.02169,-30.8487 30.02172,-30.84868 30.02175,-30.84865 30.02175,-30.84864 30.02179,-30.84861 30.02182,-30.84858 30.02187,-30.84852 30.0219,-30.84848 30.02191,-30.84845 30.02192,-30.84843 30.02192,-30.84839 30.02192,-30.84838 30.02195,-30.84835 30.02199,-30.84831 30.02201,-30.84828 30.02204,-30.84824 30.02208,-30.84819 30.02213,-30.84816 30.02221,-30.84808 30.0222,-30.84803 30.0222,-30.848 30.02219,-30.84796 30.02219,-30.8478 30.0222,-30.84777 30.0222,-30.84775 30.02221,-30.84769 30.02221,-30.84762 30.02225,-30.84757 30.02225,-30.84757 30.02228,-30.84755 30.02231,-30.84754 30.02233,-30.84753 30.02236,-30.8475 30.02237,-30.84745 30.02237,-30.84739 30.02237,-30.84737 30.02238,-30.84735 30.02238,-30.84724 30.02239,-30.8472 30.02242,-30.84703 30.02243,-30.84698 30.02243,-30.84695 30.02244,-30.84691 30.02246,-30.84682 30.02249,-30.84667 30.02249,-30.84627 30.02251,-30.84619 30.02252,-30.84611 30.02252,-30.84599 30.02251,-30.84596 30.0225,-30.84591 30.0225,-30.84588 30.02249,-30.84583 30.02249,-30.8458 30.02247,-30.84574 30.02247,-30.84568 30.02248,-30.84565 30.02249,-30.84558 30.02251,-30.84555 30.02251,-30.84552 30.02252,-30.84544 30.02253,-30.8454 30.02253,-30.84518 30.02252,-30.84514 30.02251,-30.84508 30.0225,-30.84505 30.02249,-30.84501 30.02249,-30.84466 30.02247,-30.84462 30.02248,-30.84459 30.02239,-30.84441 30.02238,-30.84437 30.02237,-30.84433 30.02237,-30.84392 30.02236,-30.84388 30.02235,-30.84382 30.02235,-30.84377 30.02234,-30.84371 30.02231,-30.84365 30.02228,-30.84353 30.02226,-30.8435 30.02222,-30.84343 30.02218,-30.84339 30.02216,-30.84336 30.02213,-30.84331 30.02209,-30.84326 30.02206,-30.84316 30.02201,-30.84311 30.02197,-30.8431 30.02195,-30.8431 30.02193,-30.84309 30.0219,-30.84307 30.0219,-30.84307 30.02188,-30.84305 30.02185,-30.84299 30.02179,-30.8429 30.02177,-30.84288 30.02176,-30.84287 30.02175,-30.84284 30.02174,-30.84282 30.02173,-30.84276 30.02172,-30.84272 30.02171,-30.84267 30.02171,-30.84225 30.02172,-30.84215 30.02173,-30.84211 30.02174,-30.84209 30.02176,-30.84204 30.02176,-30.84201 30.02177,-30.84198 30.02179,-30.84192 30.02181,-30.84185 30.02181,-30.84173 30.0218,-30.84169 30.0218,-30.84156 30.02179,-30.84152 30.02178,-30.84145 30.02177,-30.84143 30.02175,-30.8414 30.02175,-30.84126 30.02174,-30.84121 30.02173,-30.84118 30.02173,-30.84099 30.02174,-30.84097 30.02174,-30.84095 30.02177,-30.84092 30.0218,-30.84089 30.02184,-30.84086 30.02188,-30.84084 30.02189,-30.84083 30.02191,-30.84082 30.02195,-30.84081 30.02198,-30.84079 30.02205,-30.84078 30.02207,-30.84077 30.02211,-30.84075 30.02216,-30.84073 30.0222,-30.84069 30.02223,-30.84067 30.02226,-30.84061 30.02228,-30.84058 30.02229,-30.84053 30.02231,-30.84048 30.02234,-30.84045 30.02233,-30.84042 30.02231,-30.84027 30.0223,-30.84024 30.02229,-30.84019 30.02223,-30.84006 30.02221,-30.84001 30.0222,-30.83993 30.0222,-30.8399 30.02219,-30.83986 30.02219,-30.83981 30.02218,-30.83976 30.02217,-30.83971 30.02213,-30.83966 30.0221,-30.83962 30.02208,-30.83957 30.02207,-30.83951 30.02205,-30.83948 30.02201,-30.83943 30.02198,-30.83941 30.02196,-30.8394 30.02187,-30.83933 30.02183,-30.83926 30.0218,-30.83922 30.02175,-30.83918 30.02173,-30.83917 30.02171,-30.83915 30.02163,-30.8391 30.0216,-30.83907 30.0215,-30.83904 30.02131,-30.83898 30.02122,-30.83896 30.02114,-30.83896 30.0211,-30.83895 30.02103,-30.83893 30.02099,-30.83892 30.02097,-30.83892 30.02079,-30.8389 30.02076,-30.83889 30.02067,-30.83888 30.02061,-30.83889 30.02046,-30.83891 30.02034,-30.83892 30.02022,-30.83893 30.02011,-30.83894 30.0197,-30.83894 30.01961,-30.83893 30.01949,-30.83893 30.01945,-30.83894 30.01941,-30.83894 30.01937,-30.83895 30.01932,-30.83896 30.01929,-30.83897 30.01926,-30.83898 30.01922,-30.83899 30.01912,-30.83901 30.01903,-30.83903 30.01898,-30.83905 30.01887,-30.83908 30.01862,-30.83913 30.01855,-30.83914 30.01845,-30.83914 30.01825,-30.83918 30.01816,-30.83921 30.01805,-30.83923 30.01795,-30.83926 30.01785,-30.83928 30.01777,-30.8393 30.01763,-30.83931 30.01752,-30.83931 30.0173,-30.83935 30.01724,-30.83935 30.01702,-30.83946 30.01694,-30.83946 30.01687,-30.83948 30.01678,-30.83948 30.01673,-30.8395 30.0166,-30.8395 30.01644,-30.83954 30.01629,-30.83956 30.01618,-30.83958 30.01611,-30.83962 30.01603,-30.83967 30.01596,-30.8397 30.01586,-30.83976 30.0157,-30.83984 30.01566,-30.83989 30.01557,-30.83994 30.0155,-30.83998 30.01544,-30.84003 30.01539,-30.84005 30.01525,-30.8401 30.01515,-30.84018 30.01506,-30.84025 30.01497,-30.84028 30.01494,-30.84031 30.01486,-30.84035 30.01481,-30.8404 30.01473,-30.84044 30.01466,-30.84051 30.01457,-30.84054 30.01443,-30.84059 30.01437,-30.84063 30.01426,-30.84073 30.01418,-30.84078 30.0141,-30.84082 30.01402,-30.84088 30.01398,-30.84093 30.01396,-30.84096 30.0139,-30.841 30.01389,-30.84101 30.01388,-30.84102 30.01385,-30.84104 30.01378,-30.84107 30.01375,-30.84111 30.0137,-30.84115 30.01363,-30.84119 30.01357,-30.84123 30.01355,-30.84124 30.01353,-30.84125 30.01347,-30.84128 30.01338,-30.84134 30.01332,-30.84136 30.01332,-30.84137 30.0133,-30.84139 30.01323,-30.84141 30.01319,-30.84144 30.0131,-30.84148 30.01307,-30.84152 30.01301,-30.84155 30.01292,-30.8416 30.01285,-30.84162 30.01276,-30.84165 30.01272,-30.84167 30.01271,-30.84168 30.01269,-30.84169 30.01265,-30.8417 30.01261,-30.84173 30.01249,-30.8418 30.01244,-30.84184 30.01241,-30.84187 30.01234,-30.84189 30.01232,-30.84192 30.01231,-30.84193 30.01222,-30.84197 30.01218,-30.84203 30.01212,-30.84206 30.0121,-30.84207 30.01208,-30.84208 30.01203,-30.84211 30.01197,-30.84215 30.01187,-30.84221 30.01181,-30.84227 30.01176,-30.84229 30.0117,-30.84234 30.01158,-30.84242 30.01153,-30.84244 30.01149,-30.84246 30.01147,-30.84247 30.01144,-30.84251 30.01129,-30.84266 30.01126,-30.84268 30.0112,-30.84271 30.01113,-30.84273 30.01108,-30.84276 30.01102,-30.84278 30.01095,-30.84281 30.0109,-30.84285 30.01083,-30.84289 30.0108,-30.8429 30.01079,-30.84291 30.01075,-30.84293 30.01066,-30.84297 30.0106,-30.84299 30.01053,-30.84302 30.01039,-30.84306 30.01025,-30.84312 30.0102,-30.84313 30.01016,-30.84314 30.01014,-30.84315 30.01013,-30.84315 30.01011,-30.84317 30.01001,-30.84318 30.00996,-30.8432 30.00976,-30.84325 30.00954,-30.84325 30.00943,-30.84326 30.00929,-30.84328 30.00921,-30.84328 30.00906,-30.84327 30.00893,-30.84329 30.0087,-30.8433 30.00861,-30.84332 30.00857,-30.84332 30.00852,-30.84333 30.00845,-30.84333 30.0084,-30.84332 30.00836,-30.84332 30.0082,-30.84329 30.00807,-30.84327 30.00798,-30.84325 30.00794,-30.84323 30.00789,-30.84322 30.00782,-30.84317 30.00781,-30.84316 30.00777,-30.84315 30.00772,-30.84313 30.00771,-30.84312 30.00766,-30.8431 30.00758,-30.84307 30.00755,-30.84306 30.00751,-30.84304 30.00747,-30.84301 30.0074,-30.84296 30.00736,-30.84293 30.00732,-30.84288 30.00725,-30.84279 30.00724,-30.84274 30.00723,-30.84269 30.00721,-30.84265 30.00719,-30.8426 30.00716,-30.84255 30.00713,-30.84251 30.0071,-30.84246 30.00706,-30.84241 30.00705,-30.84238 30.00704,-30.84235 30.00699,-30.8423 30.00697,-30.84227 30.00695,-30.84223 30.00695,-30.84221 30.00694,-30.84219 30.00694,-30.84213 30.00693,-30.84207 30.00693,-30.84203 30.00693,-30.84199 30.00692,-30.84196 30.0069,-30.84192 30.00689,-30.84189 30.00688,-30.84187 30.00686,-30.84185 30.00686,-30.84177 30.00689,-30.84172 30.0069,-30.84171 30.00691,-30.84169 30.00693,-30.84165 30.00694,-30.84162 30.00694,-30.8416 30.00695,-30.84158 30.00696,-30.84154 30.00698,-30.84151 30.00699,-30.84145 30.007,-30.84133 30.00703,-30.84124 30.00709,-30.84109 30.0071,-30.84104 30.00712,-30.84097 30.00712,-30.84092 30.00713,-30.84086 30.00714,-30.84081 30.00715,-30.84074 30.00717,-30.84069 30.00721,-30.84063 30.00724,-30.84059 30.00727,-30.84054 30.00733,-30.84042 30.00735,-30.84033 30.00737,-30.84027 30.00737,-30.8402 30.00739,-30.8401 30.00737,-30.83995 30.00739,-30.83987 30.00742,-30.83977 30.00742,-30.83974 30.00743,-30.83971 30.00744,-30.83969 30.00745,-30.83964 30.00746,-30.83959 30.00748,-30.83955 30.0075,-30.83949 30.00751,-30.83946 30.00752,-30.83944 30.00753,-30.8394 30.00754,-30.83937 30.00756,-30.83928 30.00759,-30.8392 30.00759,-30.83915 30.0076,-30.8391 30.00761,-30.83903 30.00762,-30.839 30.00764,-30.83893 30.00765,-30.83885 30.00767,-30.83879 30.00769,-30.83869 30.00772,-30.83858 30.00777,-30.83844 30.00779,-30.83835 30.00781,-30.83829 30.00786,-30.83818 30.00791,-30.83809 30.00795,-30.83803 30.00796,-30.83802 30.00798,-30.83798 30.008,-30.83795 30.00807,-30.83782 30.00813,-30.83773 30.00817,-30.8377 30.00825,-30.83765 30.00834,-30.83762 30.00837,-30.83758 30.00841,-30.83755 30.00845,-30.8375 30.00845,-30.8375 30.00851,-30.83748 30.00857,-30.83748 30.00861,-30.83751 30.00864,-30.83752 30.00868,-30.83749 30.00869,-30.83749 30.00876,-30.83741 30.00877,-30.83738 30.0088,-30.83732 30.00888,-30.83722 30.00893,-30.83717 30.00897,-30.8371 30.00901,-30.83704 30.00905,-30.83699 30.00911,-30.83691 30.00917,-30.83684 30.0092,-30.83676 30.00927,-30.83668 30.0093,-30.83661 30.00934,-30.83657 30.00935,-30.83655 30.00936,-30.83653 30.00938,-30.8365 30.00939,-30.83648 30.00941,-30.83644 30.00943,-30.83642 30.00946,-30.83638 30.0095,-30.83632 30.00952,-30.83627 30.00953,-30.83623 30.00955,-30.83621 30.00956,-30.8362 30.00959,-30.83615 30.00961,-30.83611 30.00965,-30.83605 30.00972,-30.83595 30.00975,-30.8359 30.00979,-30.83584 30.00981,-30.83582 30.00983,-30.8358 30.00983,-30.83579 30.00986,-30.83576 30.0099,-30.83573 30.00994,-30.83567 30.00997,-30.83561 30.01002,-30.83552 30.01003,-30.83548 30.01004,-30.83546 30.01005,-30.83545 30.01007,-30.8354 30.01008,-30.83536 30.0101,-30.83532 30.01014,-30.83528 30.01016,-30.83525 30.01019,-30.83521 30.01021,-30.83518 30.01025,-30.83513 30.01027,-30.83509 30.01029,-30.83506 30.01029,-30.83502 30.0103,-30.83498 30.01032,-30.83489 30.01034,-30.83487 30.01038,-30.8348 30.01041,-30.83477 30.01043,-30.83474 30.01044,-30.83473 30.01045,-30.83472 30.01047,-30.8347 30.01048,-30.83467 30.01052,-30.83462 30.01054,-30.83459 30.01057,-30.83455 30.01064,-30.83448 30.01067,-30.83445 30.01068,-30.83445 30.01075,-30.83439 30.01084,-30.83429 30.01088,-30.83424 30.0109,-30.83422 30.01093,-30.83418 30.01096,-30.83416 30.01099,-30.83413 30.011,-30.8341 30.01102,-30.83406 30.01103,-30.83402 30.01105,-30.83398 30.01108,-30.83394 30.0111,-30.83392 30.01111,-30.83392 30.01116,-30.83385 30.01119,-30.83382 30.01122,-30.8338 30.01123,-30.83377 30.01125,-30.83374 30.01126,-30.83371 30.01129,-30.83368 30.01129,-30.83367 30.01129,-30.83366 30.01131,-30.83364 30.01133,-30.83362 30.01135,-30.83357 30.01141,-30.83345 30.01147,-30.83337 30.01149,-30.83333 30.0115,-30.83329 30.01151,-30.83327 30.01151,-30.83325 30.01151,-30.83324 30.01153,-30.83322 30.01154,-30.83318 30.01155,-30.83315 30.01157,-30.8331 30.01159,-30.83299 30.01161,-30.83293 30.01162,-30.8329 30.01164,-30.83286 30.01165,-30.83282 30.01167,-30.83278 30.0117,-30.83266 30.01172,-30.83257 30.01173,-30.83254 30.01175,-30.83246 30.01175,-30.83237 30.01176,-30.83233 30.01179,-30.83227 30.0118,-30.83224 30.01182,-30.83222 30.01185,-30.83218 30.01187,-30.83216 30.01189,-30.83211 30.01186,-30.83206 30.01183,-30.83203 30.01182,-30.832 30.01181,-30.83195 30.01181,-30.83189 30.01179,-30.83185 30.01179,-30.83176 30.01179,-30.83166 30.01178,-30.83163 30.01178,-30.8316 30.01177,-30.83155 30.01178,-30.83149 30.01177,-30.83116 30.01177,-30.83111 30.01178,-30.83108 30.01178,-30.83104 30.01179,-30.8309 30.01177,-30.83084 30.01177,-30.83081 30.01173,-30.83076 30.01171,-30.83072 30.01168,-30.83068 30.01164,-30.83061 30.01163,-30.83057 30.01161,-30.83054 30.01159,-30.83048 30.01158,-30.83021 30.01157,-30.83015 30.01156,-30.83012 30.01156,-30.83007 30.01157,-30.83003 30.01159,-30.83001 30.01161,-30.82998 30.01162,-30.82997 30.01163,-30.82995 30.01167,-30.82987 30.01167,-30.82982 30.01168,-30.82979 30.01168,-30.82976 30.01169,-30.82975 30.0117,-30.82972 30.0117,-30.82969 30.01171,-30.82967 30.01171,-30.82952 30.01169,-30.82949 30.01167,-30.82946 30.01166,-30.82943 30.01166,-30.8294 30.01164,-30.82937 30.01162,-30.82933 30.0116,-30.82931 30.01156,-30.82921 30.01155,-30.82917 30.01154,-30.82913 30.01152,-30.8291 30.01147,-30.82899 30.01147,-30.82898 30.01146,-30.82896 30.01146,-30.82893 30.01145,-30.82891 30.01144,-30.82888 30.01144,-30.82885 30.01142,-30.82882 30.0114,-30.82878 30.01138,-30.82873 30.01135,-30.82867 30.01129,-30.82853 30.01129,-30.8285 30.01128,-30.82846 30.01127,-30.82845 30.01126,-30.82841 30.01125,-30.82839 30.01125,-30.82838 30.01124,-30.82836 30.01122,-30.82834 30.01118,-30.82828 30.01103,-30.82807 30.011,-30.82804 30.01097,-30.828 30.01094,-30.82797 30.0109,-30.82794 30.01087,-30.82791 30.01084,-30.82787 30.01082,-30.82784 30.01082,-30.82784 30.01078,-30.82781 30.01076,-30.82776 30.01074,-30.82773 30.01067,-30.82761 30.01066,-30.82757 30.01065,-30.82755 30.01059,-30.82747 30.01059,-30.82744 30.01035,-30.82713 30.01029,-30.82706 30.01028,-30.82703 30.01024,-30.82698 30.01018,-30.82692 30.01016,-30.82688 30.01013,-30.82685 30.01006,-30.82679 30.00994,-30.82672 30.00991,-30.8267 30.00988,-30.82666 30.00972,-30.82658 30.00972,-30.82658 30.00969,-30.82656 30.00966,-30.82655 30.00964,-30.82654 30.00949,-30.82652 30.00946,-30.82651 30.00942,-30.8265 30.00929,-30.82643 30.00924,-30.82639 30.00921,-30.82636 30.00921,-30.82636 30.00918,-30.82634 30.00913,-30.82633 30.0091,-30.82632 30.00908,-30.8263 30.00904,-30.82628 30.00901,-30.82626 30.00896,-30.82625 30.00893,-30.82625 30.00888,-30.82626 30.00886,-30.82628 30.00879,-30.8263 30.00874,-30.82631 30.00868,-30.8263 30.00861,-30.82628 30.00855,-30.82625 30.00853,-30.82623 30.00849,-30.82621 30.00846,-30.82618 30.00836,-30.82613 30.00833,-30.8261 30.00829,-30.82608 30.00823,-30.82606 30.00816,-30.82604 30.00814,-30.82602 30.00811,-30.826 30.00805,-30.82598 30.00801,-30.82595 30.00798,-30.82593 30.00796,-30.82592 30.00791,-30.82587 30.00788,-30.82585 30.0078,-30.82579 30.00774,-30.82576 30.00771,-30.82575 30.00763,-30.82575 30.00758,-30.82573 30.00755,-30.82572 30.0075,-30.82571 30.00744,-30.8257 30.00739,-30.8257 30.00712,-30.8257 30.0071,-30.82571 30.00708,-30.82572 30.00704,-30.82573 30.00701,-30.82574 30.00695,-30.82573 30.0068,-30.82573 30.00677,-30.82573 30.00672,-30.82572 30.00663,-30.82572 30.00657,-30.82571 30.00652,-30.8257 30.00648,-30.8257 30.00636,-30.82566 30.00634,-30.82565 30.0063,-30.82563 30.00623,-30.82559 30.00621,-30.82558 30.00619,-30.82558 30.00613,-30.82556 30.00606,-30.82556 30.00597,-30.82555 30.00594,-30.82555 30.0059,-30.82556 30.00586,-30.82556 30.0058,-30.82555 30.00577,-30.82555 30.00574,-30.82555 30.00571,-30.82556 30.00569,-30.82556 30.00566,-30.82555 30.00562,-30.82556 30.00559,-30.82556 30.00548,-30.82556 30.00543,-30.82557 30.00535,-30.82557 30.00531,-30.82558 30.00528,-30.82559 30.00526,-30.82559 30.00525,-30.82559 30.00523,-30.8256 30.00519,-30.8256 30.00514,-30.82562 30.00509,-30.82562 30.00503,-30.82564 30.00501,-30.82566 30.00494,-30.82567 30.00489,-30.8257 30.00486,-30.82572 30.00486,-30.82572 30.00482,-30.82575 30.00479,-30.82576 30.00478,-30.82577 30.00477,-30.82577 30.00475,-30.82579 30.0047,-30.82581 30.00463,-30.82583 30.00459,-30.82584 30.00451,-30.82585 30.00445,-30.82586 30.00443,-30.82588 30.00431,-30.8259 30.00424,-30.82593 30.00421,-30.82593 30.00419,-30.82594 30.00417,-30.82594 30.00415,-30.82595 30.00412,-30.82596 30.00409,-30.82597 30.00403,-30.82599 30.00399,-30.82601 30.00396,-30.82603 30.00391,-30.82605 30.00375,-30.82606 30.00372,-30.82607 30.00364,-30.82611 30.00361,-30.82613 30.00355,-30.82619 30.0035,-30.82623 30.00345,-30.82626 30.00342,-30.82627 30.00338,-30.82629 30.00332,-30.82633 30.00331,-30.82634 30.00327,-30.82638 30.00324,-30.82639 30.00323,-30.8264 30.00322,-30.8264 30.00319,-30.82643 30.00316,-30.82647 30.003,-30.82662 30.00298,-30.82665 30.00296,-30.82667 30.00293,-30.82669 30.00291,-30.82671 30.00288,-30.82676 30.00281,-30.82691 30.00279,-30.82693 30.00275,-30.82699 30.00272,-30.82702 30.00271,-30.82702 30.00266,-30.82707 30.00263,-30.82709 30.00258,-30.82714 30.00253,-30.82717 30.00251,-30.8272 30.00248,-30.82723 30.00246,-30.82724 30.00236,-30.82732 30.00234,-30.82734 30.00229,-30.82735 30.00223,-30.82738 30.0022,-30.8274 30.00218,-30.82743 30.00212,-30.82744 30.00205,-30.82748 30.00202,-30.8275 30.00197,-30.82752 30.00187,-30.82757 30.0018,-30.82762 30.00171,-30.82769 30.00168,-30.82772 30.00165,-30.82776 30.00161,-30.82778 30.00159,-30.8278 30.00159,-30.82781 30.00157,-30.82783 30.00155,-30.82785 30.00154,-30.82785 30.00151,-30.82788 30.00149,-30.82792 30.00146,-30.82795 30.00143,-30.82799 30.00142,-30.82804 30.00139,-30.82807 30.00135,-30.82814 30.00133,-30.82817 30.00132,-30.82821 30.00131,-30.82824 30.00131,-30.82827 30.00129,-30.82831 30.00128,-30.82834 30.00127,-30.82839 30.00125,-30.82842 30.00124,-30.82846 30.00124,-30.82851 30.00119,-30.82863 30.00115,-30.82871 30.00112,-30.82875 30.00112,-30.82883 30.00108,-30.82895 30.00104,-30.82901 30.00099,-30.82908 30.00096,-30.82911 30.00095,-30.82914 30.00093,-30.82918 30.00091,-30.8292 30.00088,-30.82922 30.00086,-30.82928 30.00085,-30.82932 30.00082,-30.82935 30.0008,-30.82939 30.00079,-30.82941 30.00079,-30.82942 30.00077,-30.82946 30.00073,-30.82955 30.00072,-30.8296 30.00069,-30.82966 30.00067,-30.82969 30.00066,-30.82972 30.00064,-30.82976 30.00062,-30.82984 30.00062,-30.82992 30.00063,-30.82995 30.00063,-30.82999 30.00066,-30.83001 30.0007,-30.83005 30.00072,-30.83008 30.00074,-30.83009 30.00075,-30.83009 30.00076,-30.8301 30.00078,-30.83011 30.0008,-30.83014 30.00081,-30.83016 30.00081,-30.83041 30.0008,-30.8305 30.00079,-30.83059 30.00079,-30.83063 30.00078,-30.83068 30.00077,-30.8307 30.00076,-30.83074 30.00076,-30.83081 30.00075,-30.83087 30.00075,-30.83095 30.00073,-30.83102 30.00072,-30.83106 30.00071,-30.8311 30.00069,-30.83113 30.00067,-30.83115 30.00064,-30.83119 30.00064,-30.83122 30.0006,-30.83129 30.0006,-30.83132 30.00059,-30.83138 30.00059,-30.83146 30.00058,-30.8315 30.00058,-30.83161 30.00059,-30.83165 30.0006,-30.8317 30.0006,-30.83174 30.0006,-30.83175 30.00061,-30.83177 30.00064,-30.83184 30.00065,-30.83187 30.00065,-30.83191 30.00066,-30.83194 30.00066,-30.83198 30.00067,-30.83202 30.00067,-30.83205 30.00069,-30.83213 30.00069,-30.83218 30.00068,-30.83221 30.00067,-30.83225 30.00067,-30.8323 30.00064,-30.83242 30.00063,-30.83245 30.00063,-30.8325 30.00062,-30.83252 30.00061,-30.83254 30.00061,-30.83256 30.0006,-30.8326 30.00059,-30.83267 30.00058,-30.83272 30.00058,-30.83284 30.00057,-30.83289 30.00056,-30.83292 30.00056,-30.83295 30.00056,-30.83314 30.00056,-30.83317 30.00055,-30.83321 30.00055,-30.83327 30.00054,-30.83336 30.00053,-30.83339 30.00053,-30.83343 30.00052,-30.83346 30.00052,-30.8335 30.00051,-30.83354 30.0005,-30.83357 30.0005,-30.8337 30.00051,-30.83383 30.00051,-30.83412 30.00052,-30.83415 30.00052,-30.83423 30.00053,-30.8343 30.00053,-30.83452 30.00054,-30.83457 30.00054,-30.83469 30.00053,-30.83478 30.00053,-30.83488 30.00052,-30.83493 30.00051,-30.83501 30.0005,-30.83506 30.00052,-30.83526 30.00053,-30.8353 30.00053,-30.83533 30.00054,-30.83535 30.00056,-30.83538 30.00057,-30.8354 30.00058,-30.83543 30.00061,-30.83547 30.00061,-30.8355 30.00062,-30.83552 30.00067,-30.83567 30.00073,-30.83572 30.00073,-30.83576 30.00074,-30.83579 30.00076,-30.83586 30.00079,-30.83599 30.00079,-30.83629 30.00078,-30.83633 30.00078,-30.83634 30.00076,-30.83636 30.00074,-30.8364 30.00073,-30.83644 30.00073,-30.83649 30.00071,-30.83652 30.00068,-30.83656 30.00067,-30.83659 30.00065,-30.83661 30.00064,-30.83665 30.00062,-30.83668 30.00061,-30.83671 30.00061,-30.83672 30.00061,-30.83676 30.00062,-30.83678 30.00062,-30.83679 30.00062,-30.83685 30.00062,-30.83695 30.0006,-30.83698 30.00058,-30.837 30.00057,-30.83703 30.00056,-30.83704 30.00054,-30.8371 30.00052,-30.83719 30.00052,-30.83726 30.0005,-30.83736 30.0005,-30.8374 30.00048,-30.83743 30.00045,-30.83746 30.00042,-30.83748 30.00039,-30.8375 30.0003,-30.83755 30.00019,-30.83755 30.00013,-30.83754 30.00008,-30.83753 29.99989,-30.83753 29.99984,-30.83752 29.99981,-30.83752 29.99975,-30.83751 29.99965,-30.83749 29.99962,-30.83749 29.99956,-30.83747 29.99949,-30.83746 29.99945,-30.83745 29.99941,-30.83745 29.99921,-30.83739 29.99917,-30.83739 29.9991,-30.83737 29.999,-30.83735 29.99896,-30.83733 29.99889,-30.8373 29.99888,-30.8373 29.99885,-30.83729 29.99882,-30.83728 29.9988,-30.83728 29.99875,-30.83726 29.99871,-30.83725 29.99865,-30.83724 29.99861,-30.83723 29.99859,-30.83722 29.99856,-30.83723 29.99846,-30.83721 29.9984,-30.83721 29.99834,-30.8372 29.99828,-30.83718 29.99821,-30.83716 29.99809,-30.83714 29.99801,-30.83712 29.99795,-30.8371 29.99794,-30.8371 29.99791,-30.83708 29.99788,-30.83707 29.99784,-30.83706 29.99779,-30.83706 29.99775,-30.83705 29.99774,-30.83704 29.99767,-30.83703 29.99762,-30.837 29.99759,-30.83699 29.99752,-30.83695 29.99747,-30.83692 29.99742,-30.83691 29.99724,-30.83686 29.99722,-30.83686 29.9972,-30.83685 29.99714,-30.83684 29.9971,-30.83683 29.997,-30.83679 29.99697,-30.83678 29.99692,-30.83675 29.99685,-30.83671 29.99679,-30.83669 29.99675,-30.83667 29.99671,-30.83667 29.99664,-30.83666 29.99656,-30.83669 29.99652,-30.83666 29.99646,-30.83664 29.99644,-30.83662 29.9964,-30.8366 29.99639,-30.83659 29.99626,-30.83656 29.99621,-30.83654 29.99616,-30.83653 29.996,-30.83652 29.99594,-30.8365 29.99584,-30.83647 29.99583,-30.83647 29.9958,-30.83645 29.99576,-30.83644 29.99573,-30.83644 29.9957,-30.83644 29.99564,-30.83642 29.99558,-30.83639 29.99555,-30.83638 29.99552,-30.83636 29.99545,-30.83633 29.9954,-30.83629 29.99532,-30.83621 29.99529,-30.83619 29.99526,-30.83615 29.99524,-30.83613 29.99521,-30.83612 29.99513,-30.83608 29.9951,-30.83607 29.99498,-30.83605 29.99496,-30.83605 29.99494,-30.83604 29.9949,-30.83604 29.99488,-30.83603 29.99487,-30.83603 29.99472,-30.83603 29.99464,-30.83602 29.99463,-30.83602 29.9946,-30.83601 29.99453,-30.836 29.99447,-30.836 29.99431,-30.836 29.9943,-30.836 29.99427,-30.83601 29.99422,-30.83602 29.99418,-30.83602 29.99404,-30.83602 29.99403,-30.83602 29.994,-30.83601 29.99394,-30.83601 29.99391,-30.836 29.99389,-30.836 29.99386,-30.836 29.99383,-30.83599 29.99365,-30.83599 29.9936,-30.83604 29.99359,-30.83604 29.99357,-30.83605 29.9935,-30.83608 29.99345,-30.83611 29.99338,-30.83614 29.99329,-30.83619 29.99328,-30.83621 29.99326,-30.83623 29.9932,-30.83627 29.99314,-30.83631 29.99312,-30.83635 29.9931,-30.83637 29.99307,-30.8364 29.99305,-30.83641 29.99302,-30.83642 29.993,-30.83645 29.99298,-30.83646 29.99294,-30.83647 29.99284,-30.83649 29.99282,-30.83651 29.9928,-30.83654 29.99278,-30.83656 29.99274,-30.83659 29.9927,-30.83661 29.99269,-30.83662 29.99268,-30.83663 29.99265,-30.83664 29.99258,-30.83665 29.99254,-30.83666 29.9925,-30.83668 29.99243,-30.8367 29.99239,-30.83675 29.99239,-30.83676 29.99236,-30.83679 29.99232,-30.83681 29.9923,-30.83683 29.99226,-30.83684 29.99218,-30.83689 29.99213,-30.83691 29.99207,-30.83692 29.99201,-30.83696 29.99198,-30.83698 29.99195,-30.83701 29.99192,-30.83703 29.99189,-30.83704 29.99183,-30.83707 29.99181,-30.83708 29.9918,-30.83709 29.99176,-30.83711 29.99172,-30.83713 29.99163,-30.83716 29.99158,-30.83721 29.99152,-30.83722 29.99148,-30.83725 29.99143,-30.83727 29.99138,-30.8373 29.99136,-30.83732 29.99132,-30.83734 29.99126,-30.83736 29.99117,-30.83736 29.99108,-30.83739 29.99103,-30.83744 29.991,-30.83746 29.99096,-30.83747 29.99084,-30.83751 29.99081,-30.83753 29.99079,-30.83755 29.99072,-30.83756 29.99072,-30.83756 29.99068,-30.8376 29.99061,-30.83763 29.99057,-30.83768 29.99056,-30.83768 29.99054,-30.83771 29.99051,-30.83773 29.99046,-30.83775 29.99037,-30.83781 29.99033,-30.83783 29.99027,-30.83785 29.99024,-30.83787 29.99015,-30.8379 29.99011,-30.83791 29.99008,-30.83791 29.99003,-30.83792 29.98999,-30.83792 29.98997,-30.83793 29.98993,-30.83794 29.98988,-30.83797 29.98985,-30.83797 29.98983,-30.83797 29.98981,-30.83796 29.98978,-30.83794 29.98977,-30.83794 29.98973,-30.83789 29.98971,-30.83788 29.98965,-30.83786 29.9896,-30.83784 29.98959,-30.83783 29.9895,-30.83782 29.98946,-30.83781 29.98937,-30.83782 29.98934,-30.83782 29.98928,-30.83781 29.98908,-30.83783 29.98905,-30.83783 29.98899,-30.83782 29.98894,-30.83781 29.98887,-30.83778 29.98884,-30.83777 29.9888,-30.83776 29.98872,-30.83772 29.98863,-30.83767 29.98861,-30.83766 29.98856,-30.83764 29.98847,-30.8376 29.98845,-30.83759 29.98832,-30.83755 29.98829,-30.83754 29.9882,-30.83752 29.98816,-30.83752 29.98806,-30.8375 29.988,-30.83749 29.98793,-30.83747 29.98784,-30.83744 29.98779,-30.83742 29.98767,-30.83738 29.9876,-30.83735 29.98756,-30.83734 29.98753,-30.83734 29.98746,-30.83731 29.98741,-30.8373 29.98735,-30.83728 29.98727,-30.83726 29.98726,-30.83726 29.98723,-30.83724 29.9872,-30.83723 29.98718,-30.83722 29.98712,-30.83719 29.98705,-30.83715 29.98702,-30.83714 29.98698,-30.83711 29.98694,-30.83709 29.98691,-30.83706 29.9869,-30.83703 29.98688,-30.83701 29.98679,-30.83695 29.98675,-30.83693 29.98671,-30.83689 29.98658,-30.83681 29.98653,-30.83677 29.98647,-30.83675 29.98638,-30.83671 29.98631,-30.83666 29.98626,-30.83662 29.98617,-30.83654 29.9861,-30.83648 29.98607,-30.83643 29.98601,-30.83637 29.98593,-30.83626 29.98586,-30.83617 29.9858,-30.83612 29.98562,-30.83598 29.98551,-30.83592 29.98541,-30.83585 29.98537,-30.83582 29.98529,-30.83579 29.98522,-30.83575 29.98516,-30.83573 29.98506,-30.83568 29.98497,-30.83561 29.98482,-30.83553 29.98479,-30.83551 29.98475,-30.83549 29.98472,-30.83548 29.9847,-30.83547 29.98465,-30.83544 29.9846,-30.83541 29.9846,-30.83541 29.98457,-30.83539 29.98452,-30.83537 29.98451,-30.83536 29.98448,-30.83533 29.98443,-30.8353 29.9844,-30.83528 29.98436,-30.83527 29.9843,-30.83524 29.98422,-30.8352 29.98415,-30.83518 29.98411,-30.83517 29.98405,-30.83516 29.98401,-30.83515 29.98399,-30.83514 29.98384,-30.83514 29.98379,-30.83513 29.98373,-30.83513 29.98369,-30.83512 29.98366,-30.8351 29.98363,-30.83507 29.98358,-30.83506 29.98351,-30.83503 29.98345,-30.835 29.98343,-30.83499 29.98342,-30.83498 29.98338,-30.83497 29.98334,-30.83496 29.98328,-30.83496 29.98322,-30.83497 29.98321,-30.83497 29.98318,-30.83498 29.98314,-30.83501 29.98308,-30.83503 29.98303,-30.83506 29.98299,-30.83511 29.98293,-30.83513 29.98289,-30.83517 29.98289,-30.83517 29.98286,-30.83521 29.9828,-30.83526 29.98273,-30.83532 29.98248,-30.83551 29.98243,-30.83555 29.98241,-30.83557 29.98238,-30.83559 29.98234,-30.8356 29.9823,-30.83561 29.98228,-30.83562 29.98224,-30.83563 29.98221,-30.83566 29.98212,-30.8357 29.98205,-30.83577 29.98197,-30.83583 29.98193,-30.83587 29.9819,-30.83588 29.98178,-30.83597 29.98173,-30.836 29.98172,-30.83601 29.9817,-30.83602 29.98164,-30.83605 29.98159,-30.83607 29.9813,-30.8363 29.98124,-30.83638 29.98122,-30.83642 29.98112,-30.8365 29.98106,-30.83654 29.98102,-30.83658 29.98096,-30.83661 29.98091,-30.83665 29.98089,-30.83667 29.98082,-30.83671 29.98079,-30.83675 29.98075,-30.83679 29.98057,-30.83689 29.98051,-30.83691 29.98046,-30.83695 29.98041,-30.83696 29.98031,-30.83706 29.98027,-30.83711 29.98023,-30.83714 29.9802,-30.83721 29.98015,-30.83727 29.9801,-30.83732 29.98008,-30.83735 29.98003,-30.83737 29.97999,-30.83739 29.97994,-30.83742 29.97991,-30.83744 29.97984,-30.83745 29.9798,-30.83747 29.97975,-30.83748 29.97969,-30.8375 29.97965,-30.8375 29.97956,-30.83752 29.97949,-30.83753 29.97939,-30.83756 29.97935,-30.83759 29.97931,-30.83761 29.97925,-30.83766 29.97915,-30.83771 29.97908,-30.83774 29.97903,-30.83776 29.97897,-30.83777 29.97895,-30.83779 29.97882,-30.83777 29.97879,-30.83777 29.9787,-30.83775 29.97867,-30.83775 29.97859,-30.83774 29.97854,-30.83773 29.97837,-30.83773 29.97832,-30.83775 29.97826,-30.83776 29.97819,-30.83777 29.97811,-30.8378 29.97807,-30.83781 29.978,-30.83784 29.97794,-30.83785 29.97789,-30.83786 29.97782,-30.83788 29.97769,-30.83793 29.97761,-30.83794 29.97755,-30.83795 29.9775,-30.83795 29.97744,-30.83795 29.97737,-30.83796 29.97727,-30.83796 29.97725,-30.83796 29.97721,-30.83797 29.97711,-30.838 29.97681,-30.83808 29.97672,-30.8381 29.97602,-30.8381 29.9759,-30.83809 29.97568,-30.83808 29.97555,-30.83806 29.97548,-30.83804 29.97536,-30.83803 29.97527,-30.83801 29.97513,-30.83803 29.9751,-30.83804 29.97502,-30.83804 29.97497,-30.83805 29.97493,-30.83806 29.97488,-30.83808 29.9748,-30.83808 29.97473,-30.83801 29.97471,-30.83797 29.97469,-30.83792 29.97462,-30.83785 29.9746,-30.83781 29.97459,-30.8378 29.97456,-30.83774 29.97455,-30.83769 29.97454,-30.83764 29.97454,-30.83759 29.97453,-30.83755 29.97452,-30.83752 29.97448,-30.83744 29.97444,-30.8374 29.97439,-30.83734 29.97436,-30.8373 29.97432,-30.83726 29.97427,-30.83722 29.97414,-30.83711 29.97408,-30.83706 29.97399,-30.83699 29.97393,-30.83693 29.97385,-30.83686 29.9738,-30.83683 29.97372,-30.83677 29.97367,-30.83674 29.97362,-30.83669 29.97358,-30.83666 29.97355,-30.83664 29.97352,-30.83662 29.97346,-30.83655 29.97342,-30.83651 29.97339,-30.83649 29.97332,-30.83643 29.9732,-30.83634 29.97314,-30.8363 29.97307,-30.83626 29.97298,-30.83617 29.97292,-30.83613 29.97283,-30.83604 29.97279,-30.83599 29.97248,-30.83568 29.97239,-30.83561 29.97236,-30.83559 29.97234,-30.83558 29.97232,-30.83556 29.9723,-30.83555 29.97222,-30.83551 29.9722,-30.8355 29.97214,-30.83545 29.9721,-30.83543 29.972,-30.83539 29.97195,-30.83537 29.97194,-30.83536 29.97188,-30.83532 29.97181,-30.83529 29.97176,-30.83526 29.97174,-30.83524 29.97165,-30.83517 29.97163,-30.83515 29.97158,-30.83511 29.97148,-30.83505 29.97144,-30.83503 29.97142,-30.83502 29.97135,-30.83498 29.9713,-30.83497 29.97126,-30.83496 29.97123,-30.83495 29.97119,-30.83494 29.97116,-30.83492 29.97116,-30.83492 29.97112,-30.83489 29.97106,-30.83485 29.97101,-30.8348 29.971,-30.83476 29.97098,-30.83473 29.97092,-30.83468 29.97088,-30.83463 29.97083,-30.83459 29.97079,-30.83456 29.97072,-30.83452 29.97068,-30.8345 29.97063,-30.83446 29.97054,-30.8344 29.97047,-30.83435 29.97038,-30.83431 29.97031,-30.83428 29.97025,-30.83425 29.9702,-30.83423 29.97014,-30.83421 29.97008,-30.83418 29.97006,-30.83417 29.96999,-30.83414 29.96997,-30.83413 29.96996,-30.83413 29.96988,-30.83409 29.96983,-30.83405 29.96971,-30.83399 29.96956,-30.83393 29.9695,-30.83391 29.96945,-30.83388 29.96939,-30.83387 29.96929,-30.83385 29.96923,-30.83384 29.96905,-30.83378 29.96901,-30.83375 29.96897,-30.83373 29.96887,-30.83369 29.9688,-30.83366 29.96878,-30.83366 29.96876,-30.83365 29.96873,-30.83364 29.96871,-30.83364 29.96864,-30.83362 29.96855,-30.83364 29.9685,-30.83365 29.96847,-30.83365 29.96844,-30.83366 29.96817,-30.83366 29.96795,-30.83364 29.9679,-30.83363 29.96781,-30.83361 29.96773,-30.8336 29.96769,-30.8336 29.96764,-30.83359 29.96759,-30.83358 29.96756,-30.83357 29.9674,-30.83357 29.96731,-30.83356 29.96727,-30.83356 29.96718,-30.83353 29.96714,-30.83353 29.9671,-30.83352 29.96707,-30.83352 29.96704,-30.83351 29.96702,-30.8335 29.96702,-30.8335 29.96699,-30.83348 29.96696,-30.83347 29.96694,-30.83347 29.9669,-30.83344 29.96684,-30.83341 29.96681,-30.83339 29.96673,-30.83333 29.96672,-30.83333 29.96669,-30.83331 29.96665,-30.83328 29.96659,-30.83324 29.96647,-30.83315 29.96642,-30.8331 29.96636,-30.83306 29.96633,-30.83302 29.96626,-30.83296 29.96617,-30.83289 29.96614,-30.83285 29.9661,-30.8328 29.96602,-30.83275 29.96596,-30.83272 29.96586,-30.83269 29.96568,-30.83269 29.96565,-30.83269 29.96562,-30.83268 29.96557,-30.83266 29.96556,-30.83265 29.96553,-30.83265 29.96539,-30.83258 29.96532,-30.83256 29.96527,-30.83252 29.9652,-30.8325 29.96508,-30.83246 29.96503,-30.83245 29.96501,-30.83244 29.96493,-30.83242 29.96486,-30.8324 29.96476,-30.83235 29.96464,-30.83227 29.96457,-30.83219 29.96455,-30.83215 29.96453,-30.8321 29.9645,-30.83205 29.96444,-30.83197 29.96439,-30.83194 29.96434,-30.83187 29.96425,-30.83179 29.96421,-30.83174 29.96416,-30.83168 29.96412,-30.83161 29.96409,-30.83157 29.96405,-30.8315 29.96404,-30.83149 29.964,-30.83146 29.96393,-30.83142 29.96393,-30.83142 29.9639,-30.8314 29.96387,-30.83137 29.96381,-30.83133 29.96374,-30.83125 29.96373,-30.83124 29.96371,-30.83122 29.9637,-30.8312 29.96369,-30.83119 29.96368,-30.83116 29.96368,-30.83115 29.96366,-30.8311 29.96357,-30.83101 29.96354,-30.83097 29.9635,-30.83093 29.96335,-30.83084 29.96331,-30.83083 29.96325,-30.83081 29.9632,-30.83079 29.96316,-30.83078 29.96312,-30.83077 29.96308,-30.83076 29.96305,-30.83075 29.96302,-30.83075 29.96298,-30.83076 29.96293,-30.83077 29.96289,-30.83079 29.96284,-30.83083 29.96274,-30.83081 29.96271,-30.83079 29.96263,-30.83075 29.9626,-30.83073 29.96255,-30.8307 29.96249,-30.83066 29.9624,-30.83062 29.96236,-30.83059 29.96233,-30.83058 29.96226,-30.83055 29.96222,-30.83052 29.96213,-30.83046 29.96207,-30.83041 29.962,-30.83037 29.96177,-30.83018 29.96171,-30.83012 29.96167,-30.83009 29.96161,-30.83006 29.96158,-30.83002 29.96158,-30.83002 29.96155,-30.83 29.96149,-30.82996 29.96146,-30.82993 29.96145,-30.82989 29.96143,-30.82987 29.96139,-30.82982 29.96137,-30.82979 29.96137,-30.82978 29.96132,-30.82971 29.96129,-30.82967 29.96124,-30.8296 29.9612,-30.82956 29.96116,-30.8295 29.96113,-30.82945 29.96111,-30.82941 29.96107,-30.82935 29.96105,-30.82933 29.96097,-30.82924 29.96097,-30.82919 29.96095,-30.82914 29.96091,-30.82908 29.96088,-30.82904 29.96084,-30.82898 29.96081,-30.82892 29.96075,-30.82886 29.96069,-30.82879 29.96063,-30.82871 29.96058,-30.82863 29.96052,-30.82854 29.96043,-30.82844 29.96042,-30.8284 29.96038,-30.82835 29.96033,-30.82829 29.96024,-30.82822 29.96022,-30.82821 29.96013,-30.82814 29.96009,-30.82808 29.96006,-30.82803 29.96003,-30.82799 29.96001,-30.82794 29.95999,-30.82787 29.95992,-30.82776 29.95987,-30.82771 29.95981,-30.82766 29.95977,-30.82762 29.95971,-30.82754 29.95968,-30.82749 29.95964,-30.82743 29.95959,-30.82738 29.95955,-30.82732 29.95954,-30.8273 29.95953,-30.82725 29.95948,-30.82718 29.95945,-30.82714 29.95943,-30.8271 29.95939,-30.82703 29.95934,-30.82697 29.95932,-30.82691 29.95925,-30.82677 29.95921,-30.82671 29.95916,-30.82663 29.95914,-30.82659 29.95912,-30.82652 29.9591,-30.82648 29.95907,-30.82644 29.95902,-30.82634 29.95899,-30.82626 29.95892,-30.82616 29.9589,-30.82612 29.95887,-30.82608 29.95887,-30.82607 29.95886,-30.82604 29.95885,-30.82602 29.95885,-30.82601 29.95885,-30.82599 29.95884,-30.82597 29.95883,-30.82594 29.95883,-30.82592 29.95882,-30.82589 29.95877,-30.82581 29.95876,-30.82578 29.95874,-30.82574 29.95874,-30.82568 29.95872,-30.82565 29.95867,-30.82559 29.95866,-30.82556 29.95864,-30.82553 29.95863,-30.82551 29.95863,-30.8255 29.95862,-30.82543 29.9586,-30.82536 29.95858,-30.82532 29.95855,-30.82525 29.95853,-30.82518 29.9585,-30.82513 29.9585,-30.82509 29.95849,-30.82504 29.95847,-30.825 29.95844,-30.82493 29.95841,-30.82487 29.9584,-30.82482 29.95839,-30.82478 29.95837,-30.82472 29.95833,-30.82467 29.95831,-30.82462 29.95829,-30.82459 29.95828,-30.82456 29.95828,-30.82455 29.95826,-30.82452 29.95824,-30.82449 29.95821,-30.82446 29.95819,-30.82443 29.95817,-30.82441 29.95817,-30.82437 29.95816,-30.82431 29.95815,-30.82427 29.95815,-30.82421 29.95813,-30.82417 29.95812,-30.82413 29.95812,-30.82409 29.95811,-30.82404 29.9581,-30.824 29.9581,-30.82393 29.95809,-30.8238 29.95809,-30.82365 29.95808,-30.8236 29.95808,-30.82343 29.95809,-30.82339 29.95809,-30.82334 29.9581,-30.82329 29.9581,-30.82318 29.95812,-30.82309 29.95814,-30.82301 29.95815,-30.82296 29.95817,-30.8229 29.9582,-30.82284 29.9582,-30.82277 29.95821,-30.82273 29.95823,-30.82269 29.95823,-30.82266 29.95826,-30.82263 29.95828,-30.82259 29.95831,-30.82254 29.95834,-30.82251 29.95837,-30.82246 29.95839,-30.82241 29.95841,-30.82237 29.95842,-30.82226 29.95842,-30.82223 29.95843,-30.82219 29.95846,-30.82215 29.95851,-30.82211 29.95864,-30.82201 29.95868,-30.82195 29.95869,-30.82194 29.95869,-30.82191 29.95869,-30.8219 29.95871,-30.82188 29.95872,-30.82184 29.95873,-30.82179 29.95875,-30.82175 29.9588,-30.82171 29.95884,-30.82169 29.95887,-30.82166 29.95891,-30.82164 29.95897,-30.82158 29.95901,-30.82155 29.95904,-30.82152 29.95908,-30.82149 29.95913,-30.82147 29.95924,-30.82149 29.95926,-30.8215 29.9593,-30.82151 29.95935,-30.82153 29.95936,-30.82154 29.95941,-30.82157 29.95943,-30.8216 29.95948,-30.82163 29.95951,-30.82167 29.95955,-30.8217 29.95962,-30.82176 29.95964,-30.82179 29.9597,-30.82183 29.95974,-30.82188 29.95979,-30.82191 29.95981,-30.82196 29.95982,-30.82199 29.95985,-30.82203 29.95985,-30.82203 29.95998,-30.82215 29.96013,-30.82226 29.96022,-30.82233 29.96027,-30.82236 29.96031,-30.82241 29.96031,-30.82241 29.96037,-30.82247 29.96043,-30.82252 29.96057,-30.82261 29.96065,-30.82268 29.96075,-30.82276 29.96093,-30.82298 29.96116,-30.82317 29.96217,-30.82395 29.96252,-30.82417 29.96359,-30.82492 29.9642,-30.82529 29.96976,-30.82754 29.96968,-30.82765 29.96973,-30.82767 29.97018,-30.82773 29.97065,-30.82777 29.97078,-30.82776 29.97094,-30.82776 29.97107,-30.82778 29.97139,-30.82782 29.97147,-30.82784 29.97183,-30.8279 29.97207,-30.82792 29.9722,-30.82794 29.97226,-30.82794 29.97252,-30.828 29.9727,-30.82802 29.97278,-30.82802 29.97294,-30.82804 29.9732,-30.82806 29.97354,-30.82805 29.97383,-30.82807 29.97425,-30.82804 29.97443,-30.82803 29.97461,-30.82801 29.9754,-30.82792 29.97582,-30.82787 29.97684,-30.82785 29.97713,-30.82787 29.97741,-30.82788 29.97752,-30.8279 29.97783,-30.82792 29.97846,-30.82791 29.97956,-30.82789 29.98061,-30.82778 29.98092,-30.82772 29.98129,-30.82772 29.98155,-30.82774 29.98186,-30.8278 29.98205,-30.82786 29.9821,-30.82786 29.98218,-30.8279 29.98245,-30.82799 29.98279,-30.82807 29.98288,-30.82777 29.9895,-30.80709 29.99095,-30.80417 30.00242,-30.78124 30.00243,-30.78122 30.00585,-30.77438 30.00592,-30.77425 30.01072,-30.76465 30.0121,-30.76112 30.01231,-30.76058 30.01872,-30.74422 30.01881,-30.74399 30.02032,-30.74014 30.021,-30.73835 30.01987,-30.73787 30.01942,-30.73768 30.01126,-30.73418 30.00798,-30.73273 30.01207,-30.72489 30.01563,-30.71813 30.01755,-30.71472 30.0184,-30.71314 30.02507,-30.71674 30.02604,-30.71702 30.02723,-30.71755 30.02888,-30.71803 30.03124,-30.71901 30.0363,-30.71942 30.03606,-30.72033 30.0357,-30.72369 30.03526,-30.72929 30.03516,-30.73034 30.04081,-30.72674 30.04671,-30.72296 30.04678,-30.72303 30.04823,-30.72211 30.04983,-30.72109 30.04997,-30.721 30.05009,-30.72092 30.05015,-30.72087 30.05072,-30.72052 30.05087,-30.72045 30.05084,-30.72029 30.04983,-30.71735 30.04914,-30.71548 30.04912,-30.71536 30.04799,-30.71214 30.04701,-30.70924 30.04664,-30.70816 30.04631,-30.70734 30.04605,-30.70661 30.04578,-30.70574 30.04797,-30.70599 30.05141,-30.70629 30.05926,-30.70716 30.06847,-30.70606 30.06862,-30.70516 30.06898,-30.70462 30.06956,-30.70412 30.07017,-30.70359 30.0713,-30.70269 30.07122,-30.7022 30.07198,-30.7016 30.07271,-30.70107 30.0731,-30.70035 30.07412,-30.69954 30.0758,-30.69866 30.07727,-30.69801 30.07796,-30.69775 30.07923,-30.69724 30.08063,-30.69692 30.08211,-30.69667 30.08181,-30.69626 30.06738,-30.67663 30.08346,-30.66553 30.07975,-30.65526 30.07669,-30.65708 30.07494,-30.65812 30.06308,-30.66514 30.06204,-30.66538 30.062,-30.66539 30.06111,-30.66558 30.06106,-30.66559 30.05681,-30.66655 30.05684,-30.66672 30.05682,-30.66717 30.05678,-30.66718 30.05631,-30.66728 30.05466,-30.66763 30.053,-30.66797 30.05135,-30.66832 30.04969,-30.66867 30.04804,-30.66902 30.04638,-30.66937 30.04473,-30.66972 30.04307,-30.67006 30.04141,-30.67041 30.03976,-30.67076 30.03952,-30.67081 30.03929,-30.67086 30.03755,-30.67122 30.03726,-30.67129 30.03668,-30.67141 30.03634,-30.67097 30.03616,-30.67076 30.03599,-30.67054 30.03582,-30.67033 30.03565,-30.67011 30.03547,-30.6699 30.03513,-30.66946 30.03495,-30.66925 30.03398,-30.66803 30.03202,-30.66559 30.03105,-30.66437 30.03007,-30.66316 30.02909,-30.66194 30.02812,-30.66072 30.02616,-30.65828 30.02519,-30.65706 30.02489,-30.6567 30.02459,-30.65633 30.0243,-30.65596 30.024,-30.65559 30.02371,-30.65522 30.02341,-30.65485 30.0225,-30.65372 30.02313,-30.65363 30.02268,-30.6531 30.02217,-30.65184 30.02152,-30.65024 30.01985,-30.64608 30.02961,-30.64064 30.0391,-30.64453 30.04358,-30.64371 30.04458,-30.64353 30.04934,-30.6413 30.06018,-30.64384 30.06056,-30.64393 30.06171,-30.64419 30.06325,-30.64455 30.06431,-30.64272 30.06566,-30.64037 30.06675,-30.63848 30.06708,-30.63911 30.06807,-30.64097 30.06841,-30.64159 30.06907,-30.64283 30.0694,-30.64346 30.07006,-30.6447 30.07021,-30.64497 30.07035,-30.64525 30.0705,-30.64553 30.07064,-30.64581 30.07078,-30.64608 30.07093,-30.64636 30.07107,-30.64664 30.07122,-30.64691 30.0715,-30.64747 30.07287,-30.64999 30.07307,-30.65013 30.07318,-30.65006 30.07419,-30.64889 30.07496,-30.64799 30.07514,-30.64777 30.07531,-30.64771 30.07573,-30.64753 30.07638,-30.64767 30.07668,-30.64796 30.07679,-30.64789 30.07689,-30.64782 30.07693,-30.64781 30.0769,-30.64778 30.08137,-30.64442 30.08195,-30.64488 30.08218,-30.64472 30.08244,-30.64468 30.08269,-30.64465 30.0832,-30.64458 30.08326,-30.64457 30.08371,-30.64446 30.08401,-30.64438 30.0842,-30.64434 30.08438,-30.6443 30.08472,-30.64422 30.08524,-30.64412 30.08575,-30.644 30.08598,-30.64392 30.08624,-30.64384 30.08627,-30.64383 30.08635,-30.6438 30.08653,-30.64375 30.08675,-30.64368 30.08725,-30.64355 30.08775,-30.64345 30.08809,-30.64339 30.08825,-30.64336 30.08845,-30.64332 30.08875,-30.64325 30.08926,-30.64308 30.08974,-30.64287 30.09013,-30.64264 30.09017,-30.64261 30.0903,-30.64252 30.09058,-30.64233 30.09072,-30.64224 30.09098,-30.64206 30.09119,-30.64195 30.09131,-30.64189 30.0916,-30.64155 30.0917,-30.64217 30.09202,-30.64223 30.0957,-30.64079 30.09813,-30.63983 30.10118,-30.63864 30.10376,-30.63762 30.10442,-30.63736 30.10449,-30.63733 30.10779,-30.63603 30.11271,-30.63409 30.11753,-30.63219 30.1178,-30.63208 30.11806,-30.63198 30.12329,-30.62994 30.12878,-30.62775 30.13183,-30.62655 30.1344,-30.62555 30.1361,-30.62487 30.13629,-30.62445 30.13625,-30.62465 30.13604,-30.62503 30.13573,-30.62558 30.13546,-30.62607 30.13459,-30.62705 30.13409,-30.62759 30.1338,-30.62806 30.13358,-30.62869 30.13342,-30.62905 30.13326,-30.62974 30.13319,-30.6303 30.13314,-30.63098 30.13306,-30.63162 30.13286,-30.63293 30.13282,-30.6334 30.13291,-30.63385 30.13307,-30.6343 30.13332,-30.63546 30.1334,-30.63596 30.13353,-30.63641 30.13362,-30.63685 30.13403,-30.63727 30.1342,-30.63728 30.13459,-30.63734 30.13497,-30.63728 30.1354,-30.63709 30.13576,-30.63675 30.13665,-30.63615 30.13765,-30.63515 30.13843,-30.6345 30.13917,-30.63284 30.13939,-30.63229 30.13996,-30.63152 30.14028,-30.6311 30.14138,-30.62978 30.14197,-30.62869 30.14289,-30.62711 30.14328,-30.62652 30.1438,-30.62552 30.14461,-30.62452 30.14495,-30.62409 30.14572,-30.62349 30.14596,-30.62311 30.14652,-30.62256 30.14681,-30.62213 30.14736,-30.6215 30.14783,-30.6211 30.14863,-30.6208 30.14923,-30.62068 30.15,-30.62053 30.15125,-30.62044 30.15169,-30.62042 30.15244,-30.6205 30.15336,-30.62064 30.15418,-30.62069 30.15511,-30.62062 30.15642,-30.62052 30.15764,-30.62017 30.15887,-30.61966 30.1599,-30.6193 30.16049,-30.6189 30.161,-30.61867 30.16124,-30.61863 30.16158,-30.61841 30.16178,-30.61832 30.16212,-30.61809 30.16264,-30.61776 30.16312,-30.61737 30.1634,-30.61706 30.16384,-30.61666 30.16463,-30.61587 30.16525,-30.61521 30.16605,-30.61453 30.16681,-30.61399 30.16774,-30.61337 30.16827,-30.61297 30.16846,-30.6129 30.16868,-30.61281 30.1689,-30.61273 30.16911,-30.61268 30.16959,-30.61261 30.17006,-30.61264 30.17051,-30.6128 30.17062,-30.61285 30.17076,-30.61298 30.17107,-30.6133 30.17128,-30.61352 30.17136,-30.61394 30.17137,-30.61422 30.17124,-30.61459 30.17113,-30.61475 30.17103,-30.61496 30.17098,-30.6151 30.17095,-30.61531 30.17099,-30.61561 30.17123,-30.6161 30.17169,-30.61686 30.17208,-30.61735 30.173,-30.61823 30.17329,-30.61853 30.17355,-30.6189 30.1738,-30.61921 30.17409,-30.61962 30.17416,-30.61995 30.17418,-30.62041 30.17422,-30.62064 30.17435,-30.6209 30.17445,-30.62155 30.17454,-30.6221 30.17466,-30.6225 30.17477,-30.62339 30.1751,-30.62403 30.17548,-30.62467 30.1758,-30.62518 30.1761,-30.62576 30.17681,-30.62642 30.17753,-30.62686 30.17809,-30.62718 30.17876,-30.62741 30.17925,-30.62756 30.17997,-30.62773 30.18052,-30.62781 30.18106,-30.62787 30.18178,-30.62789 30.18286,-30.62789 30.18332,-30.62781 30.18372,-30.62774 30.18401,-30.62763 30.18434,-30.62756 30.18465,-30.62741 30.18538,-30.62721 30.18582,-30.62702 30.18626,-30.62677 30.18662,-30.62641 30.18676,-30.62622 30.18687,-30.62603 30.1869,-30.62589 30.18696,-30.62573 30.18699,-30.62546 30.18703,-30.62496 30.18698,-30.62447 30.18699,-30.62376 30.18703,-30.62328 30.18713,-30.62286 30.18721,-30.62253 30.18747,-30.62192 30.1877,-30.62157 30.1882,-30.62141 30.18869,-30.62125 30.18875,-30.62123 30.18925,-30.62092 30.18995,-30.62043 30.19058,-30.62002 30.19114,-30.61961 30.19159,-30.61936 30.19231,-30.61925 30.19288,-30.61926 30.1932,-30.61945 30.19347,-30.61959 30.19361,-30.6197 30.19393,-30.62009 30.19416,-30.62059 30.19431,-30.62105 30.1944,-30.62187 30.19457,-30.62251 30.19464,-30.62276 30.19489,-30.62321 30.19504,-30.62349 30.19526,-30.62375 30.19549,-30.62394 30.1958,-30.62427 30.19616,-30.62457 30.19674,-30.62527 30.19717,-30.62581 30.19761,-30.6266 30.19789,-30.62711 30.19825,-30.62759 30.19878,-30.62826 30.19902,-30.6289 30.19926,-30.62939 30.1993,-30.62986 30.19928,-30.63047 30.19927,-30.63096 30.19922,-30.63142 30.19905,-30.63192 30.19873,-30.63252 30.19841,-30.63313 30.19821,-30.63359 30.19794,-30.63403 30.19755,-30.63502 30.19728,-30.63569 30.19705,-30.6366 30.19692,-30.63714 30.19658,-30.63836 30.19654,-30.63904 30.19655,-30.63961 30.19659,-30.64031 30.19681,-30.64091 30.1969,-30.6415 30.19716,-30.64194 30.19734,-30.64251 30.19745,-30.64274 30.19752,-30.64305 30.19755,-30.64341 30.19759,-30.64391 30.19749,-30.64446 30.19746,-30.6449 30.19706,-30.6467 30.19677,-30.64788 30.19659,-30.64875 30.19661,-30.64936 30.19658,-30.64976 30.19673,-30.65042 30.19693,-30.65077 30.19729,-30.65114 30.1975,-30.65135 30.19777,-30.6516 30.19797,-30.6518 30.19823,-30.65205 30.19873,-30.6524 30.19912,-30.65299 30.19958,-30.65348 30.20024,-30.65384 30.20088,-30.65399 30.20221,-30.65416 30.20309,-30.65416 30.20354,-30.65406 30.20398,-30.65372 30.20448,-30.65339 30.20501,-30.65342 30.2054,-30.65358 30.20582,-30.65376 30.20628,-30.65397 30.20691,-30.65422 30.20739,-30.65427 30.20797,-30.65444 30.20862,-30.65458 30.20944,-30.65474 30.21033,-30.6549 30.21164,-30.65504 30.21254,-30.65515 30.21383,-30.65523 30.2153,-30.65531 30.21612,-30.65527 30.21642,-30.65522 30.21698,-30.6552 30.21746,-30.65531 30.21795,-30.65537 30.21826,-30.65541 30.21872,-30.65519 30.21929,-30.65487 30.21984,-30.65458 30.22019,-30.6544 30.22066,-30.65417 30.22116,-30.65392 30.22306,-30.65306 30.22532,-30.65203 30.22603,-30.65175 30.22677,-30.65158 30.22752,-30.65138 30.22805,-30.65113 30.22878,-30.65075 30.22924,-30.65049 30.22963,-30.6503 30.23042,-30.65002 30.23073,-30.64994 30.23128,-30.64973 30.23215,-30.64937 30.23252,-30.64924 30.23285,-30.64916 30.23319,-30.64918 30.23363,-30.64912 30.23422,-30.64898 30.23472,-30.64865 30.23532,-30.64836 30.23584,-30.64823 30.23621,-30.64809 30.2366,-30.64802 30.23683,-30.64801 30.23706,-30.64802 30.23749,-30.64786 30.23798,-30.64761 30.23824,-30.64752 30.23874,-30.64742 30.23912,-30.64729 30.23953,-30.6472 30.24017,-30.64694 30.24122,-30.64666 30.24173,-30.64652 30.24246,-30.64623 30.24305,-30.64581 30.24365,-30.6452 30.24413,-30.64469 30.24437,-30.6444 30.24455,-30.64416 30.24497,-30.64377 30.24532,-30.6435 30.24563,-30.6433 30.24622,-30.64291 30.24704,-30.64243 30.24774,-30.64197 30.24825,-30.64159 30.24865,-30.64124 30.24937,-30.64018 30.24984,-30.63937 30.25043,-30.63825 30.25073,-30.63754 30.25099,-30.63701 30.25109,-30.63628 30.25127,-30.63555 30.25132,-30.63505 30.25116,-30.63461 30.25073,-30.63436 30.2503,-30.6342 30.24985,-30.634 30.2494,-30.63375 30.24882,-30.63346 30.24835,-30.63309 30.24782,-30.63252 30.24606,-30.6308 30.24581,-30.63036 30.24543,-30.62987 30.24481,-30.62918 30.24438,-30.62881 30.24372,-30.62829 30.2424,-30.62711 30.24076,-30.62542 30.23853,-30.6236 30.23616,-30.62178 30.23544,-30.62132 30.23472,-30.62073 30.23408,-30.61999 30.23338,-30.61933 30.23249,-30.61774 30.23217,-30.61566 30.23265,-30.61462 30.23282,-30.6137 30.23335,-30.61317 30.23418,-30.61256 30.23483,-30.61208 30.23534,-30.61149 30.23612,-30.61091 30.23674,-30.61063 30.2371,-30.61074 30.23716,-30.61076 30.23733,-30.61082 30.23781,-30.6112 30.23826,-30.61147 30.23877,-30.61167 30.23916,-30.61192 30.23951,-30.61224 30.23989,-30.61281 30.24021,-30.6134 30.24046,-30.61406 30.24122,-30.61521 30.24192,-30.6162 30.24234,-30.61686 30.24263,-30.61747 30.24287,-30.6181 30.24303,-30.61862 30.24311,-30.61914 30.24329,-30.61961 30.24335,-30.61997 30.24398,-30.62119 30.24431,-30.62184 30.24461,-30.62239 30.24526,-30.62305 30.24626,-30.6241 30.24684,-30.62475 30.24741,-30.6252 30.24834,-30.6257 30.24879,-30.62586 30.24925,-30.62596 30.25005,-30.62617 30.25049,-30.62627 30.25163,-30.62639 30.25223,-30.62648 30.25267,-30.62648 30.25421,-30.62588 30.25517,-30.62546 30.25733,-30.62423 30.25911,-30.62364 30.25996,-30.62352 30.26133,-30.62363 30.26288,-30.62382 30.26378,-30.62414 30.26465,-30.62456 30.26569,-30.62577 30.26712,-30.62729 30.2676,-30.6281 30.26832,-30.62922 30.26929,-30.63109 30.27002,-30.63222 30.27133,-30.63501 30.27245,-30.6367 30.27429,-30.63839 30.27508,-30.6394 30.27644,-30.64063 30.27789,-30.64183 30.27893,-30.64213 30.2798,-30.64226 30.28089,-30.64229 30.28182,-30.64226 30.28246,-30.64202 30.28288,-30.64191 30.28415,-30.64153 30.28505,-30.64124 30.28582,-30.641 30.28646,-30.6408 30.28713,-30.64059 30.28781,-30.64032 30.28837,-30.64009 30.28924,-30.63973 30.29244,-30.63897 30.2935,-30.63853 30.29453,-30.63824 30.29621,-30.63739 30.29755,-30.63646 30.29812,-30.636 30.29924,-30.63524 30.30005,-30.63463 30.30063,-30.63394 30.30189,-30.63308 30.30282,-30.63246 30.30418,-30.63127 30.30671,-30.62875 30.30711,-30.62817 30.30778,-30.62755 30.30855,-30.62706 30.30868,-30.62694 30.3091,-30.62657 30.30982,-30.62584 30.3121,-30.62415 30.31284,-30.62373 30.31355,-30.62328 30.3143,-30.62284 30.31504,-30.62246 30.31597,-30.6221 30.31686,-30.62189 30.31761,-30.62176 30.31826,-30.62168 30.31938,-30.62169 30.32081,-30.62181 30.32239,-30.62204 30.32393,-30.62236 30.32581,-30.62264 30.32752,-30.6232 30.32855,-30.62348 30.32933,-30.62375 30.32963,-30.62372 30.32982,-30.62359 30.32989,-30.62359 30.33031,-30.62357 30.33087,-30.62363 30.33221,-30.62405 30.33356,-30.62433 30.33414,-30.62442 30.33454,-30.62456 30.33477,-30.62481 30.33495,-30.62572 30.33516,-30.62682 30.33516,-30.62748 30.33511,-30.6278 30.33473,-30.62836 30.33422,-30.62854 30.33346,-30.6286 30.33286,-30.62857 30.33181,-30.62854 30.33138,-30.62879 30.33117,-30.62907 30.33105,-30.62939 30.33089,-30.6298 30.33081,-30.63041 30.33103,-30.63114 30.33132,-30.63164 30.33228,-30.63262 30.33253,-30.63289 30.3329,-30.63316 30.33321,-30.63348 30.33363,-30.63399 30.33405,-30.63466 30.3345,-30.63526 30.33488,-30.63582 30.33529,-30.6365 30.33551,-30.63703 30.33614,-30.63789 30.33653,-30.6383 30.33688,-30.63868 30.33734,-30.63941 30.3377,-30.64034 30.33802,-30.64089 30.33837,-30.64151 30.33894,-30.64201 30.33983,-30.64269 30.34046,-30.64313 30.34149,-30.64385 30.34319,-30.64474 30.34405,-30.64512 30.34462,-30.64526 30.34519,-30.64559 30.34615,-30.6461 30.34768,-30.64668 30.3484,-30.64683 30.35075,-30.6477 30.35179,-30.64806 30.3523,-30.64834 30.35299,-30.64873 30.35342,-30.64902 30.35381,-30.64942 30.354,-30.65002 30.35423,-30.65082 30.35529,-30.65292 30.35598,-30.6544 30.35694,-30.65612 30.35729,-30.65675 30.3578,-30.65759 30.35845,-30.65865 30.359,-30.65951 30.35982,-30.66061 30.36013,-30.66113 30.36117,-30.66256 30.36154,-30.66317 30.36192,-30.66366 30.36216,-30.66391 30.36269,-30.66409 30.36313,-30.66425 30.36373,-30.66453 30.36407,-30.66467 30.36453,-30.66494 30.36502,-30.66504 30.36581,-30.66507 30.36657,-30.66504 30.36707,-30.66485 30.36764,-30.66431 30.36827,-30.66365 30.36868,-30.66311 30.36912,-30.66239 30.36944,-30.66169 30.36941,-30.66098 30.36943,-30.66031 30.36941,-30.6599 30.36929,-30.65943 30.36911,-30.65837 30.36909,-30.65797 30.36925,-30.65772 30.36939,-30.65758 30.36983,-30.65742 30.37031,-30.65746 30.37073,-30.65765 30.37106,-30.65805 30.37142,-30.6586 30.37184,-30.659 30.37235,-30.65948 30.37285,-30.66015 30.37319,-30.66068 30.37356,-30.66112 30.37396,-30.66159 30.37428,-30.6622 30.37467,-30.66296 30.37492,-30.66343 30.37501,-30.6638 30.37515,-30.66401 30.37529,-30.66427 30.37576,-30.66545 30.37592,-30.66625 30.37614,-30.66753 30.37639,-30.6683 30.37671,-30.66926 30.37706,-30.6702 30.37736,-30.67089 30.37775,-30.67141 30.37798,-30.67171 30.37816,-30.67215 30.37849,-30.67258 30.37872,-30.67302 30.37911,-30.67354 30.37953,-30.6739 30.37978,-30.6741 30.38006,-30.67434 30.38025,-30.67456 30.38045,-30.6748 30.38082,-30.67524 30.38114,-30.67567 30.38132,-30.676 30.38166,-30.67644 30.3819,-30.67696 30.3826,-30.67766 30.38314,-30.67827 30.38354,-30.67868 30.38385,-30.67909 30.38404,-30.67942 30.38433,-30.67984 30.38461,-30.68028 30.38479,-30.68064 30.38499,-30.68109 30.38564,-30.68235 30.38618,-30.68346 30.38626,-30.68376 30.38639,-30.68406 30.38645,-30.68446 30.38636,-30.68545 30.3863,-30.68625 30.38623,-30.68651 30.38612,-30.68746 30.38593,-30.68806 30.38539,-30.68881 30.3848,-30.68944 30.38439,-30.68996 30.38424,-30.69045 30.38424,-30.69097 30.38469,-30.69183 30.38523,-30.69246 30.38581,-30.69363 30.38643,-30.69462 30.38713,-30.69573 30.38762,-30.6967 30.38799,-30.69763 30.38833,-30.69963 30.38844,-30.7011 30.38859,-30.70192 30.38866,-30.70276 30.38866,-30.70364 30.38874,-30.70389 30.38884,-30.70407 30.38904,-30.70425 30.38957,-30.7046 30.39034,-30.70488 30.39116,-30.70516 30.39207,-30.70558 30.3933,-30.70616 30.39491,-30.70666 30.39611,-30.70696 30.39665,-30.70711 30.39683,-30.70729 30.39697,-30.70743 30.39685,-30.70778 30.39285,-30.71173 30.39282,-30.71177 30.3946,-30.71472 30.39659,-30.71785 30.3972,-30.71882 30.39906,-30.72175 30.39905,-30.72185 30.39847,-30.72597 30.39773,-30.72562 30.3962,-30.72501 30.39491,-30.72434 30.39406,-30.72394 30.39199,-30.72302 30.39191,-30.72298 30.39179,-30.72293 30.38742,-30.72091 30.38525,-30.71995 30.38015,-30.71752 30.37786,-30.71649 30.37494,-30.71517 30.37476,-30.71508 30.37219,-30.71388 30.36634,-30.71114 30.36274,-30.7095 30.35892,-30.70768 30.35812,-30.70737 30.35808,-30.70736 30.35791,-30.70728 30.3526,-30.70493 30.3516,-30.70449 30.35021,-30.70388 30.34725,-30.70257 30.34492,-30.70153 30.34429,-30.70126 30.34262,-30.70051 30.34125,-30.69978 30.3373,-30.69806 30.33727,-30.69801 30.33687,-30.6972 30.33435,-30.69207 30.33317,-30.68969 30.33114,-30.68556 30.3242,-30.68805 30.32063,-30.68933 30.3181,-30.69024 30.31722,-30.69055 30.31396,-30.69172 30.31327,-30.69196 30.31121,-30.6927 30.30907,-30.69347 30.30859,-30.69364 30.30787,-30.6939 30.30746,-30.69404 30.30741,-30.69406 30.30533,-30.6948 30.30496,-30.69494 30.29707,-30.69776 30.29087,-30.69623 30.28879,-30.69834 30.2856,-30.69913 30.28426,-30.69946 30.28369,-30.69961 30.28192,-30.70132 30.28118,-30.70204 30.28083,-30.70237 30.27844,-30.70251 30.27481,-30.7027 30.27511,-30.70368 30.27535,-30.70442 30.27653,-30.70815 30.28297,-30.70812 30.28309,-30.70812 30.28307,-30.70816 30.28211,-30.71048 30.28034,-30.71479 30.27952,-30.71677 30.2781,-30.72017 30.27647,-30.72408 30.27603,-30.72477 30.28025,-30.72849 30.28413,-30.73196 30.28584,-30.73346 30.2872,-30.73465 30.28715,-30.73468 30.2861,-30.73545 30.28611,-30.7355 30.28766,-30.73697 30.28766,-30.73701 30.28781,-30.73832 30.28822,-30.74193 30.28859,-30.74512 30.28882,-30.74711 30.28906,-30.74923 30.28994,-30.74988 30.29068,-30.75 30.29091,-30.75146 30.29115,-30.75309 30.29116,-30.75317 30.29073,-30.75357 30.28828,-30.75609 30.28697,-30.75743 30.28457,-30.75989 30.28289,-30.76162 30.28217,-30.76236 30.28267,-30.76418 30.28345,-30.76703 30.28421,-30.7698 30.28504,-30.77283 30.28538,-30.77409 30.28586,-30.77574 30.28654,-30.77806 30.28708,-30.77995 30.28756,-30.7814 30.28809,-30.783 30.28932,-30.7836 30.28984,-30.78386 30.29093,-30.78439 30.29076,-30.78454 30.29017,-30.78499 30.28941,-30.78559 30.28865,-30.78618 30.28788,-30.78677 30.28716,-30.78733 30.28644,-30.7879 30.28572,-30.78846 30.28498,-30.78904 30.28424,-30.78961 30.2835,-30.79019 30.28276,-30.79076 30.28198,-30.79137 30.28159,-30.79167 30.28119,-30.79198 30.2808,-30.79229 30.28,-30.79291 30.27961,-30.79322 30.27921,-30.79353 30.27881,-30.79383 30.27842,-30.79414 30.27802,-30.79445 30.27818,-30.79457 30.27834,-30.7947 30.27645,-30.79573 30.27496,-30.79654 30.27244,-30.79791 30.26909,-30.79972 30.26722,-30.80073 30.26527,-30.80177 30.26332,-30.80282 30.26061,-30.80427 30.25819,-30.80557 30.25582,-30.80684 30.25387,-30.80788 30.25182,-30.80898 30.24945,-30.81026 30.2447,-30.81591 30.24421,-30.81649 30.24345,-30.81738 30.24395,-30.81765 30.24444,-30.81791 30.24494,-30.81818 30.24543,-30.81844 30.24593,-30.8187 30.24642,-30.81897 30.24692,-30.81923 30.24741,-30.8195 30.24873,-30.8202 30.24471,-30.82302 30.23839,-30.82745 30.23866,-30.8304 30.23563,-30.83106 30.2353,-30.82961 30.22812,-30.83464 30.22284,-30.83835 30.21335,-30.845 30.20378,-30.8517 30.20322,-30.84973 30.20228,-30.84646 30.20145,-30.84359 30.20063,-30.84071 30.1998,-30.83784 30.19828,-30.83258 30.1982,-30.83228 30.19753,-30.82992 30.19685,-30.82757 30.19571,-30.82361 30.19467,-30.81998 30.19379,-30.81694 30.19362,-30.81634 30.19073,-30.80634 30.18856,-30.79884 30.18777,-30.79614 30.18726,-30.79439 30.18656,-30.79199 30.18605,-30.79024 30.18516,-30.78719 30.18513,-30.78708 30.18446,-30.78459 30.18388,-30.78241 30.18231,-30.77657 30.18191,-30.77506 30.18187,-30.77494 30.18183,-30.77503 30.18129,-30.77644 30.17913,-30.78205 30.17883,-30.78285 30.17887,-30.78198 30.17825,-30.78363 30.17791,-30.78097 30.17765,-30.78056 30.17716,-30.78028 30.17706,-30.78038 30.1725,-30.78617 30.16521,-30.7951 30.16527,-30.79623 30.1648,-30.79906 30.16271,-30.80196 30.16013,-30.80383 30.16009,-30.8039 30.15965,-30.80467 30.15936,-30.80518 30.15871,-30.80583 30.15622,-30.80612 30.15542,-30.806 30.15379,-30.80781 30.15296,-30.80928 30.15275,-30.80955 30.15258,-30.80977</coordinates></LinearRing></outerBoundaryIs></Polygon></MultiGeometry></Placemark></Document></kml>