<?xml version="1.0" encoding="UTF-8"?><kml xmlns="http://www.opengis.net/kml/2.2"><Document><Placemark><name>Hibiscus Coast</name><description>Local Municipality 506</description><ExtendedData><Data name="code"><value>506</value></Data><Data name="name"><value>Hibiscus Coast</value></Data><Data name="description"><value>Local Municipality 506</value></Data></ExtendedData><MultiGeometry><Polygon><outerBoundaryIs><LinearRing><coordinates>30.35465,-30.61483 30.3546,-30.61444 30.35424,-30.61212 30.35415,-30.61155 30.35406,-30.61097 30.35398,-30.61039 30.35389,-30.60981 30.35353,-30.60745 30.35364,-30.60721 30.35565,-30.60253 30.35608,-30.60168 30.35568,-30.60155 30.35023,-30.59623 30.34892,-30.59438 30.34806,-30.59318 30.34708,-30.5918 30.34668,-30.59123 30.34628,-30.59067 30.34544,-30.58949 30.34496,-30.5888 30.34447,-30.58811 30.34406,-30.58753 30.34293,-30.58594 30.34374,-30.58474 30.34435,-30.58384 30.34504,-30.58282 30.34587,-30.58159 30.34664,-30.58046 30.34741,-30.57931 30.34776,-30.57879 30.34783,-30.5787 30.34935,-30.5805 30.3501,-30.5814 30.35097,-30.58242 30.35185,-30.58347 30.35288,-30.5847 30.35383,-30.58582 30.35496,-30.58722 30.3554,-30.58777 30.3555,-30.58789 30.35555,-30.58796 30.35603,-30.5886 30.35662,-30.58939 30.35711,-30.59005 30.35778,-30.59096 30.35852,-30.59195 30.3588,-30.59234 30.35938,-30.59311 30.36031,-30.59437 30.36108,-30.59544 30.36139,-30.59587 30.36241,-30.59727 30.36322,-30.59838 30.36432,-30.59989 30.36519,-30.60108 30.36625,-30.60253 30.36733,-30.60401 30.36836,-30.60543 30.36864,-30.60581 30.36876,-30.60597 30.36819,-30.60692 30.36734,-30.6081 30.36629,-30.60956 30.36585,-30.61019 30.36526,-30.61102 30.36468,-30.61186 30.36366,-30.61331 30.36262,-30.6148 30.36181,-30.61595 30.3616,-30.61625 30.36146,-30.61644 30.36159,-30.6165 30.36284,-30.61704 30.3642,-30.61763 30.36514,-30.61804 30.36682,-30.61876 30.36781,-30.61919 30.36883,-30.61963 30.37009,-30.62018 30.37095,-30.62055 30.37285,-30.62137 30.37458,-30.62212 30.3757,-30.62261 30.37688,-30.62312 30.37776,-30.6235 30.37916,-30.6241 30.37979,-30.62438 30.38043,-30.62465 30.38047,-30.62467 30.38053,-30.62458 30.38057,-30.62459 30.38158,-30.62486 30.38193,-30.62495 30.38295,-30.62522 30.38375,-30.62543 30.38573,-30.62596 30.38801,-30.62656 30.38928,-30.62686 30.38971,-30.62696 30.39173,-30.62743 30.39355,-30.62785 30.3955,-30.62831 30.39753,-30.62878 30.39862,-30.62904 30.39867,-30.62905 30.3987,-30.62901 30.39906,-30.6285 30.3996,-30.62772 30.40026,-30.62676 30.40055,-30.62635 30.40143,-30.62507 30.40225,-30.62389 30.40312,-30.62263 30.40387,-30.62156 30.40459,-30.62052 30.4055,-30.61921 30.4062,-30.61819 30.40708,-30.61693 30.4076,-30.61618 30.40765,-30.61611 30.40791,-30.61573 30.40877,-30.6145 30.40968,-30.61318 30.41054,-30.61194 30.41143,-30.61066 30.41226,-30.60947 30.4126,-30.60898 30.41269,-30.60886 30.41342,-30.60877 30.41429,-30.60868 30.41609,-30.60847 30.41756,-30.6083 30.41805,-30.60825 30.41815,-30.60824 30.41917,-30.60809 30.41995,-30.60798 30.4207,-30.60791 30.42355,-30.60761 30.42544,-30.60739 30.42714,-30.60719 30.42809,-30.60709 30.42839,-30.60705 30.42837,-30.60682 30.4283,-30.60597 30.42822,-30.60485 30.42811,-30.60334 30.4281,-30.60326 30.42804,-30.60246 30.42794,-30.60111 30.42784,-30.5998 30.42775,-30.59845 30.42766,-30.59711 30.42756,-30.59568 30.42747,-30.59435 30.42737,-30.59297 30.42728,-30.5916 30.42718,-30.59023 30.42714,-30.58966 30.4271,-30.58918 30.42701,-30.58835 30.42697,-30.58809 30.42701,-30.58808 30.42704,-30.58807 30.42705,-30.58787 30.42708,-30.58674 30.42712,-30.58557 30.42716,-30.58422 30.4272,-30.58286 30.42723,-30.58174 30.42727,-30.58058 30.4273,-30.57935 30.42734,-30.57817 30.42734,-30.57787 30.4275,-30.57775 30.42779,-30.57761 30.42806,-30.57747 30.42824,-30.57733 30.42832,-30.57726 30.42849,-30.57718 30.42887,-30.57694 30.42975,-30.57627 30.43034,-30.57577 30.43068,-30.57546 30.43111,-30.57514 30.43148,-30.57499 30.43193,-30.57485 30.43225,-30.57485 30.43285,-30.57495 30.43374,-30.57526 30.43477,-30.57574 30.43573,-30.57624 30.43577,-30.57626 30.43579,-30.57627 30.43636,-30.57662 30.43681,-30.57695 30.43749,-30.57756 30.43867,-30.57872 30.43939,-30.57944 30.43984,-30.58011 30.4402,-30.58077 30.44074,-30.5813 30.4411,-30.58161 30.44133,-30.58176 30.4414,-30.5818 30.44144,-30.58183 30.44221,-30.58194 30.44303,-30.58197 30.44336,-30.58194 30.44391,-30.58166 30.44451,-30.58133 30.44562,-30.58041 30.4465,-30.57981 30.4475,-30.57922 30.44787,-30.57916 30.44841,-30.57903 30.44892,-30.57902 30.4494,-30.57907 30.44994,-30.57915 30.45046,-30.57937 30.45078,-30.57965 30.45123,-30.58014 30.45156,-30.5806 30.45176,-30.58103 30.45201,-30.58153 30.45225,-30.58203 30.45319,-30.58402 30.45369,-30.58448 30.45418,-30.58541 30.45479,-30.58575 30.45566,-30.58592 30.45658,-30.58575 30.45745,-30.58563 30.45834,-30.5854 30.45904,-30.5851 30.45988,-30.58487 30.46274,-30.5841 30.46512,-30.58356 30.46716,-30.58304 30.46924,-30.58268 30.47012,-30.58272 30.47022,-30.58272 30.47063,-30.58282 30.47112,-30.58299 30.47165,-30.58324 30.47193,-30.58355 30.47214,-30.58394 30.47233,-30.58452 30.47234,-30.58526 30.47235,-30.5863 30.4722,-30.58755 30.47193,-30.58902 30.47189,-30.58982 30.47191,-30.59052 30.47203,-30.59126 30.47225,-30.59162 30.47306,-30.59258 30.47319,-30.59269 30.47369,-30.59312 30.47449,-30.59353 30.47525,-30.59378 30.47605,-30.59394 30.47698,-30.59409 30.4779,-30.5943 30.47844,-30.59434 30.47921,-30.59428 30.47992,-30.5942 30.48093,-30.59367 30.48178,-30.59316 30.48245,-30.59237 30.48318,-30.59112 30.48385,-30.59009 30.48414,-30.58915 30.4846,-30.5879 30.48503,-30.58655 30.48514,-30.58613 30.48524,-30.58571 30.48542,-30.58534 30.48582,-30.58505 30.48638,-30.58486 30.48679,-30.58484 30.48719,-30.58486 30.48791,-30.58493 30.4892,-30.58549 30.49009,-30.58613 30.49087,-30.58674 30.49151,-30.58744 30.49189,-30.58803 30.49214,-30.58875 30.49262,-30.58975 30.49298,-30.59041 30.4933,-30.59115 30.4935,-30.59205 30.49381,-30.59243 30.49477,-30.5928 30.49521,-30.59293 30.49571,-30.59296 30.49617,-30.59281 30.49644,-30.59267 30.4965,-30.59263 30.49728,-30.59199 30.49804,-30.59132 30.49858,-30.59098 30.49914,-30.59062 30.49974,-30.59016 30.5003,-30.58963 30.50076,-30.58941 30.50147,-30.58928 30.50256,-30.58937 30.50318,-30.58957 30.50395,-30.58987 30.50438,-30.59003 30.50504,-30.59034 30.50618,-30.59085 30.50766,-30.59151 30.50859,-30.59187 30.50876,-30.59176 30.50883,-30.5916 30.50907,-30.59039 30.50942,-30.58866 30.50978,-30.58693 30.51005,-30.58555 30.51042,-30.58365 30.51076,-30.58195 30.51102,-30.58072 30.51103,-30.58069 30.51106,-30.58053 30.51137,-30.57903 30.51165,-30.57764 30.512,-30.57589 30.51226,-30.57463 30.51218,-30.574 30.51192,-30.57212 30.51154,-30.56921 30.5113,-30.5675 30.51106,-30.56566 30.51087,-30.56429 30.51069,-30.56299 30.51064,-30.56244 30.51049,-30.56136 30.51041,-30.56079 30.51022,-30.55934 30.51005,-30.5581 30.50996,-30.55748 30.50972,-30.55574 30.50946,-30.55377 30.50937,-30.55306 30.50925,-30.55218 30.50899,-30.55024 30.50874,-30.54839 30.50852,-30.54677 30.50831,-30.5452 30.50808,-30.54339 30.50799,-30.54278 30.50797,-30.54265 30.50781,-30.54147 30.50754,-30.53954 30.5099,-30.54017 30.52968,-30.54558 30.5297,-30.54083 30.5297,-30.5408 30.52974,-30.54079 30.52978,-30.54078 30.52984,-30.54074 30.52988,-30.54073 30.52991,-30.54074 30.52996,-30.54073 30.53,-30.54073 30.53004,-30.54076 30.53009,-30.5408 30.53013,-30.54084 30.53018,-30.54087 30.53026,-30.54088 30.5303,-30.54084 30.53033,-30.54079 30.53039,-30.54076 30.53043,-30.54079 30.53052,-30.54078 30.53065,-30.54079 30.5307,-30.54083 30.53075,-30.54088 30.53077,-30.54094 30.53077,-30.54101 30.53075,-30.54112 30.53075,-30.54125 30.53076,-30.54137 30.53078,-30.54148 30.5308,-30.54155 30.53081,-30.54164 30.53087,-30.54172 30.53094,-30.54178 30.531,-30.54179 30.53111,-30.54179 30.53114,-30.54183 30.53116,-30.5418 30.53123,-30.54179 30.53139,-30.54175 30.53151,-30.54175 30.53162,-30.54176 30.53181,-30.54171 30.5322,-30.54163 30.53233,-30.54161 30.53252,-30.54154 30.53268,-30.54153 30.53287,-30.54146 30.53304,-30.54144 30.53317,-30.54138 30.53327,-30.54134 30.53333,-30.54132 30.5334,-30.54132 30.53351,-30.54129 30.53355,-30.54124 30.53358,-30.54121 30.53358,-30.54117 30.53366,-30.54113 30.53375,-30.54114 30.53376,-30.54119 30.53385,-30.54118 30.53393,-30.54118 30.534,-30.54117 30.53403,-30.54115 30.53412,-30.54107 30.53416,-30.54106 30.53422,-30.54104 30.53427,-30.54107 30.53432,-30.54107 30.53437,-30.54105 30.53445,-30.541 30.53454,-30.54096 30.53464,-30.54095 30.53467,-30.54094 30.53471,-30.54096 30.53477,-30.54097 30.5348,-30.54097 30.53482,-30.54095 30.53488,-30.5409 30.53495,-30.54094 30.53496,-30.5409 30.535,-30.54086 30.53509,-30.54089 30.53514,-30.54088 30.53517,-30.54085 30.5352,-30.54079 30.53523,-30.54075 30.53529,-30.54074 30.53533,-30.54076 30.53537,-30.54074 30.53542,-30.5407 30.53544,-30.54065 30.53551,-30.54061 30.53555,-30.54061 30.53558,-30.54063 30.5356,-30.54065 30.53562,-30.54061 30.53566,-30.54059 30.53572,-30.5406 30.53575,-30.54058 30.53577,-30.54054 30.5358,-30.54049 30.53584,-30.54048 30.53594,-30.54041 30.536,-30.54036 30.53602,-30.54032 30.53604,-30.54024 30.53606,-30.54017 30.53606,-30.54011 30.53604,-30.54006 30.53604,-30.53991 30.536,-30.53986 30.53601,-30.53979 30.53599,-30.53973 30.53591,-30.53969 30.53586,-30.53965 30.53578,-30.53961 30.5357,-30.53968 30.53564,-30.53963 30.53562,-30.53957 30.53558,-30.53955 30.53553,-30.53954 30.53549,-30.53953 30.53542,-30.53943 30.53538,-30.53936 30.53533,-30.53929 30.53529,-30.53925 30.53526,-30.53919 30.53521,-30.53915 30.53518,-30.53911 30.53517,-30.53904 30.53511,-30.53898 30.53509,-30.53892 30.53512,-30.53882 30.53518,-30.53873 30.53515,-30.53861 30.53511,-30.53859 30.53508,-30.53853 30.53508,-30.53845 30.53511,-30.5384 30.5352,-30.5384 30.53524,-30.53837 30.53525,-30.53834 30.53533,-30.5383 30.53534,-30.53827 30.53534,-30.53824 30.53533,-30.53818 30.53535,-30.53811 30.53543,-30.53809 30.53547,-30.53809 30.53551,-30.5381 30.53556,-30.53809 30.53558,-30.53806 30.53559,-30.53802 30.53556,-30.53795 30.53556,-30.53791 30.53562,-30.53786 30.53565,-30.5378 30.53565,-30.53775 30.53568,-30.5377 30.53581,-30.53769 30.53589,-30.53771 30.53591,-30.53769 30.53595,-30.53767 30.53595,-30.53764 30.53591,-30.53758 30.53595,-30.53754 30.53601,-30.5375 30.53604,-30.53746 30.53608,-30.53742 30.53612,-30.53739 30.53617,-30.53739 30.53624,-30.53742 30.53627,-30.53746 30.53627,-30.53754 30.53628,-30.53759 30.53641,-30.5376 30.53646,-30.53761 30.53654,-30.53762 30.53659,-30.53762 30.53662,-30.53759 30.53666,-30.53758 30.5367,-30.53759 30.53676,-30.53763 30.53683,-30.5377 30.53687,-30.53777 30.53691,-30.53779 30.53697,-30.53784 30.53702,-30.53792 30.53702,-30.53799 30.53703,-30.53803 30.53705,-30.53809 30.53708,-30.53814 30.53715,-30.53823 30.53718,-30.53829 30.5372,-30.53834 30.53721,-30.53839 30.53726,-30.53843 30.53728,-30.53848 30.53725,-30.53853 30.53731,-30.53856 30.53735,-30.53864 30.53739,-30.53868 30.53742,-30.53873 30.5375,-30.53881 30.53756,-30.53886 30.53762,-30.53888 30.53772,-30.53892 30.53781,-30.53898 30.53787,-30.539 30.53797,-30.53902 30.53804,-30.53898 30.53808,-30.539 30.53814,-30.53902 30.53817,-30.53901 30.5382,-30.53898 30.53824,-30.53898 30.5383,-30.53902 30.5383,-30.53906 30.53834,-30.5391 30.53837,-30.5391 30.53846,-30.53907 30.53851,-30.53907 30.53856,-30.5391 30.53868,-30.53912 30.53871,-30.53915 30.53871,-30.53919 30.53875,-30.53923 30.53885,-30.5392 30.53894,-30.53919 30.53907,-30.53924 30.5391,-30.53927 30.5391,-30.53932 30.53916,-30.53935 30.53922,-30.53932 30.53929,-30.53933 30.53935,-30.53937 30.53937,-30.53941 30.53941,-30.53947 30.53945,-30.53949 30.53949,-30.53948 30.53953,-30.53946 30.53958,-30.53943 30.53968,-30.53941 30.53977,-30.53941 30.53987,-30.53946 30.53996,-30.5395 30.54003,-30.53957 30.5401,-30.53957 30.54016,-30.5396 30.54023,-30.53963 30.54033,-30.53968 30.54038,-30.5397 30.54042,-30.53973 30.54049,-30.53974 30.54057,-30.53977 30.54062,-30.53978 30.54065,-30.53977 30.54072,-30.53977 30.54075,-30.53981 30.54079,-30.53985 30.54078,-30.53988 30.54078,-30.53992 30.54077,-30.53996 30.5408,-30.54001 30.54083,-30.54 30.54084,-30.53996 30.54087,-30.53996 30.54091,-30.53999 30.54094,-30.54002 30.54097,-30.54002 30.54104,-30.54004 30.54107,-30.54003 30.54113,-30.54007 30.54116,-30.54007 30.54117,-30.54011 30.54123,-30.54012 30.54129,-30.54015 30.54132,-30.54018 30.54135,-30.54018 30.54139,-30.54019 30.54139,-30.54022 30.54145,-30.54024 30.54152,-30.54028 30.54158,-30.54029 30.54168,-30.5403 30.54172,-30.54031 30.5418,-30.54035 30.54185,-30.54036 30.5419,-30.54036 30.54194,-30.54037 30.54198,-30.54039 30.54204,-30.54041 30.54211,-30.54041 30.54216,-30.54034 30.54223,-30.54029 30.54229,-30.54017 30.54231,-30.54007 30.54232,-30.54001 30.54235,-30.53988 30.54235,-30.53967 30.54237,-30.53961 30.54247,-30.53957 30.54244,-30.53951 30.5424,-30.53951 30.54237,-30.5395 30.54235,-30.53944 30.54235,-30.53934 30.54232,-30.53931 30.54235,-30.53925 30.54235,-30.53921 30.54239,-30.53904 30.5424,-30.53901 30.54239,-30.53898 30.54239,-30.53895 30.54235,-30.53893 30.5423,-30.53899 30.54228,-30.53896 30.54227,-30.53889 30.54229,-30.53884 30.54234,-30.53881 30.54243,-30.53875 30.54245,-30.53872 30.54252,-30.53865 30.54258,-30.53857 30.54259,-30.53852 30.54256,-30.53842 30.54252,-30.53841 30.54244,-30.53843 30.54243,-30.5384 30.54245,-30.53836 30.54251,-30.53828 30.54259,-30.53823 30.54261,-30.53819 30.54262,-30.53814 30.54262,-30.53811 30.54267,-30.53805 30.54268,-30.538 30.54269,-30.53792 30.54274,-30.53791 30.54277,-30.53792 30.54281,-30.53792 30.54286,-30.53786 30.54289,-30.53793 30.54293,-30.53795 30.54306,-30.53794 30.54306,-30.538 30.54314,-30.538 30.54318,-30.53798 30.54323,-30.53797 30.54326,-30.53799 30.54334,-30.53802 30.54339,-30.53802 30.54344,-30.53803 30.5437,-30.53803 30.54379,-30.53806 30.5439,-30.53806 30.54399,-30.53808 30.54412,-30.53814 30.5442,-30.53817 30.54429,-30.5382 30.54441,-30.53832 30.54448,-30.53836 30.54454,-30.53841 30.54453,-30.53848 30.54454,-30.53854 30.54455,-30.53862 30.54457,-30.53871 30.5446,-30.53876 30.5446,-30.53882 30.54467,-30.53892 30.54468,-30.53898 30.54468,-30.53907 30.5447,-30.53914 30.54483,-30.5392 30.54486,-30.53924 30.5449,-30.53933 30.54501,-30.53933 30.54506,-30.53935 30.54506,-30.53953 30.54508,-30.53958 30.54515,-30.53962 30.54524,-30.53967 30.5453,-30.53975 30.54535,-30.53984 30.54536,-30.53988 30.54539,-30.53994 30.54545,-30.54 30.54549,-30.54006 30.54554,-30.54011 30.54564,-30.54016 30.5457,-30.54018 30.54574,-30.54018 30.54584,-30.54013 30.54588,-30.54012 30.54606,-30.54009 30.54623,-30.54005 30.54639,-30.53999 30.5466,-30.53992 30.54671,-30.53992 30.54679,-30.53993 30.54685,-30.53992 30.547,-30.53983 30.54717,-30.53975 30.5473,-30.53964 30.54743,-30.5395 30.54754,-30.53941 30.54768,-30.53929 30.54781,-30.53917 30.54788,-30.53916 30.54797,-30.53911 30.54801,-30.53905 30.54806,-30.53899 30.5481,-30.53896 30.54827,-30.53894 30.54836,-30.53889 30.54841,-30.53888 30.54846,-30.53886 30.54856,-30.53883 30.54859,-30.53882 30.54864,-30.53878 30.5488,-30.53875 30.54888,-30.53875 30.54896,-30.53876 30.549,-30.53877 30.54946,-30.53877 30.54952,-30.53882 30.54952,-30.53894 30.54948,-30.53898 30.54949,-30.53908 30.54952,-30.53913 30.54959,-30.53918 30.54962,-30.53922 30.54962,-30.53929 30.54961,-30.53939 30.54961,-30.53948 30.54959,-30.53959 30.54958,-30.53966 30.54958,-30.53972 30.54955,-30.53976 30.54949,-30.53979 30.54947,-30.53985 30.54947,-30.54001 30.54952,-30.54015 30.54956,-30.54021 30.54959,-30.5403 30.54967,-30.54034 30.54971,-30.54034 30.54976,-30.54039 30.5498,-30.54047 30.54985,-30.54054 30.54987,-30.54061 30.54991,-30.54071 30.54997,-30.54078 30.55004,-30.54088 30.55007,-30.54103 30.55006,-30.54113 30.55008,-30.54118 30.55009,-30.54123 30.55012,-30.54125 30.55019,-30.54128 30.55024,-30.54134 30.5503,-30.54142 30.55036,-30.54149 30.55048,-30.5416 30.5505,-30.54164 30.55058,-30.54172 30.55062,-30.54174 30.55067,-30.54179 30.55074,-30.54184 30.55081,-30.54191 30.55093,-30.54197 30.55096,-30.54202 30.551,-30.54204 30.55109,-30.54208 30.55115,-30.54209 30.55119,-30.54209 30.55122,-30.54213 30.55125,-30.54218 30.55125,-30.54222 30.55132,-30.54226 30.55144,-30.54226 30.55162,-30.54234 30.55172,-30.5424 30.55195,-30.5424 30.55203,-30.54245 30.55207,-30.54246 30.55212,-30.54251 30.55216,-30.54251 30.55223,-30.54252 30.55233,-30.54254 30.55238,-30.54254 30.55241,-30.54255 30.55249,-30.54258 30.55254,-30.54259 30.55266,-30.54262 30.55274,-30.5427 30.55281,-30.54278 30.5528,-30.54284 30.5529,-30.54302 30.55289,-30.54319 30.55286,-30.54327 30.55282,-30.54333 30.55277,-30.54339 30.55271,-30.54344 30.55268,-30.54348 30.55268,-30.54353 30.55262,-30.54361 30.55254,-30.54369 30.55248,-30.54377 30.55245,-30.54384 30.55248,-30.54394 30.55244,-30.54402 30.55241,-30.54407 30.55241,-30.54425 30.5524,-30.54433 30.5524,-30.5444 30.55241,-30.54444 30.55248,-30.54448 30.55251,-30.54448 30.55256,-30.54446 30.55261,-30.54446 30.55267,-30.54448 30.55273,-30.54451 30.55277,-30.5445 30.55289,-30.54448 30.55293,-30.54444 30.55299,-30.5444 30.55305,-30.5444 30.55308,-30.54444 30.5531,-30.54446 30.55314,-30.54448 30.55318,-30.54451 30.55322,-30.54451 30.55336,-30.54443 30.55343,-30.54443 30.55347,-30.54444 30.55354,-30.54444 30.55363,-30.54442 30.55371,-30.54437 30.55376,-30.54435 30.55391,-30.54431 30.55404,-30.54431 30.55416,-30.54427 30.55455,-30.54419 30.55463,-30.54419 30.55474,-30.5442 30.55484,-30.54424 30.55487,-30.54433 30.55487,-30.54446 30.55494,-30.5445 30.55498,-30.54455 30.5551,-30.54463 30.55527,-30.54479 30.55533,-30.54487 30.55541,-30.54496 30.55548,-30.545 30.55554,-30.54508 30.5556,-30.54518 30.5556,-30.54524 30.55561,-30.54529 30.55561,-30.54543 30.55563,-30.5455 30.55566,-30.54561 30.55566,-30.5457 30.55567,-30.54579 30.5557,-30.54586 30.55575,-30.54594 30.55576,-30.54598 30.55577,-30.54604 30.55583,-30.54613 30.55584,-30.54617 30.55589,-30.54622 30.55593,-30.54629 30.55596,-30.54634 30.55603,-30.5464 30.55608,-30.54643 30.55616,-30.5465 30.55629,-30.5465 30.55639,-30.54645 30.55645,-30.54639 30.55651,-30.54637 30.55659,-30.54637 30.55662,-30.54634 30.5567,-30.54631 30.55678,-30.54629 30.55681,-30.54625 30.55689,-30.54621 30.55694,-30.54613 30.557,-30.54611 30.55712,-30.54606 30.5572,-30.54603 30.55731,-30.54594 30.55744,-30.5459 30.55759,-30.54585 30.55785,-30.54572 30.55797,-30.54569 30.55802,-30.54567 30.55816,-30.54568 30.55822,-30.54569 30.55829,-30.54568 30.55859,-30.54568 30.55868,-30.54565 30.55877,-30.54565 30.55883,-30.54567 30.55892,-30.54567 30.55903,-30.54564 30.55912,-30.54558 30.55926,-30.5455 30.55931,-30.5455 30.55937,-30.54551 30.55948,-30.54556 30.5595,-30.54558 30.55953,-30.54556 30.55962,-30.54553 30.55969,-30.54556 30.55979,-30.54562 30.5599,-30.54569 30.55998,-30.54571 30.56008,-30.54576 30.56018,-30.54582 30.56033,-30.54582 30.56043,-30.54586 30.56052,-30.54595 30.56052,-30.54601 30.56054,-30.54606 30.56058,-30.54613 30.56064,-30.54614 30.56076,-30.54626 30.56086,-30.54637 30.5609,-30.54643 30.56097,-30.54646 30.56104,-30.54654 30.5611,-30.54657 30.56116,-30.54661 30.56126,-30.54661 30.56129,-30.54664 30.56133,-30.54667 30.56138,-30.54668 30.5614,-30.5467 30.56145,-30.54672 30.56149,-30.54671 30.56156,-30.54673 30.56162,-30.54674 30.56166,-30.54673 30.56171,-30.5467 30.56179,-30.54667 30.56184,-30.54663 30.56188,-30.54659 30.56191,-30.54654 30.56191,-30.54641 30.56194,-30.54638 30.56198,-30.54628 30.56201,-30.54617 30.5621,-30.54608 30.56207,-30.54604 30.56204,-30.54604 30.562,-30.546 30.56198,-30.54594 30.56198,-30.54591 30.56206,-30.54579 30.56205,-30.54573 30.56207,-30.5457 30.56219,-30.54558 30.5622,-30.54553 30.5622,-30.54547 30.56219,-30.54542 30.56217,-30.54531 30.56218,-30.54525 30.56223,-30.54519 30.56224,-30.54515 30.56224,-30.54504 30.56222,-30.54496 30.56223,-30.54488 30.56228,-30.54479 30.56235,-30.54474 30.56235,-30.54471 30.56233,-30.54467 30.56233,-30.54462 30.56237,-30.54459 30.56242,-30.54453 30.56236,-30.54448 30.56239,-30.54445 30.56245,-30.54442 30.56246,-30.54436 30.56243,-30.5443 30.56243,-30.54425 30.56245,-30.54419 30.56253,-30.54408 30.56261,-30.54398 30.5627,-30.54398 30.56279,-30.54401 30.56283,-30.54407 30.56289,-30.54411 30.56295,-30.54417 30.56302,-30.54425 30.56307,-30.5443 30.56309,-30.54443 30.56317,-30.54458 30.56318,-30.54469 30.56322,-30.54476 30.56324,-30.54488 30.5633,-30.54509 30.56332,-30.5452 30.56331,-30.5453 30.56335,-30.54538 30.56336,-30.54552 30.56341,-30.54564 30.56357,-30.5458 30.56366,-30.54588 30.5638,-30.54597 30.56387,-30.54599 30.56397,-30.54601 30.56401,-30.54606 30.56409,-30.54613 30.56416,-30.54615 30.56421,-30.54617 30.56428,-30.54621 30.56434,-30.54626 30.56438,-30.54626 30.56444,-30.54628 30.56455,-30.54631 30.5647,-30.54637 30.56487,-30.54649 30.56491,-30.54656 30.56498,-30.5467 30.56498,-30.54675 30.56501,-30.54679 30.56512,-30.54698 30.56514,-30.54714 30.56515,-30.54723 30.56519,-30.54737 30.56525,-30.54749 30.56526,-30.54759 30.56523,-30.54769 30.56519,-30.54786 30.56519,-30.54796 30.56514,-30.54808 30.56509,-30.54816 30.56502,-30.54825 30.56497,-30.54848 30.56485,-30.5487 30.56467,-30.54888 30.56453,-30.54895 30.56444,-30.54898 30.56409,-30.54898 30.56383,-30.54911 30.56372,-30.54913 30.56365,-30.54914 30.56343,-30.54918 30.56334,-30.54922 30.56327,-30.54929 30.56326,-30.54933 30.56326,-30.54942 30.56328,-30.54947 30.56331,-30.54951 30.56339,-30.54961 30.56345,-30.54967 30.5635,-30.54971 30.56364,-30.54975 30.56404,-30.54975 30.56413,-30.54973 30.56421,-30.5497 30.5643,-30.54968 30.56435,-30.54965 30.56449,-30.54959 30.56462,-30.54956 30.56472,-30.54956 30.5648,-30.54957 30.56489,-30.54954 30.56503,-30.54952 30.56516,-30.54953 30.5655,-30.54963 30.56556,-30.54966 30.56563,-30.54969 30.56571,-30.54969 30.56576,-30.54967 30.56609,-30.54951 30.56619,-30.54941 30.56624,-30.54932 30.56626,-30.54922 30.56631,-30.549 30.56639,-30.54889 30.56648,-30.5488 30.56667,-30.54866 30.56683,-30.5486 30.56696,-30.54856 30.56707,-30.54847 30.5672,-30.54841 30.56738,-30.54836 30.56751,-30.54825 30.56761,-30.54813 30.56764,-30.54803 30.56764,-30.54796 30.56763,-30.54776 30.56766,-30.54758 30.56772,-30.54749 30.56776,-30.54747 30.56781,-30.54746 30.56786,-30.54747 30.56794,-30.54747 30.56804,-30.54748 30.56816,-30.54744 30.5683,-30.54738 30.56857,-30.54696 30.56866,-30.54683 30.56876,-30.54674 30.56886,-30.54673 30.56895,-30.54678 30.56904,-30.54685 30.56914,-30.54689 30.56928,-30.5469 30.56939,-30.54691 30.56948,-30.54691 30.56958,-30.54696 30.56965,-30.54696 30.56994,-30.54701 30.57025,-30.54702 30.5707,-30.54707 30.57121,-30.54713 30.57134,-30.54715 30.57148,-30.54718 30.5716,-30.54722 30.57178,-30.5473 30.57184,-30.5473 30.57194,-30.54732 30.57204,-30.54746 30.57207,-30.54757 30.57214,-30.54772 30.57217,-30.54799 30.57217,-30.54829 30.57216,-30.54836 30.57209,-30.54844 30.57204,-30.54853 30.57201,-30.54858 30.5718,-30.5487 30.57151,-30.54886 30.5712,-30.54902 30.57107,-30.54914 30.571,-30.54924 30.57099,-30.54933 30.57099,-30.5494 30.57103,-30.54946 30.57108,-30.5495 30.57112,-30.54954 30.57118,-30.54962 30.57123,-30.54972 30.5713,-30.54982 30.57138,-30.54989 30.57149,-30.54992 30.57157,-30.54992 30.57166,-30.54991 30.57184,-30.54991 30.57242,-30.5498 30.57275,-30.54973 30.57305,-30.54963 30.57366,-30.54931 30.57382,-30.5492 30.57399,-30.54904 30.5741,-30.54884 30.57417,-30.54865 30.5743,-30.5485 30.57443,-30.5484 30.57455,-30.54834 30.57465,-30.54831 30.57468,-30.54832 30.57469,-30.54837 30.57472,-30.54845 30.57472,-30.54851 30.57476,-30.54866 30.57482,-30.54872 30.57486,-30.54874 30.57496,-30.54878 30.57503,-30.54879 30.57512,-30.54879 30.57516,-30.5488 30.57517,-30.54884 30.57512,-30.5489 30.57508,-30.54897 30.57501,-30.54904 30.57491,-30.54916 30.5749,-30.54922 30.57488,-30.54936 30.57491,-30.54942 30.57493,-30.54947 30.57501,-30.54949 30.57511,-30.54948 30.57518,-30.54955 30.5752,-30.54961 30.57519,-30.54969 30.57514,-30.54977 30.57512,-30.54986 30.57513,-30.54993 30.57513,-30.54998 30.57506,-30.55013 30.57495,-30.55029 30.57485,-30.55037 30.57484,-30.55046 30.57494,-30.55068 30.57496,-30.55073 30.57497,-30.55079 30.57498,-30.55089 30.57499,-30.55096 30.57516,-30.55118 30.5752,-30.55131 30.57517,-30.55136 30.57509,-30.55137 30.57501,-30.55137 30.57497,-30.55141 30.57496,-30.55146 30.57498,-30.55154 30.57508,-30.55164 30.57517,-30.55176 30.57521,-30.55183 30.57526,-30.55192 30.57526,-30.55197 30.5752,-30.55205 30.57511,-30.55212 30.57513,-30.55219 30.57514,-30.55225 30.57519,-30.55233 30.57523,-30.55238 30.57527,-30.5524 30.57529,-30.55244 30.57533,-30.55246 30.57537,-30.55246 30.57541,-30.55249 30.5755,-30.55251 30.57555,-30.55247 30.57555,-30.55242 30.5756,-30.55235 30.57565,-30.55233 30.57573,-30.5523 30.57577,-30.55233 30.57579,-30.55238 30.57582,-30.55242 30.5759,-30.55243 30.57594,-30.55248 30.57592,-30.55252 30.57586,-30.55256 30.57586,-30.5526 30.57595,-30.55265 30.57599,-30.5528 30.57604,-30.55287 30.5761,-30.55295 30.57612,-30.55301 30.57621,-30.55317 30.57627,-30.55322 30.57637,-30.55329 30.57646,-30.5534 30.57652,-30.5535 30.57663,-30.55354 30.57682,-30.55361 30.57696,-30.55366 30.57709,-30.55372 30.5771,-30.55376 30.57714,-30.55382 30.57718,-30.55389 30.57718,-30.55395 30.57723,-30.554 30.57733,-30.55407 30.57751,-30.55413 30.57768,-30.5543 30.57773,-30.5544 30.57775,-30.55448 30.57776,-30.55457 30.57772,-30.5547 30.57755,-30.55479 30.57745,-30.55484 30.57742,-30.55488 30.57734,-30.55497 30.5773,-30.55515 30.57733,-30.55525 30.57736,-30.5553 30.57743,-30.55533 30.57746,-30.55534 30.57747,-30.5554 30.57747,-30.55553 30.57746,-30.55559 30.57744,-30.55563 30.57747,-30.55568 30.57758,-30.55571 30.57761,-30.55576 30.57762,-30.55581 30.57769,-30.55588 30.57773,-30.55589 30.57785,-30.55587 30.57789,-30.55589 30.57793,-30.55603 30.57793,-30.55612 30.5779,-30.55618 30.57784,-30.55625 30.57775,-30.55632 30.57751,-30.55634 30.5774,-30.55629 30.57724,-30.55628 30.57713,-30.55629 30.57698,-30.55624 30.57696,-30.55615 30.57693,-30.5561 30.57688,-30.55604 30.57679,-30.55599 30.57657,-30.5559 30.57645,-30.55591 30.57636,-30.55592 30.57635,-30.55597 30.57652,-30.55617 30.57655,-30.55622 30.57655,-30.55628 30.57653,-30.55632 30.57652,-30.55643 30.57652,-30.5565 30.57657,-30.55657 30.57661,-30.55662 30.57667,-30.55666 30.57683,-30.55667 30.57688,-30.55669 30.57688,-30.55674 30.57691,-30.55679 30.57698,-30.55679 30.57706,-30.55675 30.57716,-30.55674 30.57724,-30.55676 30.5773,-30.55678 30.57737,-30.55686 30.5774,-30.55687 30.57751,-30.55685 30.57766,-30.55684 30.57776,-30.55687 30.57794,-30.55699 30.57798,-30.55709 30.57799,-30.55717 30.57797,-30.55731 30.57787,-30.55744 30.57776,-30.55759 30.57767,-30.55769 30.57767,-30.55772 30.5777,-30.55774 30.5777,-30.55777 30.57767,-30.5578 30.57767,-30.55801 30.57762,-30.55816 30.57761,-30.55826 30.57759,-30.55837 30.57759,-30.55842 30.57761,-30.55849 30.57761,-30.55854 30.57767,-30.55859 30.57768,-30.55867 30.57773,-30.55869 30.57784,-30.55871 30.5779,-30.55868 30.57799,-30.55863 30.57801,-30.55857 30.57801,-30.5585 30.57804,-30.55845 30.57808,-30.55838 30.57817,-30.55829 30.57832,-30.55809 30.57852,-30.55802 30.57863,-30.55801 30.57875,-30.55805 30.5788,-30.55812 30.57884,-30.5582 30.57889,-30.55831 30.57899,-30.55847 30.57911,-30.55862 30.57917,-30.55869 30.57917,-30.55876 30.57927,-30.55887 30.57952,-30.55892 30.5798,-30.55898 30.5799,-30.559 30.58012,-30.55906 30.58026,-30.55905 30.58038,-30.55899 30.58057,-30.55886 30.5808,-30.55875 30.58103,-30.55859 30.5812,-30.55844 30.58175,-30.55794 30.58201,-30.55774 30.58228,-30.5576 30.58239,-30.55745 30.58273,-30.55707 30.58306,-30.5568 30.58332,-30.55666 30.58356,-30.55657 30.58378,-30.5565 30.58405,-30.5565 30.58446,-30.55655 30.58463,-30.55666 30.58468,-30.55676 30.58468,-30.55712 30.58447,-30.55746 30.58423,-30.55764 30.58405,-30.55765 30.58382,-30.55769 30.58358,-30.55774 30.58347,-30.55779 30.58336,-30.55796 30.58334,-30.55826 30.58331,-30.55852 30.58322,-30.55885 30.58307,-30.55919 30.583,-30.55959 30.58308,-30.55999 30.58323,-30.56031 30.58355,-30.56071 30.58354,-30.56074 30.58349,-30.56086 30.58349,-30.56105 30.58345,-30.56114 30.5834,-30.56118 30.58332,-30.56126 30.58329,-30.56136 30.58323,-30.56148 30.58317,-30.56156 30.58314,-30.56164 30.58313,-30.5617 30.58309,-30.56176 30.58299,-30.56188 30.58297,-30.56197 30.58299,-30.56202 30.58302,-30.56204 30.58304,-30.56208 30.58307,-30.56213 30.58307,-30.56218 30.58302,-30.56221 30.58297,-30.56221 30.58298,-30.56226 30.58296,-30.56234 30.58293,-30.56238 30.58286,-30.56242 30.58286,-30.56259 30.58281,-30.56265 30.58271,-30.56276 30.58264,-30.56289 30.5826,-30.56297 30.5826,-30.56304 30.58257,-30.56314 30.58252,-30.56327 30.58247,-30.56337 30.5824,-30.56349 30.5823,-30.56365 30.58226,-30.56376 30.58226,-30.56385 30.58227,-30.56392 30.58229,-30.56398 30.5823,-30.56404 30.58225,-30.56409 30.58217,-30.56413 30.58213,-30.56416 30.58213,-30.56427 30.58208,-30.56431 30.58203,-30.56437 30.58204,-30.56441 30.58206,-30.56447 30.58205,-30.56454 30.58202,-30.56463 30.58203,-30.56469 30.58204,-30.56476 30.58202,-30.56481 30.58203,-30.56488 30.58202,-30.56499 30.58191,-30.56511 30.5819,-30.56518 30.58187,-30.56521 30.58187,-30.56525 30.58187,-30.56529 30.58181,-30.56536 30.58173,-30.56543 30.58162,-30.56551 30.58159,-30.56555 30.58157,-30.56563 30.58157,-30.5657 30.58158,-30.5658 30.58158,-30.56595 30.58156,-30.56603 30.58152,-30.56607 30.58149,-30.56608 30.58138,-30.56619 30.58132,-30.56627 30.58129,-30.56638 30.58125,-30.56647 30.58116,-30.56654 30.5811,-30.56654 30.58107,-30.56662 30.58104,-30.56669 30.58105,-30.56677 30.58109,-30.56681 30.58107,-30.56687 30.58106,-30.56692 30.58103,-30.56701 30.58103,-30.56707 30.58105,-30.56709 30.58105,-30.56712 30.58096,-30.56727 30.58091,-30.56739 30.58088,-30.56746 30.58088,-30.56753 30.5808,-30.56762 30.58075,-30.56769 30.58074,-30.5678 30.58067,-30.56786 30.58056,-30.56789 30.58044,-30.56793 30.58039,-30.56797 30.58033,-30.56803 30.58026,-30.56808 30.58019,-30.56812 30.58011,-30.56815 30.58004,-30.56821 30.58001,-30.56828 30.57995,-30.56834 30.57992,-30.56838 30.57989,-30.56843 30.57984,-30.56845 30.5798,-30.56851 30.57976,-30.56859 30.57972,-30.56869 30.57972,-30.56875 30.57974,-30.56878 30.57972,-30.56879 30.57969,-30.56883 30.57965,-30.56886 30.57962,-30.56893 30.57965,-30.56902 30.57965,-30.56907 30.57956,-30.56914 30.57946,-30.56917 30.57939,-30.56922 30.57936,-30.56934 30.5793,-30.56938 30.57922,-30.56938 30.57919,-30.56941 30.57916,-30.56946 30.57914,-30.56949 30.57913,-30.56954 30.57914,-30.5696 30.57914,-30.56964 30.57907,-30.56973 30.57899,-30.5698 30.57894,-30.56988 30.5789,-30.56993 30.57875,-30.57009 30.57862,-30.57024 30.57851,-30.57035 30.57839,-30.57042 30.57829,-30.57062 30.57819,-30.57073 30.57813,-30.57086 30.57797,-30.57105 30.57789,-30.57122 30.57784,-30.57133 30.57782,-30.57141 30.57778,-30.57147 30.57773,-30.57153 30.57774,-30.57164 30.57775,-30.57173 30.57778,-30.57173 30.57789,-30.57182 30.57787,-30.57191 30.57787,-30.57197 30.57792,-30.57201 30.57796,-30.57205 30.57796,-30.57208 30.57794,-30.57212 30.57791,-30.57215 30.57789,-30.57221 30.57795,-30.57223 30.57803,-30.57218 30.5781,-30.5722 30.57816,-30.57226 30.57811,-30.57233 30.57806,-30.57234 30.57802,-30.57236 30.57797,-30.57234 30.57794,-30.57234 30.57794,-30.57239 30.57795,-30.57249 30.57801,-30.57255 30.57801,-30.57259 30.57803,-30.57262 30.57799,-30.57266 30.57807,-30.5728 30.57807,-30.57286 30.57802,-30.57294 30.57804,-30.57298 30.57804,-30.57306 30.57803,-30.57317 30.57804,-30.57325 30.57808,-30.5733 30.57808,-30.57353 30.57803,-30.57366 30.57795,-30.57378 30.57791,-30.57383 30.57786,-30.57386 30.57782,-30.57385 30.57779,-30.5738 30.57772,-30.57378 30.57766,-30.57378 30.57761,-30.57379 30.57755,-30.5738 30.57751,-30.57383 30.57748,-30.57388 30.57749,-30.57391 30.57749,-30.57395 30.57746,-30.57398 30.57742,-30.57399 30.57737,-30.574 30.57728,-30.57407 30.57723,-30.57412 30.57719,-30.57423 30.57717,-30.57432 30.57715,-30.57443 30.57716,-30.57449 30.57718,-30.57453 30.57721,-30.57455 30.57725,-30.57469 30.57718,-30.57476 30.57715,-30.57482 30.5771,-30.57491 30.57705,-30.57493 30.577,-30.57497 30.57701,-30.575 30.57703,-30.57505 30.57701,-30.5751 30.57693,-30.57511 30.57692,-30.57516 30.57688,-30.57524 30.5768,-30.57528 30.57678,-30.57532 30.57679,-30.57536 30.57675,-30.5754 30.5767,-30.57541 30.57666,-30.57545 30.57661,-30.57548 30.57655,-30.5755 30.57647,-30.5755 30.57642,-30.57554 30.57636,-30.57561 30.57631,-30.57563 30.57627,-30.57568 30.57625,-30.57572 30.57622,-30.57572 30.57622,-30.57576 30.57618,-30.57583 30.57615,-30.57585 30.57615,-30.5759 30.57617,-30.57595 30.57623,-30.57603 30.57624,-30.57609 30.57624,-30.57612 30.57621,-30.57614 30.57616,-30.57614 30.57612,-30.57616 30.5761,-30.57618 30.57608,-30.57624 30.5761,-30.5763 30.57607,-30.57638 30.57606,-30.57646 30.57606,-30.57656 30.57601,-30.57662 30.57594,-30.57668 30.5759,-30.57675 30.57585,-30.57682 30.57574,-30.57695 30.57567,-30.57702 30.57562,-30.57713 30.57558,-30.57719 30.57553,-30.57728 30.57553,-30.57735 30.57555,-30.57742 30.5756,-30.57745 30.57566,-30.57749 30.57569,-30.5775 30.57574,-30.57752 30.57572,-30.57759 30.5757,-30.57769 30.57567,-30.57779 30.57562,-30.57786 30.57556,-30.57791 30.5755,-30.57795 30.57551,-30.578 30.57553,-30.57808 30.57547,-30.57818 30.57539,-30.57829 30.57534,-30.57835 30.57534,-30.5784 30.57537,-30.57842 30.57541,-30.57843 30.57543,-30.57851 30.57535,-30.57851 30.5753,-30.57854 30.5753,-30.57859 30.57549,-30.57859 30.57553,-30.5786 30.57557,-30.57864 30.57553,-30.57869 30.5756,-30.57875 30.57557,-30.57876 30.57551,-30.57876 30.57544,-30.57877 30.5754,-30.57877 30.57539,-30.57882 30.57549,-30.57888 30.57553,-30.57892 30.57553,-30.57897 30.57549,-30.57901 30.57545,-30.57903 30.5754,-30.57899 30.5753,-30.57897 30.57523,-30.57895 30.57519,-30.57895 30.57513,-30.57894 30.57508,-30.57892 30.57504,-30.57889 30.57501,-30.57885 30.57498,-30.57883 30.57494,-30.57884 30.57491,-30.57892 30.57481,-30.57897 30.5748,-30.57901 30.5748,-30.57905 30.57483,-30.5791 30.57477,-30.57919 30.57472,-30.57928 30.5747,-30.57933 30.57463,-30.57943 30.57457,-30.57949 30.57457,-30.57956 30.57459,-30.5796 30.57461,-30.57965 30.57457,-30.5797 30.57452,-30.57971 30.57448,-30.57975 30.57442,-30.57983 30.57437,-30.57989 30.57436,-30.57994 30.57429,-30.58005 30.57418,-30.58013 30.57406,-30.58032 30.57401,-30.58035 30.57399,-30.58042 30.57388,-30.58053 30.57383,-30.58057 30.57381,-30.58062 30.57381,-30.58066 30.57373,-30.5807 30.5737,-30.58078 30.57372,-30.58084 30.57375,-30.58091 30.57374,-30.58099 30.57369,-30.58112 30.5736,-30.58126 30.5735,-30.58135 30.57343,-30.58141 30.57335,-30.58145 30.57324,-30.58155 30.57324,-30.58161 30.57322,-30.58168 30.57316,-30.58178 30.57315,-30.58184 30.5731,-30.58193 30.57306,-30.582 30.57301,-30.58208 30.57288,-30.58221 30.57279,-30.58229 30.57269,-30.58242 30.57262,-30.58252 30.57253,-30.5826 30.57239,-30.58273 30.57225,-30.58287 30.57219,-30.58297 30.57207,-30.58312 30.57197,-30.58323 30.57194,-30.58331 30.57192,-30.58336 30.57179,-30.58351 30.57174,-30.58361 30.57171,-30.58373 30.57167,-30.58387 30.57167,-30.58401 30.57172,-30.58418 30.57183,-30.58431 30.57188,-30.58439 30.57192,-30.5844 30.57204,-30.58437 30.57206,-30.58441 30.5721,-30.58446 30.57216,-30.58448 30.57211,-30.58453 30.57205,-30.58457 30.57201,-30.58458 30.57205,-30.5846 30.5721,-30.58462 30.5721,-30.58471 30.57208,-30.58474 30.57208,-30.58478 30.57204,-30.5848 30.57199,-30.58482 30.57199,-30.58485 30.57202,-30.58488 30.572,-30.58492 30.57195,-30.58496 30.57191,-30.58501 30.57185,-30.58506 30.57167,-30.58512 30.5716,-30.58516 30.57151,-30.58516 30.57142,-30.58517 30.57136,-30.58519 30.57131,-30.58526 30.57124,-30.58532 30.57119,-30.58539 30.57117,-30.58546 30.57112,-30.58555 30.57109,-30.58563 30.57104,-30.58569 30.57101,-30.58576 30.57101,-30.58582 30.57102,-30.58586 30.57097,-30.58589 30.57098,-30.58598 30.57097,-30.58602 30.57093,-30.58609 30.57093,-30.58623 30.57092,-30.58628 30.57088,-30.58634 30.57078,-30.58639 30.57077,-30.58643 30.57075,-30.58649 30.5707,-30.58653 30.57068,-30.58659 30.5707,-30.58664 30.57066,-30.58675 30.57063,-30.58683 30.57053,-30.58688 30.57046,-30.58691 30.57049,-30.58697 30.57052,-30.587 30.57047,-30.58701 30.57042,-30.58704 30.57042,-30.58708 30.57044,-30.58714 30.57042,-30.58722 30.57042,-30.58729 30.57039,-30.58735 30.57033,-30.58749 30.5703,-30.58761 30.57031,-30.58765 30.57028,-30.58777 30.57022,-30.58786 30.57015,-30.58797 30.57009,-30.58807 30.57006,-30.58817 30.57008,-30.5883 30.57013,-30.58837 30.57019,-30.58846 30.57019,-30.58852 30.57011,-30.58854 30.57006,-30.58854 30.57005,-30.58859 30.57005,-30.58864 30.57001,-30.58871 30.56993,-30.58875 30.56986,-30.58883 30.56983,-30.5889 30.56981,-30.58895 30.5697,-30.5891 30.56962,-30.58917 30.56953,-30.58924 30.56946,-30.58931 30.56941,-30.58938 30.56936,-30.58946 30.56936,-30.58951 30.56928,-30.58956 30.56926,-30.58963 30.56926,-30.5897 30.56924,-30.58976 30.5692,-30.58981 30.56918,-30.58988 30.56917,-30.58995 30.56915,-30.59002 30.5691,-30.59011 30.56906,-30.5902 30.56903,-30.59028 30.56899,-30.59035 30.56899,-30.5905 30.56903,-30.59056 30.56905,-30.59058 30.56907,-30.59063 30.56907,-30.5907 30.56894,-30.59076 30.56888,-30.59081 30.56887,-30.59086 30.56887,-30.59093 30.56884,-30.59096 30.56877,-30.59099 30.56872,-30.591 30.56873,-30.59106 30.56879,-30.59109 30.56887,-30.59102 30.56893,-30.59101 30.56897,-30.59105 30.56901,-30.59108 30.56907,-30.59109 30.56911,-30.59106 30.56919,-30.59103 30.56922,-30.59105 30.56915,-30.59117 30.5691,-30.59124 30.56907,-30.59131 30.56908,-30.59138 30.56913,-30.59145 30.56911,-30.59147 30.56902,-30.5915 30.56896,-30.59153 30.56887,-30.59152 30.56881,-30.59156 30.5688,-30.5916 30.56876,-30.59166 30.56871,-30.59174 30.5687,-30.59181 30.56867,-30.59183 30.56863,-30.59189 30.5686,-30.59193 30.56852,-30.59195 30.56844,-30.59199 30.56839,-30.59202 30.56831,-30.59208 30.56822,-30.59212 30.56817,-30.59216 30.56809,-30.59224 30.56801,-30.59233 30.56801,-30.59237 30.56802,-30.59241 30.56799,-30.59245 30.56794,-30.59247 30.56791,-30.59249 30.56793,-30.59252 30.56796,-30.59255 30.56798,-30.59259 30.56798,-30.59262 30.56802,-30.59266 30.56797,-30.59269 30.56789,-30.59274 30.56783,-30.59277 30.56772,-30.59281 30.56764,-30.59281 30.56761,-30.59284 30.56757,-30.59284 30.56754,-30.59286 30.56747,-30.59286 30.56746,-30.59283 30.56746,-30.59278 30.56744,-30.59275 30.5674,-30.59274 30.56735,-30.59273 30.56725,-30.59272 30.56722,-30.59271 30.56714,-30.59275 30.5671,-30.59278 30.56699,-30.59286 30.56686,-30.59292 30.56679,-30.59297 30.5667,-30.59303 30.56669,-30.5931 30.56662,-30.59312 30.56657,-30.59315 30.56652,-30.5932 30.56647,-30.59329 30.56639,-30.59331 30.56634,-30.59334 30.56634,-30.59337 30.56631,-30.59342 30.56619,-30.59349 30.56625,-30.59351 30.5663,-30.59354 30.56633,-30.5936 30.56633,-30.59365 30.56638,-30.59366 30.56642,-30.59369 30.56633,-30.5937 30.56627,-30.59369 30.56623,-30.5937 30.56623,-30.59378 30.56634,-30.59379 30.56634,-30.59386 30.56628,-30.5939 30.5662,-30.59393 30.56599,-30.59393 30.56592,-30.59396 30.56586,-30.59401 30.56581,-30.59406 30.56575,-30.59416 30.56579,-30.59424 30.56583,-30.59427 30.56584,-30.59431 30.56576,-30.59432 30.56569,-30.5943 30.56564,-30.59426 30.56559,-30.59425 30.56554,-30.59429 30.56551,-30.59437 30.56545,-30.5944 30.56537,-30.59442 30.56528,-30.59442 30.56522,-30.59441 30.56518,-30.59437 30.56509,-30.59435 30.56501,-30.59439 30.56491,-30.59445 30.56486,-30.59449 30.56475,-30.59455 30.56472,-30.59458 30.56468,-30.59461 30.56463,-30.59461 30.56459,-30.59465 30.5645,-30.59472 30.56445,-30.59478 30.56434,-30.5948 30.56431,-30.59481 30.56424,-30.59488 30.56413,-30.59493 30.56397,-30.59496 30.56393,-30.59503 30.56389,-30.59511 30.56374,-30.59516 30.56366,-30.59522 30.56357,-30.59536 30.56347,-30.59546 30.56338,-30.59553 30.56331,-30.59559 30.56325,-30.5957 30.56313,-30.59577 30.56307,-30.59583 30.56309,-30.59588 30.56302,-30.59591 30.56296,-30.59595 30.56293,-30.596 30.56287,-30.59612 30.56279,-30.59614 30.56267,-30.59622 30.56278,-30.59622 30.56282,-30.59624 30.56273,-30.59631 30.56268,-30.59634 30.56264,-30.59643 30.56258,-30.59654 30.56252,-30.59659 30.56245,-30.59661 30.5624,-30.59664 30.56237,-30.59669 30.56232,-30.59672 30.56232,-30.5968 30.56237,-30.59683 30.56237,-30.59687 30.56238,-30.59692 30.56237,-30.597 30.56226,-30.59707 30.56218,-30.59716 30.56209,-30.59724 30.56203,-30.59731 30.56196,-30.59739 30.56186,-30.5975 30.56177,-30.59756 30.56161,-30.59765 30.56153,-30.59775 30.56153,-30.5978 30.56152,-30.59784 30.56142,-30.59797 30.56133,-30.59808 30.56117,-30.59828 30.56109,-30.5984 30.56107,-30.59851 30.56102,-30.5986 30.56091,-30.59868 30.56081,-30.59871 30.56075,-30.59879 30.56073,-30.59889 30.56068,-30.59897 30.56054,-30.59905 30.5605,-30.59907 30.56049,-30.59912 30.5605,-30.59918 30.56047,-30.59925 30.56035,-30.59939 30.56028,-30.5994 30.56019,-30.59948 30.56013,-30.59954 30.56008,-30.59965 30.56004,-30.59972 30.55997,-30.59982 30.55989,-30.59991 30.55987,-30.59998 30.55978,-30.60008 30.55968,-30.60019 30.55961,-30.60023 30.55954,-30.6003 30.55945,-30.60037 30.55937,-30.6004 30.5593,-30.60045 30.55924,-30.60051 30.55916,-30.60061 30.55913,-30.60069 30.55913,-30.6008 30.5591,-30.60087 30.55908,-30.60096 30.55899,-30.60107 30.55889,-30.60118 30.55884,-30.60129 30.55884,-30.60152 30.55883,-30.6016 30.55881,-30.60171 30.55874,-30.60185 30.5587,-30.6019 30.55869,-30.60198 30.55863,-30.6021 30.55859,-30.60221 30.55856,-30.60227 30.55854,-30.60237 30.55854,-30.60244 30.55856,-30.60251 30.55853,-30.60257 30.55853,-30.6026 30.55846,-30.60262 30.55838,-30.60267 30.55828,-30.60269 30.55817,-30.60275 30.55808,-30.60282 30.55798,-30.60292 30.5579,-30.60292 30.55782,-30.60299 30.55779,-30.60312 30.55771,-30.60316 30.55763,-30.60324 30.5576,-30.60332 30.55757,-30.60336 30.55751,-30.60338 30.55748,-30.60344 30.55743,-30.60351 30.55741,-30.6036 30.55734,-30.60369 30.55725,-30.60379 30.55716,-30.60383 30.55713,-30.6039 30.55708,-30.60396 30.55703,-30.60403 30.557,-30.60413 30.55688,-30.60419 30.55682,-30.60427 30.55678,-30.60437 30.55671,-30.6045 30.55664,-30.60461 30.55656,-30.60476 30.55654,-30.60486 30.55654,-30.60496 30.55653,-30.60504 30.55651,-30.60508 30.55644,-30.60511 30.55639,-30.60509 30.55633,-30.60507 30.55627,-30.60507 30.55624,-30.60511 30.55619,-30.60522 30.55618,-30.6053 30.55602,-30.60543 30.55593,-30.60544 30.55589,-30.60544 30.55583,-30.60546 30.55577,-30.60554 30.55571,-30.6056 30.55564,-30.60568 30.55553,-30.60574 30.55548,-30.60574 30.55539,-30.6058 30.55537,-30.60588 30.55523,-30.60596 30.55514,-30.60603 30.55503,-30.60617 30.55492,-30.60624 30.55486,-30.60625 30.55477,-30.60632 30.55467,-30.60641 30.55457,-30.60648 30.55449,-30.60655 30.55442,-30.60657 30.55434,-30.60665 30.55424,-30.60672 30.55422,-30.60676 30.55413,-30.60684 30.5541,-30.60688 30.55394,-30.60697 30.55383,-30.60703 30.55378,-30.6071 30.5537,-30.6072 30.55364,-30.60723 30.55357,-30.60729 30.55356,-30.60738 30.55348,-30.60745 30.5534,-30.60748 30.55337,-30.60753 30.55337,-30.60759 30.55335,-30.60765 30.5533,-30.60771 30.55319,-30.60776 30.55315,-30.60777 30.55314,-30.60782 30.55315,-30.60789 30.55313,-30.60795 30.55308,-30.60799 30.55301,-30.60802 30.5529,-30.60815 30.55284,-30.60818 30.55279,-30.6082 30.55272,-30.60827 30.55265,-30.60828 30.55259,-30.60834 30.55256,-30.60839 30.55256,-30.60852 30.55254,-30.60857 30.55237,-30.60857 30.55229,-30.60873 30.55223,-30.60884 30.55216,-30.60886 30.55212,-30.60884 30.55207,-30.60884 30.55204,-30.60888 30.55199,-30.60893 30.55186,-30.60905 30.55175,-30.60914 30.55166,-30.60922 30.55155,-30.60933 30.5514,-30.60938 30.55135,-30.60944 30.55135,-30.60953 30.55132,-30.60962 30.55123,-30.60966 30.55118,-30.60972 30.5511,-30.6098 30.55104,-30.60989 30.55097,-30.6099 30.55092,-30.60995 30.55092,-30.61004 30.55085,-30.61012 30.55077,-30.6102 30.55077,-30.61029 30.5507,-30.61041 30.55063,-30.61043 30.55062,-30.61052 30.55062,-30.61057 30.55059,-30.61067 30.55039,-30.61079 30.55034,-30.61084 30.55032,-30.6109 30.55027,-30.61101 30.55019,-30.61112 30.55009,-30.61123 30.55001,-30.61135 30.54993,-30.61153 30.54989,-30.61161 30.54982,-30.61167 30.54969,-30.61179 30.54935,-30.61213 30.54922,-30.61228 30.54911,-30.61239 30.54902,-30.61247 30.54896,-30.61254 30.54889,-30.61264 30.54879,-30.61274 30.5487,-30.61284 30.54864,-30.61295 30.54856,-30.6131 30.54847,-30.61323 30.54842,-30.61331 30.54832,-30.61342 30.54825,-30.61347 30.54824,-30.61355 30.54825,-30.61361 30.54822,-30.61369 30.54825,-30.61375 30.54827,-30.6138 30.54827,-30.61387 30.54815,-30.61396 30.54807,-30.61404 30.54801,-30.61407 30.54798,-30.61414 30.54798,-30.61418 30.54795,-30.61423 30.54793,-30.61428 30.54792,-30.61431 30.54788,-30.61438 30.54785,-30.61446 30.54785,-30.61451 30.54778,-30.61459 30.54767,-30.61468 30.54763,-30.61476 30.54754,-30.61484 30.54747,-30.6149 30.54747,-30.61502 30.54751,-30.61508 30.54753,-30.61514 30.54762,-30.61519 30.54766,-30.61521 30.54767,-30.61527 30.5477,-30.61532 30.54769,-30.61539 30.54767,-30.61541 30.54763,-30.61545 30.54756,-30.6155 30.54751,-30.6155 30.54749,-30.61554 30.54748,-30.61557 30.54753,-30.61561 30.54754,-30.61567 30.54759,-30.61571 30.5476,-30.61577 30.54758,-30.61581 30.54755,-30.61588 30.54753,-30.61596 30.54749,-30.61603 30.54743,-30.61616 30.54746,-30.61621 30.54746,-30.6163 30.54744,-30.61632 30.54745,-30.61637 30.54745,-30.61644 30.54738,-30.61651 30.54736,-30.61659 30.54736,-30.61665 30.5474,-30.61668 30.54743,-30.6167 30.54749,-30.61673 30.54751,-30.61675 30.54754,-30.61681 30.54757,-30.61685 30.54758,-30.6169 30.54754,-30.61696 30.5475,-30.61696 30.5474,-30.61703 30.54736,-30.61704 30.5472,-30.6172 30.54713,-30.61725 30.54711,-30.61732 30.54715,-30.61736 30.54716,-30.61743 30.54718,-30.61751 30.54718,-30.61757 30.54714,-30.6177 30.54711,-30.61775 30.54707,-30.61779 30.54702,-30.61786 30.54697,-30.61794 30.54693,-30.61806 30.54691,-30.61815 30.54691,-30.61829 30.54693,-30.61835 30.54694,-30.61839 30.54698,-30.61853 30.54701,-30.6186 30.54702,-30.61868 30.547,-30.61871 30.54696,-30.61878 30.54701,-30.61884 30.54702,-30.6189 30.54702,-30.61917 30.54705,-30.6192 30.54708,-30.61924 30.54707,-30.61927 30.54703,-30.6193 30.54701,-30.61933 30.54703,-30.61938 30.547,-30.61943 30.547,-30.61946 30.54698,-30.6195 30.547,-30.61952 30.54701,-30.61956 30.54697,-30.61959 30.54694,-30.61964 30.54691,-30.61968 30.54687,-30.61971 30.54679,-30.61976 30.54677,-30.61979 30.54672,-30.61982 30.54673,-30.61986 30.54673,-30.61989 30.54667,-30.61994 30.54662,-30.61995 30.54658,-30.61996 30.54654,-30.62004 30.54653,-30.62008 30.54649,-30.62013 30.54646,-30.62015 30.54642,-30.62021 30.54642,-30.62027 30.5464,-30.62031 30.5464,-30.62035 30.54642,-30.62038 30.54646,-30.62043 30.54644,-30.62046 30.54639,-30.62047 30.5463,-30.62062 30.54628,-30.62069 30.54623,-30.62074 30.54621,-30.62078 30.54619,-30.62084 30.54619,-30.62087 30.54627,-30.62091 30.54622,-30.62096 30.54617,-30.62097 30.54614,-30.62102 30.54617,-30.62105 30.54615,-30.62107 30.54613,-30.62112 30.54618,-30.62113 30.54614,-30.62116 30.54607,-30.62118 30.54599,-30.6212 30.54593,-30.62122 30.54593,-30.62127 30.54596,-30.62128 30.546,-30.62129 30.54597,-30.62131 30.54592,-30.62132 30.54588,-30.62133 30.54588,-30.62142 30.54592,-30.62145 30.54597,-30.62144 30.54602,-30.62139 30.54604,-30.62141 30.54601,-30.62146 30.54599,-30.6215 30.54595,-30.62157 30.54589,-30.62164 30.54583,-30.62178 30.5458,-30.62186 30.54576,-30.62195 30.54574,-30.622 30.54574,-30.62204 30.54576,-30.62211 30.54571,-30.62218 30.54569,-30.62225 30.54567,-30.62231 30.54559,-30.62239 30.54552,-30.62243 30.54544,-30.62249 30.54541,-30.62254 30.54532,-30.62262 30.54526,-30.62267 30.54524,-30.62274 30.54519,-30.62284 30.54512,-30.62289 30.54508,-30.62297 30.54508,-30.623 30.54504,-30.62306 30.54499,-30.62313 30.54496,-30.6232 30.54494,-30.62328 30.5449,-30.62338 30.54489,-30.62342 30.54485,-30.62352 30.5448,-30.62359 30.54479,-30.62366 30.54476,-30.62373 30.54474,-30.62379 30.54473,-30.62387 30.54473,-30.62395 30.54475,-30.62402 30.54476,-30.62409 30.54471,-30.62417 30.54468,-30.62425 30.5447,-30.6243 30.54472,-30.62444 30.54474,-30.62453 30.54472,-30.6246 30.54472,-30.62463 30.54473,-30.62474 30.54474,-30.62484 30.54476,-30.62493 30.54486,-30.62499 30.54492,-30.62504 30.54495,-30.62508 30.545,-30.6251 30.54501,-30.62518 30.54508,-30.6252 30.54513,-30.62525 30.54511,-30.62531 30.54511,-30.62535 30.54514,-30.62537 30.54519,-30.62534 30.54524,-30.62534 30.54528,-30.62535 30.54529,-30.62538 30.54534,-30.62538 30.54537,-30.62535 30.54544,-30.62534 30.54545,-30.62537 30.54543,-30.62542 30.54546,-30.6254 30.54551,-30.62538 30.54562,-30.62538 30.54567,-30.6254 30.54571,-30.62544 30.54573,-30.62548 30.54573,-30.62551 30.54575,-30.62555 30.54571,-30.62559 30.54565,-30.62559 30.54562,-30.62561 30.5456,-30.62563 30.54564,-30.62567 30.54574,-30.62567 30.54579,-30.62569 30.54581,-30.62572 30.54585,-30.62573 30.54587,-30.62577 30.54592,-30.62581 30.54596,-30.62585 30.54599,-30.62589 30.54604,-30.62593 30.54601,-30.62597 30.54595,-30.62598 30.54589,-30.62601 30.54584,-30.62607 30.54584,-30.62615 30.5459,-30.62625 30.54595,-30.6263 30.54597,-30.62634 30.54597,-30.6264 30.54601,-30.62644 30.54607,-30.62649 30.54613,-30.62652 30.54619,-30.62654 30.54625,-30.62658 30.54631,-30.6266 30.54636,-30.62658 30.5464,-30.62654 30.54643,-30.62652 30.54649,-30.62651 30.54655,-30.62651 30.54657,-30.62649 30.54662,-30.62648 30.54667,-30.62652 30.54673,-30.62653 30.54677,-30.62656 30.54675,-30.62659 30.54673,-30.62661 30.54677,-30.62671 30.54678,-30.62677 30.54678,-30.62681 30.54681,-30.62687 30.54683,-30.62693 30.54684,-30.62698 30.54692,-30.62698 30.54696,-30.62701 30.54696,-30.62705 30.54699,-30.62707 30.54703,-30.6271 30.54706,-30.62713 30.54714,-30.62718 30.54717,-30.62721 30.54715,-30.62723 30.54713,-30.62726 30.54716,-30.62728 30.54722,-30.62727 30.54723,-30.62722 30.5473,-30.6272 30.54733,-30.62725 30.54733,-30.62733 30.54729,-30.6274 30.54725,-30.62746 30.54719,-30.62753 30.54714,-30.62755 30.54711,-30.62758 30.54706,-30.62762 30.547,-30.62764 30.54697,-30.62774 30.54693,-30.62779 30.54686,-30.62782 30.54678,-30.62782 30.54677,-30.62785 30.54677,-30.62789 30.54678,-30.62794 30.54673,-30.62799 30.54668,-30.62802 30.54665,-30.62808 30.54662,-30.62811 30.5466,-30.62814 30.54656,-30.62818 30.54652,-30.62821 30.54647,-30.62823 30.54639,-30.62823 30.54636,-30.62825 30.54631,-30.62827 30.54626,-30.6283 30.54623,-30.62835 30.54615,-30.62836 30.54609,-30.62836 30.54604,-30.6283 30.54601,-30.62824 30.54599,-30.62815 30.54595,-30.62811 30.5459,-30.62809 30.54583,-30.62807 30.54576,-30.62809 30.54569,-30.62802 30.54563,-30.62805 30.54551,-30.62815 30.5454,-30.62815 30.54533,-30.62819 30.54528,-30.62826 30.54523,-30.62829 30.54513,-30.62836 30.54506,-30.6284 30.54496,-30.62842 30.54493,-30.62845 30.54491,-30.62849 30.54484,-30.62854 30.54479,-30.62859 30.54472,-30.62867 30.54457,-30.6287 30.5445,-30.62871 30.54444,-30.62873 30.54444,-30.62877 30.54445,-30.62881 30.54446,-30.62884 30.54447,-30.62889 30.54439,-30.62893 30.54431,-30.62898 30.54423,-30.62898 30.54416,-30.62894 30.5441,-30.62894 30.54403,-30.62895 30.54397,-30.629 30.54391,-30.62908 30.54391,-30.62912 30.54395,-30.62914 30.54397,-30.62918 30.54388,-30.62922 30.54373,-30.62926 30.54364,-30.62926 30.5435,-30.62928 30.54342,-30.62928 30.54339,-30.62931 30.54337,-30.62939 30.54339,-30.62945 30.54339,-30.62949 30.54336,-30.62954 30.5433,-30.62961 30.54318,-30.62971 30.54306,-30.62977 30.54297,-30.62983 30.5429,-30.62989 30.54284,-30.62993 30.54279,-30.62995 30.54273,-30.62998 30.54272,-30.63001 30.54268,-30.63005 30.54265,-30.63009 30.54255,-30.63016 30.54247,-30.6302 30.54244,-30.63019 30.54241,-30.63016 30.54233,-30.63016 30.54232,-30.63022 30.54234,-30.63026 30.54237,-30.6303 30.54228,-30.63041 30.54221,-30.63046 30.54217,-30.63046 30.54212,-30.63044 30.54207,-30.63045 30.54203,-30.63048 30.54207,-30.63053 30.5421,-30.63056 30.54207,-30.63058 30.54204,-30.63058 30.54201,-30.6306 30.54199,-30.63066 30.54198,-30.6307 30.54195,-30.63073 30.54191,-30.63074 30.54186,-30.63078 30.54179,-30.63084 30.54174,-30.6309 30.54169,-30.63095 30.54164,-30.63098 30.5416,-30.63099 30.54155,-30.63104 30.54149,-30.63108 30.54144,-30.63111 30.54138,-30.63112 30.54133,-30.63117 30.54127,-30.63122 30.54124,-30.63126 30.5412,-30.63129 30.54116,-30.63135 30.54107,-30.63138 30.54103,-30.63141 30.54097,-30.63143 30.54091,-30.63148 30.54086,-30.63154 30.54079,-30.63162 30.54077,-30.63168 30.54077,-30.63173 30.54074,-30.63177 30.54069,-30.63179 30.54063,-30.63179 30.5406,-30.63181 30.54058,-30.63183 30.54056,-30.63186 30.54052,-30.6319 30.54048,-30.63192 30.54046,-30.63195 30.54047,-30.63199 30.54047,-30.63203 30.54044,-30.63206 30.5404,-30.63207 30.54036,-30.6321 30.54028,-30.63217 30.54023,-30.63219 30.54021,-30.63224 30.54014,-30.63226 30.54011,-30.63228 30.54006,-30.63231 30.53998,-30.63231 30.53998,-30.63235 30.53995,-30.63241 30.53988,-30.6324 30.53983,-30.6324 30.5398,-30.63243 30.53975,-30.6325 30.5397,-30.6325 30.53967,-30.63255 30.53965,-30.6326 30.53959,-30.63266 30.53951,-30.63272 30.5395,-30.63281 30.53947,-30.63285 30.53945,-30.63289 30.53945,-30.63296 30.53937,-30.63303 30.53915,-30.63321 30.53909,-30.63332 30.53908,-30.63338 30.53902,-30.63347 30.53899,-30.63353 30.5389,-30.63357 30.53887,-30.63361 30.53886,-30.63366 30.53878,-30.63371 30.53872,-30.63372 30.53865,-30.63374 30.5386,-30.63378 30.53857,-30.63384 30.53854,-30.63391 30.53849,-30.63399 30.53842,-30.63405 30.53836,-30.63411 30.53827,-30.63421 30.5382,-30.63431 30.53816,-30.63434 30.53812,-30.63439 30.53811,-30.63444 30.53811,-30.63447 30.53807,-30.6345 30.53801,-30.63453 30.53797,-30.63456 30.53793,-30.6346 30.5379,-30.63465 30.53784,-30.63467 30.5378,-30.6347 30.53775,-30.63477 30.53772,-30.63483 30.53763,-30.63494 30.53758,-30.63502 30.53758,-30.63507 30.53755,-30.63512 30.53746,-30.63519 30.53737,-30.63527 30.53726,-30.63533 30.53723,-30.63539 30.53714,-30.63547 30.5371,-30.63555 30.53705,-30.63562 30.53698,-30.63573 30.53688,-30.63591 30.53681,-30.636 30.53673,-30.63611 30.53667,-30.63622 30.53661,-30.63632 30.53655,-30.63643 30.53652,-30.63655 30.53651,-30.63664 30.53652,-30.63672 30.53652,-30.6368 30.53649,-30.63689 30.53649,-30.63695 30.5365,-30.63708 30.5365,-30.63738 30.53653,-30.63744 30.5366,-30.63747 30.53667,-30.63749 30.53669,-30.63757 30.53675,-30.63762 30.53681,-30.63766 30.53687,-30.63773 30.53693,-30.63775 30.53697,-30.63782 30.53701,-30.63792 30.53705,-30.638 30.53705,-30.63812 30.53714,-30.63818 30.5372,-30.6382 30.53725,-30.63818 30.53734,-30.63818 30.53737,-30.63824 30.53745,-30.63826 30.53747,-30.63829 30.53743,-30.63834 30.53742,-30.63837 30.53739,-30.63844 30.5373,-30.63845 30.53727,-30.63845 30.53725,-30.63847 30.53722,-30.63851 30.53719,-30.63852 30.53712,-30.63852 30.53707,-30.63856 30.53705,-30.6386 30.53704,-30.63869 30.53695,-30.63874 30.53684,-30.63878 30.53679,-30.6388 30.53677,-30.63883 30.53677,-30.63887 30.5368,-30.6389 30.53677,-30.63895 30.53672,-30.63894 30.53667,-30.63888 30.53666,-30.63884 30.53666,-30.6388 30.53654,-30.63887 30.53649,-30.63892 30.53642,-30.63898 30.53642,-30.63906 30.53646,-30.63907 30.53655,-30.63904 30.5366,-30.63904 30.53661,-30.63908 30.5366,-30.63911 30.53662,-30.63915 30.53658,-30.63919 30.53651,-30.63922 30.53651,-30.63928 30.53652,-30.63932 30.53652,-30.63936 30.53647,-30.63942 30.53638,-30.63948 30.53627,-30.63957 30.53622,-30.63962 30.5362,-30.63966 30.53616,-30.63972 30.53612,-30.63977 30.53608,-30.63981 30.53602,-30.63984 30.53598,-30.63984 30.53594,-30.63988 30.53592,-30.63995 30.53593,-30.64001 30.53596,-30.64002 30.53599,-30.64006 30.53595,-30.64011 30.53591,-30.64018 30.53593,-30.64022 30.53595,-30.6403 30.5359,-30.64034 30.53581,-30.64038 30.53575,-30.64042 30.5357,-30.64048 30.53568,-30.64053 30.53568,-30.64059 30.53569,-30.64063 30.53569,-30.64067 30.5357,-30.64073 30.53569,-30.64079 30.53567,-30.64086 30.53562,-30.64096 30.53555,-30.64104 30.53546,-30.6411 30.5354,-30.6411 30.53531,-30.64114 30.53526,-30.64117 30.53518,-30.64124 30.53511,-30.64128 30.53506,-30.64135 30.53499,-30.6414 30.53496,-30.64146 30.53499,-30.64149 30.53501,-30.64152 30.53499,-30.64156 30.53494,-30.64158 30.5349,-30.64162 30.53487,-30.64168 30.53486,-30.64174 30.53488,-30.64179 30.53494,-30.64181 30.53497,-30.64191 30.53501,-30.64198 30.53502,-30.64205 30.53502,-30.64214 30.535,-30.64218 30.5349,-30.64227 30.5348,-30.64229 30.53474,-30.64232 30.53464,-30.64232 30.5346,-30.64234 30.53459,-30.64237 30.53454,-30.64243 30.53448,-30.64246 30.53444,-30.64253 30.53441,-30.64256 30.53434,-30.64254 30.53429,-30.64258 30.53426,-30.64258 30.5342,-30.64261 30.5341,-30.64261 30.53405,-30.64264 30.53402,-30.64268 30.534,-30.64271 30.53395,-30.64271 30.53392,-30.64269 30.5339,-30.64266 30.53386,-30.64262 30.53377,-30.64262 30.53367,-30.64267 30.53358,-30.64263 30.53351,-30.64264 30.53347,-30.64268 30.53339,-30.64271 30.53329,-30.64271 30.53324,-30.6427 30.53319,-30.6427 30.53316,-30.64271 30.53316,-30.64276 30.53318,-30.64281 30.53308,-30.64281 30.53305,-30.64278 30.53293,-30.6428 30.5329,-30.64285 30.53281,-30.64288 30.53277,-30.64289 30.53274,-30.64292 30.53275,-30.64296 30.53279,-30.64298 30.53284,-30.64299 30.53283,-30.64302 30.53275,-30.64305 30.53271,-30.64305 30.53268,-30.64307 30.53267,-30.6431 30.53267,-30.64315 30.53261,-30.64318 30.53254,-30.64321 30.53247,-30.64322 30.53243,-30.64324 30.5324,-30.64327 30.53237,-30.64334 30.53235,-30.64339 30.5323,-30.6434 30.53226,-30.64343 30.53225,-30.64348 30.53225,-30.64354 30.53221,-30.6436 30.53216,-30.64365 30.53211,-30.64363 30.53207,-30.64361 30.53202,-30.64362 30.53201,-30.64368 30.53201,-30.64381 30.532,-30.64385 30.5319,-30.64391 30.53174,-30.64399 30.53164,-30.64409 30.53162,-30.64412 30.53159,-30.64417 30.5315,-30.64423 30.53146,-30.64425 30.5314,-30.64429 30.53137,-30.64433 30.53135,-30.64439 30.53131,-30.64446 30.53126,-30.64451 30.5312,-30.64454 30.53116,-30.64458 30.53113,-30.64463 30.53111,-30.64468 30.53097,-30.64475 30.53084,-30.64488 30.53082,-30.64493 30.53079,-30.64497 30.53074,-30.64501 30.53069,-30.64507 30.53066,-30.64512 30.53066,-30.64516 30.53063,-30.64521 30.53063,-30.64531 30.53062,-30.64536 30.53056,-30.64545 30.53053,-30.64552 30.53047,-30.64559 30.53043,-30.64565 30.5304,-30.64572 30.53039,-30.64578 30.53039,-30.64585 30.53037,-30.6459 30.53037,-30.64596 30.53036,-30.64604 30.53036,-30.64612 30.5304,-30.64616 30.53045,-30.6462 30.53049,-30.64623 30.53049,-30.64634 30.53046,-30.64636 30.53044,-30.6464 30.53041,-30.64647 30.53042,-30.64653 30.53041,-30.64657 30.53036,-30.6466 30.53031,-30.64659 30.53028,-30.64657 30.53018,-30.64657 30.53008,-30.64659 30.52998,-30.64659 30.52992,-30.64658 30.52984,-30.6466 30.52981,-30.64663 30.52976,-30.64665 30.52961,-30.64665 30.52956,-30.64667 30.52953,-30.64672 30.52948,-30.64675 30.52943,-30.64677 30.52933,-30.64683 30.52927,-30.64687 30.5292,-30.64693 30.52912,-30.647 30.52905,-30.64704 30.52903,-30.6471 30.52905,-30.64715 30.52909,-30.64719 30.52908,-30.64722 30.529,-30.64722 30.52894,-30.64723 30.52888,-30.64725 30.52888,-30.64728 30.52887,-30.64734 30.5288,-30.64738 30.52874,-30.64737 30.52871,-30.64737 30.52869,-30.64739 30.52869,-30.64743 30.5287,-30.64746 30.52865,-30.64749 30.52859,-30.64751 30.52856,-30.64755 30.52856,-30.64759 30.5285,-30.6476 30.52847,-30.64767 30.52844,-30.64771 30.5284,-30.64773 30.52836,-30.64779 30.52835,-30.64782 30.52835,-30.64785 30.52833,-30.64792 30.52828,-30.64798 30.52822,-30.64799 30.52816,-30.64799 30.52811,-30.64803 30.52807,-30.64803 30.52803,-30.64806 30.52798,-30.64811 30.52791,-30.64815 30.52785,-30.64825 30.5278,-30.64831 30.52777,-30.64832 30.52773,-30.64836 30.52773,-30.64842 30.52776,-30.64844 30.52774,-30.6485 30.5277,-30.64856 30.52769,-30.64863 30.5277,-30.64869 30.52774,-30.64873 30.52772,-30.64879 30.52767,-30.64882 30.52767,-30.64886 30.52769,-30.64889 30.52759,-30.64892 30.52756,-30.64897 30.52758,-30.64899 30.5276,-30.64902 30.52765,-30.64906 30.52762,-30.64912 30.52754,-30.64916 30.52751,-30.64913 30.52749,-30.64909 30.52745,-30.6491 30.52741,-30.64915 30.52741,-30.64919 30.52742,-30.64924 30.52745,-30.64928 30.52741,-30.64929 30.52739,-30.64926 30.52736,-30.64924 30.52736,-30.64928 30.52737,-30.64932 30.52739,-30.64936 30.5274,-30.64941 30.52728,-30.64956 30.52721,-30.64959 30.52718,-30.64957 30.52714,-30.64957 30.52711,-30.64959 30.52711,-30.64962 30.52709,-30.64964 30.52707,-30.64969 30.52711,-30.64974 30.52714,-30.64976 30.52715,-30.64979 30.52715,-30.64983 30.52711,-30.64986 30.52705,-30.64991 30.52699,-30.64995 30.52693,-30.65005 30.52688,-30.6501 30.52682,-30.65011 30.52675,-30.65014 30.52667,-30.6502 30.5266,-30.65027 30.52656,-30.65032 30.52645,-30.65043 30.52641,-30.65048 30.52634,-30.65055 30.52626,-30.65059 30.5262,-30.65059 30.52617,-30.65063 30.52618,-30.65067 30.52615,-30.65073 30.52619,-30.65077 30.52622,-30.6508 30.5262,-30.65087 30.52613,-30.65101 30.52604,-30.6511 30.52597,-30.65113 30.52589,-30.65116 30.52583,-30.65118 30.52576,-30.65118 30.52576,-30.65121 30.52578,-30.65125 30.52583,-30.65129 30.52591,-30.65133 30.52594,-30.65138 30.52588,-30.65139 30.52585,-30.65139 30.52583,-30.65137 30.5258,-30.65133 30.52576,-30.65133 30.52574,-30.65135 30.52575,-30.65138 30.52573,-30.6514 30.52566,-30.6514 30.52561,-30.65139 30.52559,-30.65137 30.52555,-30.65135 30.52553,-30.65139 30.52558,-30.65143 30.52563,-30.65149 30.52557,-30.65152 30.52552,-30.65153 30.52549,-30.65151 30.52545,-30.65152 30.52539,-30.65161 30.52532,-30.65166 30.52523,-30.65169 30.52513,-30.65173 30.52505,-30.65178 30.52495,-30.65187 30.5249,-30.65187 30.52485,-30.6519 30.52481,-30.65192 30.52475,-30.65194 30.52471,-30.65198 30.52467,-30.65203 30.52462,-30.65211 30.52456,-30.65215 30.52453,-30.65218 30.52457,-30.6522 30.52456,-30.65223 30.52453,-30.65223 30.5245,-30.65224 30.5245,-30.65228 30.52453,-30.65232 30.52453,-30.65235 30.52449,-30.6524 30.52447,-30.65245 30.52447,-30.65248 30.52442,-30.65252 30.52437,-30.65252 30.52434,-30.6525 30.52429,-30.6525 30.52427,-30.65252 30.52429,-30.65256 30.52431,-30.65261 30.52426,-30.65264 30.52423,-30.65269 30.52413,-30.65275 30.52407,-30.65279 30.52401,-30.65286 30.5239,-30.65286 30.5239,-30.6529 30.52396,-30.65293 30.52396,-30.65297 30.52398,-30.65301 30.52398,-30.65308 30.52395,-30.65309 30.52393,-30.65311 30.52388,-30.65312 30.52383,-30.6531 30.52377,-30.6531 30.52373,-30.65313 30.52367,-30.65319 30.52363,-30.65316 30.5236,-30.65316 30.52357,-30.65321 30.52354,-30.65325 30.52351,-30.65328 30.5235,-30.65331 30.52346,-30.65333 30.52339,-30.65337 30.5233,-30.65342 30.52324,-30.65343 30.52316,-30.6535 30.52309,-30.65354 30.52308,-30.65361 30.52307,-30.65367 30.52302,-30.65374 30.52291,-30.65378 30.52285,-30.65384 30.52279,-30.65385 30.52271,-30.65392 30.52265,-30.65398 30.52259,-30.65401 30.52252,-30.65411 30.52242,-30.65417 30.52235,-30.6542 30.52228,-30.6542 30.52225,-30.65418 30.52219,-30.65418 30.52214,-30.65422 30.52208,-30.65423 30.52208,-30.65427 30.52204,-30.65431 30.52205,-30.65435 30.52207,-30.65439 30.52209,-30.65443 30.52208,-30.65447 30.52208,-30.65452 30.52205,-30.65457 30.52206,-30.65461 30.52196,-30.65469 30.52189,-30.65473 30.52176,-30.65479 30.52166,-30.65488 30.52145,-30.65502 30.52137,-30.65508 30.5213,-30.6551 30.52124,-30.65514 30.5212,-30.65522 30.52115,-30.65528 30.52108,-30.65535 30.52098,-30.65543 30.5209,-30.65548 30.5208,-30.65556 30.52068,-30.65566 30.52062,-30.6557 30.52055,-30.65579 30.52051,-30.65585 30.52041,-30.6559 30.52033,-30.65597 30.52026,-30.65607 30.52019,-30.65616 30.52013,-30.65625 30.52005,-30.65633 30.52002,-30.65639 30.51992,-30.65646 30.51984,-30.65655 30.51975,-30.65663 30.51967,-30.6567 30.51961,-30.65676 30.51953,-30.65679 30.51949,-30.65686 30.51944,-30.65693 30.51938,-30.65701 30.51936,-30.65706 30.51929,-30.65713 30.51918,-30.65723 30.5191,-30.65731 30.51903,-30.6574 30.51898,-30.65749 30.51889,-30.65762 30.51881,-30.65775 30.51876,-30.65787 30.51867,-30.65799 30.51863,-30.65804 30.51859,-30.65811 30.51854,-30.6582 30.51846,-30.65825 30.51841,-30.65835 30.51836,-30.65841 30.51832,-30.65854 30.51829,-30.65861 30.51826,-30.65869 30.51823,-30.65876 30.51821,-30.65886 30.51815,-30.65895 30.51806,-30.65906 30.51805,-30.65913 30.51801,-30.6592 30.51791,-30.65931 30.51789,-30.6594 30.51785,-30.65949 30.51785,-30.65959 30.51786,-30.65967 30.51788,-30.65973 30.51787,-30.6598 30.51784,-30.65984 30.51783,-30.65989 30.51783,-30.65992 30.51781,-30.65999 30.51777,-30.66007 30.51778,-30.66015 30.51781,-30.66022 30.51786,-30.66027 30.51793,-30.66031 30.51799,-30.66036 30.51806,-30.66037 30.51811,-30.66037 30.51816,-30.66039 30.51821,-30.6604 30.51827,-30.6604 30.51832,-30.66043 30.51834,-30.66046 30.51838,-30.6605 30.51838,-30.66054 30.51839,-30.66057 30.51839,-30.66061 30.5184,-30.66065 30.51845,-30.66066 30.51846,-30.6607 30.51848,-30.66073 30.51856,-30.66073 30.51859,-30.66076 30.51859,-30.66086 30.51852,-30.66094 30.51852,-30.66098 30.51848,-30.66105 30.51842,-30.66108 30.51832,-30.66111 30.51827,-30.66114 30.51823,-30.6612 30.51821,-30.66128 30.51815,-30.66134 30.51807,-30.66136 30.518,-30.66136 30.5179,-30.66141 30.51787,-30.66147 30.51779,-30.66153 30.51773,-30.66158 30.5177,-30.66166 30.51769,-30.66171 30.51772,-30.66175 30.51776,-30.66178 30.51785,-30.66182 30.51789,-30.66182 30.51793,-30.66185 30.51797,-30.6619 30.51802,-30.66196 30.51803,-30.662 30.51799,-30.66208 30.51793,-30.66212 30.51784,-30.66211 30.51777,-30.6621 30.51772,-30.66205 30.51765,-30.66201 30.51759,-30.66198 30.51755,-30.66197 30.51755,-30.66202 30.51757,-30.66206 30.51761,-30.66209 30.51768,-30.66213 30.51768,-30.66224 30.51765,-30.66226 30.5176,-30.66227 30.51754,-30.66225 30.5175,-30.66224 30.51747,-30.66221 30.51743,-30.66213 30.5174,-30.66208 30.51737,-30.66208 30.51734,-30.6621 30.51726,-30.66217 30.51714,-30.66227 30.51709,-30.66233 30.51705,-30.6624 30.51703,-30.66246 30.51703,-30.66253 30.51704,-30.66256 30.51707,-30.66261 30.5171,-30.66267 30.51718,-30.66268 30.51714,-30.66272 30.51705,-30.66274 30.51697,-30.66275 30.51703,-30.66276 30.51711,-30.66277 30.51715,-30.66279 30.5172,-30.66283 30.51718,-30.66286 30.51713,-30.66285 30.51701,-30.66283 30.51705,-30.66286 30.51711,-30.66288 30.51715,-30.66292 30.51715,-30.66296 30.51717,-30.66298 30.51719,-30.66301 30.51716,-30.66305 30.51712,-30.66304 30.51709,-30.66302 30.51705,-30.663 30.51692,-30.663 30.51692,-30.66305 30.51695,-30.66307 30.517,-30.66309 30.51705,-30.6631 30.51709,-30.66313 30.51712,-30.66316 30.51708,-30.66318 30.51703,-30.66317 30.517,-30.66316 30.51696,-30.66312 30.51693,-30.6631 30.51676,-30.6631 30.51673,-30.66309 30.51672,-30.66314 30.51674,-30.66318 30.5168,-30.6632 30.51685,-30.66322 30.51686,-30.66325 30.51681,-30.66324 30.51669,-30.66324 30.51664,-30.66319 30.51657,-30.66323 30.51648,-30.66332 30.51639,-30.66335 30.51632,-30.66342 30.51625,-30.66343 30.51622,-30.66342 30.51616,-30.66345 30.51608,-30.66348 30.51602,-30.66353 30.51599,-30.66355 30.51592,-30.66361 30.51588,-30.66365 30.51581,-30.66373 30.51574,-30.66378 30.5157,-30.66385 30.51567,-30.66392 30.51555,-30.66403 30.51549,-30.66406 30.51544,-30.66414 30.51541,-30.66419 30.51538,-30.66426 30.51534,-30.66431 30.51531,-30.66435 30.51528,-30.6644 30.51526,-30.66444 30.51523,-30.66447 30.5152,-30.66449 30.51514,-30.6645 30.5151,-30.66454 30.5151,-30.66463 30.51514,-30.66466 30.51514,-30.6647 30.51513,-30.66474 30.51508,-30.66478 30.51502,-30.66481 30.51499,-30.66485 30.51491,-30.66485 30.51488,-30.66488 30.51488,-30.66498 30.51487,-30.66501 30.5148,-30.66503 30.51476,-30.66505 30.51473,-30.66508 30.51473,-30.66517 30.51466,-30.66521 30.5146,-30.66522 30.51454,-30.66526 30.51449,-30.66528 30.51445,-30.6653 30.51443,-30.66534 30.51443,-30.66538 30.51439,-30.66542 30.51434,-30.66542 30.51429,-30.66543 30.51425,-30.66547 30.51421,-30.66552 30.51414,-30.66555 30.51412,-30.66559 30.51411,-30.66563 30.51413,-30.66566 30.51413,-30.6657 30.5141,-30.66574 30.51408,-30.66579 30.51405,-30.66587 30.51396,-30.66593 30.51394,-30.666 30.51394,-30.66605 30.51388,-30.66609 30.51383,-30.66613 30.51376,-30.6662 30.51374,-30.66625 30.51368,-30.66629 30.51365,-30.66634 30.51365,-30.66656 30.51363,-30.66664 30.5136,-30.6667 30.5136,-30.66678 30.51357,-30.66684 30.51354,-30.66687 30.51351,-30.66695 30.51352,-30.66699 30.51353,-30.66705 30.51353,-30.66716 30.51351,-30.66724 30.51348,-30.66728 30.51349,-30.66733 30.51353,-30.66741 30.51357,-30.66742 30.51366,-30.66748 30.51367,-30.66753 30.51371,-30.66757 30.51375,-30.66759 30.51378,-30.66762 30.51382,-30.66764 30.51385,-30.66767 30.51385,-30.66772 30.51379,-30.66777 30.51371,-30.66779 30.51367,-30.66781 30.51363,-30.66785 30.5136,-30.66791 30.51361,-30.66797 30.51362,-30.66801 30.51364,-30.66803 30.51368,-30.66804 30.51371,-30.66805 30.51371,-30.66808 30.51368,-30.66808 30.51368,-30.66816 30.51363,-30.66822 30.51361,-30.66826 30.5136,-30.66831 30.51358,-30.66835 30.51351,-30.66838 30.51342,-30.66841 30.51335,-30.66846 30.51331,-30.66851 30.51324,-30.66858 30.5132,-30.66866 30.51319,-30.66874 30.51311,-30.66892 30.51312,-30.66901 30.51312,-30.66908 30.51316,-30.6692 30.51319,-30.66923 30.51324,-30.66926 30.51329,-30.66931 30.51335,-30.66934 30.51333,-30.66936 30.51327,-30.66936 30.51324,-30.66935 30.51309,-30.66934 30.51308,-30.66931 30.51306,-30.66929 30.51303,-30.66929 30.51299,-30.66931 30.51298,-30.66935 30.51296,-30.66938 30.51284,-30.66938 30.51281,-30.6694 30.51275,-30.66942 30.51269,-30.66948 30.51265,-30.66949 30.51264,-30.66953 30.51266,-30.66956 30.51269,-30.66957 30.51274,-30.66961 30.51274,-30.66964 30.51268,-30.66966 30.51262,-30.66966 30.51256,-30.66968 30.51254,-30.66972 30.51253,-30.66978 30.51253,-30.66984 30.51249,-30.66991 30.51245,-30.66994 30.5124,-30.66998 30.51238,-30.67006 30.51237,-30.67011 30.51231,-30.67016 30.51227,-30.67019 30.51221,-30.67024 30.51218,-30.67027 30.51212,-30.6703 30.51202,-30.67038 30.51195,-30.67046 30.51195,-30.67051 30.51191,-30.67057 30.51186,-30.67062 30.51184,-30.67066 30.51183,-30.6707 30.51181,-30.67073 30.51174,-30.67078 30.51168,-30.67085 30.51153,-30.671 30.51149,-30.67108 30.51147,-30.67118 30.51139,-30.67127 30.51133,-30.67136 30.51129,-30.67141 30.51128,-30.67147 30.51124,-30.67155 30.51121,-30.67165 30.51112,-30.67172 30.51108,-30.67176 30.51106,-30.67186 30.51103,-30.67194 30.51098,-30.67205 30.51098,-30.6721 30.51093,-30.67219 30.5109,-30.67227 30.51087,-30.67229 30.51087,-30.67237 30.51082,-30.67241 30.51081,-30.67244 30.5108,-30.67248 30.51074,-30.6726 30.51069,-30.67272 30.51067,-30.6728 30.51065,-30.67286 30.51064,-30.67292 30.51064,-30.67299 30.51061,-30.67301 30.51056,-30.67302 30.51053,-30.67303 30.5105,-30.67306 30.51051,-30.67313 30.51057,-30.67315 30.51059,-30.67317 30.51058,-30.6732 30.5105,-30.67326 30.51045,-30.67333 30.51047,-30.67337 30.5105,-30.67338 30.51054,-30.67341 30.51057,-30.67345 30.5106,-30.6735 30.51065,-30.67354 30.51067,-30.67359 30.5107,-30.67362 30.51073,-30.67368 30.51074,-30.67375 30.51069,-30.6738 30.51066,-30.67385 30.51062,-30.6739 30.51058,-30.67394 30.51055,-30.67395 30.51052,-30.67399 30.51052,-30.67403 30.5105,-30.67405 30.5105,-30.6741 30.51052,-30.67412 30.51058,-30.67412 30.51061,-30.67413 30.51063,-30.67416 30.5106,-30.67424 30.51058,-30.67432 30.51054,-30.67437 30.51054,-30.67447 30.51047,-30.67454 30.51043,-30.67465 30.51044,-30.67473 30.51046,-30.67477 30.51052,-30.6748 30.51054,-30.67483 30.51051,-30.67489 30.5105,-30.67495 30.51048,-30.67499 30.51043,-30.67505 30.5104,-30.6751 30.51038,-30.67514 30.51037,-30.67517 30.51037,-30.6752 30.51038,-30.67524 30.51038,-30.67528 30.51039,-30.67532 30.51041,-30.67535 30.51043,-30.67539 30.51043,-30.67544 30.51041,-30.67549 30.51037,-30.67553 30.51027,-30.67561 30.51024,-30.67565 30.51021,-30.67572 30.51021,-30.67578 30.51019,-30.67588 30.51019,-30.67595 30.51018,-30.67601 30.51016,-30.67612 30.51012,-30.67619 30.5101,-30.67625 30.5101,-30.67632 30.51011,-30.67636 30.51015,-30.67638 30.51017,-30.6764 30.51019,-30.67646 30.51018,-30.67651 30.51015,-30.67657 30.51016,-30.67662 30.51018,-30.67666 30.5102,-30.67669 30.51022,-30.67674 30.51022,-30.67687 30.5102,-30.67694 30.51016,-30.677 30.51007,-30.67706 30.51002,-30.67711 30.50996,-30.6772 30.50989,-30.67724 30.50983,-30.67727 30.50975,-30.6773 30.50972,-30.67736 30.50972,-30.67742 30.50973,-30.67746 30.50973,-30.67751 30.50969,-30.67754 30.50967,-30.67756 30.50962,-30.67757 30.50957,-30.67759 30.50954,-30.67761 30.50948,-30.67762 30.50943,-30.67763 30.50936,-30.67767 30.50935,-30.67771 30.50931,-30.67774 30.50931,-30.67777 30.50934,-30.67777 30.50938,-30.6778 30.50939,-30.67783 30.50931,-30.67785 30.50927,-30.67785 30.50919,-30.67789 30.50915,-30.67793 30.5091,-30.67797 30.50905,-30.67798 30.50902,-30.67798 30.50899,-30.67801 30.50899,-30.67805 30.509,-30.67811 30.50896,-30.67819 30.50895,-30.67826 30.50891,-30.67831 30.50888,-30.67835 30.50885,-30.6784 30.50884,-30.67844 30.50879,-30.67845 30.50874,-30.67845 30.50871,-30.67847 30.50866,-30.67849 30.50866,-30.67853 30.50864,-30.67855 30.50857,-30.67859 30.50856,-30.67863 30.50855,-30.67868 30.50855,-30.67871 30.50848,-30.67874 30.50844,-30.67873 30.50841,-30.67872 30.50834,-30.67874 30.50829,-30.67884 30.50817,-30.67884 30.50812,-30.67886 30.5081,-30.67891 30.5081,-30.67898 30.50809,-30.67901 30.50805,-30.6791 30.50795,-30.67916 30.50791,-30.67919 30.50788,-30.67922 30.50783,-30.67924 30.50777,-30.67927 30.5077,-30.67933 30.50766,-30.67938 30.50765,-30.67945 30.50765,-30.67959 30.50767,-30.67963 30.50767,-30.67967 30.50766,-30.67973 30.50763,-30.67974 30.50758,-30.67975 30.50752,-30.67975 30.50745,-30.67979 30.50742,-30.67985 30.5074,-30.6799 30.50736,-30.67997 30.50728,-30.68005 30.5072,-30.68008 30.50714,-30.68008 30.50709,-30.6801 30.50706,-30.68014 30.50707,-30.68017 30.50711,-30.68017 30.50712,-30.68021 30.50708,-30.68021 30.50703,-30.68024 30.50699,-30.68025 30.50698,-30.68029 30.50698,-30.68032 30.5069,-30.68036 30.50687,-30.68039 30.50686,-30.68044 30.50693,-30.68047 30.50698,-30.68048 30.50704,-30.68048 30.50708,-30.68053 30.50707,-30.68057 30.50703,-30.6806 30.50699,-30.68063 30.50698,-30.68067 30.50695,-30.68069 30.50684,-30.68071 30.50678,-30.68072 30.50671,-30.68073 30.50665,-30.68073 30.50653,-30.68077 30.50648,-30.68081 30.50641,-30.68085 30.50641,-30.68089 30.50643,-30.68094 30.50646,-30.681 30.50648,-30.68103 30.50649,-30.68107 30.5065,-30.68113 30.50648,-30.68117 30.50643,-30.6812 30.50634,-30.68121 30.50631,-30.68123 30.50625,-30.68123 30.50621,-30.68122 30.50606,-30.68123 30.50594,-30.68132 30.5059,-30.68137 30.50589,-30.6814 30.50588,-30.68144 30.50586,-30.68149 30.50583,-30.68155 30.50583,-30.68165 30.50579,-30.68168 30.50573,-30.68167 30.5056,-30.68167 30.50555,-30.6817 30.50551,-30.68173 30.5055,-30.68178 30.50551,-30.68181 30.50551,-30.68187 30.50549,-30.68191 30.50543,-30.68193 30.50539,-30.68195 30.50534,-30.68197 30.50531,-30.682 30.50531,-30.68205 30.50526,-30.68213 30.50522,-30.6822 30.50521,-30.68226 30.50513,-30.68234 30.50504,-30.68242 30.50491,-30.68248 30.50487,-30.68253 30.50482,-30.68256 30.50477,-30.68256 30.50473,-30.68255 30.5047,-30.68255 30.50469,-30.68259 30.50451,-30.6826 30.50447,-30.68263 30.50447,-30.68267 30.50445,-30.68271 30.50442,-30.68275 30.50434,-30.68277 30.50428,-30.68279 30.50425,-30.68283 30.50423,-30.68289 30.50419,-30.68295 30.50413,-30.68299 30.50407,-30.68308 30.504,-30.68314 30.50392,-30.68315 30.50385,-30.68317 30.50384,-30.68321 30.5038,-30.68329 30.50377,-30.68337 30.50373,-30.68345 30.50361,-30.68357 30.50353,-30.68368 30.50346,-30.68374 30.50339,-30.68383 30.50336,-30.68389 30.50332,-30.68396 30.50325,-30.6841 30.50322,-30.68418 30.50322,-30.68425 30.50318,-30.68431 30.50306,-30.68436 30.50301,-30.6844 30.50297,-30.68448 30.50292,-30.68454 30.50282,-30.6846 30.50275,-30.68466 30.50269,-30.68469 30.50262,-30.68473 30.50259,-30.68476 30.50252,-30.68478 30.50242,-30.68483 30.50235,-30.68486 30.5023,-30.68488 30.50226,-30.68488 30.5022,-30.68489 30.50217,-30.68489 30.50213,-30.6849 30.50203,-30.685 30.50198,-30.68501 30.50195,-30.68504 30.50191,-30.68506 30.50189,-30.6851 30.50181,-30.68516 30.50176,-30.68515 30.50171,-30.68515 30.50168,-30.68518 30.50168,-30.68522 30.50169,-30.68525 30.50171,-30.68528 30.50172,-30.68534 30.50163,-30.68539 30.50157,-30.68542 30.50154,-30.68544 30.50147,-30.68546 30.50145,-30.6855 30.50144,-30.68558 30.50145,-30.68562 30.50143,-30.68564 30.50135,-30.68568 30.50129,-30.68574 30.50125,-30.68579 30.50123,-30.68586 30.50117,-30.68589 30.50108,-30.68594 30.501,-30.68599 30.50092,-30.68603 30.50083,-30.68608 30.50076,-30.68613 30.50067,-30.68619 30.50058,-30.68629 30.50055,-30.68633 30.50044,-30.68642 30.50036,-30.6865 30.50028,-30.68659 30.50021,-30.68667 30.50017,-30.6867 30.50012,-30.68673 30.50009,-30.68678 30.50003,-30.68687 30.49995,-30.68697 30.49986,-30.68704 30.49978,-30.6871 30.49969,-30.68716 30.49964,-30.68719 30.49962,-30.68723 30.49956,-30.68732 30.49947,-30.68742 30.49925,-30.68763 30.49898,-30.68787 30.49876,-30.68806 30.49862,-30.6883 30.49849,-30.68855 30.49843,-30.68862 30.49847,-30.68883 30.49847,-30.68896 30.49851,-30.68911 30.49854,-30.68921 30.49865,-30.68934 30.49871,-30.68939 30.49874,-30.68949 30.49874,-30.68974 30.49864,-30.68974 30.49856,-30.68975 30.49854,-30.68981 30.49854,-30.68987 30.49864,-30.68995 30.49872,-30.69 30.49872,-30.69014 30.49865,-30.69014 30.49854,-30.69018 30.49851,-30.69029 30.49847,-30.69046 30.49838,-30.69041 30.4983,-30.69037 30.49819,-30.69035 30.49817,-30.69039 30.49824,-30.69046 30.49822,-30.69055 30.49812,-30.6906 30.49812,-30.69072 30.49808,-30.6909 30.49793,-30.69098 30.49784,-30.69099 30.49775,-30.69109 30.49766,-30.69122 30.49761,-30.69147 30.49754,-30.69166 30.49751,-30.69176 30.49738,-30.69182 30.49714,-30.69183 30.49699,-30.69195 30.49688,-30.69203 30.4968,-30.69216 30.49675,-30.69228 30.49672,-30.69245 30.49668,-30.69261 30.49659,-30.69273 30.49645,-30.69289 30.49624,-30.69299 30.49605,-30.69318 30.49589,-30.69338 30.49578,-30.69356 30.49564,-30.69376 30.49557,-30.69412 30.49553,-30.69431 30.49546,-30.69453 30.49541,-30.69473 30.49538,-30.6949 30.4954,-30.69501 30.49541,-30.69504 30.49544,-30.69512 30.49543,-30.69518 30.49536,-30.69519 30.49531,-30.69524 30.49529,-30.69529 30.49524,-30.69532 30.4952,-30.69554 30.49517,-30.69571 30.49509,-30.69571 30.49499,-30.69578 30.49488,-30.69594 30.4947,-30.69612 30.4946,-30.69633 30.49453,-30.69646 30.49432,-30.69675 30.49411,-30.69713 30.49394,-30.69746 30.49368,-30.69775 30.49335,-30.69812 30.49311,-30.69846 30.49281,-30.69888 30.49261,-30.69914 30.49246,-30.69943 30.49231,-30.69966 30.49215,-30.70004 30.49208,-30.70028 30.49197,-30.70048 30.49183,-30.70078 30.49152,-30.7011 30.49128,-30.70127 30.49108,-30.70148 30.49089,-30.70173 30.49072,-30.70194 30.49053,-30.70211 30.49028,-30.70227 30.4898,-30.70252 30.48942,-30.70272 30.48909,-30.70294 30.48876,-30.70317 30.4885,-30.70335 30.48819,-30.70357 30.48806,-30.70364 30.488,-30.70364 30.48792,-30.7037 30.48783,-30.70381 30.48769,-30.70394 30.48748,-30.70412 30.48727,-30.70437 30.48713,-30.7045 30.48693,-30.7047 30.48672,-30.70484 30.48657,-30.70492 30.48636,-30.70504 30.48605,-30.70516 30.48578,-30.70534 30.4856,-30.70547 30.48542,-30.70567 30.48522,-30.70582 30.48506,-30.70598 30.48497,-30.70612 30.48487,-30.70619 30.48469,-30.70633 30.48425,-30.70669 30.48414,-30.70685 30.48395,-30.70695 30.48369,-30.70727 30.48343,-30.70758 30.48319,-30.70779 30.48298,-30.70814 30.48286,-30.7083 30.48272,-30.70861 30.48255,-30.70885 30.48248,-30.70892 30.48232,-30.70903 30.48208,-30.70931 30.48187,-30.70968 30.48162,-30.71004 30.48138,-30.71041 30.4813,-30.71063 30.48123,-30.71074 30.48111,-30.71087 30.481,-30.71104 30.48087,-30.71115 30.48068,-30.71138 30.48057,-30.7116 30.48042,-30.71185 30.48038,-30.71209 30.48035,-30.71252 30.48041,-30.71278 30.48051,-30.71318 30.48068,-30.71334 30.48068,-30.71358 30.48058,-30.71365 30.48058,-30.7137 30.48068,-30.71374 30.4809,-30.71372 30.48102,-30.71378 30.48104,-30.71388 30.48099,-30.71396 30.48116,-30.71399 30.48121,-30.71406 30.48121,-30.71416 30.48114,-30.71423 30.481,-30.71423 30.48089,-30.71427 30.48089,-30.71439 30.48083,-30.71447 30.48083,-30.7146 30.48097,-30.71469 30.48103,-30.71481 30.48096,-30.71495 30.48096,-30.715 30.48093,-30.71502 30.48082,-30.71514 30.48073,-30.71512 30.48066,-30.7152 30.48066,-30.71544 30.48062,-30.71551 30.48051,-30.71547 30.4804,-30.71544 30.48031,-30.71538 30.4802,-30.71543 30.48019,-30.71551 30.4801,-30.71555 30.47995,-30.71547 30.47986,-30.71548 30.47986,-30.71557 30.47978,-30.71559 30.47969,-30.71558 30.47967,-30.71572 30.47952,-30.71592 30.47934,-30.716 30.47922,-30.71602 30.47892,-30.71619 30.47868,-30.71638 30.47834,-30.71665 30.47803,-30.71696 30.47764,-30.7173 30.47743,-30.71756 30.47728,-30.71768 30.47701,-30.71793 30.47676,-30.71825 30.47645,-30.71858 30.47628,-30.71877 30.47609,-30.71904 30.47594,-30.71935 30.47577,-30.71977 30.47577,-30.7199 30.47578,-30.71998 30.47595,-30.71998 30.47602,-30.72005 30.47602,-30.72015 30.47597,-30.72022 30.47593,-30.7203 30.47587,-30.72037 30.4758,-30.72042 30.47576,-30.72049 30.47573,-30.72057 30.47566,-30.72063 30.47557,-30.72063 30.47553,-30.72068 30.47546,-30.7207 30.47518,-30.7207 30.47512,-30.72067 30.47501,-30.72066 30.4748,-30.7207 30.47469,-30.7208 30.47453,-30.72094 30.47442,-30.72115 30.47422,-30.7213 30.474,-30.7215 30.47376,-30.72167 30.47366,-30.72181 30.47361,-30.72194 30.47361,-30.72201 30.47358,-30.72213 30.47355,-30.72219 30.47354,-30.72229 30.47349,-30.72241 30.47345,-30.72248 30.4732,-30.72248 30.47311,-30.72254 30.47307,-30.72268 30.47303,-30.72278 30.473,-30.72281 30.47294,-30.72282 30.47282,-30.72282 30.47273,-30.72291 30.47269,-30.72299 30.47264,-30.72305 30.47257,-30.72307 30.47245,-30.72312 30.47231,-30.72317 30.4722,-30.7232 30.47204,-30.72329 30.47202,-30.72338 30.47192,-30.72348 30.47172,-30.72355 30.47154,-30.72364 30.47136,-30.72375 30.47112,-30.72397 30.47084,-30.72416 30.47061,-30.72433 30.47032,-30.72464 30.47002,-30.72486 30.46984,-30.72503 30.4697,-30.72516 30.46956,-30.72532 30.46932,-30.72551 30.46899,-30.7258 30.46875,-30.72603 30.4686,-30.72617 30.46847,-30.72629 30.46828,-30.72638 30.46802,-30.72663 30.46778,-30.72694 30.46757,-30.72724 30.46749,-30.72742 30.46745,-30.72755 30.46728,-30.72769 30.46715,-30.72787 30.46704,-30.72808 30.46691,-30.72833 30.46683,-30.72849 30.46674,-30.7286 30.46666,-30.72871 30.46673,-30.72883 30.46673,-30.72894 30.46674,-30.72899 30.46684,-30.72906 30.46687,-30.72913 30.46686,-30.72923 30.46681,-30.72932 30.46673,-30.72932 30.46667,-30.72928 30.46659,-30.7293 30.46652,-30.72943 30.46635,-30.7296 30.46625,-30.72964 30.4662,-30.72958 30.46604,-30.72958 30.46593,-30.72963 30.46593,-30.72977 30.46584,-30.72982 30.46568,-30.72988 30.46559,-30.72995 30.46542,-30.7301 30.46537,-30.73029 30.4652,-30.73044 30.46497,-30.73058 30.46471,-30.73078 30.46456,-30.73093 30.46434,-30.73112 30.46414,-30.73131 30.4639,-30.7316 30.46375,-30.73175 30.46365,-30.73181 30.46338,-30.73207 30.46323,-30.73238 30.46307,-30.73254 30.46295,-30.73279 30.46284,-30.7329 30.46262,-30.73313 30.46248,-30.73345 30.4623,-30.73368 30.46215,-30.73403 30.46195,-30.73428 30.46177,-30.73451 30.46163,-30.73479 30.46144,-30.73501 30.46129,-30.73531 30.46118,-30.73546 30.46106,-30.73552 30.46094,-30.73574 30.46084,-30.73587 30.46068,-30.73611 30.46054,-30.73625 30.46042,-30.73646 30.46022,-30.73674 30.46008,-30.7369 30.45997,-30.73716 30.45985,-30.73743 30.45967,-30.73771 30.45956,-30.73808 30.45931,-30.7385 30.45911,-30.73882 30.45891,-30.73917 30.45877,-30.73944 30.45853,-30.73983 30.45853,-30.73995 30.45848,-30.74009 30.45848,-30.74025 30.45848,-30.7403 30.45863,-30.74044 30.4588,-30.74051 30.45911,-30.74059 30.45926,-30.74071 30.45938,-30.74078 30.45949,-30.74083 30.4596,-30.74092 30.45969,-30.74107 30.45981,-30.74124 30.45988,-30.74141 30.45994,-30.74152 30.45998,-30.74163 30.46004,-30.74175 30.46005,-30.74182 30.46005,-30.74229 30.45997,-30.74253 30.45995,-30.74267 30.4599,-30.74277 30.45983,-30.74283 30.45973,-30.74283 30.4596,-30.74286 30.45956,-30.74291 30.45943,-30.74291 30.45936,-30.74297 30.45935,-30.7431 30.45932,-30.74324 30.45926,-30.74328 30.45911,-30.74329 30.4589,-30.74342 30.45866,-30.74359 30.45848,-30.74381 30.45831,-30.74402 30.45813,-30.74433 30.45794,-30.7446 30.45783,-30.74484 30.45772,-30.74509 30.45765,-30.74525 30.45765,-30.7454 30.45775,-30.74544 30.45777,-30.74561 30.4577,-30.74566 30.45763,-30.74567 30.45753,-30.74568 30.45745,-30.7458 30.45742,-30.74585 30.45735,-30.74599 30.45735,-30.74612 30.4573,-30.74613 30.45721,-30.74616 30.4572,-30.74629 30.4572,-30.7464 30.45714,-30.74647 30.4571,-30.7465 30.4571,-30.74654 30.45721,-30.7466 30.45728,-30.74665 30.4573,-30.74681 30.45727,-30.74715 30.45725,-30.74719 30.45669,-30.74719 30.45659,-30.7472 30.45649,-30.74733 30.45647,-30.74744 30.45642,-30.74753 30.45634,-30.74753 30.4563,-30.74761 30.4561,-30.74769 30.45588,-30.74774 30.45571,-30.74778 30.45551,-30.74783 30.45545,-30.74792 30.45531,-30.74806 30.45521,-30.74823 30.45509,-30.74843 30.45499,-30.74868 30.45492,-30.74892 30.45471,-30.74911 30.45448,-30.74928 30.45433,-30.74941 30.45416,-30.74954 30.45401,-30.74958 30.45392,-30.74958 30.45382,-30.74968 30.4537,-30.7499 30.45357,-30.75013 30.45347,-30.75032 30.45333,-30.75046 30.45316,-30.75075 30.45308,-30.75098 30.45292,-30.75118 30.45282,-30.75135 30.45268,-30.7515 30.45249,-30.75179 30.45233,-30.75197 30.45219,-30.75207 30.45209,-30.75215 30.4519,-30.75233 30.45183,-30.75247 30.45174,-30.7526 30.45163,-30.75273 30.45155,-30.75288 30.45131,-30.75301 30.45111,-30.75312 30.45079,-30.75329 30.4506,-30.75333 30.45046,-30.75342 30.45018,-30.75364 30.45001,-30.75381 30.44977,-30.75392 30.44958,-30.75413 30.44939,-30.75426 30.4492,-30.75458 30.44914,-30.75471 30.44904,-30.75482 30.44887,-30.75505 30.44872,-30.75527 30.44851,-30.75548 30.44841,-30.75561 30.44827,-30.75571 30.44811,-30.75591 30.44796,-30.75617 30.44785,-30.75638 30.44775,-30.75659 30.44769,-30.75681 30.44766,-30.75716 30.44768,-30.75738 30.44772,-30.75756 30.44783,-30.75775 30.4479,-30.75787 30.44794,-30.75791 30.44803,-30.75801 30.44814,-30.75804 30.44831,-30.75815 30.44831,-30.75824 30.44824,-30.75831 30.44816,-30.75832 30.44809,-30.75832 30.44809,-30.75841 30.4482,-30.75846 30.44827,-30.75849 30.44827,-30.7586 30.4481,-30.7586 30.44802,-30.75865 30.44811,-30.75875 30.44821,-30.7588 30.44823,-30.75886 30.44817,-30.75893 30.44807,-30.75896 30.44806,-30.759 30.44809,-30.75912 30.44809,-30.7592 30.44795,-30.75924 30.4479,-30.75932 30.44816,-30.75938 30.4482,-30.75943 30.44813,-30.75952 30.448,-30.75952 30.4479,-30.75956 30.4479,-30.7597 30.44789,-30.7598 30.44779,-30.75983 30.44772,-30.75991 30.44772,-30.75998 30.44769,-30.76007 30.44762,-30.76011 30.44762,-30.76015 30.44761,-30.76029 30.44752,-30.76035 30.44737,-30.76035 30.44726,-30.76026 30.44712,-30.76026 30.44699,-30.76035 30.44691,-30.76043 30.44678,-30.7606 30.44669,-30.76078 30.44667,-30.76091 30.44672,-30.76108 30.44683,-30.76116 30.44696,-30.76132 30.44709,-30.76137 30.44724,-30.76147 30.44724,-30.76157 30.44723,-30.76167 30.44716,-30.76168 30.44705,-30.76168 30.44703,-30.76178 30.447,-30.76187 30.44693,-30.76187 30.44676,-30.76181 30.44669,-30.76188 30.44669,-30.76204 30.44662,-30.76208 30.44648,-30.76204 30.44643,-30.76197 30.44629,-30.76185 30.44612,-30.76184 30.44606,-30.76188 30.44606,-30.76205 30.44617,-30.76215 30.44629,-30.76225 30.44634,-30.76237 30.44636,-30.76247 30.44627,-30.76249 30.4462,-30.76249 30.4461,-30.76239 30.44599,-30.76239 30.44598,-30.76253 30.44613,-30.76258 30.44617,-30.76264 30.44617,-30.76267 30.44608,-30.76267 30.44601,-30.76264 30.44585,-30.76264 30.44585,-30.7627 30.44589,-30.76277 30.44601,-30.76282 30.44608,-30.76292 30.44608,-30.76298 30.44605,-30.76301 30.44595,-30.76298 30.44584,-30.76298 30.44584,-30.76306 30.44599,-30.7631 30.44606,-30.76316 30.44606,-30.76327 30.44602,-30.76331 30.44595,-30.76331 30.44586,-30.76336 30.44584,-30.76351 30.44574,-30.76357 30.44565,-30.76353 30.44556,-30.76347 30.44546,-30.76336 30.44541,-30.7633 30.44536,-30.76337 30.44529,-30.76344 30.44516,-30.76348 30.44512,-30.76357 30.44498,-30.76375 30.44485,-30.76386 30.44467,-30.76398 30.44459,-30.76412 30.44456,-30.76455 30.44454,-30.76485 30.44467,-30.765 30.4447,-30.76506 30.4447,-30.76513 30.44454,-30.76518 30.44454,-30.76524 30.4447,-30.76527 30.44475,-30.7653 30.44477,-30.76541 30.44473,-30.76552 30.44459,-30.76552 30.44444,-30.76549 30.4444,-30.76554 30.4445,-30.76562 30.44451,-30.76569 30.44451,-30.76575 30.4444,-30.76578 30.44429,-30.76576 30.44418,-30.76572 30.44418,-30.76586 30.44426,-30.76592 30.44432,-30.76596 30.44433,-30.76608 30.44428,-30.76618 30.44414,-30.76614 30.44404,-30.76608 30.44397,-30.76608 30.44397,-30.76618 30.44404,-30.76627 30.44408,-30.76635 30.44407,-30.76638 30.44397,-30.76638 30.44388,-30.76632 30.4438,-30.76632 30.4438,-30.76642 30.44388,-30.76651 30.44392,-30.76658 30.44391,-30.76666 30.44367,-30.76666 30.44356,-30.76659 30.44352,-30.76666 30.4435,-30.76676 30.44354,-30.76683 30.44356,-30.76696 30.44335,-30.76693 30.44326,-30.76689 30.44324,-30.767 30.44332,-30.76714 30.44333,-30.76724 30.44318,-30.76724 30.44308,-30.76715 30.44293,-30.7671 30.44281,-30.76698 30.44269,-30.76698 30.44252,-30.76728 30.44241,-30.76745 30.44224,-30.76765 30.4421,-30.76784 30.44207,-30.76804 30.44194,-30.76822 30.44183,-30.76838 30.44175,-30.76849 30.44173,-30.76862 30.4418,-30.76874 30.4418,-30.76892 30.44179,-30.76901 30.44175,-30.76905 30.44172,-30.76905 30.44166,-30.76901 30.44153,-30.76894 30.44148,-30.769 30.44158,-30.76912 30.44165,-30.76923 30.44165,-30.76933 30.44159,-30.76937 30.44151,-30.76935 30.4412,-30.76929 30.44113,-30.76932 30.44099,-30.76945 30.44075,-30.76957 30.44054,-30.76973 30.44033,-30.7699 30.44018,-30.77008 30.4401,-30.77023 30.43979,-30.77047 30.43989,-30.77057 30.43995,-30.77064 30.43986,-30.77081 30.4398,-30.77075 30.43965,-30.77065 30.43962,-30.77072 30.43966,-30.77082 30.43969,-30.77087 30.43966,-30.77096 30.43958,-30.77095 30.43954,-30.77101 30.43959,-30.77103 30.43943,-30.7712 30.43931,-30.77112 30.43923,-30.77102 30.43914,-30.77103 30.43916,-30.77113 30.43917,-30.77123 30.43906,-30.77132 30.43895,-30.77126 30.43889,-30.77122 30.43886,-30.77126 30.43869,-30.77123 30.43861,-30.77115 30.43854,-30.77103 30.43843,-30.77099 30.43823,-30.77117 30.43805,-30.77136 30.43779,-30.77158 30.43748,-30.77177 30.43726,-30.77199 30.43698,-30.77222 30.43667,-30.77234 30.43654,-30.77244 30.43637,-30.77261 30.43621,-30.77279 30.43597,-30.77309 30.43578,-30.7733 30.43553,-30.77356 30.43538,-30.77383 30.43512,-30.77424 30.43493,-30.77453 30.43467,-30.77498 30.4345,-30.77534 30.43445,-30.77565 30.43445,-30.77586 30.43456,-30.7759 30.43467,-30.77593 30.43473,-30.77603 30.43459,-30.77608 30.43443,-30.77608 30.43443,-30.77618 30.43449,-30.77625 30.43456,-30.77633 30.43449,-30.77645 30.43439,-30.77639 30.43432,-30.77639 30.43432,-30.77653 30.43425,-30.77659 30.43417,-30.7765 30.43407,-30.77645 30.43393,-30.77676 30.43384,-30.7767 30.4338,-30.77668 30.43368,-30.77668 30.43362,-30.77674 30.43348,-30.77689 30.43335,-30.77707 30.43313,-30.7773 30.43292,-30.77753 30.43271,-30.77778 30.43253,-30.77794 30.43238,-30.77817 30.43229,-30.77841 30.43213,-30.77863 30.43212,-30.77882 30.43222,-30.77895 30.4323,-30.77898 30.43234,-30.77909 30.43234,-30.7792 30.43228,-30.77924 30.43226,-30.77929 30.43229,-30.77933 30.43231,-30.77941 30.43225,-30.77946 30.43214,-30.77946 30.43211,-30.77955 30.43217,-30.77961 30.4322,-30.7797 30.43215,-30.77978 30.43205,-30.77979 30.43197,-30.77981 30.432,-30.77986 30.43205,-30.77994 30.43205,-30.78007 30.43194,-30.78009 30.43176,-30.78009 30.43161,-30.78019 30.43148,-30.78038 30.43142,-30.78051 30.4314,-30.78064 30.43138,-30.78079 30.43131,-30.78092 30.43122,-30.78103 30.4311,-30.78109 30.43092,-30.78116 30.43072,-30.7813 30.43047,-30.78145 30.4302,-30.78153 30.42998,-30.7816 30.42978,-30.78173 30.42966,-30.78182 30.42938,-30.78192 30.42912,-30.78204 30.42892,-30.7822 30.4288,-30.78233 30.42858,-30.78251 30.4284,-30.78273 30.42829,-30.78294 30.42814,-30.78313 30.42794,-30.78337 30.42778,-30.78356 30.42755,-30.78373 30.42733,-30.7839 30.42714,-30.78406 30.42691,-30.78423 30.42674,-30.78436 30.42657,-30.78457 30.42645,-30.78477 30.42619,-30.78492 30.42596,-30.78511 30.42582,-30.78529 30.42564,-30.78548 30.42555,-30.78557 30.42538,-30.78566 30.42518,-30.78584 30.42506,-30.78601 30.42487,-30.78624 30.42472,-30.78647 30.42447,-30.78678 30.42422,-30.78712 30.42403,-30.78744 30.42381,-30.78776 30.42363,-30.78808 30.42351,-30.78839 30.42342,-30.78874 30.42345,-30.78899 30.42351,-30.78912 30.42359,-30.78927 30.4237,-30.78933 30.42385,-30.78942 30.42393,-30.78951 30.42399,-30.78967 30.42398,-30.78988 30.42393,-30.79009 30.42384,-30.79032 30.42367,-30.79038 30.42356,-30.79033 30.42352,-30.7903 30.42345,-30.79025 30.4234,-30.79033 30.4235,-30.79051 30.42348,-30.79057 30.42348,-30.79061 30.42347,-30.79064 30.42335,-30.79067 30.42335,-30.79073 30.42339,-30.79077 30.42344,-30.79083 30.42342,-30.7909 30.42329,-30.79092 30.42325,-30.79088 30.42316,-30.79086 30.42314,-30.79097 30.42317,-30.79102 30.42322,-30.79104 30.42327,-30.79111 30.42327,-30.79118 30.42316,-30.79127 30.42301,-30.79127 30.42297,-30.79131 30.42297,-30.79135 30.423,-30.79146 30.423,-30.79153 30.4229,-30.79153 30.42285,-30.79156 30.42284,-30.79164 30.42284,-30.79168 30.42271,-30.79171 30.42265,-30.7917 30.42263,-30.79168 30.42256,-30.79172 30.42246,-30.79185 30.42237,-30.79199 30.42222,-30.79218 30.42214,-30.7923 30.42212,-30.79253 30.42211,-30.79264 30.42209,-30.79281 30.42206,-30.79297 30.42191,-30.79312 30.42178,-30.79326 30.42175,-30.79334 30.42168,-30.7935 30.42168,-30.79367 30.4217,-30.79379 30.42172,-30.79388 30.42182,-30.79404 30.42194,-30.79406 30.42208,-30.79406 30.42213,-30.79411 30.42213,-30.79417 30.42207,-30.79427 30.4221,-30.79434 30.42218,-30.79436 30.42224,-30.7944 30.42226,-30.79445 30.4222,-30.7945 30.42206,-30.79453 30.42194,-30.79453 30.42194,-30.79457 30.42196,-30.79462 30.42199,-30.79466 30.42203,-30.79469 30.42202,-30.79477 30.42201,-30.79482 30.42189,-30.79481 30.42182,-30.79479 30.42179,-30.79476 30.42176,-30.79472 30.42169,-30.7947 30.42164,-30.79478 30.42166,-30.79483 30.4217,-30.79486 30.42174,-30.79493 30.4217,-30.79498 30.42159,-30.795 30.42153,-30.79497 30.42148,-30.79497 30.42144,-30.79504 30.42142,-30.79511 30.42133,-30.79515 30.42127,-30.79518 30.42129,-30.79524 30.42134,-30.79532 30.42134,-30.79543 30.42125,-30.7955 30.42117,-30.79551 30.42107,-30.7956 30.42104,-30.79566 30.42087,-30.79574 30.42079,-30.79577 30.42065,-30.79584 30.42057,-30.79586 30.42051,-30.79596 30.4204,-30.79596 30.42035,-30.79594 30.4203,-30.79591 30.42023,-30.79586 30.42001,-30.79586 30.41991,-30.79598 30.41977,-30.7961 30.4196,-30.79632 30.41937,-30.79655 30.41912,-30.79679 30.41893,-30.79704 30.41877,-30.79727 30.41863,-30.79745 30.41853,-30.79761 30.41843,-30.79778 30.41834,-30.79802 30.41836,-30.79822 30.41839,-30.79837 30.41845,-30.79846 30.41852,-30.79856 30.41849,-30.79868 30.41829,-30.79884 30.4182,-30.79894 30.41805,-30.79908 30.41789,-30.7992 30.41771,-30.79941 30.41757,-30.79968 30.41748,-30.79988 30.41738,-30.80005 30.41726,-30.80026 30.41716,-30.80049 30.41713,-30.80061 30.41711,-30.80075 30.41697,-30.80083 30.41687,-30.8009 30.41681,-30.80098 30.41685,-30.8011 30.41678,-30.80123 30.41672,-30.80128 30.41672,-30.80137 30.41667,-30.80147 30.41665,-30.80157 30.41661,-30.80166 30.41656,-30.80172 30.4165,-30.80175 30.41648,-30.80179 30.41647,-30.80186 30.41646,-30.80195 30.41646,-30.80213 30.4164,-30.80219 30.41634,-30.80217 30.41627,-30.80214 30.41624,-30.80221 30.41625,-30.80226 30.41625,-30.80241 30.4162,-30.80244 30.41607,-30.8024 30.41603,-30.80239 30.416,-30.80234 30.41593,-30.80234 30.41588,-30.80239 30.41588,-30.80245 30.41571,-30.80253 30.41564,-30.80251 30.41562,-30.80249 30.41558,-30.80247 30.41543,-30.80247 30.41539,-30.80244 30.41534,-30.8024 30.41527,-30.8024 30.41512,-30.80249 30.41489,-30.80273 30.41475,-30.80288 30.41459,-30.80304 30.41447,-30.80325 30.41437,-30.80337 30.41437,-30.80353 30.4144,-30.80365 30.41445,-30.80371 30.41454,-30.80377 30.41463,-30.80384 30.41464,-30.80394 30.41458,-30.804 30.41449,-30.804 30.41443,-30.80396 30.41437,-30.80399 30.41429,-30.80407 30.4142,-30.80407 30.41414,-30.80406 30.41411,-30.80405 30.41407,-30.80402 30.41401,-30.80402 30.41392,-30.80409 30.41377,-30.80426 30.41356,-30.80445 30.41335,-30.80463 30.41318,-30.80482 30.41305,-30.80504 30.41296,-30.80531 30.41284,-30.80558 30.4128,-30.80592 30.4128,-30.80617 30.41274,-30.80654 30.41271,-30.80686 30.41266,-30.80724 30.41265,-30.80755 30.41263,-30.80774 30.41266,-30.80794 30.41272,-30.80817 30.41282,-30.80847 30.41293,-30.80864 30.41303,-30.80871 30.41316,-30.80874 30.41324,-30.8087 30.41327,-30.80867 30.4133,-30.80862 30.41346,-30.8086 30.41355,-30.80856 30.41362,-30.8085 30.41373,-30.80845 30.41381,-30.80849 30.41389,-30.80861 30.41389,-30.80903 30.4137,-30.8092 30.41359,-30.8093 30.41348,-30.8093 30.41343,-30.8094 30.41344,-30.80947 30.41346,-30.80955 30.41344,-30.80961 30.41332,-30.8096 30.41327,-30.80956 30.4132,-30.80956 30.41316,-30.80957 30.41316,-30.80972 30.41319,-30.80979 30.41319,-30.80986 30.41313,-30.80989 30.41307,-30.80987 30.41299,-30.80985 30.41295,-30.8099 30.41296,-30.80995 30.41296,-30.81005 30.41289,-30.81011 30.41281,-30.81011 30.41279,-30.81008 30.41271,-30.81005 30.41266,-30.81009 30.41266,-30.81038 30.41245,-30.81048 30.4124,-30.81051 30.41236,-30.81061 30.41228,-30.81065 30.41218,-30.81065 30.41212,-30.81061 30.41206,-30.81058 30.412,-30.81059 30.41181,-30.81064 30.41167,-30.81071 30.4116,-30.81083 30.41153,-30.8109 30.41147,-30.81106 30.4114,-30.81129 30.41141,-30.81144 30.4115,-30.81161 30.41159,-30.81171 30.41163,-30.81181 30.41169,-30.81188 30.41177,-30.81195 30.41178,-30.81204 30.41183,-30.81211 30.41183,-30.81218 30.41171,-30.81218 30.41165,-30.81219 30.41166,-30.81227 30.41172,-30.8123 30.41181,-30.81231 30.41188,-30.81234 30.41193,-30.81238 30.41194,-30.81246 30.41188,-30.8125 30.41177,-30.81252 30.41165,-30.81252 30.41161,-30.81255 30.41164,-30.81262 30.41168,-30.81264 30.41175,-30.8127 30.41178,-30.81278 30.4118,-30.81287 30.41168,-30.81292 30.41154,-30.81297 30.41155,-30.81303 30.4116,-30.81309 30.41169,-30.81314 30.41172,-30.81322 30.41172,-30.81327 30.41158,-30.81331 30.41152,-30.81331 30.41148,-30.81335 30.41151,-30.81341 30.41156,-30.81345 30.41166,-30.81347 30.41173,-30.81355 30.41161,-30.81368 30.4115,-30.8137 30.4115,-30.81377 30.41155,-30.81382 30.41164,-30.81388 30.41163,-30.81404 30.41146,-30.81409 30.41137,-30.81409 30.41127,-30.81399 30.41122,-30.81398 30.41121,-30.81402 30.41121,-30.81418 30.41117,-30.8143 30.41117,-30.81456 30.41109,-30.81464 30.41094,-30.81472 30.41088,-30.81472 30.41083,-30.81474 30.41076,-30.8148 30.41076,-30.81485 30.41077,-30.81492 30.41073,-30.81499 30.41067,-30.81503 30.4106,-30.81503 30.41052,-30.81504 30.41052,-30.8151 30.41055,-30.81513 30.41055,-30.81519 30.41047,-30.81533 30.41037,-30.81533 30.41031,-30.81528 30.41024,-30.81528 30.4102,-30.81535 30.41022,-30.81543 30.4102,-30.81549 30.41009,-30.8155 30.41003,-30.81548 30.4099,-30.81548 30.40989,-30.81553 30.4099,-30.81558 30.40992,-30.81565 30.40988,-30.81573 30.40975,-30.81577 30.40968,-30.81572 30.40962,-30.81567 30.40956,-30.81567 30.40955,-30.81573 30.40955,-30.8158 30.4095,-30.81586 30.40936,-30.81592 30.40928,-30.81588 30.40921,-30.81592 30.40913,-30.81603 30.40913,-30.8161 30.40912,-30.81618 30.40898,-30.81621 30.40892,-30.81618 30.40886,-30.81618 30.40884,-30.81625 30.40884,-30.81634 30.40888,-30.81642 30.40885,-30.81652 30.40867,-30.8166 30.40864,-30.81658 30.40858,-30.81652 30.40851,-30.81651 30.40846,-30.81651 30.40846,-30.81658 30.40848,-30.81661 30.40848,-30.8167 30.40847,-30.81676 30.4084,-30.81679 30.40831,-30.81678 30.40827,-30.81675 30.4082,-30.81671 30.40813,-30.81676 30.40814,-30.81681 30.40814,-30.81692 30.40806,-30.81701 30.40794,-30.81701 30.40791,-30.81698 30.40787,-30.81696 30.40781,-30.81696 30.40777,-30.81698 30.4077,-30.81703 30.40769,-30.8171 30.40767,-30.81717 30.40764,-30.81721 30.40753,-30.81717 30.40745,-30.8171 30.40732,-30.81705 30.40725,-30.81704 30.40713,-30.81712 30.40713,-30.81729 30.40706,-30.81734 30.40696,-30.8173 30.40689,-30.81725 30.40681,-30.81718 30.40672,-30.81718 30.40669,-30.81723 30.40669,-30.81734 30.40666,-30.81742 30.40662,-30.81745 30.4065,-30.81748 30.40644,-30.81744 30.40635,-30.8174 30.4063,-30.81741 30.4063,-30.81748 30.40631,-30.81755 30.40634,-30.81759 30.40637,-30.81767 30.40637,-30.81777 30.40629,-30.81782 30.40608,-30.81777 30.40606,-30.81784 30.40613,-30.81791 30.40621,-30.81793 30.40628,-30.81798 30.40629,-30.81806 30.40627,-30.81809 30.40613,-30.81808 30.40603,-30.81807 30.40595,-30.81807 30.40589,-30.81809 30.40589,-30.81822 30.40594,-30.81829 30.406,-30.81834 30.40603,-30.81845 30.40601,-30.81854 30.40592,-30.8186 30.40582,-30.81861 30.40579,-30.81863 30.40566,-30.81876 30.40559,-30.81891 30.40552,-30.81911 30.40542,-30.81929 30.40535,-30.8195 30.40529,-30.81964 30.40528,-30.81976 30.40521,-30.81997 30.40519,-30.8202 30.4052,-30.82027 30.40523,-30.82038 30.40532,-30.82043 30.40547,-30.82045 30.40558,-30.8205 30.40563,-30.82058 30.40575,-30.82061 30.40589,-30.82062 30.40601,-30.82066 30.40605,-30.82073 30.40614,-30.82076 30.40622,-30.82078 30.40632,-30.82081 30.4064,-30.82087 30.40648,-30.82089 30.40661,-30.82093 30.40664,-30.821 30.40666,-30.82108 30.40666,-30.82117 30.4067,-30.82124 30.40674,-30.82139 30.40673,-30.82149 30.4066,-30.82153 30.40654,-30.82153 30.40654,-30.82157 30.40669,-30.82166 30.40667,-30.82172 30.40665,-30.8218 30.40663,-30.82183 30.40656,-30.82187 30.40647,-30.82185 30.4064,-30.8218 30.40631,-30.8218 30.40626,-30.82189 30.40626,-30.822 30.40631,-30.82206 30.40638,-30.82209 30.40644,-30.82218 30.4064,-30.82229 30.40627,-30.82236 30.40614,-30.8224 30.40615,-30.82246 30.40625,-30.82259 30.4063,-30.82262 30.40632,-30.82269 30.40625,-30.82276 30.40615,-30.82276 30.40604,-30.82273 30.40601,-30.8228 30.40604,-30.82285 30.40616,-30.82288 30.40621,-30.82298 30.40621,-30.82308 30.4062,-30.82316 30.40614,-30.82323 30.40611,-30.82333 30.406,-30.82338 30.40592,-30.82338 30.40586,-30.8234 30.40587,-30.8235 30.40591,-30.82353 30.40594,-30.82355 30.40598,-30.82364 30.40597,-30.8237 30.40589,-30.82373 30.40577,-30.82369 30.40573,-30.8237 30.40573,-30.82379 30.40577,-30.82385 30.40582,-30.82393 30.40577,-30.82408 30.40572,-30.82412 30.40566,-30.82419 30.40558,-30.8242 30.40556,-30.82423 30.40558,-30.82426 30.40562,-30.82428 30.40573,-30.82429 30.4058,-30.82436 30.40577,-30.82448 30.40568,-30.8245 30.40561,-30.8245 30.40553,-30.82446 30.40547,-30.82444 30.40541,-30.82446 30.40541,-30.82456 30.40542,-30.8246 30.40553,-30.82472 30.40552,-30.82481 30.40538,-30.82484 30.40534,-30.82482 30.40526,-30.8248 30.4052,-30.82485 30.4052,-30.82499 30.40523,-30.82505 30.40525,-30.82513 30.40525,-30.82521 30.40513,-30.8252 30.40505,-30.82522 30.40505,-30.82527 30.40506,-30.82533 30.40512,-30.82536 30.40517,-30.82542 30.40516,-30.82551 30.40509,-30.82553 30.405,-30.82556 30.40501,-30.82563 30.40509,-30.82567 30.40515,-30.82573 30.40518,-30.82582 30.40514,-30.8259 30.40504,-30.82594 30.40504,-30.82602 30.40507,-30.82607 30.40512,-30.82609 30.40519,-30.82609 30.40528,-30.82612 30.40533,-30.82616 30.40534,-30.82624 30.40532,-30.82631 30.40521,-30.82636 30.4051,-30.82635 30.40507,-30.82634 30.40503,-30.82637 30.40503,-30.82646 30.40509,-30.82651 30.40514,-30.82655 30.40519,-30.8266 30.40522,-30.82665 30.40519,-30.82672 30.40513,-30.82672 30.40506,-30.82668 30.40497,-30.82665 30.40489,-30.82666 30.40485,-30.82671 30.40482,-30.82683 30.40485,-30.82687 30.4049,-30.82694 30.4049,-30.82701 30.40485,-30.8271 30.40475,-30.82706 30.40468,-30.82705 30.40465,-30.82703 30.40459,-30.82695 30.40454,-30.82692 30.40447,-30.82693 30.40445,-30.82707 30.40449,-30.82716 30.40457,-30.82721 30.40468,-30.82721 30.4048,-30.82722 30.40486,-30.82728 30.40486,-30.82739 30.40475,-30.82744 30.40465,-30.82744 30.40459,-30.82742 30.40456,-30.82736 30.4045,-30.82731 30.4044,-30.82732 30.4044,-30.82743 30.40444,-30.82753 30.40456,-30.82758 30.40465,-30.82761 30.40472,-30.82762 30.40478,-30.82771 30.40478,-30.82778 30.40467,-30.8278 30.40459,-30.82779 30.40449,-30.82778 30.40444,-30.82781 30.40445,-30.82788 30.40452,-30.82793 30.40462,-30.82799 30.40464,-30.82807 30.40454,-30.82812 30.40442,-30.82812 30.40435,-30.82807 30.40427,-30.82804 30.4042,-30.82804 30.4042,-30.82812 30.40424,-30.82818 30.40432,-30.82823 30.4044,-30.82825 30.40451,-30.8283 30.40451,-30.82836 30.4045,-30.82843 30.40442,-30.82843 30.40434,-30.82848 30.40431,-30.82851 30.40423,-30.82857 30.40415,-30.82854 30.40411,-30.82852 30.40407,-30.82848 30.40406,-30.82845 30.40406,-30.8284 30.40401,-30.82835 30.4039,-30.82835 30.40383,-30.82841 30.40378,-30.8285 30.40382,-30.82855 30.40382,-30.82865 30.40381,-30.82872 30.40375,-30.82873 30.40366,-30.82872 30.40358,-30.82866 30.40352,-30.82868 30.40345,-30.82875 30.4034,-30.82882 30.40341,-30.82889 30.4035,-30.82898 30.40356,-30.82906 30.40349,-30.82915 30.40334,-30.82915 30.40327,-30.82912 30.40322,-30.82916 30.40325,-30.82923 30.40326,-30.82933 30.40322,-30.82939 30.40314,-30.82944 30.40305,-30.82944 30.40302,-30.82945 30.403,-30.82953 30.40296,-30.8296 30.40286,-30.82964 30.40283,-30.82963 30.4028,-30.8296 30.40278,-30.82956 30.40274,-30.82949 30.40267,-30.82949 30.40264,-30.8295 30.40264,-30.82961 30.40266,-30.82966 30.40271,-30.82974 30.4027,-30.8298 30.40261,-30.82985 30.40254,-30.82985 30.4025,-30.82981 30.40246,-30.82978 30.4024,-30.82978 30.40237,-30.8298 30.4023,-30.82983 30.40225,-30.82988 30.40223,-30.82997 30.40228,-30.83 30.40237,-30.83004 30.40237,-30.83017 30.40229,-30.83023 30.40213,-30.83032 30.40206,-30.83028 30.40202,-30.83023 30.40197,-30.83023 30.40195,-30.83029 30.402,-30.8304 30.40206,-30.83049 30.40207,-30.83061 30.40193,-30.83065 30.40187,-30.83056 30.4017,-30.83056 30.40165,-30.83066 30.40166,-30.83075 30.40164,-30.83086 30.40146,-30.83091 30.40139,-30.8309 30.40135,-30.83086 30.40131,-30.83081 30.40123,-30.83076 30.40119,-30.83084 30.40113,-30.83095 30.40104,-30.83104 30.40098,-30.83104 30.40093,-30.83101 30.40087,-30.83097 30.40084,-30.83092 30.40075,-30.83087 30.40071,-30.83087 30.40064,-30.83095 30.40064,-30.83115 30.40059,-30.8312 30.40044,-30.8312 30.40042,-30.8313 30.40043,-30.83138 30.40048,-30.83143 30.40054,-30.83148 30.40058,-30.83157 30.40048,-30.83161 30.40041,-30.83156 30.40035,-30.83159 30.40035,-30.83167 30.40036,-30.83171 30.40041,-30.83176 30.40044,-30.83186 30.40041,-30.83205 30.40035,-30.83205 30.40028,-30.83203 30.40022,-30.83204 30.40016,-30.83213 30.40017,-30.83218 30.40021,-30.83228 30.40015,-30.83238 30.40007,-30.83236 30.40003,-30.83234 30.39987,-30.83234 30.39981,-30.8324 30.39979,-30.83253 30.39982,-30.83258 30.39985,-30.83264 30.39985,-30.83272 30.39976,-30.83277 30.39969,-30.83276 30.39956,-30.8327 30.39945,-30.83276 30.39943,-30.83289 30.3994,-30.83304 30.39928,-30.83316 30.39918,-30.83316 30.39913,-30.83311 30.39908,-30.83306 30.399,-30.83312 30.39902,-30.83318 30.39908,-30.83326 30.39912,-30.83338 30.39905,-30.83347 30.39893,-30.83348 30.39888,-30.83344 30.39882,-30.83342 30.39876,-30.83349 30.39876,-30.83358 30.39873,-30.83367 30.39863,-30.83378 30.39854,-30.83378 30.39852,-30.83373 30.3985,-30.83366 30.39847,-30.83358 30.39847,-30.83353 30.39836,-30.83349 30.39828,-30.83349 30.39823,-30.83361 30.39823,-30.83366 30.3983,-30.83372 30.39833,-30.83387 30.39831,-30.83393 30.39814,-30.83393 30.39802,-30.83389 30.39795,-30.83388 30.39786,-30.83388 30.39776,-30.83397 30.3977,-30.8341 30.39754,-30.83413 30.39745,-30.83412 30.39739,-30.83405 30.39735,-30.83404 30.3973,-30.83404 30.39724,-30.83407 30.39726,-30.83418 30.39731,-30.83427 30.39726,-30.83442 30.39714,-30.83442 30.39708,-30.83441 30.39702,-30.83437 30.39696,-30.83437 30.39695,-30.83443 30.39695,-30.83465 30.39691,-30.83469 30.39682,-30.83471 30.39675,-30.83471 30.39669,-30.83465 30.39658,-30.83459 30.39638,-30.83459 30.39622,-30.83457 30.39605,-30.83457 30.39593,-30.8346 30.39577,-30.83473 30.39561,-30.83498 30.3955,-30.83526 30.39542,-30.83548 30.39533,-30.83566 30.39517,-30.83579 30.39512,-30.83595 30.39513,-30.83615 30.39517,-30.83624 30.39528,-30.8363 30.39542,-30.83634 30.39561,-30.83643 30.39569,-30.83648 30.39587,-30.83654 30.39599,-30.83656 30.39609,-30.8366 30.39622,-30.83668 30.3963,-30.83676 30.39633,-30.83687 30.39632,-30.83695 30.39614,-30.837 30.39614,-30.83708 30.3962,-30.83713 30.39627,-30.8372 30.39634,-30.83728 30.39634,-30.83737 30.39627,-30.83743 30.39616,-30.83743 30.39616,-30.83753 30.39631,-30.83764 30.39631,-30.83774 30.3962,-30.8378 30.39613,-30.83779 30.39611,-30.83789 30.39619,-30.83795 30.3963,-30.83802 30.39631,-30.83814 30.3962,-30.83827 30.39609,-30.83822 30.39601,-30.83823 30.39601,-30.83832 30.39612,-30.83844 30.39612,-30.83857 30.39601,-30.83875 30.3959,-30.83875 30.39584,-30.8388 30.39589,-30.83895 30.39593,-30.83901 30.39587,-30.83911 30.39572,-30.83907 30.39567,-30.83902 30.39558,-30.83902 30.39552,-30.83908 30.39553,-30.83918 30.39558,-30.83923 30.39562,-30.83931 30.39558,-30.83942 30.39543,-30.8394 30.39534,-30.83956 30.39534,-30.83965 30.39537,-30.83979 30.3953,-30.83981 30.39522,-30.83979 30.39518,-30.83979 30.39513,-30.83984 30.39513,-30.83988 30.39522,-30.84001 30.3952,-30.84013 30.39515,-30.84025 30.39511,-30.8403 30.39503,-30.8403 30.395,-30.84034 30.39502,-30.84042 30.39515,-30.84049 30.39515,-30.84061 30.39508,-30.8407 30.39497,-30.84071 30.39492,-30.84068 30.39486,-30.84062 30.39475,-30.84058 30.39475,-30.84064 30.39478,-30.84073 30.39488,-30.84079 30.39495,-30.84095 30.39488,-30.84103 30.39481,-30.84099 30.39474,-30.84099 30.39469,-30.84101 30.3947,-30.84113 30.39471,-30.8413 30.39469,-30.84138 30.39461,-30.84138 30.39446,-30.84133 30.39442,-30.84143 30.39445,-30.84158 30.39451,-30.84164 30.39459,-30.8417 30.39459,-30.8418 30.39451,-30.84183 30.39444,-30.8418 30.39438,-30.84175 30.39431,-30.84175 30.39431,-30.84186 30.39433,-30.84194 30.39439,-30.84208 30.39428,-30.84212 30.39425,-30.84208 30.39419,-30.84207 30.39409,-30.84209 30.39408,-30.84218 30.39412,-30.84224 30.39417,-30.84228 30.39426,-30.84234 30.3943,-30.84241 30.39425,-30.84252 30.39405,-30.84247 30.39394,-30.84247 30.39392,-30.84256 30.39393,-30.84266 30.39398,-30.84269 30.394,-30.8428 30.39394,-30.84288 30.39381,-30.84299 30.39381,-30.84307 30.39388,-30.84309 30.394,-30.84313 30.39407,-30.84319 30.39408,-30.8433 30.39408,-30.84335 30.39402,-30.84343 30.39395,-30.84341 30.39387,-30.84333 30.39379,-30.84327 30.3937,-30.84327 30.39362,-30.84332 30.39362,-30.84344 30.39369,-30.8435 30.39376,-30.84352 30.39383,-30.8436 30.39382,-30.84374 30.39368,-30.84377 30.39361,-30.84384 30.39346,-30.8439 30.3934,-30.84387 30.39337,-30.84382 30.39333,-30.84378 30.3933,-30.84378 30.39329,-30.84383 30.3933,-30.84394 30.39341,-30.84405 30.3934,-30.84408 30.39337,-30.84415 30.39323,-30.84425 30.39313,-30.84422 30.39312,-30.8441 30.39311,-30.84401 30.39302,-30.84401 30.39292,-30.84402 30.39292,-30.84413 30.39294,-30.84432 30.39283,-30.84444 30.39279,-30.84439 30.39274,-30.84432 30.39268,-30.84426 30.39262,-30.84426 30.39262,-30.84435 30.39261,-30.84444 30.3926,-30.8445 30.39249,-30.84451 30.39242,-30.8445 30.39237,-30.84445 30.3923,-30.84444 30.39226,-30.84446 30.39226,-30.84454 30.39225,-30.84463 30.39213,-30.8447 30.3921,-30.84483 30.3921,-30.84495 30.39211,-30.84501 30.39221,-30.84502 30.3923,-30.84502 30.39241,-30.84504 30.39249,-30.84509 30.39252,-30.84521 30.39245,-30.84528 30.3923,-30.84531 30.3922,-30.84531 30.39214,-30.84532 30.39194,-30.84531 30.39186,-30.84531 30.39183,-30.8454 30.39185,-30.84546 30.39189,-30.84553 30.39189,-30.84563 30.39185,-30.84569 30.3918,-30.84576 30.39164,-30.84581 30.39158,-30.84579 30.3915,-30.84581 30.3915,-30.84587 30.39157,-30.84591 30.39164,-30.84592 30.39169,-30.84597 30.39164,-30.84608 30.39161,-30.84614 30.39157,-30.84621 30.39139,-30.84625 30.39133,-30.8462 30.39129,-30.84621 30.39129,-30.84627 30.39127,-30.8464 30.39125,-30.84652 30.3912,-30.84657 30.39117,-30.84661 30.39118,-30.84673 30.39112,-30.84681 30.39093,-30.84681 30.39093,-30.84685 30.39094,-30.84691 30.39098,-30.84695 30.39101,-30.84704 30.39095,-30.84709 30.39089,-30.8471 30.39081,-30.84709 30.39072,-30.8471 30.39072,-30.84717 30.39075,-30.84722 30.3908,-30.84729 30.39081,-30.84733 30.39073,-30.84745 30.39055,-30.84751 30.3905,-30.8475 30.39044,-30.84746 30.39041,-30.84747 30.39031,-30.84755 30.39035,-30.84759 30.39044,-30.84764 30.39045,-30.84773 30.39039,-30.84779 30.39024,-30.84788 30.39017,-30.84785 30.39013,-30.8478 30.39007,-30.84776 30.39003,-30.84779 30.39006,-30.84786 30.3901,-30.84795 30.39006,-30.84805 30.38995,-30.84821 30.38986,-30.84823 30.38981,-30.84821 30.38974,-30.84824 30.38974,-30.84838 30.38966,-30.84846 30.38955,-30.84846 30.38948,-30.84844 30.38943,-30.8484 30.38938,-30.84841 30.38938,-30.84849 30.38941,-30.84855 30.38948,-30.84859 30.38959,-30.84863 30.38968,-30.84867 30.38972,-30.84878 30.38967,-30.84883 30.38959,-30.84883 30.3895,-30.8488 30.38941,-30.84879 30.3893,-30.84884 30.38925,-30.84895 30.38931,-30.84902 30.38943,-30.84903 30.38955,-30.84913 30.38955,-30.8492 30.3895,-30.84928 30.38934,-30.84929 30.38926,-30.84928 30.3892,-30.84923 30.38913,-30.84917 30.38905,-30.84916 30.38904,-30.84921 30.38906,-30.84926 30.38917,-30.8493 30.38919,-30.84934 30.38916,-30.84942 30.38903,-30.84948 30.38892,-30.84962 30.38894,-30.84968 30.38899,-30.84977 30.389,-30.84987 30.38897,-30.84997 30.38888,-30.84998 30.38878,-30.84998 30.38872,-30.85004 30.38872,-30.85012 30.38867,-30.85021 30.38867,-30.8503 30.38855,-30.85035 30.38837,-30.85034 30.38823,-30.85028 30.38815,-30.85028 30.3881,-30.8503 30.38802,-30.85043 30.38799,-30.85049 30.38803,-30.85061 30.38803,-30.85071 30.38802,-30.85078 30.38798,-30.85081 30.38788,-30.85081 30.38779,-30.85076 30.38771,-30.85074 30.38771,-30.85084 30.38773,-30.85091 30.38775,-30.85106 30.38766,-30.85116 30.38747,-30.8512 30.38734,-30.85129 30.38723,-30.85146 30.38713,-30.85146 30.38711,-30.85143 30.38705,-30.85141 30.38696,-30.85141 30.38696,-30.85147 30.38697,-30.85159 30.38696,-30.85172 30.38683,-30.85184 30.38674,-30.85184 30.38667,-30.85183 30.38663,-30.85174 30.38654,-30.85174 30.38639,-30.8519 30.38636,-30.85209 30.38636,-30.85221 30.38639,-30.85231 30.38643,-30.85241 30.38644,-30.85248 30.38662,-30.85265 30.38666,-30.85275 30.38666,-30.85288 30.38659,-30.85292 30.38653,-30.85291 30.38646,-30.85288 30.38642,-30.85288 30.38642,-30.85302 30.38634,-30.85322 30.38623,-30.85324 30.38616,-30.85324 30.38612,-30.85317 30.38609,-30.8531 30.38602,-30.85303 30.38596,-30.85303 30.38593,-30.85306 30.38593,-30.85315 30.38597,-30.85322 30.38597,-30.85331 30.3859,-30.85338 30.3858,-30.8534 30.38573,-30.85337 30.38568,-30.85332 30.38567,-30.85329 30.38567,-30.85323 30.38565,-30.85319 30.38559,-30.85319 30.38552,-30.85324 30.3854,-30.85332 30.3853,-30.85327 30.38521,-30.85317 30.38511,-30.85316 30.38503,-30.85321 30.38497,-30.85334 30.38487,-30.85338 30.38476,-30.85336 30.38465,-30.85336 30.38464,-30.85344 30.38464,-30.85361 30.38456,-30.85372 30.38445,-30.85366 30.38436,-30.85363 30.38434,-30.85371 30.38437,-30.8538 30.38439,-30.85384 30.38447,-30.85385 30.38453,-30.85393 30.38452,-30.85399 30.38451,-30.85406 30.38441,-30.85416 30.38429,-30.85412 30.38423,-30.85404 30.3842,-30.85393 30.38416,-30.85387 30.38408,-30.85386 30.38407,-30.85404 30.38412,-30.85419 30.38412,-30.85431 30.38403,-30.85437 30.38393,-30.85434 30.38389,-30.85419 30.38378,-30.85412 30.3837,-30.85417 30.38357,-30.85417 30.38351,-30.85428 30.38354,-30.85436 30.38362,-30.8544 30.38368,-30.85447 30.38359,-30.85463 30.38349,-30.85467 30.38346,-30.85479 30.38351,-30.85488 30.38349,-30.85498 30.38346,-30.85506 30.38327,-30.85515 30.38321,-30.85507 30.38314,-30.85501 30.38305,-30.85498 30.38302,-30.85506 30.38303,-30.85513 30.3831,-30.85525 30.3831,-30.85532 30.38303,-30.85541 30.38288,-30.85545 30.38283,-30.85543 30.38282,-30.85537 30.38276,-30.85536 30.38269,-30.85539 30.38254,-30.85549 30.38246,-30.85549 30.38241,-30.85547 30.38235,-30.85543 30.38228,-30.85543 30.38228,-30.85549 30.3823,-30.85555 30.38239,-30.8556 30.38239,-30.85573 30.38223,-30.85581 30.38215,-30.85579 30.3821,-30.85574 30.38201,-30.85559 30.38194,-30.85554 30.38183,-30.85555 30.38185,-30.8556 30.38186,-30.85564 30.38186,-30.85574 30.38177,-30.85576 30.38169,-30.85576 30.3817,-30.85584 30.38173,-30.85591 30.38173,-30.85597 30.3817,-30.85604 30.38159,-30.85605 30.38147,-30.85599 30.38144,-30.85595 30.38139,-30.85587 30.38132,-30.85587 30.38128,-30.85597 30.38119,-30.85599 30.38104,-30.85601 30.381,-30.85599 30.38095,-30.85595 30.38088,-30.85593 30.38079,-30.85595 30.38067,-30.85599 30.38053,-30.85599 30.38046,-30.85598 30.3804,-30.85594 30.38031,-30.85581 30.38016,-30.85579 30.37998,-30.8558 30.37977,-30.85584 30.3796,-30.85589 30.37938,-30.85605 30.37919,-30.85614 30.37891,-30.8563 30.37859,-30.85648 30.37832,-30.85673 30.37809,-30.85689 30.37783,-30.85717 30.3776,-30.85737 30.37732,-30.85767 30.37708,-30.85791 30.37684,-30.85812 30.37642,-30.85836 30.37612,-30.85852 30.37584,-30.85868 30.37564,-30.85879 30.3754,-30.85893 30.37511,-30.8591 30.37483,-30.85925 30.37459,-30.85945 30.37438,-30.85963 30.3742,-30.85981 30.37404,-30.85996 30.37387,-30.86017 30.37368,-30.86036 30.37354,-30.86055 30.37337,-30.86072 30.37313,-30.86094 30.37299,-30.86114 30.37277,-30.86134 30.3726,-30.86144 30.37241,-30.86157 30.37235,-30.86161 30.37217,-30.86176 30.37203,-30.86194 30.37197,-30.86212 30.37188,-30.86235 30.37179,-30.86262 30.37179,-30.86276 30.37187,-30.86285 30.37203,-30.86299 30.37213,-30.86306 30.37229,-30.86316 30.37243,-30.86324 30.37252,-30.86332 30.37255,-30.86346 30.37247,-30.8635 30.37237,-30.86353 30.37237,-30.86362 30.37248,-30.86368 30.37252,-30.86371 30.37257,-30.86382 30.37243,-30.86385 30.37235,-30.86383 30.37223,-30.86379 30.3722,-30.86384 30.3722,-30.86395 30.37208,-30.86401 30.37199,-30.864 30.37194,-30.86409 30.37199,-30.8642 30.37206,-30.86438 30.37204,-30.86441 30.37193,-30.86443 30.37186,-30.86446 30.37187,-30.86451 30.37191,-30.86453 30.37195,-30.86454 30.37201,-30.86458 30.37203,-30.86462 30.37203,-30.86469 30.37194,-30.86473 30.37186,-30.86476 30.37186,-30.86484 30.37189,-30.86489 30.37197,-30.86489 30.37205,-30.86492 30.37208,-30.86498 30.37208,-30.86508 30.37201,-30.86513 30.372,-30.86519 30.37205,-30.86522 30.37217,-30.86525 30.37213,-30.86536 30.37205,-30.86544 30.37206,-30.86553 30.37218,-30.86556 30.3723,-30.86565 30.37224,-30.86579 30.37214,-30.86583 30.37216,-30.86591 30.37227,-30.86594 30.37238,-30.866 30.37251,-30.86617 30.37245,-30.86633 30.37225,-30.86633 30.37222,-30.8663 30.37218,-30.86628 30.3721,-30.86628 30.37207,-30.86629 30.37207,-30.86641 30.37182,-30.86654 30.37178,-30.86651 30.37173,-30.86647 30.37167,-30.86648 30.37167,-30.86653 30.37168,-30.86658 30.37168,-30.86665 30.37163,-30.86669 30.37147,-30.86663 30.37139,-30.8667 30.37139,-30.86685 30.37142,-30.86692 30.37144,-30.86701 30.37149,-30.86705 30.37156,-30.86708 30.37163,-30.86708 30.37176,-30.86711 30.37185,-30.86714 30.37192,-30.86721 30.37195,-30.86729 30.37199,-30.86741 30.37199,-30.86754 30.37194,-30.8676 30.37197,-30.86764 30.37201,-30.86772 30.37198,-30.86782 30.37183,-30.86788 30.37163,-30.86788 30.37163,-30.86793 30.37164,-30.86799 30.3717,-30.86803 30.37174,-30.86814 30.37164,-30.86822 30.3715,-30.86828 30.37137,-30.86826 30.37129,-30.86818 30.37125,-30.86822 30.37124,-30.86828 30.37122,-30.86836 30.37113,-30.86836 30.37107,-30.86835 30.37103,-30.8683 30.37097,-30.8683 30.37092,-30.86833 30.37091,-30.86843 30.37087,-30.86851 30.37074,-30.86852 30.37067,-30.86852 30.37059,-30.86854 30.37051,-30.86861 30.37047,-30.86866 30.37037,-30.86867 30.37037,-30.86882 30.37041,-30.86889 30.37055,-30.86897 30.37067,-30.86897 30.37079,-30.86899 30.37086,-30.86908 30.37086,-30.86916 30.37085,-30.86924 30.37073,-30.86933 30.37062,-30.86933 30.37054,-30.86934 30.37054,-30.8694 30.37055,-30.86948 30.37053,-30.86954 30.37035,-30.86954 30.37028,-30.86958 30.37029,-30.86967 30.37035,-30.8697 30.37035,-30.86979 30.37029,-30.86989 30.37017,-30.86987 30.37013,-30.86986 30.37007,-30.86986 30.37007,-30.86993 30.37009,-30.87 30.37016,-30.87005 30.37024,-30.87009 30.3703,-30.8701 30.37037,-30.87017 30.37038,-30.87025 30.3703,-30.87035 30.37016,-30.8704 30.37005,-30.87036 30.36999,-30.87031 30.36994,-30.87031 30.36995,-30.87043 30.36999,-30.87048 30.37004,-30.87053 30.37005,-30.87062 30.37001,-30.87069 30.3699,-30.87074 30.36982,-30.87068 30.36976,-30.87064 30.36971,-30.87058 30.36963,-30.87056 30.36957,-30.87058 30.36953,-30.87066 30.3695,-30.87075 30.36956,-30.8708 30.36961,-30.87085 30.36954,-30.87098 30.36934,-30.87098 30.36926,-30.87093 30.36919,-30.8709 30.36913,-30.87086 30.36912,-30.87081 30.36905,-30.87074 30.36897,-30.87074 30.3689,-30.87078 30.36884,-30.87086 30.36877,-30.87087 30.36867,-30.87084 30.36861,-30.87078 30.36859,-30.87069 30.36848,-30.87065 30.36838,-30.87062 30.36818,-30.87062 30.368,-30.87068 30.3679,-30.87078 30.36785,-30.87094 30.36786,-30.87105 30.36792,-30.87114 30.36798,-30.87118 30.3681,-30.87118 30.36821,-30.87121 30.36823,-30.87129 30.36822,-30.87138 30.36815,-30.87143 30.36805,-30.87147 30.36806,-30.87155 30.36816,-30.87159 30.36825,-30.87159 30.3683,-30.87165 30.36822,-30.87173 30.36806,-30.87173 30.36802,-30.87175 30.36804,-30.87183 30.3681,-30.87187 30.36817,-30.8719 30.36819,-30.87196 30.36817,-30.87207 30.36809,-30.87211 30.36802,-30.87204 30.36796,-30.87199 30.36785,-30.87199 30.36779,-30.87204 30.36774,-30.87209 30.36765,-30.87209 30.3676,-30.87206 30.36754,-30.87199 30.36747,-30.87199 30.36747,-30.87209 30.36749,-30.87213 30.36754,-30.87224 30.36744,-30.8723 30.36734,-30.87229 30.36729,-30.87223 30.36725,-30.87213 30.36719,-30.87206 30.36708,-30.87206 30.36698,-30.87213 30.36696,-30.87225 30.36691,-30.87237 30.36691,-30.87252 30.36692,-30.8726 30.36692,-30.87271 30.36689,-30.8728 30.36683,-30.87287 30.36683,-30.873 30.36685,-30.87307 30.36685,-30.87316 30.36683,-30.87325 30.36683,-30.87332 30.36679,-30.87336 30.36679,-30.87348 30.36667,-30.87355 30.36658,-30.87355 30.3665,-30.8735 30.36645,-30.8734 30.36622,-30.87317 30.3659,-30.87317 30.36571,-30.87329 30.3656,-30.87344 30.36547,-30.87362 30.36537,-30.87379 30.36527,-30.874 30.36507,-30.8741 30.36483,-30.87413 30.36458,-30.87417 30.36433,-30.87422 30.36418,-30.87429 30.36399,-30.87443 30.36382,-30.8746 30.36366,-30.8748 30.36347,-30.875 30.36333,-30.87516 30.36313,-30.87539 30.36303,-30.87554 30.36305,-30.8757 30.36311,-30.8758 30.36315,-30.87593 30.3632,-30.87604 30.36321,-30.87614 30.3632,-30.87622 30.3631,-30.87622 30.36307,-30.87619 30.36303,-30.87614 30.36288,-30.87614 30.36283,-30.87618 30.36286,-30.87624 30.36286,-30.87631 30.3628,-30.87633 30.36273,-30.87632 30.36266,-30.8763 30.36264,-30.87626 30.36261,-30.87618 30.36261,-30.8761 30.36254,-30.876 30.36245,-30.87595 30.36238,-30.87591 30.36223,-30.87585 30.36208,-30.8758 30.36194,-30.8758 30.36177,-30.87583 30.36158,-30.87591 30.36137,-30.87606 30.36117,-30.87617 30.36106,-30.8763 30.36096,-30.87642 30.36087,-30.87657 30.36066,-30.87669 30.36047,-30.87677 30.36032,-30.87682 30.36019,-30.87689 30.35994,-30.87711 30.35974,-30.8773 30.35949,-30.87758 30.35921,-30.87785 30.35899,-30.87804 30.35877,-30.87821 30.35862,-30.87834 30.35834,-30.87857 30.35808,-30.87877 30.35796,-30.87895 30.35796,-30.87937 30.35789,-30.87946 30.35788,-30.87965 30.35796,-30.87976 30.358,-30.87983 30.35808,-30.8799 30.35808,-30.87999 30.35794,-30.88007 30.35782,-30.88024 30.35777,-30.88049 30.35777,-30.88069 30.35782,-30.88082 30.35787,-30.88086 30.35793,-30.88093 30.35797,-30.88099 30.35805,-30.88099 30.35808,-30.88094 30.35815,-30.8809 30.35836,-30.8809 30.35843,-30.881 30.35843,-30.88118 30.35831,-30.88124 30.3582,-30.88124 30.35811,-30.88126 30.35811,-30.88133 30.35814,-30.88141 30.35814,-30.88152 30.35802,-30.88157 30.35793,-30.88157 30.35788,-30.88155 30.35778,-30.88153 30.35771,-30.8816 30.35772,-30.88169 30.35775,-30.88172 30.3577,-30.88184 30.35753,-30.88191 30.35744,-30.88188 30.35738,-30.88182 30.35736,-30.88175 30.35725,-30.88177 30.35722,-30.88188 30.35722,-30.88207 30.35712,-30.88221 30.35701,-30.88224 30.35696,-30.88229 30.35696,-30.8826 30.35695,-30.88275 30.35688,-30.88288 30.35669,-30.88304 30.35656,-30.88318 30.35642,-30.88332 30.35636,-30.88354 30.35638,-30.88365 30.35642,-30.88379 30.35645,-30.88401 30.35639,-30.88409 30.3563,-30.88412 30.35625,-30.8841 30.35613,-30.88414 30.35614,-30.88422 30.35618,-30.88432 30.35615,-30.88438 30.35606,-30.88445 30.35598,-30.88445 30.35593,-30.88441 30.35589,-30.88434 30.3558,-30.88432 30.35574,-30.88433 30.35565,-30.88436 30.35559,-30.88448 30.35549,-30.88463 30.35537,-30.88467 30.35483,-30.88467 30.35458,-30.88475 30.35441,-30.88492 30.35429,-30.8851 30.35425,-30.88532 30.35429,-30.88546 30.35436,-30.88563 30.35441,-30.88576 30.35448,-30.88583 30.35451,-30.88591 30.35435,-30.88592 30.35427,-30.88596 30.35427,-30.88603 30.35433,-30.88607 30.35441,-30.8861 30.35445,-30.88613 30.35444,-30.88628 30.3543,-30.8863 30.35423,-30.88624 30.35416,-30.8863 30.35416,-30.8864 30.35418,-30.88648 30.35418,-30.88657 30.35406,-30.8866 30.354,-30.88655 30.35392,-30.88654 30.35387,-30.88659 30.35389,-30.88667 30.354,-30.88671 30.35406,-30.88679 30.354,-30.88689 30.35393,-30.88688 30.35386,-30.8868 30.35377,-30.88679 30.35376,-30.88683 30.35377,-30.88686 30.35383,-30.8869 30.35383,-30.88704 30.35373,-30.88708 30.35367,-30.88708 30.35362,-30.88713 30.35367,-30.88717 30.35374,-30.88722 30.35374,-30.88732 30.35369,-30.88736 30.35357,-30.88739 30.35351,-30.88733 30.35343,-30.88729 30.35339,-30.8873 30.35339,-30.88754 30.35338,-30.88764 30.35326,-30.8877 30.35316,-30.88767 30.35314,-30.88761 30.3531,-30.88754 30.353,-30.88754 30.35297,-30.88764 30.35297,-30.88768 30.35286,-30.88783 30.35273,-30.88782 30.35266,-30.88777 30.3526,-30.8877 30.35249,-30.88772 30.35249,-30.88792 30.35236,-30.88801 30.35226,-30.88801 30.3522,-30.88797 30.35216,-30.88791 30.35209,-30.8879 30.35206,-30.88792 30.35199,-30.88802 30.35204,-30.88811 30.35204,-30.8882 30.35194,-30.8882 30.35191,-30.88814 30.35186,-30.88809 30.35176,-30.88809 30.35176,-30.88818 30.3518,-30.88822 30.35186,-30.88827 30.35186,-30.88835 30.35188,-30.88842 30.35189,-30.88849 30.35189,-30.88864 30.35185,-30.8887 30.35184,-30.88874 30.35176,-30.88878 30.35163,-30.8888 30.35157,-30.88877 30.35154,-30.88872 30.35147,-30.88868 30.35141,-30.88868 30.3514,-30.88872 30.35135,-30.88879 30.3512,-30.88879 30.35117,-30.88875 30.35116,-30.88868 30.35116,-30.88852 30.35111,-30.88845 30.35104,-30.88845 30.35099,-30.88846 30.35099,-30.88854 30.35088,-30.88862 30.35078,-30.88861 30.35071,-30.88861 30.35053,-30.88867 30.3505,-30.88866 30.35048,-30.88862 30.35042,-30.88864 30.35041,-30.88871 30.35029,-30.88877 30.35021,-30.88875 30.35015,-30.88871 30.35011,-30.88862 30.35007,-30.88861 30.35002,-30.88864 30.34993,-30.88873 30.34978,-30.88892 30.34965,-30.88912 30.34948,-30.88941 30.34928,-30.88965 30.34917,-30.88984 30.34913,-30.89005 30.34913,-30.89022 30.34919,-30.89048 30.34927,-30.89062 30.34937,-30.89077 30.34946,-30.89084 30.34953,-30.89088 30.34965,-30.89092 30.34969,-30.891 30.34969,-30.89112 30.34966,-30.89116 30.34955,-30.89117 30.34955,-30.89124 30.34959,-30.89128 30.34965,-30.8913 30.34972,-30.89135 30.34975,-30.89143 30.34973,-30.89147 30.34959,-30.89147 30.34959,-30.89154 30.34963,-30.89157 30.34973,-30.89165 30.34972,-30.89171 30.34968,-30.89177 30.3496,-30.89173 30.34947,-30.89173 30.34943,-30.89179 30.34946,-30.89186 30.34955,-30.8919 30.34959,-30.89196 30.34959,-30.89203 30.34951,-30.89206 30.34941,-30.89205 30.34931,-30.892 30.34923,-30.89203 30.34924,-30.89211 30.34929,-30.89214 30.34936,-30.89217 30.3494,-30.89224 30.3494,-30.89237 30.34931,-30.89245 30.34928,-30.89245 30.34923,-30.89241 30.34913,-30.89236 30.34905,-30.89237 30.34904,-30.89244 30.34904,-30.89251 30.34908,-30.89254 30.34916,-30.89256 30.34919,-30.89264 30.34919,-30.89272 30.34906,-30.8928 30.34902,-30.89286 30.34903,-30.8929 30.34899,-30.89298 30.34888,-30.89297 30.3488,-30.89303 30.34881,-30.8931 30.34884,-30.8932 30.34884,-30.8933 30.34872,-30.89337 30.34863,-30.89338 30.34851,-30.8934 30.34843,-30.89339 30.34839,-30.89336 30.34837,-30.89331 30.34833,-30.89324 30.34825,-30.89318 30.348,-30.89318 30.34779,-30.8932 30.34767,-30.89329 30.3474,-30.89343 30.34731,-30.89353 30.34724,-30.89369 30.34723,-30.89382 30.34723,-30.89394 30.34724,-30.89405 30.34714,-30.89414 30.34705,-30.89411 30.34697,-30.89408 30.34694,-30.89417 30.34696,-30.89426 30.34703,-30.89428 30.34711,-30.89436 30.34711,-30.89448 30.34703,-30.89453 30.34695,-30.8945 30.34687,-30.89448 30.34687,-30.89455 30.34691,-30.8946 30.34695,-30.89468 30.3469,-30.89487 30.34669,-30.89487 30.34656,-30.89512 30.34647,-30.89531 30.34643,-30.89557 30.34642,-30.89579 30.3464,-30.896 30.34636,-30.89624 30.34629,-30.89638 30.34629,-30.89655 30.34637,-30.89667 30.34644,-30.89674 30.34658,-30.89675 30.34671,-30.89676 30.34677,-30.89685 30.34683,-30.89698 30.34692,-30.89701 30.34702,-30.89705 30.34704,-30.89713 30.34695,-30.89722 30.34699,-30.89727 30.34719,-30.89732 30.34725,-30.89742 30.34724,-30.89751 30.34718,-30.89757 30.34706,-30.89757 30.347,-30.89761 30.34701,-30.89768 30.34722,-30.8977 30.34723,-30.89782 30.34713,-30.8979 30.34696,-30.89785 30.34685,-30.89792 30.34687,-30.89801 30.34698,-30.89807 30.34706,-30.89814 30.34708,-30.89826 30.34702,-30.89836 30.34686,-30.89836 30.3468,-30.89842 30.34686,-30.89848 30.34698,-30.89854 30.34695,-30.89863 30.34679,-30.89867 30.34671,-30.89858 30.34661,-30.89855 30.34658,-30.89867 30.34663,-30.89877 30.34671,-30.89889 30.34656,-30.89896 30.34644,-30.89889 30.34627,-30.8989 30.34624,-30.89901 30.34624,-30.89909 30.3462,-30.89925 30.34607,-30.89924 30.34599,-30.89914 30.34591,-30.89912 30.34586,-30.89918 30.34588,-30.89928 30.34591,-30.89936 30.34589,-30.89944 30.34577,-30.89946 30.34568,-30.89934 30.34554,-30.89934 30.34554,-30.89945 30.34558,-30.89954 30.34568,-30.89958 30.34571,-30.89968 30.3456,-30.89973 30.34548,-30.89971 30.34536,-30.89966 30.34529,-30.8997 30.34529,-30.89982 30.34533,-30.8999 30.34533,-30.90001 30.34526,-30.90008 30.34514,-30.90011 30.34506,-30.90015 30.34507,-30.90023 30.34501,-30.90032 30.34489,-30.90037 30.34485,-30.90033 30.34475,-30.90031 30.34474,-30.90044 30.34469,-30.90062 30.34455,-30.90062 30.34447,-30.90055 30.34442,-30.90039 30.34431,-30.9004 30.34431,-30.90052 30.34437,-30.90061 30.34429,-30.90068 30.34413,-30.90058 30.34406,-30.90046 30.34401,-30.90033 30.34387,-30.90031 30.34372,-30.90033 30.34362,-30.90043 30.34347,-30.90062 30.34335,-30.90071 30.34317,-30.90093 30.34306,-30.90113 30.34305,-30.90138 30.34305,-30.90158 30.34304,-30.90174 30.34295,-30.90197 30.3428,-30.90206 30.34273,-30.90205 30.34266,-30.90203 30.34263,-30.90213 30.34276,-30.90221 30.34282,-30.90234 30.34276,-30.90251 30.34266,-30.90247 30.34255,-30.90247 30.34255,-30.90259 30.34253,-30.9027 30.34232,-30.90275 30.34218,-30.90269 30.34211,-30.9026 30.34204,-30.90262 30.34204,-30.9028 30.34199,-30.90285 30.34188,-30.90285 30.34185,-30.90278 30.34174,-30.90275 30.34172,-30.9028 30.34178,-30.90289 30.34178,-30.90301 30.34173,-30.90312 30.34162,-30.90312 30.34156,-30.90308 30.3415,-30.90312 30.34148,-30.90329 30.34148,-30.90344 30.34156,-30.90349 30.34166,-30.90352 30.34165,-30.90362 30.34155,-30.90364 30.34152,-30.90369 30.34165,-30.90376 30.3418,-30.90376 30.34182,-30.90391 30.34165,-30.90395 30.34152,-30.90391 30.34142,-30.9039 30.3414,-30.90395 30.34141,-30.90404 30.34147,-30.90413 30.34152,-30.90419 30.34146,-30.90426 30.34136,-30.90428 30.34123,-30.90429 30.34117,-30.90425 30.34109,-30.90418 30.34103,-30.90419 30.34103,-30.90428 30.34105,-30.90439 30.34092,-30.90445 30.34079,-30.90445 30.34073,-30.9044 30.34056,-30.9044 30.34052,-30.90447 30.34055,-30.90456 30.34058,-30.90466 30.34049,-30.90478 30.34036,-30.90481 30.34031,-30.90477 30.34031,-30.90467 30.34024,-30.9046 30.34017,-30.9046 30.34012,-30.90472 30.34012,-30.90485 30.33993,-30.905 30.3398,-30.90496 30.33972,-30.90496 30.33968,-30.90502 30.33966,-30.90507 30.33969,-30.90516 30.33966,-30.90526 30.33953,-30.90528 30.33947,-30.90519 30.33936,-30.90517 30.33928,-30.90522 30.33925,-30.90528 30.33928,-30.90539 30.33906,-30.9055 30.33898,-30.90547 30.33896,-30.90538 30.33884,-30.90538 30.33884,-30.90547 30.33872,-30.90556 30.33862,-30.90554 30.33859,-30.9055 30.33852,-30.90554 30.33853,-30.90564 30.33839,-30.90573 30.33823,-30.9057 30.33815,-30.90558 30.33808,-30.90545 30.33798,-30.90545 30.33783,-30.90551 30.33768,-30.9056 30.33766,-30.9057 30.33755,-30.9059 30.33743,-30.90604 30.33742,-30.90627 30.33745,-30.90646 30.33748,-30.9066 30.33757,-30.90665 30.33773,-30.90673 30.33784,-30.90677 30.33793,-30.90677 30.33797,-30.9068 30.33797,-30.90695 30.33793,-30.90705 30.33778,-30.90709 30.33773,-30.90717 30.33773,-30.90724 30.33768,-30.90736 30.33748,-30.90741 30.33739,-30.9074 30.33735,-30.90742 30.33722,-30.90742 30.33711,-30.90739 30.33702,-30.90728 30.33693,-30.90715 30.3369,-30.90696 30.33686,-30.90691 30.33661,-30.90691 30.33645,-30.90694 30.33616,-30.90705 30.33594,-30.90717 30.33578,-30.90733 30.33555,-30.90758 30.33534,-30.90783 30.33513,-30.90807 30.33491,-30.90832 30.3348,-30.90849 30.33463,-30.90877 30.33444,-30.90901 30.33416,-30.90935 30.33395,-30.90967 30.33378,-30.90995 30.33371,-30.91021 30.33376,-30.91034 30.33383,-30.9104 30.33382,-30.91052 30.33387,-30.9106 30.3339,-30.91061 30.334,-30.91065 30.33407,-30.91078 30.33416,-30.9108 30.33428,-30.91092 30.33429,-30.91103 30.33438,-30.91111 30.33447,-30.91111 30.33458,-30.91125 30.33457,-30.91136 30.33446,-30.9114 30.3344,-30.91149 30.33448,-30.91156 30.33457,-30.91158 30.33464,-30.91167 30.33456,-30.91178 30.33444,-30.9118 30.33434,-30.91181 30.33431,-30.91188 30.33438,-30.91193 30.33448,-30.91207 30.33448,-30.91222 30.33436,-30.9123 30.33425,-30.91221 30.33411,-30.91215 30.33398,-30.91223 30.33383,-30.91224 30.33375,-30.91223 30.33366,-30.91228 30.33367,-30.9124 30.33369,-30.91249 30.33359,-30.91254 30.33347,-30.91253 30.33332,-30.91254 30.33329,-30.91265 30.33331,-30.91275 30.33339,-30.9128 30.3335,-30.91282 30.33352,-30.91294 30.3334,-30.91299 30.33326,-30.91299 30.33315,-30.91304 30.3332,-30.91311 30.33332,-30.91318 30.33348,-30.91321 30.33359,-30.91326 30.33358,-30.91337 30.33342,-30.91341 30.33328,-30.91338 30.33314,-30.91334 30.33307,-30.91338 30.3331,-30.91344 30.33326,-30.91357 30.33323,-30.91367 30.33313,-30.91372 30.33308,-30.9137 30.33298,-30.91367 30.3329,-30.91375 30.3329,-30.91407 30.33295,-30.91418 30.333,-30.91422 30.333,-30.91432 30.33283,-30.91432 30.33273,-30.91429 30.33263,-30.91429 30.33258,-30.91436 30.3326,-30.91447 30.33265,-30.9145 30.33277,-30.91453 30.33285,-30.91461 30.33284,-30.91467 30.33265,-30.91481 30.3325,-30.9148 30.33244,-30.91476 30.3324,-30.91476 30.33232,-30.9148 30.33221,-30.91473 30.33214,-30.91462 30.33206,-30.9145 30.33195,-30.91443 30.33178,-30.91443 30.33164,-30.91445 30.33143,-30.91455 30.33133,-30.91467 30.33119,-30.9148 30.33109,-30.91495 30.33109,-30.91506 30.33103,-30.91514 30.33088,-30.91514 30.33075,-30.91525 30.33061,-30.91538 30.33053,-30.91547 30.33051,-30.91561 30.33046,-30.91573 30.33028,-30.91583 30.33005,-30.91593 30.32978,-30.91602 30.32964,-30.91618 30.32949,-30.91638 30.32936,-30.91655 30.32923,-30.91679 30.32917,-30.917 30.32919,-30.91717 30.32931,-30.91724 30.32945,-30.91735 30.32944,-30.91752 30.32942,-30.9176 30.32932,-30.91764 30.32926,-30.91768 30.32926,-30.9178 30.32917,-30.91787 30.32903,-30.91787 30.32896,-30.91792 30.32896,-30.91817 30.32905,-30.91826 30.32909,-30.91839 30.32908,-30.9185 30.32895,-30.91868 30.32889,-30.91874 30.32882,-30.91886 30.32865,-30.91887 30.32857,-30.91887 30.32845,-30.91877 30.32838,-30.91868 30.32829,-30.91857 30.32818,-30.91857 30.32802,-30.91859 30.32787,-30.91865 30.32765,-30.91877 30.32737,-30.91895 30.32712,-30.91911 30.32693,-30.91927 30.32685,-30.91943 30.32667,-30.91965 30.32655,-30.91978 30.32656,-30.91988 30.32661,-30.91999 30.32661,-30.92008 30.3266,-30.92019 30.3265,-30.92025 30.32644,-30.92025 30.32643,-30.92031 30.32642,-30.92039 30.32631,-30.92044 30.32622,-30.92039 30.32613,-30.92036 30.32607,-30.92027 30.32598,-30.9202 30.32589,-30.92021 30.32583,-30.92022 30.32564,-30.92039 30.32549,-30.92052 30.32528,-30.92068 30.325,-30.92089 30.32473,-30.92109 30.32451,-30.92126 30.32424,-30.92141 30.32394,-30.92162 30.32376,-30.92177 30.32345,-30.92207 30.32312,-30.92221 30.32287,-30.92235 30.32252,-30.9225 30.32221,-30.92266 30.32204,-30.92285 30.32188,-30.92303 30.32146,-30.92327 30.32125,-30.92344 30.32104,-30.92363 30.32067,-30.92389 30.32049,-30.92402 30.32033,-30.92416 30.32006,-30.92435 30.31975,-30.92459 30.31951,-30.92478 30.31916,-30.925 30.31884,-30.9252 30.31871,-30.92532 30.31861,-30.92551 30.31867,-30.92557 30.31874,-30.92569 30.31866,-30.92583 30.31858,-30.92589 30.31849,-30.92589 30.31848,-30.92594 30.31848,-30.92598 30.31857,-30.92609 30.31852,-30.92621 30.3184,-30.92629 30.3183,-30.92629 30.31821,-30.92619 30.31814,-30.92608 30.31804,-30.92604 30.31793,-30.92607 30.31776,-30.9262 30.31752,-30.92632 30.31734,-30.92642 30.3172,-30.92658 30.31709,-30.92671 30.31709,-30.92683 30.31715,-30.92693 30.31723,-30.92711 30.31721,-30.92723 30.31709,-30.92727 30.31703,-30.92723 30.31696,-30.92723 30.31682,-30.92739 30.3166,-30.92741 30.31655,-30.92751 30.31657,-30.92759 30.31657,-30.92767 30.31663,-30.92772 30.31667,-30.92782 30.31667,-30.9279 30.31671,-30.92799 30.31672,-30.92811 30.3167,-30.92828 30.31661,-30.92829 30.31651,-30.92829 30.3165,-30.92835 30.31646,-30.92842 30.31629,-30.92848 30.31625,-30.92845 30.31614,-30.92847 30.31613,-30.92854 30.31617,-30.92864 30.31613,-30.92877 30.31601,-30.92883 30.31594,-30.92883 30.31585,-30.92885 30.31585,-30.92892 30.31588,-30.92902 30.31594,-30.92905 30.31602,-30.92905 30.31609,-30.92906 30.31617,-30.92916 30.31611,-30.92927 30.31603,-30.92925 30.31596,-30.92928 30.31596,-30.92935 30.31602,-30.92942 30.31619,-30.92946 30.31627,-30.92955 30.31626,-30.92966 30.31619,-30.92972 30.31608,-30.92971 30.31598,-30.92966 30.31589,-30.92966 30.31585,-30.92972 30.31585,-30.92978 30.31596,-30.92984 30.31604,-30.92987 30.31615,-30.92994 30.31615,-30.93003 30.31607,-30.93008 30.31577,-30.93003 30.3157,-30.92993 30.31563,-30.9299 30.31557,-30.92993 30.31554,-30.93002 30.3154,-30.93008 30.31529,-30.93003 30.31522,-30.93002 30.31514,-30.93002 30.31514,-30.9301 30.31523,-30.93024 30.3152,-30.93038 30.31497,-30.93041 30.31494,-30.9305 30.315,-30.93055 30.31504,-30.93061 30.31508,-30.93069 30.31502,-30.93081 30.31495,-30.93078 30.31484,-30.93069 30.3147,-30.93072 30.31467,-30.93081 30.3147,-30.93088 30.31481,-30.93094 30.31489,-30.93098 30.31495,-30.93107 30.31488,-30.93117 30.31476,-30.93115 30.31465,-30.93112 30.31459,-30.93118 30.31456,-30.93127 30.31458,-30.9314 30.31458,-30.9315 30.31439,-30.93156 30.31432,-30.93147 30.3142,-30.93148 30.3142,-30.93168 30.31413,-30.93176 30.31403,-30.93185 30.31394,-30.93187 30.3139,-30.93191 30.31391,-30.93199 30.31394,-30.93204 30.31397,-30.93213 30.31398,-30.93225 30.31398,-30.93236 30.31394,-30.9324 30.31385,-30.93232 30.31377,-30.93234 30.31378,-30.93242 30.31379,-30.93256 30.31368,-30.93265 30.31359,-30.93262 30.31354,-30.93255 30.3135,-30.93251 30.31344,-30.93256 30.3134,-30.93266 30.31343,-30.93275 30.31341,-30.93285 30.31337,-30.93291 30.31326,-30.93292 30.31319,-30.93288 30.31315,-30.93291 30.31318,-30.933 30.31313,-30.93315 30.31297,-30.93316 30.31289,-30.93313 30.31265,-30.93318 30.31241,-30.93317 30.31218,-30.93317 30.31193,-30.93323 30.31166,-30.93328 30.31138,-30.93343 30.31108,-30.93356 30.31087,-30.93384 30.31071,-30.934 30.31048,-30.93418 30.3103,-30.93429 30.31013,-30.93441 30.30999,-30.93456 30.30981,-30.93473 30.30962,-30.93491 30.30945,-30.93513 30.30933,-30.93527 30.30921,-30.93538 30.30906,-30.93548 30.30898,-30.93561 30.30882,-30.93574 30.30869,-30.93591 30.30857,-30.93612 30.30845,-30.93626 30.30827,-30.93646 30.30814,-30.93657 30.30799,-30.93663 30.30788,-30.93671 30.3077,-30.93693 30.30758,-30.93711 30.30748,-30.93733 30.30745,-30.93755 30.30745,-30.93774 30.30752,-30.93783 30.30763,-30.93788 30.30791,-30.93796 30.30793,-30.93807 30.30782,-30.93826 30.30773,-30.93826 30.30762,-30.93821 30.30749,-30.9382 30.30746,-30.93826 30.3075,-30.93833 30.30756,-30.93842 30.30756,-30.93849 30.3075,-30.93851 30.30742,-30.93852 30.30733,-30.93852 30.30736,-30.93858 30.30741,-30.93864 30.30746,-30.93874 30.30749,-30.93887 30.30741,-30.93886 30.30724,-30.93884 30.30723,-30.93893 30.30713,-30.939 30.30689,-30.939 30.30686,-30.93906 30.30686,-30.93913 30.30692,-30.93934 30.30688,-30.93941 30.30675,-30.93944 30.30664,-30.9394 30.30662,-30.93949 30.30662,-30.93958 30.30666,-30.93969 30.30666,-30.93976 30.30655,-30.93978 30.30635,-30.93974 30.30624,-30.9398 30.30618,-30.93993 30.30623,-30.94002 30.30619,-30.94012 30.30605,-30.94014 30.30594,-30.94013 30.30591,-30.9402 30.30594,-30.94026 30.30594,-30.94038 30.30587,-30.94043 30.30568,-30.94047 30.30557,-30.94049 30.30557,-30.94058 30.30567,-30.9407 30.3057,-30.94083 30.30564,-30.94094 30.30553,-30.94094 30.30545,-30.94093 30.30541,-30.94088 30.30532,-30.94085 30.30531,-30.94095 30.30531,-30.941 30.3053,-30.94109 30.30523,-30.94113 30.30509,-30.94122 30.30498,-30.94122 30.30492,-30.94115 30.30482,-30.94112 30.30472,-30.94114 30.3046,-30.94122 30.30447,-30.94133 30.3044,-30.94159 30.3044,-30.94176 30.30441,-30.94188 30.3044,-30.94206 30.30432,-30.94237 30.30421,-30.94256 30.30411,-30.94269 30.30409,-30.94291 30.30407,-30.94316 30.30406,-30.94358 30.30409,-30.94386 30.30419,-30.94398 30.30432,-30.94411 30.30448,-30.94421 30.30457,-30.94432 30.30468,-30.94439 30.30478,-30.94451 30.30481,-30.94463 30.30473,-30.94471 30.30462,-30.94469 30.30453,-30.94466 30.30445,-30.94469 30.30445,-30.94476 30.30451,-30.94483 30.30451,-30.94492 30.30437,-30.94499 30.30424,-30.94497 30.30416,-30.94486 30.30409,-30.94474 30.30399,-30.9447 30.30393,-30.9447 30.30378,-30.94472 30.30354,-30.94476 30.30338,-30.94491 30.30324,-30.94514 30.30311,-30.94535 30.30292,-30.94555 30.30269,-30.9458 30.30249,-30.94615 30.3023,-30.94647 30.30211,-30.9468 30.30193,-30.94705 30.30175,-30.94737 30.30161,-30.94766 30.30156,-30.94783 30.30146,-30.94815 30.30131,-30.94852 30.30115,-30.94892 30.30104,-30.94934 30.30092,-30.94972 30.30083,-30.95015 30.30083,-30.9509 30.30087,-30.95126 30.30097,-30.95157 30.30108,-30.95174 30.30123,-30.95199 30.30137,-30.95219 30.30154,-30.95237 30.30184,-30.95263 30.30199,-30.95275 30.3021,-30.95288 30.30213,-30.95312 30.30216,-30.95332 30.30225,-30.95338 30.30231,-30.95345 30.30247,-30.95362 30.30258,-30.95372 30.30248,-30.95388 30.3024,-30.95401 30.30221,-30.95399 30.30212,-30.95399 30.30213,-30.95408 30.30217,-30.95413 30.30231,-30.9542 30.30229,-30.95429 30.30206,-30.95429 30.30197,-30.95432 30.30198,-30.95446 30.30208,-30.95451 30.30218,-30.95457 30.30221,-30.95463 30.30218,-30.9547 30.30208,-30.95475 30.302,-30.95476 30.30193,-30.9548 30.30193,-30.95488 30.30199,-30.95493 30.30205,-30.95495 30.30211,-30.95505 30.30211,-30.95512 30.30208,-30.9552 30.30203,-30.95525 30.30197,-30.95526 30.3019,-30.95531 30.3019,-30.95542 30.30197,-30.95548 30.30206,-30.95554 30.30215,-30.95563 30.3021,-30.95571 30.30208,-30.95579 30.30202,-30.95582 30.30197,-30.9559 30.30183,-30.9559 30.30183,-30.95596 30.30197,-30.95606 30.30204,-30.95617 30.30204,-30.95627 30.30196,-30.95638 30.30189,-30.95636 30.30181,-30.95625 30.30174,-30.95621 30.30165,-30.95621 30.30165,-30.95629 30.30174,-30.95638 30.30181,-30.95644 30.30185,-30.95654 30.30185,-30.95664 30.30177,-30.95664 30.30166,-30.95659 30.30159,-30.95658 30.30155,-30.95663 30.3016,-30.95668 30.30164,-30.95674 30.30171,-30.95678 30.30175,-30.95684 30.30175,-30.95693 30.30168,-30.95709 30.30156,-30.95711 30.30149,-30.95711 30.30136,-30.95706 30.30128,-30.95701 30.30122,-30.95701 30.30125,-30.95718 30.30136,-30.95721 30.30146,-30.95731 30.30146,-30.9574 30.30134,-30.95751 30.30123,-30.95751 30.30115,-30.95746 30.3011,-30.95739 30.30099,-30.95738 30.30093,-30.95738 30.30093,-30.95748 30.30095,-30.95755 30.301,-30.95758 30.30109,-30.95764 30.30116,-30.95772 30.30116,-30.95784 30.30111,-30.95789 30.30097,-30.9579 30.30091,-30.95791 30.30084,-30.95825 30.30078,-30.95832 30.30072,-30.95832 30.30062,-30.9583 30.30048,-30.95814 30.30041,-30.95819 30.30041,-30.95828 30.30046,-30.95836 30.30049,-30.95845 30.30046,-30.95855 30.30035,-30.95855 30.30026,-30.95851 30.30021,-30.95846 30.30011,-30.95843 30.30004,-30.95843 30.29998,-30.9585 30.29998,-30.95861 30.30003,-30.95863 30.3001,-30.95868 30.30017,-30.95871 30.30024,-30.9588 30.30024,-30.95888 30.30015,-30.95891 30.30006,-30.9589 30.29997,-30.95883 30.29991,-30.95882 30.29986,-30.95888 30.29983,-30.95895 30.29995,-30.95903 30.30001,-30.95912 30.30001,-30.95924 30.29999,-30.95928 30.29992,-30.95928 30.29983,-30.95926 30.29976,-30.95926 30.29968,-30.95932 30.29962,-30.95944 30.29968,-30.9596 30.29961,-30.95975 30.29949,-30.95976 30.29943,-30.95971 30.29936,-30.95971 30.29937,-30.95981 30.29942,-30.95983 30.29948,-30.9599 30.29949,-30.95997 30.29949,-30.96008 30.29935,-30.96008 30.29923,-30.96007 30.29917,-30.96008 30.29914,-30.96014 30.29914,-30.96029 30.2992,-30.96033 30.29927,-30.96034 30.29935,-30.96039 30.2994,-30.96047 30.2994,-30.9606 30.29941,-30.96066 30.29933,-30.96079 30.29926,-30.96076 30.2992,-30.96069 30.29912,-30.96069 30.29912,-30.96076 30.29916,-30.96087 30.29924,-30.96091 30.29935,-30.96097 30.29941,-30.96107 30.29941,-30.96116 30.29934,-30.96125 30.29928,-30.96134 30.29915,-30.96135 30.29907,-30.96131 30.29903,-30.96137 30.29905,-30.96148 30.29912,-30.96158 30.29914,-30.96165 30.29907,-30.96173 30.29891,-30.96173 30.29884,-30.9617 30.29874,-30.96165 30.29867,-30.96166 30.29867,-30.96191 30.29873,-30.96197 30.29877,-30.96206 30.2987,-30.96215 30.29858,-30.96219 30.29849,-30.96214 30.29845,-30.96207 30.29838,-30.96206 30.29832,-30.9621 30.29832,-30.96216 30.29835,-30.96227 30.2984,-30.96233 30.29842,-30.96238 30.29843,-30.96246 30.29843,-30.96253 30.29834,-30.9626 30.29824,-30.96257 30.2982,-30.96247 30.29815,-30.96239 30.29808,-30.96231 30.29799,-30.96229 30.29795,-30.96232 30.29792,-30.96236 30.29792,-30.96248 30.29801,-30.96254 30.29807,-30.96254 30.29817,-30.96266 30.29828,-30.96277 30.29827,-30.96286 30.29815,-30.96285 30.29804,-30.96281 30.29794,-30.96275 30.29786,-30.9627 30.29782,-30.96278 30.29788,-30.96284 30.29797,-30.96296 30.29797,-30.96309 30.2979,-30.9632 30.29776,-30.9632 30.29767,-30.9633 30.29753,-30.96335 30.29744,-30.96338 30.29739,-30.96342 30.29732,-30.96342 30.29725,-30.96341 30.29719,-30.96338 30.29715,-30.96334 30.29709,-30.96344 30.29715,-30.96351 30.29723,-30.96357 30.2973,-30.96365 30.29721,-30.96371 30.29716,-30.96376 30.29702,-30.96386 30.29695,-30.96386 30.2969,-30.9638 30.29678,-30.9638 30.29678,-30.96388 30.29681,-30.96394 30.2969,-30.96401 30.29695,-30.96408 30.2969,-30.96417 30.29682,-30.96414 30.29672,-30.96408 30.29665,-30.96405 30.2966,-30.96409 30.29666,-30.96417 30.29667,-30.96429 30.29665,-30.96439 30.2966,-30.96446 30.29651,-30.96446 30.29642,-30.96441 30.29636,-30.96436 30.29633,-30.96427 30.29621,-30.96426 30.29617,-30.96433 30.29623,-30.96443 30.29631,-30.96448 30.29639,-30.96457 30.29636,-30.96465 30.29621,-30.96468 30.29611,-30.96463 30.29606,-30.96453 30.29598,-30.96451 30.29594,-30.96454 30.29598,-30.96465 30.29608,-30.9647 30.29613,-30.96477 30.29619,-30.96485 30.29622,-30.96495 30.2962,-30.96507 30.29603,-30.96509 30.29594,-30.96509 30.29595,-30.96518 30.29598,-30.96522 30.296,-30.96533 30.29589,-30.96542 30.29575,-30.96543 30.29564,-30.96537 30.29557,-30.96546 30.29558,-30.96557 30.29552,-30.9657 30.2954,-30.96574 30.29533,-30.96572 30.29526,-30.96564 30.29522,-30.96571 30.29527,-30.96583 30.29527,-30.96595 30.29519,-30.96595 30.2951,-30.96591 30.29506,-30.96584 30.29497,-30.96584 30.29497,-30.96606 30.2949,-30.96614 30.29478,-30.96612 30.2947,-30.96604 30.29459,-30.96601 30.29453,-30.9661 30.29454,-30.96621 30.29456,-30.96633 30.29447,-30.96639 30.2944,-30.96634 30.29434,-30.96627 30.29422,-30.96622 30.29418,-30.96626 30.29419,-30.96634 30.29426,-30.96645 30.29426,-30.96652 30.2942,-30.96667 30.29408,-30.9667 30.29401,-30.96665 30.29394,-30.96659 30.29384,-30.96655 30.29374,-30.9666 30.29372,-30.9667 30.29377,-30.96678 30.29378,-30.9669 30.29364,-30.96706 30.29356,-30.96706 30.2935,-30.96703 30.29341,-30.96697 30.29327,-30.96698 30.29321,-30.96702 30.29321,-30.96706 30.29324,-30.96714 30.29327,-30.96723 30.29327,-30.96734 30.29325,-30.96737 30.29315,-30.96737 30.29312,-30.96731 30.29303,-30.96731 30.29296,-30.96735 30.29296,-30.9674 30.29297,-30.96748 30.29295,-30.96759 30.29286,-30.96767 30.29276,-30.96766 30.29266,-30.96758 30.29257,-30.9676 30.29252,-30.96767 30.29258,-30.96773 30.29259,-30.96786 30.29252,-30.96792 30.29241,-30.96799 30.29234,-30.96792 30.29224,-30.96783 30.29218,-30.96783 30.29215,-30.96789 30.29218,-30.96799 30.29218,-30.96818 30.29203,-30.96825 30.29196,-30.96822 30.29192,-30.96817 30.29181,-30.96808 30.29172,-30.9681 30.29171,-30.96818 30.29171,-30.96829 30.29165,-30.96833 30.29149,-30.96829 30.29132,-30.96819 30.29124,-30.96819 30.29118,-30.96823 30.29109,-30.96833 30.29095,-30.96842 30.29083,-30.96841 30.29073,-30.96836 30.29063,-30.96828 30.29051,-30.96828 30.29015,-30.96846 30.29007,-30.96853 30.29002,-30.96862 30.28987,-30.96883 30.28974,-30.96903 30.28951,-30.96916 30.28924,-30.96921 30.28891,-30.9693 30.28862,-30.9694 30.28839,-30.96953 30.28823,-30.96966 30.28801,-30.96987 30.28772,-30.97004 30.28744,-30.97022 30.28713,-30.97042 30.28695,-30.97059 30.28675,-30.97076 30.28636,-30.97101 30.28618,-30.97119 30.28597,-30.97141 30.28573,-30.97172 30.28551,-30.97197 30.28549,-30.972 30.28525,-30.9723 30.28497,-30.97262 30.28476,-30.97288 30.28449,-30.97319 30.28419,-30.97354 30.28391,-30.97382 30.28365,-30.97412 30.28344,-30.97445 30.28327,-30.97474 30.2831,-30.97495 30.28294,-30.97517 30.28277,-30.97543 30.28254,-30.9758 30.28228,-30.97617 30.28206,-30.97655 30.2819,-30.9769 30.28172,-30.97733 30.28161,-30.97764 30.28151,-30.97795 30.28137,-30.97815 30.28114,-30.97843 30.28101,-30.9787 30.28096,-30.979 30.28082,-30.97928 30.28058,-30.9795 30.28035,-30.97971 30.28009,-30.97997 30.27998,-30.98014 30.27966,-30.98039 30.27935,-30.98081 30.27914,-30.98103 30.27888,-30.98129 30.27869,-30.98151 30.27851,-30.98172 30.27845,-30.98188 30.27845,-30.98198 30.2784,-30.98209 30.27834,-30.98213 30.27828,-30.98214 30.27828,-30.9822 30.27832,-30.98226 30.27838,-30.98233 30.27838,-30.98239 30.27833,-30.98246 30.27827,-30.98246 30.27827,-30.9827 30.27821,-30.98276 30.2781,-30.98276 30.27801,-30.98274 30.27796,-30.98278 30.27786,-30.98297 30.2777,-30.98322 30.2775,-30.98346 30.27742,-30.9837 30.27741,-30.98393 30.27746,-30.98418 30.2775,-30.98449 30.2775,-30.98474 30.27754,-30.98501 30.27754,-30.98527 30.27756,-30.98545 30.27759,-30.98558 30.27767,-30.98567 30.27776,-30.98575 30.27784,-30.98581 30.27789,-30.98589 30.27791,-30.98593 30.27794,-30.98602 30.27797,-30.98608 30.27784,-30.98615 30.27767,-30.98615 30.27761,-30.98617 30.27757,-30.98621 30.27757,-30.98631 30.27759,-30.9864 30.27764,-30.98643 30.2777,-30.98648 30.27776,-30.98656 30.27776,-30.98664 30.27767,-30.98668 30.27754,-30.9866 30.27748,-30.98662 30.27747,-30.98665 30.27748,-30.98672 30.27751,-30.98677 30.27756,-30.9868 30.27761,-30.98684 30.27761,-30.98696 30.2776,-30.98702 30.27748,-30.98703 30.2774,-30.98703 30.2774,-30.98716 30.27742,-30.98719 30.27747,-30.98721 30.27754,-30.98723 30.27756,-30.98728 30.27758,-30.9874 30.27753,-30.98748 30.27742,-30.98748 30.2774,-30.98758 30.27741,-30.98765 30.27741,-30.98775 30.27733,-30.98783 30.27723,-30.98784 30.27723,-30.98792 30.27729,-30.98804 30.27729,-30.98812 30.27725,-30.98815 30.2772,-30.98815 30.27714,-30.98817 30.27714,-30.98834 30.27706,-30.98842 30.27696,-30.9884 30.27685,-30.98836 30.27677,-30.98836 30.27675,-30.98841 30.27676,-30.98852 30.27676,-30.98859 30.2767,-30.98867 30.27657,-30.98871 30.27648,-30.98868 30.27642,-30.98868 30.2764,-30.98875 30.27642,-30.98882 30.27646,-30.98891 30.27644,-30.98901 30.27625,-30.98909 30.27619,-30.98907 30.27609,-30.98907 30.27603,-30.98916 30.27596,-30.98922 30.27585,-30.98928 30.27579,-30.98928 30.27576,-30.98932 30.27576,-30.98937 30.27578,-30.98943 30.27577,-30.98957 30.27569,-30.9896 30.27563,-30.9896 30.27559,-30.98966 30.2756,-30.98972 30.27564,-30.98978 30.27571,-30.98987 30.2756,-30.9899 30.27552,-30.98991 30.27551,-30.99 30.27553,-30.9901 30.27556,-30.99017 30.27563,-30.99025 30.27562,-30.99032 30.2755,-30.99031 30.27539,-30.99031 30.27537,-30.99039 30.27543,-30.99045 30.2755,-30.99051 30.27556,-30.99063 30.27554,-30.99072 30.27549,-30.99076 30.27539,-30.99076 30.27531,-30.99073 30.27522,-30.99073 30.27521,-30.99076 30.27521,-30.99086 30.27529,-30.99093 30.27533,-30.991 30.27527,-30.99111 30.27522,-30.99117 30.2751,-30.99118 30.27504,-30.99118 30.27501,-30.9912 30.27501,-30.99129 30.27506,-30.99143 30.27487,-30.99178 30.27487,-30.99185 30.27483,-30.99194 30.27481,-30.99205 30.27478,-30.9921 30.27471,-30.99214 30.27463,-30.99208 30.27451,-30.99206 30.27438,-30.99213 30.27431,-30.99208 30.2742,-30.992 30.27415,-30.99201 30.27415,-30.99205 30.27416,-30.99212 30.27416,-30.9922 30.27406,-30.99242 30.27386,-30.99245 30.27382,-30.99239 30.27372,-30.99235 30.27363,-30.99243 30.27345,-30.99261 30.27334,-30.99261 30.2733,-30.99274 30.27334,-30.99287 30.27331,-30.993 30.27319,-30.99306 30.27314,-30.99301 30.27305,-30.99301 30.27305,-30.9931 30.27306,-30.99316 30.27308,-30.99325 30.27303,-30.99333 30.27295,-30.99336 30.27283,-30.99332 30.27272,-30.9933 30.27269,-30.99336 30.27275,-30.99342 30.2728,-30.99352 30.2728,-30.99365 30.27281,-30.99381 30.2728,-30.99385 30.27274,-30.99387 30.27259,-30.99385 30.27245,-30.99381 30.27209,-30.99381 30.27203,-30.99386 30.27203,-30.99396 30.27188,-30.994 30.27178,-30.994 30.27167,-30.99395 30.27161,-30.99392 30.27156,-30.99395 30.27158,-30.99406 30.27152,-30.99414 30.27139,-30.99413 30.27129,-30.99409 30.27124,-30.99405 30.27118,-30.99405 30.27112,-30.99411 30.27107,-30.99417 30.27094,-30.99421 30.27086,-30.99421 30.27076,-30.99425 30.2707,-30.99434 30.27063,-30.99449 30.27046,-30.99454 30.27033,-30.99457 30.27019,-30.99471 30.26999,-30.99477 30.26983,-30.99477 30.26968,-30.99475 30.26957,-30.99483 30.26951,-30.99495 30.26938,-30.99512 30.26919,-30.99531 30.26904,-30.99551 30.26891,-30.99568 30.26876,-30.99589 30.26862,-30.99614 30.26854,-30.99641 30.2685,-30.9967 30.26848,-30.99697 30.26847,-30.99722 30.26853,-30.9974 30.2686,-30.99753 30.2687,-30.99763 30.26886,-30.99778 30.26902,-30.99789 30.26918,-30.99807 30.26925,-30.99819 30.26927,-30.99835 30.26924,-30.99846 30.26916,-30.99859 30.2691,-30.99873 30.26901,-30.99889 30.26901,-30.99901 30.26905,-30.99912 30.26902,-30.99922 30.26895,-30.99937 30.26879,-30.99951 30.26866,-30.99962 30.26854,-30.99976 30.26838,-30.99996 30.26833,-31.00007 30.26836,-31.00015 30.26848,-31.00022 30.26862,-31.00026 30.26877,-31.00032 30.26881,-31.00041 30.26879,-31.00056 30.2687,-31.00067 30.26872,-31.00072 30.26874,-31.00076 30.26875,-31.00083 30.26861,-31.00086 30.26853,-31.00092 30.26843,-31.00088 30.26835,-31.00084 30.26831,-31.00092 30.26832,-31.001 30.26839,-31.00103 30.26841,-31.00108 30.26841,-31.00113 30.26835,-31.0013 30.2683,-31.00136 30.26824,-31.00145 30.26807,-31.00148 30.26803,-31.00147 30.26788,-31.00146 30.26784,-31.00157 30.26784,-31.00165 30.26785,-31.00178 30.26788,-31.00184 30.26795,-31.00188 30.26798,-31.00192 30.26795,-31.00201 30.26784,-31.00213 30.26766,-31.00215 30.26756,-31.00224 30.26757,-31.00235 30.26763,-31.00239 30.26772,-31.00243 30.26772,-31.00251 30.26764,-31.00257 30.26757,-31.00266 30.2676,-31.00273 30.26768,-31.00282 30.26762,-31.00296 30.26762,-31.00301 30.26769,-31.00307 30.2677,-31.00314 30.26759,-31.00327 30.26741,-31.00334 30.26734,-31.00332 30.2673,-31.00324 30.26723,-31.00324 30.26717,-31.00328 30.26707,-31.00337 30.26712,-31.00343 30.26715,-31.00351 30.26703,-31.00357 30.26698,-31.00361 30.267,-31.00367 30.26705,-31.00374 30.26691,-31.00382 30.26674,-31.00382 30.26662,-31.00379 30.2666,-31.00372 30.26648,-31.00364 30.26637,-31.00365 30.26628,-31.00373 30.26628,-31.00391 30.26615,-31.00397 30.26606,-31.00399 30.26606,-31.00409 30.26581,-31.00411 30.26575,-31.00409 30.26573,-31.00405 30.26565,-31.00398 30.26555,-31.00397 30.26543,-31.00398 30.26535,-31.00403 30.26535,-31.00409 30.26532,-31.00417 30.26523,-31.00428 30.26516,-31.00441 30.26512,-31.00452 30.265,-31.00454 30.26486,-31.00446 30.26475,-31.00446 30.26467,-31.00447 30.26461,-31.00453 30.26462,-31.00462 30.26459,-31.00477 30.26447,-31.0049 30.2645,-31.00492 30.2646,-31.00499 30.26453,-31.00509 30.2644,-31.00517 30.26425,-31.00515 30.26409,-31.00503 30.26399,-31.00506 30.26398,-31.00516 30.26398,-31.00521 30.26403,-31.00523 30.26398,-31.00539 30.26387,-31.00552 30.26377,-31.00565 30.26367,-31.00573 30.26354,-31.00572 30.26339,-31.00567 30.2633,-31.00566 30.26327,-31.00573 30.26331,-31.00578 30.26337,-31.0058 30.26336,-31.00592 30.26333,-31.006 30.26325,-31.00609 30.26327,-31.00613 30.26328,-31.00621 30.26322,-31.00629 30.26306,-31.00633 30.26296,-31.00633 30.26292,-31.00629 30.26283,-31.00628 30.26277,-31.00631 30.26272,-31.0064 30.26272,-31.00644 30.26274,-31.00647 30.26278,-31.00654 30.26273,-31.00662 30.2627,-31.00674 30.26271,-31.00678 30.26271,-31.00687 30.26268,-31.00694 30.26258,-31.00698 30.26245,-31.00696 30.26233,-31.00696 30.26227,-31.007 30.26226,-31.00705 30.26227,-31.00719 30.26221,-31.00737 30.26223,-31.00743 30.26229,-31.00743 30.26235,-31.00747 30.26237,-31.00753 30.26235,-31.0076 30.26224,-31.00769 30.26211,-31.00774 30.26201,-31.00774 30.26193,-31.0078 30.26193,-31.0079 30.26197,-31.00794 30.26203,-31.00799 30.26205,-31.00806 30.2619,-31.00823 30.26192,-31.00828 30.26197,-31.00837 30.26196,-31.00844 30.26174,-31.00851 30.26168,-31.00853 30.26154,-31.00867 30.26154,-31.00904 30.26151,-31.00912 30.26139,-31.0092 30.26126,-31.0092 30.26117,-31.00916 30.26112,-31.00913 30.26107,-31.00915 30.26099,-31.00922 30.26099,-31.00926 30.26102,-31.00934 30.26108,-31.00938 30.26108,-31.00944 30.26101,-31.00949 30.26086,-31.00954 30.26082,-31.0096 30.26082,-31.00963 30.26074,-31.0097 30.2606,-31.00979 30.26049,-31.00979 30.26041,-31.00975 30.26035,-31.00966 30.26027,-31.00962 30.26017,-31.00967 30.26015,-31.00978 30.26016,-31.00985 30.26016,-31.00993 30.26007,-31.00997 30.26003,-31.01004 30.25995,-31.01011 30.25984,-31.0101 30.25976,-31.01008 30.25971,-31.01005 30.2597,-31.01001 30.25964,-31.00994 30.25952,-31.00993 30.25946,-31.00993 30.25941,-31.01001 30.25933,-31.0101 30.25929,-31.01013 30.25929,-31.01019 30.25925,-31.01025 30.25915,-31.01028 30.25903,-31.01023 30.25894,-31.01014 30.25882,-31.01013 30.25873,-31.01013 30.2587,-31.01024 30.25881,-31.01035 30.25878,-31.01043 30.25871,-31.01048 30.25835,-31.01049 30.25827,-31.01057 30.2582,-31.01066 30.25814,-31.0108 30.25814,-31.01102 30.25815,-31.01118 30.25815,-31.01143 30.25819,-31.01154 30.2582,-31.01158 30.25827,-31.01166 30.25838,-31.01173 30.25842,-31.01182 30.2585,-31.01189 30.25852,-31.01194 30.2586,-31.01195 30.25876,-31.01191 30.25885,-31.01188 30.25895,-31.01188 30.25902,-31.01193 30.25904,-31.01205 30.25898,-31.01218 30.25892,-31.01221 30.25882,-31.01221 30.25879,-31.01226 30.25882,-31.01236 30.25888,-31.01237 30.25894,-31.01245 30.2589,-31.01256 30.25894,-31.0126 30.25902,-31.01262 30.25908,-31.01268 30.25908,-31.01277 30.25898,-31.01293 30.25884,-31.01294 30.25878,-31.01299 30.25881,-31.01309 30.25885,-31.01313 30.25897,-31.01315 30.25897,-31.01329 30.25892,-31.01337 30.25895,-31.01343 30.25904,-31.01348 30.25903,-31.01363 30.25891,-31.01371 30.25881,-31.01371 30.25876,-31.0138 30.25875,-31.01388 30.25876,-31.01394 30.25883,-31.014 30.25883,-31.01407 30.25873,-31.01411 30.25871,-31.0142 30.25872,-31.01426 30.25878,-31.01432 30.25869,-31.01438 30.25856,-31.01443 30.25847,-31.0144 30.25841,-31.0143 30.25829,-31.0143 30.25819,-31.01436 30.25816,-31.01445 30.25808,-31.01455 30.25792,-31.01465 30.25779,-31.01467 30.25779,-31.01474 30.25784,-31.01481 30.25775,-31.0149 30.25753,-31.0149 30.25747,-31.01483 30.25734,-31.01483 30.25729,-31.01493 30.25727,-31.01501 30.25722,-31.01509 30.25715,-31.01511 30.2571,-31.01519 30.25715,-31.01527 30.25712,-31.01533 30.25701,-31.01539 30.25688,-31.01538 30.25683,-31.01531 30.25669,-31.01526 30.25658,-31.01532 30.25651,-31.01541 30.25652,-31.01549 30.25656,-31.01557 30.25656,-31.01562 30.25657,-31.01569 30.25657,-31.01576 30.25646,-31.01583 30.25635,-31.01588 30.25624,-31.01588 30.25615,-31.01583 30.25609,-31.01581 30.25599,-31.01587 30.256,-31.01595 30.25607,-31.01599 30.25613,-31.01607 30.25613,-31.01618 30.25603,-31.01621 30.25599,-31.0163 30.25602,-31.01637 30.25604,-31.01639 30.25607,-31.01641 30.25607,-31.01645 30.25597,-31.01659 30.25588,-31.01659 30.25583,-31.01657 30.25576,-31.01655 30.25565,-31.01655 30.25559,-31.01657 30.25556,-31.01665 30.25562,-31.01674 30.2557,-31.01675 30.25574,-31.01677 30.25568,-31.01696 30.25566,-31.017 30.25565,-31.01708 30.25569,-31.01713 30.2557,-31.01722 30.25559,-31.01727 30.25541,-31.01733 30.25533,-31.01741 30.25533,-31.01751 30.25537,-31.01756 30.25543,-31.01757 30.25545,-31.01765 30.25544,-31.01773 30.25538,-31.01782 30.25539,-31.01785 30.25545,-31.01789 30.25551,-31.01791 30.25556,-31.01798 30.25556,-31.01803 30.25537,-31.01812 30.25525,-31.0181 30.25507,-31.01825 30.25512,-31.01832 30.25516,-31.01834 30.25521,-31.01837 30.25525,-31.01845 30.25521,-31.01852 30.25512,-31.01859 30.25512,-31.01865 30.25518,-31.0187 30.25518,-31.01878 30.25514,-31.01883 30.25495,-31.01883 30.2549,-31.01878 30.25478,-31.01875 30.25471,-31.01878 30.25461,-31.01887 30.25464,-31.01892 30.25469,-31.01895 30.25472,-31.01903 30.25472,-31.01911 30.2545,-31.01911 30.25439,-31.01917 30.25439,-31.01922 30.2543,-31.01926 30.2542,-31.01926 30.25415,-31.01922 30.25411,-31.0192 30.25405,-31.01913 30.25394,-31.01913 30.25382,-31.01919 30.25382,-31.01927 30.25387,-31.01932 30.25387,-31.01941 30.25376,-31.01946 30.25364,-31.01946 30.25363,-31.01953 30.25363,-31.0196 30.25353,-31.01964 30.25345,-31.01966 30.25336,-31.01964 30.25325,-31.01953 30.25315,-31.01954 30.25306,-31.0196 30.25295,-31.0196 30.25287,-31.01964 30.25283,-31.0197 30.25287,-31.01979 30.25282,-31.01985 30.25275,-31.01991 30.25274,-31.01997 30.25265,-31.02 30.25249,-31.02004 30.25234,-31.02005 30.25227,-31.02005 30.2522,-31.02002 30.25213,-31.01994 30.25201,-31.01994 30.2519,-31.01998 30.25182,-31.02002 30.25183,-31.02009 30.25183,-31.02017 30.25179,-31.0202 30.25171,-31.02021 30.25158,-31.02027 30.25151,-31.0203 30.25151,-31.02038 30.25156,-31.02045 30.25135,-31.02048 30.25124,-31.02048 30.25117,-31.02044 30.25105,-31.02044 30.25089,-31.02046 30.25077,-31.02051 30.25075,-31.02058 30.25075,-31.02064 30.25073,-31.02067 30.25066,-31.02071 30.2506,-31.02073 30.2506,-31.02079 30.25062,-31.02082 30.25057,-31.02088 30.25039,-31.0209 30.25024,-31.02096 30.25007,-31.02103 30.24997,-31.02111 30.24997,-31.02116 30.24998,-31.02121 30.24992,-31.02127 30.2498,-31.02135 30.24969,-31.02141 30.24962,-31.02145 30.24957,-31.02154 30.2495,-31.02161 30.24938,-31.02165 30.24926,-31.02165 30.24914,-31.02164 30.24904,-31.0216 30.24892,-31.0216 30.24885,-31.02165 30.24876,-31.02183 30.24868,-31.02191 30.24842,-31.02191 30.24837,-31.02189 30.24832,-31.02184 30.24828,-31.02182 30.24795,-31.02191 30.24776,-31.02198 30.24753,-31.02207 30.24732,-31.02216 30.24712,-31.02228 30.24694,-31.02245 30.24681,-31.0226 30.24666,-31.02278 30.24654,-31.02296 30.24643,-31.02315 30.24635,-31.02334 30.24629,-31.02352 30.24631,-31.02361 30.24635,-31.02368 30.2464,-31.02378 30.2464,-31.02391 30.24646,-31.02399 30.24644,-31.02408 30.24628,-31.02418 30.24618,-31.02421 30.24607,-31.02424 30.24602,-31.0243 30.24602,-31.02448 30.246,-31.02455 30.24593,-31.02465 30.24599,-31.02469 30.24604,-31.02477 30.24604,-31.02486 30.24586,-31.02493 30.24562,-31.02497 30.24548,-31.02511 30.24548,-31.02518 30.24554,-31.02522 30.2456,-31.02524 30.24565,-31.02529 30.24565,-31.02536 30.2456,-31.02547 30.2456,-31.02555 30.24561,-31.02559 30.24565,-31.02562 30.24567,-31.02568 30.24566,-31.02577 30.24559,-31.02581 30.24541,-31.02581 30.24531,-31.02591 30.24529,-31.02604 30.24529,-31.02615 30.24534,-31.02617 30.2454,-31.02618 30.24547,-31.02625 30.24549,-31.02635 30.24553,-31.02643 30.24553,-31.02659 30.24546,-31.02672 30.24533,-31.02676 30.24518,-31.02678 30.24519,-31.02691 30.24525,-31.02697 30.2453,-31.027 30.24535,-31.02704 30.24536,-31.02719 30.24535,-31.02737 30.2453,-31.02748 30.24524,-31.02754 30.24512,-31.02756 30.24509,-31.02765 30.24509,-31.0277 30.24514,-31.02773 30.24531,-31.02773 30.24537,-31.02779 30.24538,-31.02786 30.24528,-31.02798 30.24522,-31.02811 30.24522,-31.02818 30.24524,-31.02823 30.24528,-31.0283 30.24522,-31.02834 30.24515,-31.02839 30.24514,-31.02843 30.24519,-31.02845 30.2453,-31.02847 30.24536,-31.02855 30.24536,-31.02863 30.24528,-31.02869 30.24511,-31.02872 30.24496,-31.02872 30.24489,-31.02876 30.24481,-31.02887 30.24479,-31.02899 30.24479,-31.02916 30.24469,-31.02935 30.24462,-31.02947 30.2445,-31.02956 30.24441,-31.02963 30.24441,-31.02972 30.24448,-31.02976 30.24448,-31.02985 30.24441,-31.02997 30.24422,-31.03008 30.24406,-31.03018 30.24403,-31.03024 30.24391,-31.03027 30.24391,-31.03036 30.24393,-31.03038 30.24392,-31.03049 30.2438,-31.03057 30.24372,-31.03057 30.24371,-31.03054 30.24366,-31.0305 30.24342,-31.0305 30.24339,-31.03057 30.24336,-31.03063 30.24329,-31.03068 30.24316,-31.03068 30.24312,-31.03071 30.24311,-31.03075 30.24305,-31.03079 30.24289,-31.03079 30.24276,-31.03068 30.24266,-31.03058 30.24258,-31.03049 30.24253,-31.03048 30.24249,-31.03049 30.24249,-31.03055 30.24242,-31.03056 30.24234,-31.03056 30.24229,-31.03054 30.24218,-31.03045 30.24216,-31.03019 30.24203,-31.03012 30.24189,-31.03005 30.2417,-31.03004 30.24149,-31.03002 30.2413,-31.03007 30.24111,-31.03019 30.24085,-31.03033 30.24065,-31.03049 30.24045,-31.03066 30.24025,-31.03085 30.24008,-31.031 30.23985,-31.03114 30.23953,-31.03138 30.23932,-31.03155 30.2392,-31.03167 30.23898,-31.03182 30.23885,-31.03195 30.23852,-31.03212 30.23821,-31.03231 30.23798,-31.03246 30.23775,-31.03264 30.23757,-31.0328 30.23738,-31.03298 30.23716,-31.03315 30.23699,-31.03331 30.2369,-31.03344 30.23666,-31.0337 30.23653,-31.03388 30.23638,-31.03412 30.2363,-31.03431 30.2363,-31.03436 30.2363,-31.03444 30.23633,-31.03456 30.23637,-31.03464 30.23646,-31.03469 30.23652,-31.03476 30.23652,-31.03487 30.23651,-31.03493 30.23646,-31.03496 30.23638,-31.03496 30.23634,-31.03501 30.23638,-31.03508 30.23649,-31.03509 30.23656,-31.03514 30.23657,-31.03525 30.23663,-31.03534 30.23671,-31.0354 30.23675,-31.03553 30.23671,-31.03564 30.23652,-31.03565 30.23643,-31.03568 30.23643,-31.03576 30.23649,-31.03581 30.23657,-31.03588 30.23657,-31.03594 30.23657,-31.0361 30.23652,-31.03622 30.2365,-31.03629 30.23641,-31.03629 30.23632,-31.03624 30.23624,-31.03624 30.23616,-31.03627 30.23612,-31.03639 30.23609,-31.03652 30.23602,-31.03662 30.23596,-31.03675 30.23588,-31.03681 30.23559,-31.03681 30.23552,-31.03684 30.23552,-31.0369 30.23549,-31.03698 30.23536,-31.037 30.23528,-31.037 30.23528,-31.03709 30.23532,-31.03721 30.23524,-31.03728 30.23509,-31.03728 30.23497,-31.03727 30.23489,-31.03721 30.23477,-31.03721 30.23467,-31.03723 30.23458,-31.03733 30.23452,-31.03747 30.23445,-31.03747 30.23446,-31.03753 30.23448,-31.03762 30.23444,-31.03767 30.23427,-31.03769 30.23417,-31.0376 30.23412,-31.03747 30.234,-31.03742 30.2339,-31.03742 30.2338,-31.03747 30.23377,-31.03753 30.23383,-31.03757 30.23383,-31.03763 30.23376,-31.03769 30.23364,-31.0377 30.23358,-31.03773 30.23357,-31.03781 30.23346,-31.03792 30.23338,-31.03807 30.23324,-31.03811 30.23315,-31.03808 30.23306,-31.03804 30.233,-31.03804 30.23294,-31.03814 30.233,-31.03852 30.23288,-31.03861 30.23288,-31.03867 30.23282,-31.03875 30.2327,-31.03884 30.23256,-31.03883 30.23244,-31.03883 30.23244,-31.03891 30.23249,-31.03895 30.23253,-31.03901 30.23253,-31.03919 30.23257,-31.03926 30.23257,-31.03934 30.23244,-31.03943 30.23231,-31.03942 30.23221,-31.03935 30.23212,-31.03935 30.23208,-31.0394 30.23206,-31.03949 30.23206,-31.03959 30.2321,-31.03964 30.2321,-31.0397 30.23208,-31.03982 30.23214,-31.03987 30.23217,-31.0399 30.23217,-31.04004 30.23204,-31.04013 30.23182,-31.04015 30.2317,-31.04011 30.23159,-31.04012 30.23157,-31.04024 30.23163,-31.04039 30.23149,-31.04056 30.2314,-31.04071 30.23128,-31.04083 30.23118,-31.04083 30.23106,-31.04081 30.23102,-31.04086 30.23103,-31.04096 30.23107,-31.04102 30.23105,-31.04111 30.23105,-31.0412 30.23103,-31.04127 30.23098,-31.04137 30.23081,-31.04144 30.23071,-31.04139 30.23062,-31.04136 30.23055,-31.04139 30.23051,-31.04149 30.23052,-31.0416 30.23045,-31.04167 30.23037,-31.04173 30.23035,-31.0418 30.23045,-31.04186 30.23033,-31.04196 30.23024,-31.04199 30.23017,-31.04197 30.23008,-31.04197 30.22998,-31.04199 30.22982,-31.04209 30.22979,-31.04222 30.22983,-31.04227 30.22992,-31.04235 30.22977,-31.04246 30.22964,-31.04246 30.22953,-31.04243 30.22939,-31.04236 30.22921,-31.04236 30.22905,-31.04238 30.22887,-31.04257 30.22872,-31.04278 30.22849,-31.043 30.22837,-31.04316 30.22827,-31.04328 30.22825,-31.04345 30.22828,-31.04358 30.22833,-31.04368 30.2284,-31.0439 30.22842,-31.04417 30.2284,-31.04437 30.22833,-31.0446 30.22833,-31.04478 30.22836,-31.0449 30.22846,-31.04497 30.22859,-31.04497 30.2288,-31.04498 30.22884,-31.04505 30.22878,-31.04521 30.22871,-31.04529 30.22875,-31.04547 30.22888,-31.04546 30.22891,-31.04547 30.22898,-31.04556 30.22901,-31.04563 30.2291,-31.04568 30.22917,-31.04573 30.22918,-31.04585 30.22914,-31.04594 30.22909,-31.046 30.2291,-31.0461 30.22935,-31.0461 30.22941,-31.04615 30.2295,-31.04619 30.22955,-31.04623 30.22962,-31.0463 30.22966,-31.0464 30.22966,-31.04651 30.22952,-31.04655 30.22943,-31.04659 30.2294,-31.04667 30.22943,-31.04677 30.22952,-31.04679 30.22961,-31.04679 30.22964,-31.04683 30.22992,-31.04701 30.22995,-31.04711 30.22995,-31.04722 30.22988,-31.04726 30.22986,-31.04737 30.22987,-31.04745 30.22995,-31.04749 30.22999,-31.04757 30.23005,-31.04764 30.23013,-31.04765 30.23017,-31.04771 30.23016,-31.04782 30.23012,-31.04791 30.23003,-31.04797 30.23005,-31.04817 30.23013,-31.0482 30.23017,-31.0483 30.2302,-31.04843 30.23026,-31.04854 30.23028,-31.04865 30.23028,-31.04874 30.23018,-31.04881 30.23018,-31.04894 30.23022,-31.04899 30.23028,-31.04907 30.23034,-31.04914 30.23041,-31.0492 30.23043,-31.04929 30.23046,-31.04938 30.23045,-31.04945 30.23037,-31.04953 30.23026,-31.04955 30.23026,-31.04961 30.23028,-31.0497 30.23031,-31.04974 30.23039,-31.04975 30.23045,-31.04976 30.23051,-31.04984 30.23052,-31.04992 30.23058,-31.04994 30.23059,-31.05009 30.23045,-31.05022 30.23031,-31.05023 30.23026,-31.05034 30.23026,-31.05044 30.23028,-31.05052 30.2303,-31.05064 30.23033,-31.05071 30.23038,-31.05075 30.23038,-31.05088 30.23031,-31.05098 30.23018,-31.05103 30.23009,-31.051 30.23,-31.05108 30.23001,-31.05121 30.23007,-31.05125 30.23015,-31.0513 30.23015,-31.05151 30.23004,-31.05161 30.22978,-31.05165 30.22965,-31.05173 30.22965,-31.05189 30.2297,-31.05197 30.2297,-31.05208 30.22974,-31.05216 30.22978,-31.05229 30.22964,-31.05238 30.2294,-31.05241 30.22927,-31.05251 30.22927,-31.05261 30.22932,-31.05271 30.22932,-31.05283 30.22936,-31.05292 30.2294,-31.05297 30.22941,-31.05305 30.22935,-31.05313 30.22914,-31.05315 30.22902,-31.05317 30.22897,-31.05335 30.229,-31.05345 30.22914,-31.05356 30.22917,-31.05374 30.22906,-31.05387 30.22888,-31.0539 30.22884,-31.05399 30.22885,-31.05407 30.22893,-31.05411 30.22896,-31.05421 30.22896,-31.05432 30.22902,-31.05441 30.22902,-31.05448 30.22892,-31.05463 30.22872,-31.05465 30.22866,-31.05471 30.22868,-31.05484 30.22874,-31.0549 30.22879,-31.05505 30.22879,-31.05516 30.22878,-31.05528 30.2287,-31.05537 30.22851,-31.05546 30.22842,-31.05553 30.22842,-31.05578 30.22849,-31.05583 30.22855,-31.05589 30.22855,-31.05604 30.22851,-31.05617 30.2284,-31.0563 30.22824,-31.05636 30.22808,-31.05636 30.22798,-31.05645 30.22799,-31.05656 30.22808,-31.05666 30.22807,-31.05682 30.22803,-31.05698 30.22791,-31.05706 30.2278,-31.05711 30.22766,-31.05713 30.22761,-31.05725 30.22765,-31.05734 30.22774,-31.05741 30.22782,-31.05746 30.22788,-31.05756 30.22786,-31.05766 30.22777,-31.05779 30.22765,-31.05782 30.2275,-31.05782 30.22744,-31.05784 30.22743,-31.05793 30.22747,-31.05799 30.22748,-31.05809 30.22748,-31.05829 30.22739,-31.05835 30.22726,-31.0584 30.22714,-31.0584 30.22703,-31.05839 30.22696,-31.05842 30.22692,-31.05852 30.22701,-31.05859 30.22707,-31.05866 30.22692,-31.05872 30.22688,-31.05882 30.2269,-31.05895 30.22662,-31.059 30.22648,-31.05891 30.22634,-31.05899 30.22634,-31.05908 30.22639,-31.05917 30.2264,-31.05923 30.22636,-31.05927 30.22635,-31.05936 30.22635,-31.05942 30.22634,-31.05952 30.22618,-31.05963 30.22605,-31.05959 30.22596,-31.05952 30.22587,-31.05956 30.2258,-31.05966 30.22581,-31.05977 30.22581,-31.05986 30.22574,-31.05993 30.22574,-31.06002 30.22588,-31.06008 30.22585,-31.06023 30.22566,-31.06033 30.22558,-31.06029 30.22549,-31.06026 30.22544,-31.06026 30.22533,-31.06036 30.22517,-31.06038 30.22516,-31.06043 30.22517,-31.0605 30.22517,-31.06058 30.22508,-31.06064 30.22508,-31.06071 30.22512,-31.06075 30.22512,-31.06083 30.22507,-31.06089 30.22487,-31.06089 30.2248,-31.06084 30.2247,-31.06084 30.22461,-31.06086 30.22456,-31.06093 30.22454,-31.06102 30.22454,-31.06107 30.22444,-31.06114 30.22438,-31.06133 30.22435,-31.06136 30.22416,-31.06137 30.22405,-31.06137 30.22401,-31.06145 30.22401,-31.06152 30.22396,-31.06163 30.22387,-31.06163 30.22387,-31.06175 30.22396,-31.06183 30.22395,-31.06191 30.22378,-31.06196 30.22364,-31.06195 30.22361,-31.06191 30.22354,-31.06191 30.22352,-31.06197 30.22348,-31.06213 30.22343,-31.0623 30.22332,-31.06238 30.22322,-31.06235 30.22313,-31.06235 30.22307,-31.06238 30.22307,-31.06247 30.22309,-31.06256 30.22305,-31.06263 30.22297,-31.0627 30.22304,-31.06277 30.223,-31.06287 30.2229,-31.06296 30.22272,-31.06298 30.2226,-31.06298 30.22253,-31.06303 30.22253,-31.0631 30.22255,-31.0632 30.22246,-31.06328 30.2224,-31.06336 30.22238,-31.06345 30.22225,-31.06353 30.22212,-31.0635 30.22203,-31.0635 30.22195,-31.06353 30.22195,-31.06362 30.22202,-31.06367 30.22198,-31.06375 30.22186,-31.06379 30.22181,-31.06387 30.22181,-31.06394 30.22169,-31.06401 30.22157,-31.06401 30.22148,-31.06396 30.22139,-31.06396 30.22131,-31.064 30.22121,-31.06407 30.22121,-31.06415 30.22125,-31.06428 30.2211,-31.06441 30.22088,-31.06447 30.22049,-31.06447 30.22049,-31.06458 30.2206,-31.06463 30.22058,-31.06477 30.22052,-31.06488 30.22056,-31.06496 30.2205,-31.0651 30.22032,-31.06512 30.2202,-31.06504 30.22011,-31.06504 30.22007,-31.06507 30.21997,-31.06517 30.21985,-31.06522 30.2198,-31.06529 30.2198,-31.06548 30.21971,-31.06552 30.2196,-31.0655 30.21945,-31.06544 30.21936,-31.06548 30.21936,-31.06559 30.21928,-31.0657 30.2192,-31.06578 30.21923,-31.06593 30.21907,-31.06604 30.21895,-31.06602 30.21885,-31.06598 30.21876,-31.06599 30.21865,-31.06612 30.21865,-31.06646 30.21868,-31.06658 30.21865,-31.06671 30.2186,-31.06685 30.21849,-31.06694 30.21834,-31.06704 30.21821,-31.06714 30.21812,-31.06723 30.21791,-31.06728 30.21787,-31.06724 30.21776,-31.06717 30.21762,-31.06718 30.21756,-31.0673 30.21756,-31.06739 30.21741,-31.0674 30.21731,-31.06747 30.21731,-31.06762 30.21719,-31.06761 30.21702,-31.06758 30.21693,-31.06761 30.21685,-31.06771 30.21688,-31.06781 30.21682,-31.06786 30.21667,-31.06786 30.21663,-31.06794 30.21668,-31.06801 30.21663,-31.06811 30.21646,-31.06816 30.21637,-31.06813 30.21632,-31.06807 30.21621,-31.06803 30.21611,-31.06804 30.21599,-31.06811 30.21603,-31.06824 30.21596,-31.06827 30.21585,-31.06827 30.21582,-31.06838 30.2159,-31.06842 30.2159,-31.06852 30.21585,-31.06856 30.21566,-31.06857 30.21556,-31.06855 30.21542,-31.06855 30.21531,-31.06865 30.21531,-31.0688 30.21526,-31.06894 30.21514,-31.06903 30.21493,-31.06904 30.21484,-31.06901 30.21479,-31.06894 30.21472,-31.06893 30.21469,-31.06901 30.21463,-31.06912 30.21452,-31.06918 30.21446,-31.06928 30.21446,-31.06936 30.21436,-31.06944 30.21422,-31.06949 30.21412,-31.06942 30.21394,-31.06946 30.2139,-31.06962 30.21397,-31.06967 30.21401,-31.06975 30.21394,-31.06981 30.21376,-31.06988 30.21373,-31.07004 30.21358,-31.07008 30.21349,-31.07006 30.21343,-31.07004 30.21328,-31.07001 30.21319,-31.07005 30.21319,-31.07018 30.21322,-31.07027 30.21322,-31.07035 30.21328,-31.07039 30.21339,-31.07047 30.21337,-31.0706 30.21319,-31.07062 30.21303,-31.07057 30.21287,-31.0706 30.21288,-31.07073 30.21298,-31.07081 30.21292,-31.07092 30.21285,-31.07108 30.21285,-31.07116 30.2129,-31.07122 30.21286,-31.0713 30.21272,-31.07139 30.21264,-31.07133 30.21253,-31.0713 30.21245,-31.07133 30.21245,-31.07143 30.21251,-31.07152 30.21255,-31.07164 30.21249,-31.07181 30.21247,-31.0719 30.21239,-31.07194 30.21227,-31.07194 30.21218,-31.07191 30.21201,-31.07191 30.21197,-31.07203 30.21197,-31.07225 30.21201,-31.07237 30.21192,-31.07245 30.21182,-31.07249 30.21171,-31.07249 30.21163,-31.07244 30.21157,-31.07244 30.21149,-31.0725 30.21144,-31.07262 30.21149,-31.07271 30.21144,-31.07283 30.21135,-31.07296 30.21137,-31.07304 30.21123,-31.07317 30.21119,-31.07314 30.21112,-31.07309 30.21102,-31.07309 30.21093,-31.07312 30.21093,-31.07318 30.21086,-31.0733 30.21072,-31.07342 30.21077,-31.07348 30.2108,-31.07362 30.21063,-31.07362 30.21047,-31.07358 30.21034,-31.07353 30.21025,-31.07355 30.21018,-31.07364 30.21017,-31.07373 30.21011,-31.07381 30.21007,-31.07392 30.21011,-31.07402 30.21013,-31.07409 30.20998,-31.07418 30.20969,-31.07418 30.20964,-31.07425 30.20964,-31.07433 30.20968,-31.07439 30.20968,-31.07447 30.20962,-31.07454 30.20956,-31.0746 30.2096,-31.07471 30.20947,-31.07477 30.20938,-31.07475 30.20932,-31.07471 30.20921,-31.07476 30.20913,-31.0748 30.20909,-31.07488 30.20901,-31.07494 30.20896,-31.07495 30.20898,-31.07505 30.20893,-31.07514 30.20879,-31.07518 30.20864,-31.07522 30.20858,-31.07518 30.20849,-31.0751 30.20834,-31.0751 30.20828,-31.07512 30.20828,-31.07522 30.20834,-31.07529 30.20821,-31.07536 30.20807,-31.07536 30.20804,-31.07545 30.20799,-31.07555 30.20784,-31.07558 30.20773,-31.07554 30.20767,-31.07544 30.20759,-31.0754 30.2075,-31.0754 30.20743,-31.07544 30.20742,-31.07554 30.20737,-31.07565 30.20733,-31.07566 30.20733,-31.0758 30.20722,-31.07584 30.20714,-31.07576 30.20684,-31.07576 30.20677,-31.0758 30.20677,-31.07592 30.20658,-31.07593 30.20652,-31.07593 30.20647,-31.07597 30.20647,-31.07606 30.20644,-31.07614 30.2064,-31.07618 30.20632,-31.07618 30.2063,-31.07612 30.20627,-31.07601 30.20624,-31.07595 30.20617,-31.07593 30.2061,-31.07593 30.20596,-31.07595 30.20583,-31.07599 30.20583,-31.07609 30.20572,-31.07614 30.20547,-31.07615 30.20545,-31.07621 30.20533,-31.07629 30.20523,-31.07629 30.20515,-31.07622 30.20512,-31.07614 30.20504,-31.07604 30.20494,-31.07599 30.20477,-31.07599 30.20476,-31.07606 30.2048,-31.07613 30.2048,-31.07627 30.20473,-31.07631 30.20435,-31.07622 30.2041,-31.07627 30.20382,-31.07642 30.20339,-31.07661 30.20313,-31.07678 30.20283,-31.07694 30.20262,-31.07713 30.20236,-31.07729 30.2021,-31.07749 30.20181,-31.07768 30.20131,-31.07803 30.20105,-31.0782 30.20069,-31.07844 30.20041,-31.07862 30.20013,-31.07882 30.19964,-31.07904 30.19919,-31.07929 30.19889,-31.07944 30.19842,-31.0797 30.19792,-31.08003 30.19752,-31.08029 30.19733,-31.08049 30.19713,-31.08075 30.19698,-31.08098 30.19685,-31.08123 30.19679,-31.08146 30.19676,-31.08174 30.19666,-31.08197 30.19656,-31.08208 30.19629,-31.08218 30.196,-31.08223 30.19564,-31.08227 30.1953,-31.08229 30.19502,-31.08239 30.19474,-31.08242 30.19446,-31.08247 30.19424,-31.08255 30.19399,-31.08263 30.19395,-31.08245 30.19395,-31.08242 30.19386,-31.08222 30.1938,-31.082 30.19374,-31.08189 30.19372,-31.08175 30.19374,-31.08161 30.19378,-31.08144 30.19382,-31.08133 30.19386,-31.08126 30.19386,-31.08126 30.19392,-31.08118 30.19429,-31.08093 30.1944,-31.08081 30.19453,-31.08069 30.19462,-31.08058 30.19466,-31.08052 30.19468,-31.08045 30.19472,-31.08036 30.19472,-31.08015 30.19471,-31.08004 30.19468,-31.07992 30.19468,-31.07959 30.19465,-31.07945 30.19464,-31.07926 30.1946,-31.07913 30.19455,-31.07902 30.1945,-31.07884 30.19444,-31.07855 30.19433,-31.07841 30.1942,-31.07823 30.19407,-31.07785 30.19397,-31.07761 30.19391,-31.07748 30.19385,-31.0773 30.19379,-31.07711 30.19374,-31.07699 30.19362,-31.07679 30.19358,-31.07667 30.19341,-31.07623 30.19329,-31.07601 30.19319,-31.07585 30.19309,-31.07565 30.19297,-31.07546 30.19286,-31.07528 30.19275,-31.07504 30.19267,-31.07476 30.19258,-31.07456 30.19246,-31.07429 30.19228,-31.07407 30.19216,-31.07382 30.19204,-31.07366 30.19169,-31.07314 30.19149,-31.07285 30.19124,-31.07258 30.19104,-31.07235 30.19081,-31.0721 30.19047,-31.07169 30.19034,-31.07156 30.18999,-31.07116 30.18995,-31.07111 30.18973,-31.07083 30.18961,-31.07064 30.18959,-31.0706 30.1891,-31.07003 30.189,-31.06988 30.18882,-31.06966 30.18866,-31.06946 30.1885,-31.0693 30.18833,-31.06907 30.18797,-31.06879 30.18793,-31.06877 30.18783,-31.06873 30.18743,-31.06846 30.18712,-31.06833 30.1869,-31.0682 30.18683,-31.06816 30.18671,-31.06814 30.18654,-31.06811 30.18591,-31.06795 30.18555,-31.06786 30.1853,-31.0678 30.18507,-31.06775 30.1848,-31.06769 30.18453,-31.06768 30.1843,-31.06766 30.18407,-31.06766 30.18364,-31.06764 30.18342,-31.06762 30.18311,-31.06756 30.18295,-31.06754 30.18278,-31.06752 30.18252,-31.06747 30.18242,-31.06746 30.18219,-31.06742 30.18198,-31.06742 30.18137,-31.06737 30.18126,-31.06736 30.18098,-31.06732 30.18076,-31.0673 30.18056,-31.06725 30.18038,-31.0672 30.18019,-31.06716 30.18,-31.06709 30.17993,-31.06707 30.17982,-31.06704 30.17978,-31.06703 30.17975,-31.06703 30.17953,-31.06695 30.17895,-31.06678 30.17862,-31.06664 30.17851,-31.06661 30.17832,-31.06657 30.17816,-31.06652 30.17809,-31.0665 30.17804,-31.06648 30.1779,-31.06643 30.17783,-31.06639 30.17781,-31.06638 30.17749,-31.06624 30.17726,-31.06616 30.17711,-31.06609 30.17683,-31.06597 30.17652,-31.06583 30.17632,-31.06574 30.17616,-31.06565 30.17595,-31.06556 30.17592,-31.06555 30.17579,-31.06543 30.17559,-31.06528 30.17522,-31.06496 30.17482,-31.06461 30.17467,-31.06453 30.17462,-31.0645 30.17438,-31.06434 30.17428,-31.06421 30.17416,-31.06407 30.17412,-31.06404 30.17385,-31.06385 30.17367,-31.0637 30.17364,-31.06367 30.17358,-31.06361 30.17339,-31.06346 30.17313,-31.06325 30.17278,-31.06297 30.1726,-31.06282 30.17246,-31.06271 30.17238,-31.0626 30.17222,-31.06245 30.17213,-31.06229 30.17198,-31.06215 30.17193,-31.06206 30.17182,-31.06188 30.17167,-31.06173 30.17126,-31.0614 30.17118,-31.06129 30.17112,-31.06119 30.17096,-31.06107 30.17087,-31.06097 30.17076,-31.06089 30.17074,-31.06087 30.17067,-31.06077 30.17059,-31.06069 30.17059,-31.06068 30.17046,-31.06057 30.17031,-31.06042 30.17023,-31.06032 30.17016,-31.06022 30.17009,-31.06013 30.16984,-31.05984 30.16979,-31.05977 30.16973,-31.05967 30.16968,-31.05957 30.16966,-31.05954 30.16961,-31.05942 30.16957,-31.05934 30.16956,-31.05932 30.16948,-31.05919 30.16943,-31.05909 30.16935,-31.05899 30.16925,-31.05883 30.16917,-31.05869 30.16908,-31.05859 30.16882,-31.05823 30.16882,-31.0582 30.16881,-31.05811 30.16876,-31.05804 30.16871,-31.0579 30.16862,-31.0578 30.16854,-31.05769 30.16845,-31.05759 30.16836,-31.0575 30.16831,-31.05737 30.16821,-31.05719 30.16813,-31.05705 30.1679,-31.05662 30.16783,-31.05651 30.16776,-31.05629 30.16763,-31.05605 30.16758,-31.0559 30.16757,-31.05576 30.16749,-31.05555 30.16731,-31.05499 30.1673,-31.05495 30.16728,-31.0549 30.16726,-31.05487 30.16717,-31.05473 30.16705,-31.05447 30.16696,-31.05427 30.16687,-31.05413 30.16682,-31.05402 30.16673,-31.0539 30.16666,-31.05382 30.16657,-31.05371 30.16651,-31.05359 30.16633,-31.05336 30.16619,-31.05318 30.16605,-31.05301 30.16586,-31.05282 30.16572,-31.05271 30.16569,-31.05269 30.16555,-31.05251 30.16542,-31.0523 30.1649,-31.0518 30.16471,-31.05163 30.16456,-31.05145 30.16443,-31.05132 30.16433,-31.05123 30.16424,-31.05113 30.16421,-31.05103 30.16417,-31.05099 30.1641,-31.05088 30.164,-31.0508 30.16394,-31.05071 30.16386,-31.05061 30.16385,-31.0506 30.16376,-31.05051 30.16369,-31.0504 30.16367,-31.05037 30.16355,-31.05017 30.16347,-31.05005 30.16337,-31.04992 30.16333,-31.04983 30.1633,-31.04971 30.16327,-31.04961 30.1632,-31.04946 30.16318,-31.04934 30.16315,-31.04923 30.16315,-31.04898 30.16312,-31.04855 30.16308,-31.04839 30.16309,-31.0483 30.16309,-31.04826 30.1631,-31.04822 30.1631,-31.04746 30.1631,-31.04738 30.16311,-31.0473 30.16309,-31.04714 30.16309,-31.04654 30.16313,-31.04625 30.16316,-31.04603 30.16319,-31.04582 30.16323,-31.04561 30.16329,-31.04543 30.16332,-31.04536 30.16333,-31.04532 30.16337,-31.04521 30.16348,-31.04491 30.16358,-31.04473 30.16369,-31.04448 30.16392,-31.044 30.16405,-31.04381 30.16421,-31.04353 30.16445,-31.04317 30.16468,-31.04281 30.16482,-31.04264 30.16494,-31.04253 30.16526,-31.04221 30.16536,-31.04212 30.16559,-31.0419 30.16574,-31.04168 30.16587,-31.0415 30.16596,-31.04137 30.1661,-31.0412 30.16624,-31.04101 30.16634,-31.04088 30.16643,-31.04076 30.16669,-31.04047 30.16684,-31.04027 30.16696,-31.04003 30.1671,-31.03982 30.16719,-31.03964 30.16722,-31.03949 30.16723,-31.0394 30.16727,-31.0393 30.16732,-31.03923 30.16733,-31.03918 30.16751,-31.03894 30.16754,-31.03884 30.16755,-31.03875 30.16759,-31.03864 30.16759,-31.03856 30.16767,-31.03834 30.16772,-31.03826 30.16773,-31.03818 30.16776,-31.0381 30.16777,-31.03805 30.16777,-31.03802 30.16778,-31.03798 30.1678,-31.03792 30.1678,-31.03784 30.16779,-31.03777 30.16779,-31.03762 30.16781,-31.03752 30.16783,-31.03745 30.16783,-31.03735 30.16788,-31.03726 30.16788,-31.03713 30.16792,-31.03703 30.16797,-31.03694 30.16798,-31.03683 30.16803,-31.03657 30.16803,-31.03611 30.16804,-31.03602 30.16804,-31.03585 30.16803,-31.03569 30.16804,-31.03557 30.16805,-31.03546 30.16807,-31.03535 30.16809,-31.03529 30.16813,-31.03524 30.16818,-31.03517 30.16818,-31.03513 30.16821,-31.03508 30.16821,-31.03472 30.16823,-31.03462 30.16825,-31.03454 30.16826,-31.0345 30.16826,-31.03448 30.16826,-31.0344 30.16827,-31.03435 30.16827,-31.0343 30.16829,-31.0342 30.1683,-31.03416 30.1683,-31.03412 30.1683,-31.03397 30.16831,-31.03374 30.16832,-31.03351 30.16832,-31.03238 30.16833,-31.03221 30.16834,-31.03192 30.16839,-31.0317 30.16844,-31.03156 30.16846,-31.03147 30.16848,-31.03139 30.16852,-31.03129 30.16853,-31.03119 30.16857,-31.03108 30.16862,-31.03099 30.16867,-31.03089 30.16871,-31.03079 30.16875,-31.03056 30.16881,-31.03033 30.16884,-31.03005 30.1689,-31.02989 30.16894,-31.02971 30.16903,-31.02933 30.16914,-31.02908 30.16918,-31.02888 30.16926,-31.02868 30.16935,-31.02846 30.16942,-31.02828 30.16948,-31.02812 30.16966,-31.02776 30.16974,-31.0276 30.16983,-31.02743 30.16985,-31.02732 30.16986,-31.02726 30.1699,-31.02717 30.17005,-31.02685 30.17008,-31.02676 30.1701,-31.02667 30.17015,-31.02648 30.17015,-31.02622 30.17017,-31.02605 30.17017,-31.02582 30.17013,-31.02569 30.17011,-31.02557 30.17007,-31.02548 30.17003,-31.02538 30.16979,-31.02512 30.16967,-31.02498 30.16953,-31.02486 30.16899,-31.02457 30.16877,-31.02452 30.16841,-31.02447 30.16822,-31.02444 30.16794,-31.02446 30.16774,-31.02446 30.16746,-31.02447 30.16733,-31.0245 30.16724,-31.02452 30.16715,-31.02453 30.167,-31.02467 30.16683,-31.02479 30.16665,-31.0248 30.16653,-31.02483 30.16645,-31.02487 30.16631,-31.02487 30.16605,-31.02497 30.16594,-31.02501 30.16562,-31.02505 30.16533,-31.02507 30.16523,-31.02509 30.16507,-31.02509 30.16487,-31.0251 30.16476,-31.0251 30.16456,-31.02514 30.16439,-31.02515 30.16419,-31.02514 30.16364,-31.02514 30.1635,-31.02513 30.16335,-31.0251 30.16322,-31.02508 30.16307,-31.025 30.16298,-31.02496 30.16291,-31.02492 30.16274,-31.02485 30.16256,-31.02479 30.16235,-31.0247 30.16218,-31.02464 30.16193,-31.02454 30.16174,-31.02446 30.16155,-31.02435 30.16127,-31.02422 30.16115,-31.02413 30.16106,-31.02405 30.16094,-31.02403 30.16073,-31.02396 30.16062,-31.02392 30.16044,-31.02386 30.16023,-31.0238 30.16017,-31.02379 30.16005,-31.02375 30.15993,-31.0237 30.15989,-31.02368 30.15984,-31.02366 30.15978,-31.02363 30.15976,-31.02362 30.15965,-31.02357 30.15956,-31.02352 30.15945,-31.02346 30.15937,-31.02342 30.15927,-31.02338 30.15913,-31.02334 30.15874,-31.02334 30.15845,-31.02329 30.15838,-31.02328 30.15827,-31.02326 30.15814,-31.02322 30.15807,-31.0232 30.15796,-31.02318 30.15784,-31.02316 30.15769,-31.02311 30.15752,-31.02307 30.15741,-31.02306 30.15728,-31.02303 30.15719,-31.02301 30.15709,-31.02298 30.15692,-31.02291 30.15682,-31.02288 30.15666,-31.02284 30.15654,-31.0228 30.15636,-31.02271 30.15631,-31.02268 30.1563,-31.02267 30.15624,-31.02264 30.15614,-31.02263 30.15607,-31.02262 30.15604,-31.02261 30.15587,-31.02255 30.15575,-31.0225 30.15564,-31.02245 30.15548,-31.02236 30.15543,-31.02231 30.15537,-31.02225 30.15528,-31.02219 30.15527,-31.02218 30.15519,-31.0221 30.15517,-31.02209 30.15506,-31.02202 30.15492,-31.02188 30.15486,-31.0218 30.15476,-31.02169 30.15467,-31.02161 30.15461,-31.02156 30.15454,-31.0215 30.15447,-31.02134 30.15441,-31.02127 30.15435,-31.02119 30.15428,-31.02109 30.15408,-31.02087 30.15404,-31.02076 30.154,-31.02067 30.15399,-31.02057 30.15399,-31.02048 30.15396,-31.02039 30.15391,-31.02031 30.15384,-31.02025 30.15376,-31.02013 30.15364,-31.01997 30.1536,-31.01993 30.15356,-31.01977 30.15352,-31.01969 30.15349,-31.01957 30.15344,-31.01946 30.15334,-31.01932 30.15328,-31.01919 30.15321,-31.01913 30.15316,-31.01904 30.1531,-31.01895 30.15294,-31.01869 30.15288,-31.01854 30.15281,-31.01841 30.15267,-31.0182 30.15265,-31.01818 30.15264,-31.01816 30.15258,-31.01807 30.15253,-31.01799 30.15252,-31.01797 30.15245,-31.01788 30.1524,-31.01777 30.15233,-31.01765 30.15227,-31.01755 30.1522,-31.01745 30.15214,-31.01734 30.15204,-31.0172 30.15174,-31.01691 30.15163,-31.01682 30.15144,-31.01666 30.15129,-31.01655 30.15122,-31.01652 30.15107,-31.01645 30.15085,-31.01634 30.15057,-31.01618 30.15048,-31.01609 30.1503,-31.01599 30.15021,-31.01592 30.15008,-31.01585 30.14989,-31.01575 30.14971,-31.01572 30.14962,-31.01571 30.14948,-31.01567 30.14939,-31.01566 30.14928,-31.01564 30.14896,-31.01564 30.14893,-31.01565 30.14883,-31.01569 30.14872,-31.01569 30.14847,-31.01577 30.14812,-31.01587 30.14789,-31.01603 30.14771,-31.01624 30.14754,-31.01642 30.14728,-31.01696 30.14718,-31.01718 30.14709,-31.01744 30.14702,-31.01768 30.14696,-31.01797 30.14689,-31.01822 30.14687,-31.01849 30.14682,-31.01863 30.14676,-31.01875 30.14669,-31.01885 30.14659,-31.01897 30.14653,-31.01905 30.14641,-31.01927 30.14631,-31.01941 30.14623,-31.01957 30.14615,-31.01965 30.14596,-31.01985 30.14551,-31.0202 30.14542,-31.02031 30.14522,-31.02048 30.14504,-31.02063 30.14488,-31.02079 30.14456,-31.02105 30.14429,-31.02134 30.14414,-31.02148 30.14373,-31.02192 30.14348,-31.02215 30.14339,-31.02227 30.14323,-31.02241 30.14322,-31.02242 30.14307,-31.02257 30.14287,-31.02272 30.14276,-31.02282 30.1427,-31.02285 30.14252,-31.02295 30.14234,-31.023 30.14222,-31.02303 30.14208,-31.02302 30.14187,-31.02303 30.1416,-31.02303 30.14125,-31.02299 30.14109,-31.02293 30.14096,-31.0229 30.14077,-31.02285 30.1406,-31.02273 30.1403,-31.02257 30.14026,-31.02254 30.14008,-31.02243 30.13997,-31.02229 30.13993,-31.02219 30.13985,-31.02211 30.13976,-31.022 30.13973,-31.02191 30.13971,-31.02186 30.13968,-31.02168 30.13967,-31.02158 30.13966,-31.02146 30.13963,-31.02134 30.13962,-31.02118 30.13959,-31.02099 30.13958,-31.02077 30.13958,-31.02055 30.13956,-31.02025 30.13956,-31.02013 30.13957,-31.02002 30.1397,-31.01945 30.13974,-31.0192 30.13977,-31.01907 30.13982,-31.01889 30.13985,-31.01879 30.13986,-31.01872 30.13987,-31.0186 30.13987,-31.01837 30.13991,-31.01814 30.13995,-31.01801 30.14001,-31.01784 30.14003,-31.0177 30.14009,-31.01747 30.14012,-31.01733 30.14013,-31.01726 30.14014,-31.01718 30.14018,-31.01702 30.14018,-31.01691 30.1402,-31.01681 30.14022,-31.01672 30.14026,-31.01658 30.14026,-31.01647 30.14027,-31.01624 30.14029,-31.01604 30.14032,-31.01596 30.14034,-31.01588 30.14034,-31.0157 30.14032,-31.01563 30.14028,-31.01552 30.14027,-31.01547 30.14025,-31.01538 30.14024,-31.01531 30.14024,-31.01526 30.14023,-31.01517 30.14021,-31.01501 30.14019,-31.01493 30.14016,-31.01478 30.1401,-31.01458 30.14008,-31.01446 30.14006,-31.01437 30.14002,-31.01427 30.13999,-31.01416 30.13997,-31.0141 30.13989,-31.01395 30.13981,-31.01386 30.13977,-31.01377 30.13969,-31.01368 30.13958,-31.01355 30.1395,-31.01341 30.13926,-31.01311 30.13919,-31.01304 30.13909,-31.01288 30.13893,-31.01272 30.1389,-31.01264 30.13884,-31.01251 30.13879,-31.0124 30.13873,-31.01228 30.13865,-31.01219 30.13861,-31.01211 30.13846,-31.01199 30.13784,-31.01141 30.13775,-31.01128 30.13761,-31.01117 30.13751,-31.01106 30.13725,-31.01082 30.13707,-31.01067 30.13689,-31.01053 30.13675,-31.0104 30.13655,-31.01026 30.13632,-31.01003 30.13616,-31.00985 30.13602,-31.00971 30.13594,-31.00966 30.13588,-31.00961 30.1358,-31.00953 30.13574,-31.00942 30.13572,-31.00939 30.13562,-31.0093 30.13553,-31.00919 30.13549,-31.00911 30.13544,-31.009 30.13544,-31.00885 30.13547,-31.00845 30.13545,-31.00825 30.13546,-31.00812 30.13548,-31.008 30.13555,-31.00787 30.13566,-31.00772 30.1357,-31.00764 30.13576,-31.0076 30.13586,-31.00754 30.13593,-31.00749 30.13596,-31.00747 30.13607,-31.00742 30.13614,-31.00738 30.13616,-31.00737 30.13621,-31.00736 30.13625,-31.00735 30.13632,-31.00733 30.13639,-31.00731 30.13649,-31.00729 30.13665,-31.00725 30.13687,-31.00722 30.13717,-31.00711 30.13739,-31.00708 30.13793,-31.00698 30.13831,-31.00684 30.13894,-31.00677 30.13959,-31.00664 30.13991,-31.00658 30.14021,-31.00653 30.14078,-31.00642 30.14105,-31.00632 30.14124,-31.00626 30.14155,-31.00615 30.14176,-31.00611 30.142,-31.00604 30.14223,-31.00596 30.14241,-31.00593 30.14262,-31.00591 30.14289,-31.00586 30.14319,-31.0058 30.14358,-31.00569 30.14398,-31.00558 30.1443,-31.00549 30.14456,-31.0054 30.14465,-31.00532 30.14481,-31.00524 30.14497,-31.00515 30.14501,-31.0051 30.14507,-31.00506 30.14508,-31.00505 30.14512,-31.00499 30.14567,-31.00448 30.14574,-31.00439 30.1458,-31.00429 30.14587,-31.00419 30.14597,-31.00411 30.14608,-31.00402 30.14614,-31.00395 30.14618,-31.00386 30.14624,-31.00375 30.1463,-31.00365 30.14634,-31.00357 30.14641,-31.00346 30.14655,-31.00327 30.14657,-31.00324 30.14662,-31.00315 30.14664,-31.00307 30.14667,-31.00299 30.14675,-31.00291 30.14677,-31.00283 30.14679,-31.00275 30.14683,-31.00265 30.14686,-31.00256 30.14686,-31.0024 30.14687,-31.00228 30.14688,-31.0021 30.1469,-31.00195 30.1469,-31.00166 30.14685,-31.0014 30.14673,-31.00102 30.14671,-31.00091 30.1467,-31.00071 30.14669,-31.00055 30.14667,-31.00042 30.14664,-31.00034 30.14662,-31.00026 30.1466,-31.00021 30.14652,-31.00005 30.14647,-30.99995 30.14641,-30.9998 30.1463,-30.99965 30.14618,-30.9995 30.14609,-30.99942 30.14584,-30.99924 30.14577,-30.99916 30.14566,-30.99894 30.1455,-30.99871 30.14535,-30.99852 30.14523,-30.99836 30.14495,-30.99812 30.14461,-30.99791 30.14441,-30.99785 30.14434,-30.99785 30.14413,-30.9978 30.14405,-30.99779 30.14397,-30.99777 30.14387,-30.99779 30.14371,-30.99783 30.1436,-30.99783 30.14348,-30.99782 30.14298,-30.99782 30.14275,-30.9978 30.1424,-30.9978 30.14236,-30.99782 30.1423,-30.99784 30.1421,-30.99785 30.14196,-30.99788 30.14186,-30.99788 30.14175,-30.99784 30.14157,-30.99771 30.14153,-30.99762 30.14142,-30.9975 30.1414,-30.99742 30.14132,-30.99728 30.14124,-30.99716 30.14102,-30.99688 30.14094,-30.99668 30.14092,-30.99653 30.14091,-30.99636 30.14089,-30.99612 30.14089,-30.99587 30.14091,-30.99577 30.14094,-30.99564 30.141,-30.99549 30.14111,-30.99532 30.1412,-30.99514 30.1413,-30.99497 30.1414,-30.99477 30.14141,-30.99471 30.14142,-30.99465 30.14145,-30.99459 30.14149,-30.99446 30.14149,-30.99437 30.1415,-30.99434 30.1415,-30.99429 30.14152,-30.99423 30.14155,-30.99417 30.1416,-30.9941 30.14162,-30.99405 30.14162,-30.99401 30.14163,-30.99398 30.14166,-30.99395 30.14171,-30.99385 30.14172,-30.99382 30.14172,-30.9938 30.14172,-30.99377 30.14173,-30.99374 30.14175,-30.99368 30.14177,-30.99365 30.14178,-30.99362 30.14179,-30.99358 30.14178,-30.99346 30.14176,-30.99343 30.14175,-30.99341 30.14175,-30.9934 30.14173,-30.99337 30.14173,-30.99334 30.14173,-30.99332 30.14172,-30.99329 30.14171,-30.99326 30.14171,-30.99324 30.14171,-30.99314 30.14172,-30.99312 30.14172,-30.9931 30.14174,-30.99306 30.14174,-30.99298 30.14176,-30.99295 30.14177,-30.99292 30.14178,-30.99289 30.14181,-30.99283 30.14181,-30.99276 30.14182,-30.99273 30.14182,-30.99265 30.14181,-30.99257 30.14181,-30.99246 30.14182,-30.99242 30.14182,-30.99199 30.14181,-30.99182 30.1418,-30.99178 30.14179,-30.99171 30.14179,-30.99152 30.14178,-30.99148 30.14176,-30.99141 30.14175,-30.99138 30.14174,-30.99136 30.14173,-30.99132 30.14171,-30.9913 30.14168,-30.99126 30.14166,-30.99123 30.14164,-30.99118 30.14163,-30.99115 30.14161,-30.99111 30.1416,-30.99107 30.14158,-30.99103 30.14156,-30.99099 30.14155,-30.99094 30.14154,-30.99091 30.14154,-30.99086 30.14155,-30.99083 30.14156,-30.99081 30.14155,-30.99075 30.14155,-30.9907 30.14155,-30.99065 30.1415,-30.9906 30.14146,-30.99057 30.14139,-30.9905 30.14137,-30.99047 30.14135,-30.99045 30.14132,-30.99043 30.14128,-30.99041 30.14124,-30.99037 30.14112,-30.99029 30.14108,-30.99027 30.14104,-30.99024 30.141,-30.99018 30.14099,-30.99015 30.14098,-30.99014 30.14097,-30.99011 30.14095,-30.99007 30.14094,-30.99006 30.14093,-30.99002 30.14095,-30.98998 30.14094,-30.98995 30.14094,-30.98985 30.14095,-30.98982 30.14095,-30.98972 30.14096,-30.98968 30.14096,-30.98965 30.14097,-30.98961 30.14097,-30.98956 30.14095,-30.98952 30.14094,-30.98949 30.14093,-30.98946 30.14092,-30.98942 30.14091,-30.98938 30.14091,-30.98932 30.14092,-30.98928 30.14094,-30.98922 30.14097,-30.9892 30.14102,-30.98915 30.14104,-30.98912 30.14108,-30.98908 30.14109,-30.98905 30.14113,-30.98899 30.14113,-30.98889 30.14113,-30.98886 30.14112,-30.98881 30.14111,-30.98878 30.14111,-30.98876 30.1411,-30.98872 30.1411,-30.98851 30.14108,-30.98846 30.14108,-30.98839 30.14107,-30.98836 30.14107,-30.98817 30.14108,-30.98812 30.14109,-30.98808 30.14109,-30.98803 30.14111,-30.98798 30.14111,-30.98793 30.14114,-30.98789 30.14116,-30.98782 30.1412,-30.98778 30.14122,-30.98776 30.14125,-30.98773 30.14127,-30.98771 30.1413,-30.98766 30.14129,-30.98761 30.14126,-30.98757 30.14125,-30.98753 30.14124,-30.98748 30.14124,-30.98743 30.14125,-30.9874 30.14129,-30.98732 30.14131,-30.98729 30.14132,-30.98729 30.14143,-30.98717 30.14144,-30.98715 30.14146,-30.98714 30.14146,-30.98712 30.14147,-30.9871 30.14151,-30.98709 30.14156,-30.98704 30.14156,-30.98704 30.1416,-30.98701 30.14164,-30.98699 30.14167,-30.98696 30.1417,-30.98694 30.14174,-30.98691 30.14177,-30.98689 30.14179,-30.98687 30.14184,-30.98686 30.14192,-30.98683 30.14199,-30.98679 30.14203,-30.98677 30.14207,-30.98677 30.1421,-30.98674 30.14214,-30.98672 30.14219,-30.98671 30.14222,-30.9867 30.14224,-30.98668 30.14226,-30.98666 30.14227,-30.98666 30.14228,-30.98666 30.1423,-30.98665 30.14235,-30.98663 30.14239,-30.98663 30.14241,-30.98662 30.14243,-30.98662 30.14244,-30.98662 30.14246,-30.98661 30.14248,-30.98659 30.14251,-30.98653 30.14252,-30.9865 30.14254,-30.98645 30.14264,-30.98636 30.14267,-30.98633 30.14272,-30.98631 30.14274,-30.98629 30.14279,-30.98627 30.14283,-30.98625 30.14287,-30.98623 30.14288,-30.98622 30.14292,-30.98621 30.143,-30.98618 30.14307,-30.98616 30.14335,-30.98616 30.1434,-30.98617 30.14343,-30.98617 30.14348,-30.98618 30.14351,-30.98619 30.14354,-30.98621 30.14357,-30.98621 30.14366,-30.98623 30.14389,-30.98623 30.14393,-30.98624 30.14397,-30.98623 30.14404,-30.98624 30.14414,-30.98624 30.14424,-30.98625 30.14443,-30.98625 30.14449,-30.98626 30.14453,-30.98627 30.1446,-30.98628 30.14471,-30.98629 30.14478,-30.9863 30.14487,-30.98631 30.14496,-30.98631 30.14508,-30.98632 30.14516,-30.98633 30.14519,-30.98634 30.14524,-30.98635 30.14531,-30.98637 30.14534,-30.98638 30.14537,-30.98639 30.14547,-30.98639 30.1455,-30.98639 30.14555,-30.9864 30.14558,-30.98641 30.1456,-30.98641 30.14567,-30.98641 30.1457,-30.98641 30.14574,-30.98642 30.1458,-30.98642 30.14583,-30.98643 30.14585,-30.98643 30.14591,-30.98643 30.14598,-30.98643 30.14607,-30.98643 30.14614,-30.98643 30.14616,-30.98645 30.14624,-30.98647 30.14629,-30.98648 30.14633,-30.98648 30.14645,-30.9865 30.14648,-30.9865 30.14651,-30.98651 30.14656,-30.98652 30.14668,-30.98653 30.14676,-30.98655 30.14679,-30.98656 30.14685,-30.98657 30.14701,-30.98657 30.14706,-30.98658 30.1471,-30.98658 30.14727,-30.98659 30.14736,-30.98661 30.14744,-30.98663 30.14755,-30.98664 30.14758,-30.98663 30.14772,-30.98663 30.14775,-30.98664 30.14781,-30.98665 30.14785,-30.98667 30.1479,-30.98668 30.14802,-30.98668 30.1481,-30.98667 30.14812,-30.98665 30.14818,-30.98663 30.14823,-30.98658 30.14826,-30.98657 30.14829,-30.98657 30.14845,-30.98657 30.14846,-30.98657 30.14848,-30.98655 30.14855,-30.98654 30.14867,-30.98651 30.14877,-30.98651 30.14882,-30.9865 30.149,-30.9865 30.14903,-30.98647 30.14915,-30.98645 30.14921,-30.98645 30.14924,-30.98648 30.14942,-30.98653 30.14946,-30.98653 30.14952,-30.9865 30.14957,-30.98648 30.14965,-30.98644 30.14973,-30.98641 30.14975,-30.9864 30.14976,-30.9864 30.1498,-30.98639 30.14985,-30.98638 30.14987,-30.98636 30.14989,-30.98635 30.14991,-30.98635 30.14993,-30.98635 30.14996,-30.98634 30.15002,-30.98633 30.15007,-30.98632 30.15031,-30.98632 30.15038,-30.98634 30.15053,-30.98634 30.15058,-30.98631 30.1506,-30.98629 30.15064,-30.98626 30.1507,-30.98624 30.15072,-30.98621 30.15077,-30.9862 30.15081,-30.98618 30.15083,-30.98616 30.15092,-30.98613 30.15106,-30.98599 30.15112,-30.98598 30.15116,-30.98596 30.15117,-30.98595 30.15124,-30.98588 30.15127,-30.98584 30.15132,-30.98581 30.15137,-30.98577 30.15141,-30.98575 30.15142,-30.98575 30.15145,-30.98572 30.15152,-30.9857 30.15157,-30.98565 30.15162,-30.98563 30.15165,-30.98561 30.15167,-30.98559 30.15173,-30.98555 30.15175,-30.98552 30.15178,-30.9855 30.15183,-30.98547 30.1519,-30.98543 30.15194,-30.9854 30.15198,-30.98539 30.152,-30.98537 30.15204,-30.98535 30.15206,-30.98533 30.15207,-30.9853 30.15212,-30.9852 30.15216,-30.98516 30.15221,-30.9851 30.15227,-30.98505 30.1523,-30.98503 30.15234,-30.98502 30.15236,-30.98499 30.1524,-30.98495 30.15243,-30.98494 30.15245,-30.98493 30.15246,-30.98492 30.1525,-30.98489 30.15252,-30.98486 30.15255,-30.98482 30.15256,-30.98478 30.15259,-30.98475 30.1526,-30.98471 30.15262,-30.98466 30.15263,-30.98462 30.15267,-30.98457 30.15272,-30.98447 30.15276,-30.98443 30.15282,-30.98439 30.15284,-30.98436 30.15289,-30.98433 30.15295,-30.98433 30.15301,-30.98429 30.15304,-30.98426 30.15308,-30.98423 30.15308,-30.98422 30.1531,-30.9842 30.15312,-30.98416 30.15312,-30.98407 30.15313,-30.98402 30.15314,-30.98398 30.15316,-30.98393 30.15319,-30.98388 30.1532,-30.98384 30.15322,-30.98379 30.15324,-30.98371 30.15328,-30.98366 30.15329,-30.98364 30.15329,-30.98364 30.1533,-30.98362 30.15337,-30.98355 30.1534,-30.98353 30.15342,-30.9835 30.15347,-30.98343 30.15348,-30.98342 30.15351,-30.98339 30.15355,-30.98336 30.1536,-30.98332 30.15362,-30.98329 30.15369,-30.98324 30.15373,-30.9832 30.15376,-30.98315 30.15377,-30.98311 30.1538,-30.98306 30.15386,-30.98294 30.15389,-30.9829 30.1539,-30.98286 30.15391,-30.9828 30.15393,-30.98276 30.15396,-30.98271 30.154,-30.98266 30.15403,-30.98261 30.15405,-30.98254 30.15405,-30.98251 30.15406,-30.98246 30.15406,-30.98235 30.15407,-30.98229 30.15409,-30.98223 30.15409,-30.9821 30.1541,-30.98203 30.15414,-30.98197 30.15418,-30.98189 30.1542,-30.98186 30.15422,-30.98184 30.15428,-30.98181 30.15432,-30.98177 30.15432,-30.98177 30.15432,-30.98176 30.15435,-30.98173 30.15438,-30.98169 30.15442,-30.98165 30.1545,-30.98149 30.15454,-30.98142 30.15455,-30.98137 30.15455,-30.98133 30.15456,-30.9813 30.15457,-30.98126 30.15461,-30.98122 30.15463,-30.98119 30.15466,-30.98115 30.15469,-30.9811 30.15471,-30.98107 30.15473,-30.98101 30.15475,-30.98095 30.15478,-30.98087 30.15479,-30.98084 30.1548,-30.98079 30.15483,-30.98074 30.15487,-30.98071 30.15491,-30.98064 30.15493,-30.98062 30.15495,-30.98059 30.15499,-30.98056 30.15502,-30.98051 30.15506,-30.98045 30.15508,-30.98039 30.1551,-30.98034 30.15512,-30.98028 30.15513,-30.98023 30.15515,-30.98009 30.15515,-30.98002 30.15516,-30.97991 30.15518,-30.97975 30.15518,-30.97965 30.15519,-30.9796 30.1552,-30.97954 30.15522,-30.97944 30.15524,-30.97937 30.15531,-30.97895 30.15533,-30.9789 30.15534,-30.97888 30.15534,-30.97886 30.15535,-30.97883 30.15537,-30.97879 30.15537,-30.97874 30.15538,-30.97869 30.15539,-30.97865 30.1554,-30.97858 30.15542,-30.97848 30.15544,-30.97837 30.15545,-30.97836 30.15546,-30.97833 30.15547,-30.97828 30.15547,-30.97824 30.15547,-30.97822 30.15548,-30.97819 30.15552,-30.97814 30.15555,-30.97809 30.15555,-30.97805 30.15558,-30.97794 30.15571,-30.97764 30.15573,-30.97756 30.15574,-30.97751 30.15578,-30.97745 30.15583,-30.97742 30.15584,-30.97741 30.15587,-30.97737 30.1559,-30.97732 30.15601,-30.97715 30.15602,-30.97709 30.15603,-30.97704 30.15605,-30.977 30.15606,-30.97695 30.1561,-30.97691 30.15613,-30.97687 30.15614,-30.97682 30.15617,-30.97676 30.15622,-30.97671 30.15624,-30.97668 30.15625,-30.97665 30.15626,-30.97659 30.15629,-30.97655 30.1563,-30.97652 30.1563,-30.97648 30.15631,-30.97643 30.15633,-30.97638 30.15635,-30.97632 30.15635,-30.97627 30.15637,-30.97622 30.15637,-30.97618 30.15638,-30.97614 30.15642,-30.9759 30.15642,-30.97571 30.15641,-30.97566 30.15641,-30.97557 30.1564,-30.97552 30.1564,-30.97522 30.15637,-30.97513 30.15636,-30.97509 30.15635,-30.97503 30.15633,-30.97498 30.15632,-30.97494 30.15628,-30.97486 30.15626,-30.9748 30.15624,-30.97475 30.15624,-30.97469 30.15623,-30.97464 30.15621,-30.97459 30.1562,-30.97454 30.1562,-30.97449 30.15619,-30.97444 30.15619,-30.97443 30.15618,-30.97441 30.15617,-30.97437 30.15617,-30.97435 30.15616,-30.97432 30.15615,-30.97428 30.15612,-30.97419 30.15611,-30.97415 30.15611,-30.97409 30.1561,-30.97406 30.1561,-30.97403 30.15608,-30.97396 30.15605,-30.97389 30.15603,-30.97386 30.15594,-30.97374 30.15589,-30.97369 30.15585,-30.97364 30.15582,-30.9736 30.15577,-30.97354 30.15573,-30.97349 30.15571,-30.97346 30.15545,-30.97321 30.1554,-30.97313 30.15537,-30.97308 30.15534,-30.97305 30.15532,-30.97304 30.1553,-30.97302 30.15521,-30.97295 30.1552,-30.97294 30.15515,-30.97291 30.1551,-30.97287 30.155,-30.97282 30.15498,-30.97281 30.15495,-30.97279 30.15493,-30.97278 30.15491,-30.97277 30.15475,-30.97277 30.15472,-30.97278 30.15466,-30.97276 30.15461,-30.97275 30.15458,-30.97273 30.1545,-30.97271 30.15444,-30.97272 30.15444,-30.97281 30.15445,-30.97284 30.15445,-30.97292 30.15437,-30.97292 30.15429,-30.9729 30.15417,-30.97286 30.15413,-30.97285 30.15407,-30.97284 30.154,-30.97282 30.15399,-30.97282 30.15396,-30.9728 30.1539,-30.97279 30.15387,-30.97278 30.15385,-30.97278 30.15376,-30.97275 30.15371,-30.97275 30.15365,-30.97273 30.15352,-30.97268 30.15341,-30.97265 30.15332,-30.97263 30.15324,-30.97263 30.15309,-30.97261 30.15302,-30.9726 30.15295,-30.9726 30.15287,-30.97259 30.15276,-30.97259 30.15274,-30.97259 30.15271,-30.97258 30.15257,-30.97257 30.15252,-30.97256 30.1525,-30.97255 30.15241,-30.97254 30.15221,-30.97251 30.15214,-30.9725 30.15206,-30.9725 30.15189,-30.97249 30.15161,-30.97245 30.15149,-30.97245 30.15142,-30.97244 30.15136,-30.97244 30.15131,-30.97243 30.15124,-30.97243 30.15121,-30.97242 30.15114,-30.9724 30.15111,-30.9724 30.15106,-30.97238 30.15102,-30.97237 30.15095,-30.97236 30.15086,-30.97234 30.15079,-30.97232 30.15075,-30.97231 30.15069,-30.9723 30.15061,-30.97228 30.1505,-30.97223 30.15047,-30.97222 30.15042,-30.97221 30.15038,-30.9722 30.15036,-30.97219 30.15028,-30.97217 30.15022,-30.97217 30.15016,-30.97215 30.15011,-30.97215 30.14975,-30.97209 30.14968,-30.97207 30.14963,-30.97206 30.14959,-30.97205 30.14943,-30.97199 30.14939,-30.97198 30.14937,-30.97197 30.14931,-30.97195 30.14925,-30.97192 30.14923,-30.97191 30.14911,-30.97186 30.14879,-30.97172 30.14872,-30.97168 30.14869,-30.97167 30.1486,-30.97163 30.14856,-30.97161 30.14847,-30.97158 30.14821,-30.97145 30.14813,-30.97143 30.14807,-30.9714 30.14799,-30.97138 30.14786,-30.97134 30.14781,-30.97132 30.14779,-30.97131 30.14769,-30.97127 30.1476,-30.97122 30.14753,-30.97118 30.14744,-30.97111 30.14737,-30.97106 30.14735,-30.97105 30.14732,-30.97101 30.14724,-30.97095 30.1472,-30.9709 30.14713,-30.97085 30.14707,-30.97078 30.147,-30.97072 30.14694,-30.9707 30.14691,-30.97069 30.14685,-30.97066 30.14682,-30.97064 30.14679,-30.97062 30.14675,-30.97059 30.14671,-30.97057 30.1467,-30.97056 30.14664,-30.97053 30.14658,-30.97049 30.14651,-30.97046 30.14649,-30.97045 30.14635,-30.97038 30.14628,-30.97034 30.14621,-30.97029 30.14615,-30.97025 30.14609,-30.97021 30.14608,-30.9702 30.14602,-30.97016 30.14597,-30.9701 30.14594,-30.97005 30.14584,-30.96992 30.14572,-30.96978 30.1456,-30.96968 30.14545,-30.96955 30.1453,-30.96945 30.14506,-30.96925 30.14479,-30.969 30.14462,-30.9688 30.14454,-30.96873 30.14444,-30.96867 30.14436,-30.96862 30.1443,-30.96858 30.14402,-30.96842 30.14399,-30.96838 30.14389,-30.9683 30.14387,-30.96829 30.14381,-30.96825 30.14378,-30.96821 30.14368,-30.96814 30.1436,-30.96808 30.14354,-30.96803 30.14347,-30.96799 30.14346,-30.96796 30.14307,-30.96774 30.14299,-30.96767 30.14293,-30.9676 30.14281,-30.96754 30.14265,-30.96744 30.14261,-30.96742 30.14249,-30.96735 30.14245,-30.96733 30.14243,-30.96732 30.14233,-30.96729 30.14224,-30.96724 30.14212,-30.96715 30.14204,-30.9671 30.14193,-30.96704 30.14185,-30.96697 30.14176,-30.96689 30.14169,-30.96684 30.14167,-30.96683 30.14154,-30.96673 30.14149,-30.96669 30.14143,-30.96665 30.14137,-30.9666 30.1413,-30.96653 30.14124,-30.96648 30.14119,-30.96644 30.14113,-30.96639 30.14102,-30.96633 30.14095,-30.9663 30.14088,-30.96626 30.14079,-30.96621 30.14075,-30.96618 30.14054,-30.96609 30.14053,-30.96608 30.14049,-30.96606 30.14044,-30.96604 30.14042,-30.96603 30.14032,-30.96601 30.14027,-30.96601 30.14019,-30.966 30.14006,-30.96599 30.13998,-30.96598 30.13995,-30.96599 30.13984,-30.96597 30.13976,-30.96592 30.13973,-30.9659 30.13969,-30.96588 30.13959,-30.9658 30.13954,-30.96578 30.1395,-30.96575 30.13942,-30.9657 30.13927,-30.96562 30.13922,-30.96559 30.13908,-30.96552 30.13883,-30.96539 30.13877,-30.96535 30.13872,-30.96533 30.13865,-30.96529 30.13861,-30.96526 30.13856,-30.96522 30.13849,-30.96515 30.13845,-30.96509 30.13841,-30.96505 30.1384,-30.96504 30.13834,-30.96499 30.13826,-30.96494 30.13821,-30.9649 30.13812,-30.96483 30.13803,-30.96479 30.13802,-30.96479 30.138,-30.96478 30.13796,-30.96477 30.13793,-30.96476 30.13788,-30.96475 30.13777,-30.9647 30.13772,-30.96467 30.13758,-30.9646 30.13754,-30.96457 30.13741,-30.96453 30.13731,-30.96449 30.13725,-30.96445 30.13717,-30.96441 30.13711,-30.96439 30.13701,-30.96435 30.13693,-30.96429 30.13685,-30.96425 30.13672,-30.9642 30.13668,-30.96419 30.13667,-30.96418 30.13659,-30.96417 30.13655,-30.96416 30.13651,-30.96415 30.1363,-30.96415 30.13625,-30.96416 30.13619,-30.96417 30.13612,-30.96417 30.13608,-30.96416 30.13601,-30.96415 30.13595,-30.96414 30.13591,-30.96413 30.13585,-30.96412 30.13576,-30.9641 30.13572,-30.9641 30.13564,-30.96411 30.13559,-30.96413 30.13556,-30.96415 30.13555,-30.96415 30.13553,-30.96416 30.13549,-30.96417 30.13544,-30.96419 30.13538,-30.96422 30.13534,-30.96424 30.13529,-30.96425 30.13524,-30.96425 30.13522,-30.96423 30.13519,-30.96419 30.13508,-30.96414 30.13503,-30.96412 30.135,-30.9641 30.13495,-30.96407 30.13491,-30.96404 30.13488,-30.96402 30.13485,-30.964 30.13484,-30.964 30.1348,-30.96397 30.13464,-30.96389 30.13461,-30.96388 30.13451,-30.96383 30.13448,-30.96379 30.13448,-30.96375 30.13447,-30.96369 30.13447,-30.96345 30.13445,-30.96308 30.13445,-30.9624 30.13446,-30.96235 30.13446,-30.96194 30.13447,-30.96186 30.13448,-30.96175 30.13449,-30.9616 30.13449,-30.96137 30.13451,-30.96129 30.13454,-30.96122 30.13459,-30.96114 30.13467,-30.96079 30.13471,-30.96051 30.13471,-30.96016 30.13473,-30.95994 30.13474,-30.95978 30.13474,-30.95968 30.13479,-30.95946 30.13477,-30.95934 30.13476,-30.95914 30.13475,-30.95901 30.13474,-30.95886 30.13471,-30.95871 30.13471,-30.95859 30.13472,-30.95837 30.13471,-30.95831 30.13471,-30.95826 30.1347,-30.9582 30.1347,-30.95812 30.13469,-30.95808 30.13469,-30.95802 30.13467,-30.95799 30.13467,-30.95795 30.13465,-30.95792 30.13464,-30.9579 30.13464,-30.95788 30.13462,-30.95786 30.13458,-30.95783 30.13455,-30.95779 30.13452,-30.95776 30.13449,-30.95774 30.13445,-30.95771 30.13443,-30.95769 30.13439,-30.95766 30.13439,-30.95766 30.13437,-30.95763 30.13434,-30.95761 30.13433,-30.95756 30.13433,-30.95752 30.13434,-30.95748 30.13434,-30.95742 30.13436,-30.95737 30.13437,-30.95735 30.13437,-30.95733 30.13438,-30.95731 30.13439,-30.95727 30.13441,-30.95719 30.13443,-30.95711 30.13444,-30.95708 30.13444,-30.95706 30.13444,-30.95685 30.13446,-30.95679 30.1345,-30.95674 30.13453,-30.95669 30.13455,-30.95663 30.13457,-30.95659 30.13461,-30.95653 30.13463,-30.95649 30.13465,-30.95647 30.13465,-30.95646 30.13466,-30.95644 30.13467,-30.9564 30.13468,-30.95636 30.13469,-30.9563 30.13473,-30.95622 30.13479,-30.95614 30.13481,-30.9561 30.13484,-30.95606 30.13486,-30.95604 30.13486,-30.95603 30.13493,-30.95596 30.13498,-30.95593 30.13504,-30.9559 30.13518,-30.95584 30.13522,-30.95581 30.13532,-30.95577 30.13555,-30.95567 30.13558,-30.95565 30.13563,-30.9556 30.13568,-30.95556 30.13569,-30.95553 30.13571,-30.95551 30.13575,-30.95545 30.13575,-30.95544 30.13576,-30.95542 30.13577,-30.9554 30.13578,-30.95537 30.1358,-30.95534 30.1358,-30.95534 30.13583,-30.95532 30.13587,-30.95531 30.13592,-30.9553 30.136,-30.9553 30.13608,-30.95528 30.13611,-30.95527 30.13616,-30.95525 30.13624,-30.95523 30.13627,-30.95522 30.13628,-30.95521 30.13631,-30.95518 30.13637,-30.95514 30.13641,-30.95512 30.13659,-30.95498 30.13666,-30.95493 30.13669,-30.95491 30.13671,-30.95489 30.13677,-30.95487 30.13681,-30.95484 30.13687,-30.95481 30.1369,-30.9548 30.13692,-30.95479 30.13696,-30.95478 30.13702,-30.95477 30.13704,-30.95476 30.13706,-30.95476 30.1371,-30.95475 30.13713,-30.95474 30.13717,-30.95473 30.13724,-30.95472 30.13733,-30.9547 30.13737,-30.95469 30.13745,-30.95469 30.13749,-30.95468 30.13752,-30.95468 30.13762,-30.95467 30.13772,-30.95467 30.13776,-30.95465 30.13804,-30.95465 30.13814,-30.95464 30.13823,-30.95462 30.1383,-30.95461 30.13834,-30.9546 30.13837,-30.95459 30.13839,-30.95458 30.13843,-30.95456 30.13872,-30.95456 30.13879,-30.95455 30.13885,-30.95454 30.1389,-30.95453 30.13891,-30.95452 30.13895,-30.95449 30.13902,-30.95447 30.13906,-30.95446 30.13916,-30.95443 30.13919,-30.95438 30.1392,-30.95435 30.13926,-30.95431 30.13929,-30.95427 30.13931,-30.95423 30.13935,-30.95418 30.13936,-30.95418 30.13939,-30.95415 30.13941,-30.95411 30.13943,-30.95409 30.13943,-30.95408 30.13944,-30.95407 30.13946,-30.95403 30.13959,-30.95387 30.13964,-30.9538 30.13967,-30.95374 30.13972,-30.95369 30.13976,-30.95364 30.13976,-30.95364 30.13979,-30.9536 30.13984,-30.95356 30.13987,-30.95353 30.13988,-30.95351 30.13988,-30.95349 30.1399,-30.95346 30.13992,-30.95343 30.13993,-30.95336 30.13994,-30.95333 30.13997,-30.95326 30.14005,-30.95316 30.14011,-30.95306 30.14015,-30.953 30.14018,-30.95297 30.14019,-30.95292 30.14021,-30.95287 30.14027,-30.95279 30.14029,-30.95276 30.14032,-30.95273 30.14034,-30.9527 30.14035,-30.95267 30.14036,-30.95263 30.14038,-30.95259 30.14038,-30.95256 30.14042,-30.95251 30.14048,-30.95246 30.14054,-30.95242 30.14059,-30.95237 30.14061,-30.95233 30.14064,-30.95229 30.14066,-30.95227 30.14068,-30.95222 30.1407,-30.95218 30.14075,-30.95214 30.14077,-30.95209 30.14079,-30.95206 30.14081,-30.952 30.14081,-30.95186 30.14079,-30.95178 30.14078,-30.95172 30.14078,-30.95155 30.14077,-30.95149 30.14078,-30.95138 30.1408,-30.95133 30.14082,-30.95129 30.14088,-30.95125 30.14091,-30.95121 30.14092,-30.9512 30.14097,-30.95117 30.141,-30.95114 30.14101,-30.9511 30.14105,-30.95101 30.14105,-30.95093 30.14104,-30.95086 30.14103,-30.95083 30.14101,-30.9508 30.14098,-30.95075 30.14096,-30.95069 30.14096,-30.95048 30.14098,-30.95045 30.14099,-30.95037 30.141,-30.95031 30.14099,-30.95025 30.14097,-30.9502 30.14097,-30.95015 30.14095,-30.95008 30.14094,-30.95001 30.14093,-30.94996 30.1409,-30.94987 30.14089,-30.94984 30.14089,-30.94983 30.14088,-30.94978 30.14087,-30.94971 30.14087,-30.94937 30.14085,-30.94928 30.1408,-30.9489 30.1408,-30.94884 30.14079,-30.9488 30.14079,-30.94866 30.14078,-30.94861 30.14078,-30.94855 30.14077,-30.9485 30.14075,-30.94841 30.1407,-30.94823 30.14068,-30.94816 30.14066,-30.94804 30.14064,-30.94798 30.14061,-30.9479 30.14057,-30.94776 30.14053,-30.94768 30.14052,-30.94753 30.14051,-30.94739 30.14048,-30.94721 30.14047,-30.94711 30.14046,-30.94692 30.14043,-30.94681 30.14042,-30.94669 30.14042,-30.9465 30.14041,-30.9464 30.14039,-30.94622 30.14039,-30.94618 30.14038,-30.94615 30.14036,-30.94611 30.1403,-30.94603 30.14023,-30.94589 30.14021,-30.94581 30.14021,-30.94577 30.1402,-30.94572 30.14018,-30.94564 30.14016,-30.94558 30.14016,-30.94554 30.14014,-30.94542 30.14012,-30.94537 30.1401,-30.94533 30.14009,-30.94529 30.14008,-30.94522 30.14007,-30.94518 30.14007,-30.9451 30.14006,-30.94505 30.14004,-30.94503 30.14003,-30.945 30.14001,-30.94497 30.13999,-30.94492 30.13998,-30.94488 30.13996,-30.94484 30.13994,-30.94479 30.13994,-30.94475 30.13993,-30.94472 30.1399,-30.94467 30.13989,-30.94463 30.13986,-30.94457 30.13981,-30.94452 30.13979,-30.94448 30.13977,-30.94446 30.13974,-30.94442 30.13972,-30.94439 30.13969,-30.94435 30.13966,-30.94429 30.13963,-30.94425 30.13959,-30.94419 30.13958,-30.94413 30.13956,-30.94407 30.13953,-30.94403 30.13951,-30.94397 30.13951,-30.94394 30.13949,-30.94389 30.13946,-30.94383 30.13943,-30.94379 30.13939,-30.94373 30.13936,-30.9437 30.1392,-30.94365 30.13915,-30.94364 30.13909,-30.94362 30.13907,-30.9436 30.13901,-30.94357 30.13896,-30.94354 30.13888,-30.94351 30.13883,-30.94349 30.13879,-30.94347 30.13876,-30.94345 30.1387,-30.94339 30.13859,-30.94333 30.13856,-30.94328 30.13855,-30.94327 30.13852,-30.94321 30.13851,-30.94318 30.13849,-30.94315 30.13845,-30.9431 30.13842,-30.94306 30.13838,-30.94302 30.13828,-30.94286 30.13824,-30.94282 30.13819,-30.94276 30.13818,-30.94274 30.13817,-30.94273 30.13815,-30.94271 30.13811,-30.94268 30.13809,-30.94265 30.138,-30.94247 30.13799,-30.94243 30.13798,-30.94241 30.13797,-30.94236 30.13796,-30.94233 30.13796,-30.94232 30.13794,-30.94226 30.13793,-30.94222 30.13792,-30.94217 30.13792,-30.94206 30.13791,-30.94198 30.13791,-30.9418 30.13793,-30.94176 30.13793,-30.94172 30.13794,-30.94169 30.13795,-30.9416 30.13793,-30.94139 30.13793,-30.9413 30.13792,-30.94125 30.13791,-30.94121 30.13789,-30.94116 30.13789,-30.94112 30.13783,-30.94091 30.13782,-30.94083 30.13782,-30.94074 30.13783,-30.9407 30.13785,-30.94065 30.13787,-30.94062 30.13791,-30.94057 30.13793,-30.94054 30.13799,-30.94042 30.13802,-30.94039 30.13805,-30.94037 30.13807,-30.94033 30.13809,-30.94031 30.1381,-30.94031 30.13819,-30.94022 30.1382,-30.94021 30.13822,-30.9402 30.13825,-30.94017 30.13826,-30.94016 30.13827,-30.94013 30.13827,-30.9401 30.13833,-30.94003 30.13834,-30.94 30.13838,-30.93995 30.1384,-30.93991 30.13844,-30.93985 30.13848,-30.9398 30.13849,-30.93977 30.1385,-30.93973 30.13852,-30.9397 30.13855,-30.93964 30.13856,-30.93956 30.13856,-30.93953 30.13858,-30.93946 30.1386,-30.93941 30.13863,-30.93938 30.13868,-30.93931 30.1387,-30.93929 30.13872,-30.93926 30.13875,-30.93923 30.13877,-30.9392 30.1388,-30.93916 30.13883,-30.93913 30.13888,-30.9391 30.13891,-30.93909 30.13899,-30.93906 30.13902,-30.93904 30.13907,-30.93899 30.13908,-30.93896 30.1391,-30.93891 30.1391,-30.93881 30.13912,-30.93877 30.13915,-30.93874 30.13924,-30.93866 30.13929,-30.93864 30.13931,-30.93862 30.13935,-30.93859 30.13939,-30.93857 30.13942,-30.93854 30.13945,-30.93852 30.13949,-30.93849 30.13954,-30.93844 30.13957,-30.93841 30.13958,-30.93841 30.1396,-30.93838 30.13963,-30.93835 30.13967,-30.93832 30.13973,-30.93829 30.13977,-30.93828 30.13981,-30.93826 30.13984,-30.93826 30.13989,-30.93825 30.13991,-30.93824 30.13993,-30.93824 30.13996,-30.93824 30.13997,-30.93823 30.14002,-30.9382 30.14005,-30.9382 30.14009,-30.93816 30.14013,-30.93813 30.14019,-30.9381 30.14026,-30.93809 30.14032,-30.93806 30.14034,-30.93805 30.14035,-30.93805 30.14037,-30.93804 30.14039,-30.93802 30.14041,-30.93801 30.14043,-30.93801 30.14044,-30.93801 30.14046,-30.938 30.1406,-30.93798 30.14067,-30.93798 30.14072,-30.93799 30.14075,-30.93798 30.14078,-30.93796 30.1408,-30.93794 30.14085,-30.9379 30.1409,-30.93786 30.14094,-30.93784 30.14095,-30.93783 30.14096,-30.93782 30.14101,-30.93779 30.14104,-30.93775 30.14112,-30.93767 30.14116,-30.93764 30.14119,-30.9376 30.14126,-30.93755 30.14131,-30.93754 30.14142,-30.93752 30.14168,-30.93752 30.14173,-30.93751 30.14177,-30.93751 30.14194,-30.9375 30.14207,-30.9375 30.14212,-30.93751 30.14221,-30.93752 30.14247,-30.93751 30.14256,-30.93749 30.14261,-30.93747 30.1427,-30.93744 30.14275,-30.93742 30.14279,-30.93741 30.14288,-30.9374 30.14292,-30.9374 30.14297,-30.9374 30.14302,-30.93739 30.14304,-30.9374 30.14306,-30.9374 30.14311,-30.9374 30.14316,-30.93741 30.14333,-30.93745 30.14336,-30.93747 30.14339,-30.9375 30.14337,-30.93754 30.14355,-30.93757 30.14363,-30.93759 30.14364,-30.93759 30.14367,-30.93761 30.1437,-30.93762 30.1438,-30.93765 30.14382,-30.93767 30.14383,-30.93767 30.14385,-30.9377 30.14391,-30.93773 30.14403,-30.93773 30.14407,-30.93772 30.14413,-30.93772 30.14421,-30.9377 30.14424,-30.93768 30.14432,-30.93767 30.14435,-30.93765 30.14436,-30.93765 30.14443,-30.93762 30.14452,-30.93753 30.14458,-30.93749 30.14461,-30.93746 30.14466,-30.93744 30.14469,-30.93741 30.14475,-30.93733 30.14482,-30.93728 30.14486,-30.93724 30.14488,-30.93721 30.14489,-30.9372 30.14497,-30.93714 30.14501,-30.93709 30.14507,-30.93704 30.1451,-30.93699 30.14511,-30.93697 30.14512,-30.93696 30.14516,-30.9369 30.14518,-30.93684 30.1452,-30.93676 30.14521,-30.9367 30.14522,-30.93663 30.14524,-30.93658 30.1453,-30.93649 30.14539,-30.93631 30.14541,-30.93626 30.14544,-30.9362 30.14548,-30.93614 30.14555,-30.93604 30.14557,-30.93601 30.14557,-30.93596 30.14559,-30.93592 30.1456,-30.93591 30.14569,-30.93582 30.14575,-30.93575 30.14578,-30.93571 30.1458,-30.93565 30.14582,-30.93561 30.14586,-30.93549 30.14587,-30.93543 30.14589,-30.93538 30.1459,-30.93536 30.1459,-30.9352 30.14589,-30.93516 30.14589,-30.93513 30.14592,-30.93501 30.14597,-30.93483 30.146,-30.93476 30.14606,-30.93468 30.14611,-30.93462 30.14615,-30.93456 30.14619,-30.93451 30.14622,-30.93442 30.14627,-30.93435 30.14632,-30.93426 30.14633,-30.93421 30.14634,-30.93417 30.14635,-30.93414 30.14635,-30.93412 30.14636,-30.9341 30.14637,-30.93407 30.14639,-30.93403 30.1464,-30.93399 30.14646,-30.93389 30.14648,-30.93381 30.14649,-30.93374 30.14649,-30.93356 30.14651,-30.93336 30.14656,-30.93316 30.14661,-30.93302 30.14662,-30.93294 30.14662,-30.93288 30.14662,-30.9328 30.14662,-30.93272 30.14663,-30.93263 30.14663,-30.93234 30.14662,-30.93228 30.14662,-30.93222 30.14662,-30.93218 30.14663,-30.93213 30.14663,-30.93187 30.14662,-30.9318 30.14662,-30.93173 30.14657,-30.9315 30.14655,-30.93148 30.14647,-30.93135 30.14645,-30.93131 30.14643,-30.93123 30.14639,-30.93115 30.14637,-30.93112 30.14636,-30.93111 30.14635,-30.93107 30.14627,-30.93099 30.14627,-30.93099 30.14624,-30.93093 30.14611,-30.9308 30.14604,-30.93072 30.14597,-30.93067 30.14586,-30.93056 30.14579,-30.93051 30.14576,-30.9305 30.14573,-30.93048 30.14553,-30.93033 30.14546,-30.93026 30.14536,-30.9302 30.14534,-30.93018 30.14531,-30.93015 30.14513,-30.93005 30.14489,-30.92977 30.14487,-30.92974 30.14481,-30.92964 30.14477,-30.92959 30.14475,-30.92954 30.14474,-30.92951 30.14472,-30.92947 30.14466,-30.92941 30.14463,-30.92936 30.14461,-30.92931 30.14455,-30.92926 30.14453,-30.92923 30.1445,-30.9292 30.14439,-30.92916 30.14424,-30.92913 30.1442,-30.92909 30.14413,-30.92905 30.14411,-30.92903 30.14409,-30.92901 30.14403,-30.92896 30.14399,-30.92893 30.14377,-30.92856 30.1437,-30.92849 30.14365,-30.92845 30.14363,-30.92841 30.1436,-30.92837 30.14355,-30.92832 30.14351,-30.92829 30.14348,-30.92826 30.14342,-30.92821 30.14334,-30.92815 30.14331,-30.92811 30.14327,-30.92806 30.14315,-30.92789 30.14313,-30.92783 30.14312,-30.9278 30.14311,-30.92775 30.14309,-30.92772 30.14309,-30.92772 30.14308,-30.92769 30.14306,-30.92766 30.14303,-30.92764 30.14301,-30.92761 30.143,-30.92758 30.14299,-30.92754 30.14297,-30.92751 30.14296,-30.92743 30.14289,-30.9272 30.14285,-30.92712 30.14285,-30.92709 30.14283,-30.92703 30.14282,-30.92698 30.14283,-30.92668 30.14284,-30.92664 30.14285,-30.9266 30.14292,-30.92652 30.14293,-30.92648 30.14295,-30.9264 30.143,-30.92633 30.14301,-30.9263 30.14302,-30.92629 30.14302,-30.92627 30.14303,-30.92624 30.14304,-30.9262 30.14308,-30.92616 30.14312,-30.92611 30.14314,-30.92606 30.14321,-30.92598 30.14325,-30.9259 30.14327,-30.92588 30.14329,-30.92585 30.14335,-30.92581 30.14339,-30.92577 30.14342,-30.92575 30.14346,-30.92573 30.14352,-30.92567 30.14355,-30.92563 30.14359,-30.92559 30.14361,-30.92555 30.14364,-30.92551 30.14364,-30.92551 30.14366,-30.92548 30.14369,-30.92542 30.14373,-30.92538 30.14386,-30.92529 30.14388,-30.92527 30.1439,-30.92524 30.14394,-30.92521 30.14396,-30.92518 30.14401,-30.92515 30.14405,-30.9251 30.14407,-30.92508 30.14413,-30.92504 30.14416,-30.925 30.14425,-30.92494 30.14429,-30.92491 30.14437,-30.92488 30.1444,-30.92485 30.14441,-30.92485 30.14444,-30.92482 30.14447,-30.92481 30.14448,-30.9248 30.14449,-30.9248 30.14452,-30.92477 30.14459,-30.92472 30.14478,-30.92461 30.14482,-30.9246 30.14488,-30.92458 30.14496,-30.92457 30.14499,-30.92455 30.14504,-30.92454 30.14509,-30.92454 30.14511,-30.92452 30.14512,-30.92452 30.14513,-30.92452 30.14515,-30.92451 30.14519,-30.9245 30.14525,-30.92449 30.14532,-30.92448 30.14536,-30.92447 30.14541,-30.92445 30.14546,-30.92444 30.14549,-30.92442 30.14551,-30.9244 30.14556,-30.92437 30.14559,-30.92433 30.1456,-30.9243 30.1456,-30.92429 30.1456,-30.92426 30.1456,-30.92422 30.14561,-30.92418 30.14567,-30.9241 30.1457,-30.92404 30.14574,-30.92399 30.14575,-30.92396 30.14578,-30.9239 30.14581,-30.92387 30.14583,-30.92383 30.14587,-30.92377 30.1459,-30.92374 30.1459,-30.92373 30.1459,-30.92372 30.14592,-30.9237 30.14594,-30.92366 30.14595,-30.92365 30.146,-30.92361 30.14605,-30.92354 30.14621,-30.9234 30.14625,-30.92336 30.14626,-30.92329 30.14628,-30.92326 30.14629,-30.92321 30.14633,-30.92317 30.14638,-30.92309 30.14638,-30.92301 30.14637,-30.92296 30.14636,-30.92289 30.14636,-30.92284 30.14637,-30.92268 30.1464,-30.92262 30.14641,-30.92257 30.14641,-30.92247 30.14639,-30.92237 30.14632,-30.9223 30.14628,-30.92225 30.14623,-30.92219 30.14617,-30.92214 30.14607,-30.92205 30.14599,-30.922 30.14589,-30.92195 30.14569,-30.92183 30.14559,-30.9218 30.14546,-30.92177 30.14538,-30.92176 30.14523,-30.92175 30.14518,-30.92174 30.14512,-30.92173 30.1451,-30.92172 30.14505,-30.92171 30.14497,-30.92166 30.1449,-30.9216 30.14482,-30.92152 30.14476,-30.92147 30.1447,-30.92141 30.14459,-30.92134 30.14454,-30.92128 30.14443,-30.9212 30.14436,-30.92115 30.1443,-30.92113 30.14417,-30.92109 30.14392,-30.92091 30.14387,-30.92086 30.14382,-30.92082 30.14378,-30.92076 30.14366,-30.92069 30.14359,-30.92062 30.14356,-30.92061 30.1435,-30.92059 30.14344,-30.92056 30.14326,-30.92051 30.14316,-30.92048 30.1431,-30.92046 30.14307,-30.92045 30.143,-30.92042 30.14292,-30.92039 30.14289,-30.92038 30.14281,-30.92033 30.14264,-30.92025 30.1426,-30.9202 30.14229,-30.92 30.14213,-30.91986 30.14208,-30.91981 30.14201,-30.91975 30.14188,-30.91968 30.14176,-30.91959 30.14161,-30.9195 30.14137,-30.91942 30.1413,-30.91938 30.14106,-30.91931 30.14094,-30.91927 30.14081,-30.9192 30.14077,-30.91917 30.14069,-30.91912 30.14068,-30.91911 30.14051,-30.91894 30.1404,-30.91884 30.14034,-30.91877 30.14028,-30.91868 30.14023,-30.91859 30.14022,-30.91858 30.14018,-30.91856 30.14004,-30.91846 30.14001,-30.91844 30.13993,-30.91839 30.13983,-30.91831 30.13968,-30.9182 30.13954,-30.91808 30.13934,-30.91788 30.13926,-30.91781 30.13919,-30.91773 30.13915,-30.91768 30.13907,-30.91761 30.13901,-30.91756 30.13893,-30.91746 30.13888,-30.91739 30.13881,-30.91732 30.13873,-30.91719 30.13872,-30.91717 30.13855,-30.91683 30.13853,-30.91676 30.13847,-30.91666 30.13843,-30.91658 30.13839,-30.91649 30.13836,-30.9164 30.13832,-30.91634 30.13822,-30.91621 30.13815,-30.91617 30.13813,-30.91616 30.13803,-30.91609 30.13796,-30.91603 30.13787,-30.91592 30.13768,-30.91565 30.13763,-30.91558 30.13763,-30.9155 30.13761,-30.91541 30.1376,-30.91529 30.13758,-30.91522 30.13755,-30.91514 30.13747,-30.91505 30.1374,-30.91495 30.13734,-30.91487 30.13733,-30.91485 30.13727,-30.91477 30.13725,-30.91473 30.13722,-30.91468 30.13696,-30.91432 30.13689,-30.91425 30.13682,-30.91412 30.13677,-30.91407 30.13669,-30.91391 30.13659,-30.91379 30.13649,-30.91358 30.13645,-30.91349 30.13641,-30.91339 30.13638,-30.91332 30.13637,-30.91312 30.13636,-30.91305 30.13635,-30.91291 30.13635,-30.91282 30.13637,-30.91275 30.13638,-30.91268 30.13641,-30.91262 30.13645,-30.91255 30.13647,-30.91245 30.13648,-30.9123 30.13647,-30.91213 30.13644,-30.91199 30.13637,-30.91186 30.13636,-30.91181 30.13634,-30.91175 30.13632,-30.9117 30.13632,-30.91164 30.13624,-30.91146 30.13615,-30.91138 30.13608,-30.9113 30.13601,-30.91125 30.13597,-30.91122 30.13589,-30.91119 30.13581,-30.91115 30.13574,-30.91114 30.13554,-30.91105 30.13538,-30.91095 30.13527,-30.91087 30.13521,-30.91084 30.13514,-30.9108 30.13504,-30.91075 30.13501,-30.91073 30.13494,-30.91067 30.13493,-30.91066 30.13488,-30.91062 30.13477,-30.91057 30.13473,-30.91055 30.13461,-30.91049 30.13454,-30.91044 30.13451,-30.91042 30.13444,-30.91038 30.13431,-30.91032 30.1342,-30.91029 30.13409,-30.91025 30.13398,-30.91022 30.1339,-30.9102 30.13386,-30.91019 30.1338,-30.91018 30.13372,-30.91012 30.1337,-30.91011 30.13355,-30.91005 30.13352,-30.91003 30.1334,-30.90996 30.13333,-30.90992 30.13332,-30.90991 30.13319,-30.90985 30.13312,-30.9098 30.13304,-30.90974 30.13294,-30.90968 30.13284,-30.9096 30.13278,-30.90956 30.13276,-30.90954 30.13274,-30.90951 30.13271,-30.90945 30.1327,-30.90942 30.13263,-30.90931 30.1324,-30.9092 30.13234,-30.90914 30.13221,-30.90909 30.13194,-30.90901 30.13176,-30.90904 30.13142,-30.90906 30.13115,-30.90906 30.13093,-30.90909 30.13086,-30.9091 30.13081,-30.90911 30.13078,-30.90912 30.13075,-30.90912 30.13071,-30.90913 30.13067,-30.90913 30.13063,-30.90914 30.13058,-30.90915 30.13046,-30.90916 30.13032,-30.9092 30.13024,-30.90922 30.13018,-30.90923 30.13014,-30.90925 30.12992,-30.90924 30.12989,-30.90925 30.12982,-30.90924 30.12979,-30.90925 30.12974,-30.90925 30.12969,-30.90926 30.12941,-30.90926 30.12936,-30.90925 30.12925,-30.90923 30.1292,-30.90923 30.12916,-30.90922 30.1291,-30.90922 30.12904,-30.90921 30.12899,-30.90921 30.12898,-30.90921 30.12895,-30.90922 30.12892,-30.90923 30.12888,-30.90924 30.12882,-30.90925 30.12877,-30.90926 30.12868,-30.90926 30.12865,-30.90928 30.12828,-30.90931 30.12821,-30.90931 30.12815,-30.90932 30.12813,-30.90933 30.12811,-30.90933 30.12806,-30.90933 30.12793,-30.90935 30.12774,-30.90939 30.12767,-30.90941 30.1276,-30.90944 30.12754,-30.90945 30.12751,-30.90948 30.12744,-30.90949 30.12719,-30.90949 30.12694,-30.90957 30.12684,-30.90958 30.12673,-30.90962 30.1267,-30.90965 30.12663,-30.90967 30.12659,-30.90968 30.12658,-30.90969 30.1265,-30.9097 30.12647,-30.90971 30.12643,-30.90972 30.12636,-30.90973 30.1263,-30.90975 30.12615,-30.90981 30.1261,-30.90984 30.12595,-30.90989 30.12585,-30.9099 30.12581,-30.9099 30.12573,-30.90992 30.12566,-30.90994 30.12561,-30.90995 30.12558,-30.90996 30.12556,-30.90997 30.12553,-30.90998 30.12548,-30.91001 30.12539,-30.91003 30.12536,-30.91005 30.12519,-30.91008 30.12488,-30.91008 30.12482,-30.91009 30.12476,-30.91011 30.12469,-30.91012 30.12466,-30.91014 30.12462,-30.91015 30.12445,-30.91015 30.12438,-30.91016 30.12429,-30.91015 30.12423,-30.91016 30.12416,-30.91017 30.12411,-30.91018 30.12407,-30.91018 30.12405,-30.91019 30.12401,-30.9102 30.12397,-30.91022 30.12382,-30.91024 30.12378,-30.91024 30.12374,-30.91025 30.12369,-30.91024 30.12365,-30.91024 30.12357,-30.91022 30.12327,-30.91022 30.12293,-30.91024 30.12279,-30.91025 30.12276,-30.91027 30.12253,-30.91027 30.12248,-30.91028 30.12243,-30.91028 30.12238,-30.91027 30.12231,-30.91027 30.12219,-30.91029 30.12214,-30.9103 30.12207,-30.91032 30.12199,-30.91033 30.12196,-30.91035 30.12183,-30.91038 30.12178,-30.91039 30.12175,-30.9104 30.12172,-30.9104 30.12155,-30.91057 30.12146,-30.91061 30.12135,-30.91065 30.12113,-30.91065 30.12107,-30.91064 30.12099,-30.91064 30.12095,-30.91063 30.12089,-30.91062 30.12085,-30.91061 30.12082,-30.9106 30.12075,-30.91057 30.1207,-30.91053 30.12052,-30.91048 30.12049,-30.91047 30.12045,-30.91045 30.12042,-30.91043 30.12041,-30.91043 30.12037,-30.9104 30.1203,-30.91035 30.12025,-30.91031 30.12023,-30.91028 30.12017,-30.91023 30.12015,-30.91019 30.12007,-30.91011 30.12005,-30.91008 30.12004,-30.91003 30.12005,-30.90996 30.12002,-30.90988 30.12002,-30.90975 30.12003,-30.90972 30.12003,-30.90968 30.12005,-30.9096 30.12005,-30.90957 30.12007,-30.90954 30.12008,-30.90951 30.12008,-30.9095 30.12011,-30.90947 30.12015,-30.90945 30.12023,-30.90938 30.12036,-30.90925 30.12051,-30.90915 30.12054,-30.90912 30.12055,-30.90912 30.12057,-30.90911 30.12062,-30.90908 30.12067,-30.90904 30.12077,-30.909 30.12081,-30.90898 30.12085,-30.90897 30.12089,-30.90895 30.12094,-30.90893 30.12098,-30.90889 30.12115,-30.9088 30.1212,-30.90877 30.12126,-30.90874 30.12129,-30.90871 30.12135,-30.90868 30.12137,-30.90867 30.12139,-30.90864 30.12142,-30.90862 30.12149,-30.90854 30.12153,-30.9085 30.12154,-30.9085 30.12156,-30.90848 30.1216,-30.90844 30.12163,-30.90842 30.12171,-30.90838 30.12178,-30.90832 30.12187,-30.90829 30.12193,-30.90828 30.12196,-30.90827 30.122,-30.90826 30.1221,-30.90821 30.12213,-30.90819 30.12215,-30.90818 30.12219,-30.90817 30.12227,-30.90813 30.12231,-30.90812 30.1224,-30.90809 30.12248,-30.90808 30.12251,-30.90807 30.12262,-30.90806 30.12272,-30.90805 30.12278,-30.90804 30.12285,-30.90803 30.12292,-30.908 30.12299,-30.90798 30.12302,-30.90796 30.12311,-30.90793 30.1232,-30.90791 30.12325,-30.90789 30.12327,-30.90788 30.12331,-30.90788 30.12335,-30.90787 30.12352,-30.90785 30.12359,-30.90783 30.12363,-30.90782 30.12366,-30.90781 30.12371,-30.9078 30.1238,-30.90777 30.12386,-30.90775 30.12388,-30.90774 30.12389,-30.90773 30.12393,-30.90771 30.12398,-30.90769 30.12401,-30.90766 30.12402,-30.90766 30.12405,-30.90765 30.1241,-30.90764 30.12415,-30.90762 30.12421,-30.90759 30.12424,-30.90757 30.12429,-30.90755 30.12434,-30.90754 30.12437,-30.90753 30.12441,-30.90751 30.12445,-30.9075 30.12448,-30.90749 30.12469,-30.90749 30.12479,-30.9075 30.12495,-30.9075 30.12502,-30.90751 30.12506,-30.90752 30.12509,-30.90753 30.12518,-30.90753 30.12522,-30.90752 30.12525,-30.9075 30.12527,-30.90748 30.12529,-30.90745 30.12531,-30.90743 30.12532,-30.90743 30.12535,-30.9074 30.12539,-30.90738 30.12544,-30.90734 30.12548,-30.90733 30.12551,-30.90733 30.12553,-30.90732 30.12558,-30.90731 30.12563,-30.9073 30.12568,-30.90728 30.12571,-30.90726 30.12582,-30.90722 30.12586,-30.90721 30.12588,-30.90721 30.12591,-30.9072 30.126,-30.90717 30.12604,-30.90715 30.1261,-30.90711 30.12612,-30.90709 30.12618,-30.90706 30.12622,-30.907 30.12627,-30.90698 30.1263,-30.90695 30.12632,-30.90692 30.12636,-30.90688 30.12643,-30.90678 30.12645,-30.90676 30.12645,-30.90675 30.12646,-30.90673 30.1265,-30.90669 30.12654,-30.90666 30.12655,-30.90662 30.12657,-30.90657 30.12659,-30.90653 30.12663,-30.90649 30.12665,-30.90643 30.12666,-30.9064 30.12667,-30.90638 30.12668,-30.90637 30.12673,-30.9063 30.12675,-30.90627 30.12681,-30.90619 30.12693,-30.90595 30.12693,-30.9058 30.12692,-30.90571 30.12691,-30.90564 30.1269,-30.90561 30.12689,-30.90558 30.12686,-30.90553 30.12683,-30.90548 30.1268,-30.90542 30.12671,-30.90534 30.12663,-30.90528 30.12658,-30.90523 30.1265,-30.90512 30.12644,-30.90506 30.12635,-30.90498 30.12631,-30.90497 30.12627,-30.90495 30.12617,-30.90487 30.12614,-30.90486 30.12609,-30.90484 30.12604,-30.90482 30.12602,-30.90481 30.12595,-30.90479 30.12569,-30.90471 30.12558,-30.9047 30.12554,-30.90469 30.12551,-30.90468 30.12549,-30.90467 30.12544,-30.90464 30.12542,-30.90462 30.12537,-30.90459 30.12535,-30.90457 30.12532,-30.90455 30.12523,-30.90451 30.12519,-30.9045 30.12517,-30.90449 30.12514,-30.90447 30.1251,-30.90447 30.12503,-30.90445 30.12493,-30.90445 30.12484,-30.90444 30.12473,-30.90444 30.12468,-30.90443 30.12464,-30.90442 30.12456,-30.90441 30.12453,-30.90441 30.12447,-30.90439 30.12441,-30.90438 30.12433,-30.90436 30.1243,-30.90434 30.1242,-30.90432 30.12414,-30.90431 30.1241,-30.9043 30.12403,-30.90428 30.12397,-30.90426 30.12383,-30.90425 30.12375,-30.90425 30.12362,-30.90423 30.12359,-30.90423 30.12352,-30.90422 30.12346,-30.90421 30.12342,-30.90421 30.12339,-30.9042 30.12332,-30.90419 30.12328,-30.90419 30.12323,-30.90418 30.12311,-30.90416 30.12297,-30.90415 30.12365,-30.90374 30.13564,-30.90333 30.14153,-30.90313 30.14518,-30.89849 30.14846,-30.90059 30.15019,-30.90168 30.15469,-30.90451 30.15803,-30.90661 30.16227,-30.90403 30.16239,-30.90396 30.16848,-30.90027 30.17075,-30.89891 30.17809,-30.8945 30.1783,-30.89235 30.17862,-30.88938 30.17922,-30.8836 30.17955,-30.88048 30.17986,-30.87755 30.18011,-30.87507 30.18042,-30.87219 30.18075,-30.869 30.18094,-30.86712 30.17728,-30.86594 30.17271,-30.86445 30.16725,-30.8627 30.16656,-30.86246 30.16287,-30.86009 30.16245,-30.85982 30.16243,-30.85981 30.15957,-30.85794 30.15717,-30.85639 30.15246,-30.85275 30.15059,-30.85772 30.14616,-30.8388 30.14614,-30.8387 30.14598,-30.83803 30.14578,-30.83631 30.14399,-30.82093 30.14848,-30.8151 30.14848,-30.8151 30.15112,-30.81167 30.1512,-30.81157 30.15258,-30.80977 30.15275,-30.80955 30.15296,-30.80928 30.15379,-30.80781 30.15542,-30.806 30.15622,-30.80612 30.15871,-30.80583 30.15936,-30.80518 30.15965,-30.80467 30.16009,-30.8039 30.16013,-30.80383 30.16271,-30.80196 30.1648,-30.79906 30.16527,-30.79623 30.16521,-30.7951 30.1725,-30.78617 30.17706,-30.78038 30.17716,-30.78028 30.17765,-30.78056 30.17791,-30.78097 30.17825,-30.78363 30.17887,-30.78198 30.17883,-30.78285 30.17913,-30.78205 30.18129,-30.77644 30.18183,-30.77503 30.18187,-30.77494 30.18191,-30.77506 30.18231,-30.77657 30.18388,-30.78241 30.18446,-30.78459 30.18513,-30.78708 30.18516,-30.78719 30.18605,-30.79024 30.18656,-30.79199 30.18726,-30.79439 30.18777,-30.79614 30.18856,-30.79884 30.19073,-30.80634 30.19362,-30.81634 30.19379,-30.81694 30.19467,-30.81998 30.19571,-30.82361 30.19685,-30.82757 30.19753,-30.82992 30.1982,-30.83228 30.19828,-30.83258 30.1998,-30.83784 30.20063,-30.84071 30.20145,-30.84359 30.20228,-30.84646 30.20322,-30.84973 30.20378,-30.8517 30.21335,-30.845 30.22284,-30.83835 30.22812,-30.83464 30.2353,-30.82961 30.23563,-30.83106 30.23866,-30.8304 30.23839,-30.82745 30.24471,-30.82302 30.24873,-30.8202 30.24741,-30.8195 30.24692,-30.81923 30.24642,-30.81897 30.24593,-30.8187 30.24543,-30.81844 30.24494,-30.81818 30.24444,-30.81791 30.24395,-30.81765 30.24345,-30.81738 30.24421,-30.81649 30.2447,-30.81591 30.24945,-30.81026 30.25182,-30.80898 30.25387,-30.80788 30.25582,-30.80684 30.25819,-30.80557 30.26061,-30.80427 30.26332,-30.80282 30.26527,-30.80177 30.26722,-30.80073 30.26909,-30.79972 30.27244,-30.79791 30.27496,-30.79654 30.27645,-30.79573 30.27834,-30.7947 30.27818,-30.79457 30.27802,-30.79445 30.27842,-30.79414 30.27881,-30.79383 30.27921,-30.79353 30.27961,-30.79322 30.28,-30.79291 30.2808,-30.79229 30.28119,-30.79198 30.28159,-30.79167 30.28198,-30.79137 30.28276,-30.79076 30.2835,-30.79019 30.28424,-30.78961 30.28498,-30.78904 30.28572,-30.78846 30.28644,-30.7879 30.28716,-30.78733 30.28788,-30.78677 30.28865,-30.78618 30.28941,-30.78559 30.29017,-30.78499 30.29076,-30.78454 30.29093,-30.78439 30.28984,-30.78386 30.28932,-30.7836 30.28809,-30.783 30.28756,-30.7814 30.28708,-30.77995 30.28654,-30.77806 30.28586,-30.77574 30.28538,-30.77409 30.28504,-30.77283 30.28421,-30.7698 30.28345,-30.76703 30.28267,-30.76418 30.28217,-30.76236 30.28289,-30.76162 30.28457,-30.75989 30.28697,-30.75743 30.28828,-30.75609 30.29073,-30.75357 30.29116,-30.75317 30.29115,-30.75309 30.29091,-30.75146 30.29068,-30.75 30.28994,-30.74988 30.28906,-30.74923 30.28882,-30.74711 30.28859,-30.74512 30.28822,-30.74193 30.28781,-30.73832 30.28766,-30.73701 30.28766,-30.73697 30.28611,-30.7355 30.2861,-30.73545 30.28715,-30.73468 30.2872,-30.73465 30.28584,-30.73346 30.28413,-30.73196 30.28025,-30.72849 30.27603,-30.72477 30.27647,-30.72408 30.2781,-30.72017 30.27952,-30.71677 30.28034,-30.71479 30.28211,-30.71048 30.28307,-30.70816 30.28309,-30.70812 30.28297,-30.70812 30.27653,-30.70815 30.27535,-30.70442 30.27511,-30.70368 30.27481,-30.7027 30.27844,-30.70251 30.28083,-30.70237 30.28118,-30.70204 30.28192,-30.70132 30.28369,-30.69961 30.28426,-30.69946 30.2856,-30.69913 30.28879,-30.69834 30.29087,-30.69623 30.29707,-30.69776 30.30496,-30.69494 30.30533,-30.6948 30.30741,-30.69406 30.30746,-30.69404 30.30787,-30.6939 30.30859,-30.69364 30.30907,-30.69347 30.31121,-30.6927 30.31327,-30.69196 30.31396,-30.69172 30.31722,-30.69055 30.3181,-30.69024 30.32063,-30.68933 30.3242,-30.68805 30.33114,-30.68556 30.33317,-30.68969 30.33435,-30.69207 30.33687,-30.6972 30.33727,-30.69801 30.3373,-30.69806 30.34125,-30.69978 30.34262,-30.70051 30.34429,-30.70126 30.34492,-30.70153 30.34725,-30.70257 30.35021,-30.70388 30.3516,-30.70449 30.3526,-30.70493 30.35791,-30.70728 30.35808,-30.70736 30.35812,-30.70737 30.35892,-30.70768 30.36274,-30.7095 30.36634,-30.71114 30.37219,-30.71388 30.37476,-30.71508 30.37494,-30.71517 30.37786,-30.71649 30.38015,-30.71752 30.38525,-30.71995 30.38742,-30.72091 30.39179,-30.72293 30.39191,-30.72298 30.39199,-30.72302 30.39406,-30.72394 30.39491,-30.72434 30.3962,-30.72501 30.39773,-30.72562 30.39847,-30.72597 30.39905,-30.72185 30.39906,-30.72175 30.3972,-30.71882 30.39659,-30.71785 30.3946,-30.71472 30.39282,-30.71177 30.39285,-30.71173 30.39685,-30.70778 30.39697,-30.70743 30.39683,-30.70729 30.39665,-30.70711 30.39611,-30.70696 30.39491,-30.70666 30.3933,-30.70616 30.39207,-30.70558 30.39116,-30.70516 30.39034,-30.70488 30.38957,-30.7046 30.38904,-30.70425 30.38884,-30.70407 30.38874,-30.70389 30.38866,-30.70364 30.38866,-30.70276 30.38859,-30.70192 30.38844,-30.7011 30.38833,-30.69963 30.38799,-30.69763 30.38762,-30.6967 30.38713,-30.69573 30.38643,-30.69462 30.38581,-30.69363 30.38523,-30.69246 30.38469,-30.69183 30.38424,-30.69097 30.38424,-30.69045 30.38439,-30.68996 30.3848,-30.68944 30.38539,-30.68881 30.38593,-30.68806 30.38612,-30.68746 30.38623,-30.68651 30.3863,-30.68625 30.38636,-30.68545 30.38645,-30.68446 30.38639,-30.68406 30.38626,-30.68376 30.38618,-30.68346 30.38564,-30.68235 30.38499,-30.68109 30.38479,-30.68064 30.38461,-30.68028 30.38433,-30.67984 30.38404,-30.67942 30.38385,-30.67909 30.38354,-30.67868 30.38314,-30.67827 30.3826,-30.67766 30.3819,-30.67696 30.38166,-30.67644 30.38132,-30.676 30.38114,-30.67567 30.38082,-30.67524 30.38045,-30.6748 30.38025,-30.67456 30.38006,-30.67434 30.37978,-30.6741 30.37953,-30.6739 30.37911,-30.67354 30.37872,-30.67302 30.37849,-30.67258 30.37816,-30.67215 30.37798,-30.67171 30.37775,-30.67141 30.37736,-30.67089 30.37706,-30.6702 30.37671,-30.66926 30.37639,-30.6683 30.37614,-30.66753 30.37592,-30.66625 30.37576,-30.66545 30.37529,-30.66427 30.37515,-30.66401 30.37501,-30.6638 30.37492,-30.66343 30.37467,-30.66296 30.37428,-30.6622 30.37396,-30.66159 30.37356,-30.66112 30.37319,-30.66068 30.37285,-30.66015 30.37235,-30.65948 30.37184,-30.659 30.37142,-30.6586 30.37106,-30.65805 30.37073,-30.65765 30.37031,-30.65746 30.36983,-30.65742 30.36939,-30.65758 30.36925,-30.65772 30.36909,-30.65797 30.36911,-30.65837 30.36929,-30.65943 30.36941,-30.6599 30.36943,-30.66031 30.36941,-30.66098 30.36944,-30.66169 30.36912,-30.66239 30.36868,-30.66311 30.36827,-30.66365 30.36764,-30.66431 30.36707,-30.66485 30.36657,-30.66504 30.36581,-30.66507 30.36502,-30.66504 30.36453,-30.66494 30.36407,-30.66467 30.36373,-30.66453 30.36313,-30.66425 30.36269,-30.66409 30.36216,-30.66391 30.36192,-30.66366 30.36154,-30.66317 30.36117,-30.66256 30.36013,-30.66113 30.35982,-30.66061 30.359,-30.65951 30.35845,-30.65865 30.3578,-30.65759 30.35729,-30.65675 30.35694,-30.65612 30.35598,-30.6544 30.35529,-30.65292 30.35423,-30.65082 30.354,-30.65002 30.35381,-30.64942 30.35342,-30.64902 30.35299,-30.64873 30.3523,-30.64834 30.35179,-30.64806 30.35075,-30.6477 30.3484,-30.64683 30.34768,-30.64668 30.34615,-30.6461 30.34519,-30.64559 30.34462,-30.64526 30.34513,-30.64497 30.34649,-30.64423 30.34786,-30.64347 30.34923,-30.64272 30.35059,-30.64197 30.35333,-30.64047 30.35469,-30.63972 30.35743,-30.63822 30.3588,-30.63746 30.35876,-30.63738 30.35787,-30.63532 30.35511,-30.62887 30.35418,-30.62672 30.35407,-30.62603 30.35422,-30.62406 30.35438,-30.62209 30.35453,-30.62012 30.35469,-30.61815 30.35484,-30.61618 30.35481,-30.61592 30.35477,-30.6156 30.35468,-30.61502 30.35465,-30.61483</coordinates></LinearRing></outerBoundaryIs></Polygon></MultiGeometry></Placemark></Document></kml>