<?xml version="1.0" encoding="UTF-8"?><kml xmlns="http://www.opengis.net/kml/2.2"><Document><Placemark><name>Hlabisa</name><description>Local Municipality 585</description><ExtendedData><Data name="code"><value>585</value></Data><Data name="name"><value>Hlabisa</value></Data><Data name="description"><value>Local Municipality 585</value></Data></ExtendedData><MultiGeometry><Polygon><outerBoundaryIs><LinearRing><coordinates>32.20281,-28.04722 32.19966,-28.06782 32.19965,-28.06789 32.19748,-28.0821 32.19746,-28.08218 32.1973,-28.08324 32.19729,-28.08328 32.19317,-28.10979 32.19138,-28.12127 32.19137,-28.12133 32.19127,-28.12131 32.19116,-28.1213 32.19104,-28.12128 32.19099,-28.12128 32.19095,-28.12127 32.19086,-28.12171 32.19074,-28.12219 32.19059,-28.12264 32.19053,-28.12288 32.19047,-28.12311 32.19036,-28.12346 32.19028,-28.12378 32.19017,-28.12424 32.19007,-28.12457 32.18997,-28.12491 32.18986,-28.12521 32.1897,-28.12562 32.18901,-28.1265 32.18839,-28.12703 32.18787,-28.12739 32.18675,-28.12813 32.18345,-28.12998 32.1818,-28.13105 32.18113,-28.13167 32.18067,-28.13234 32.18048,-28.13282 32.18042,-28.13341 32.1794,-28.13364 32.16416,-28.13695 32.15796,-28.13829 32.15555,-28.14136 32.15457,-28.14261 32.15045,-28.14176 32.16373,-28.12519 32.15745,-28.11392 32.14707,-28.11808 32.14666,-28.11242 32.13829,-28.11087 32.13729,-28.11423 32.12748,-28.11696 32.121,-28.11719 32.11603,-28.12334 32.10823,-28.13299 32.09291,-28.14973 32.09288,-28.14976 32.04992,-28.19672 32.0497,-28.19696 32.02842,-28.22022 32.02542,-28.22837 32.01206,-28.26471 31.99574,-28.3091 31.99564,-28.30938 31.98167,-28.34737 31.98144,-28.35024 31.98143,-28.35042 31.98112,-28.35134 31.98054,-28.36208 31.97454,-28.3768 31.96853,-28.39151 31.96509,-28.39995 31.96461,-28.40113 31.96253,-28.40622 31.94494,-28.40914 31.944,-28.4093 31.9435,-28.40938 31.92734,-28.41206 31.90975,-28.41497 31.89072,-28.41813 31.87455,-28.42081 31.85696,-28.42373 31.83936,-28.42678 31.83577,-28.4274 31.83513,-28.42751 31.82725,-28.42888 31.82699,-28.42892 31.81287,-28.43137 31.81107,-28.43168 31.8109,-28.43171 31.74122,-28.43346 31.74106,-28.43346 31.74784,-28.41292 31.74658,-28.41292 31.74628,-28.41291 31.74622,-28.41291 31.74601,-28.41292 31.7457,-28.41293 31.74538,-28.41293 31.74525,-28.41291 31.7451,-28.41289 31.74478,-28.41289 31.74448,-28.41286 31.74424,-28.41281 31.74396,-28.4128 31.74377,-28.41278 31.74368,-28.41276 31.74357,-28.41272 31.74343,-28.41267 31.74332,-28.41264 31.74321,-28.4126 31.74311,-28.41257 31.74299,-28.41252 31.74288,-28.41249 31.74273,-28.41244 31.74263,-28.41241 31.7424,-28.41233 31.74221,-28.41228 31.74203,-28.4122 31.7418,-28.41214 31.7417,-28.41208 31.74163,-28.41205 31.74157,-28.41203 31.7415,-28.412 31.74139,-28.41196 31.74136,-28.41195 31.74126,-28.41189 31.74112,-28.41185 31.74088,-28.41173 31.74078,-28.41169 31.7407,-28.41166 31.74059,-28.41161 31.74044,-28.41155 31.74033,-28.41151 31.74017,-28.41144 31.74003,-28.41137 31.73992,-28.41131 31.73977,-28.41124 31.73943,-28.41107 31.73927,-28.41097 31.73916,-28.41091 31.73903,-28.41084 31.73897,-28.41081 31.73892,-28.41078 31.73884,-28.41075 31.7388,-28.41072 31.73869,-28.41067 31.73863,-28.41063 31.73858,-28.4106 31.73854,-28.41059 31.73848,-28.41054 31.73831,-28.41043 31.7382,-28.41035 31.73811,-28.41028 31.73798,-28.4102 31.7379,-28.41015 31.73779,-28.41009 31.73768,-28.41001 31.73758,-28.40993 31.73755,-28.4099 31.73748,-28.40985 31.73737,-28.40978 31.73727,-28.40971 31.73721,-28.40967 31.737,-28.40955 31.73692,-28.40949 31.73683,-28.40942 31.73676,-28.40936 31.73671,-28.40932 31.73664,-28.40929 31.73656,-28.40924 31.73649,-28.40919 31.73632,-28.40906 31.73622,-28.409 31.73613,-28.40894 31.73604,-28.40886 31.73576,-28.40866 31.73565,-28.4086 31.73554,-28.40855 31.73546,-28.40852 31.73533,-28.40846 31.73523,-28.40843 31.73514,-28.4084 31.73506,-28.40838 31.73496,-28.40834 31.73483,-28.40829 31.73469,-28.40821 31.73454,-28.40812 31.73446,-28.4081 31.73435,-28.40806 31.7343,-28.40804 31.7342,-28.40799 31.7341,-28.40793 31.73403,-28.40789 31.73393,-28.40783 31.73383,-28.40778 31.73373,-28.40772 31.73364,-28.40767 31.73349,-28.4076 31.73336,-28.40752 31.73328,-28.40749 31.73318,-28.40742 31.73309,-28.40735 31.73302,-28.40731 31.73291,-28.40724 31.73284,-28.40721 31.73274,-28.40716 31.73267,-28.40711 31.73259,-28.40706 31.73253,-28.40703 31.7324,-28.40697 31.73231,-28.40694 31.73221,-28.40689 31.73209,-28.40684 31.73202,-28.4068 31.73193,-28.40676 31.7318,-28.40671 31.73162,-28.40658 31.73145,-28.40649 31.73121,-28.40638 31.73106,-28.4063 31.73095,-28.40626 31.73078,-28.40615 31.73056,-28.40601 31.73044,-28.40586 31.73038,-28.40581 31.73032,-28.40575 31.73024,-28.40569 31.73014,-28.40563 31.73003,-28.40555 31.72996,-28.40548 31.72992,-28.40545 31.72983,-28.40536 31.72973,-28.40529 31.72964,-28.40524 31.72959,-28.40519 31.72951,-28.40514 31.72943,-28.4051 31.72935,-28.40505 31.72926,-28.40498 31.7292,-28.40493 31.72913,-28.40489 31.729,-28.40482 31.72892,-28.40473 31.72884,-28.40468 31.72878,-28.40463 31.72862,-28.40453 31.72851,-28.40444 31.72844,-28.40439 31.72835,-28.40431 31.72826,-28.40426 31.72814,-28.40418 31.72807,-28.40411 31.72795,-28.40404 31.72788,-28.404 31.72779,-28.40395 31.72757,-28.40381 31.72751,-28.40377 31.72733,-28.40369 31.72725,-28.40363 31.72712,-28.40353 31.72703,-28.40348 31.72692,-28.4034 31.7268,-28.40328 31.72664,-28.40318 31.72653,-28.40308 31.72648,-28.40302 31.72637,-28.40293 31.72623,-28.40281 31.72608,-28.40266 31.726,-28.40256 31.72594,-28.4025 31.7259,-28.40244 31.72583,-28.40234 31.72574,-28.40224 31.72562,-28.40213 31.72554,-28.40204 31.72543,-28.40195 31.72538,-28.40188 31.72519,-28.40164 31.7251,-28.40154 31.725,-28.40143 31.72494,-28.40135 31.72488,-28.40123 31.72481,-28.40114 31.72477,-28.40108 31.72471,-28.40101 31.72466,-28.40095 31.72459,-28.4009 31.72453,-28.40083 31.72445,-28.40074 31.72438,-28.40067 31.72418,-28.4005 31.72401,-28.40037 31.72386,-28.40025 31.72372,-28.40014 31.72354,-28.39996 31.72339,-28.39983 31.72329,-28.39973 31.7232,-28.39961 31.7231,-28.39952 31.72299,-28.39943 31.72286,-28.39933 31.72275,-28.39923 31.72265,-28.39914 31.72257,-28.39904 31.72241,-28.39888 31.72227,-28.39872 31.72223,-28.39867 31.72217,-28.39858 31.7221,-28.39851 31.72204,-28.39843 31.72196,-28.39833 31.72188,-28.39827 31.72178,-28.39815 31.72165,-28.39803 31.72147,-28.39781 31.72139,-28.39771 31.72127,-28.3976 31.72115,-28.39744 31.72106,-28.39734 31.72098,-28.39722 31.72092,-28.39714 31.72083,-28.39706 31.72069,-28.3969 31.72064,-28.39683 31.72056,-28.39675 31.72047,-28.39664 31.72033,-28.39651 31.72027,-28.39641 31.72017,-28.39629 31.72012,-28.39621 31.72003,-28.39613 31.71999,-28.39607 31.71995,-28.39602 31.71992,-28.39597 31.71985,-28.39589 31.7198,-28.39582 31.71974,-28.39574 31.7197,-28.39567 31.71962,-28.39556 31.71955,-28.39546 31.71949,-28.39538 31.71929,-28.39518 31.71924,-28.39512 31.71912,-28.39502 31.719,-28.39495 31.71893,-28.3949 31.71887,-28.39484 31.71878,-28.39478 31.71866,-28.39465 31.71859,-28.39458 31.71851,-28.39452 31.7184,-28.39441 31.71834,-28.39433 31.71828,-28.39428 31.71815,-28.39414 31.71808,-28.39408 31.71801,-28.394 31.71793,-28.39393 31.71784,-28.39385 31.71778,-28.39378 31.71759,-28.39363 31.71744,-28.39349 31.71736,-28.39341 31.71727,-28.3933 31.7172,-28.39322 31.71709,-28.39309 31.71697,-28.39292 31.71689,-28.39282 31.71686,-28.39276 31.71681,-28.3927 31.7167,-28.39259 31.71666,-28.39254 31.71657,-28.39247 31.71649,-28.39241 31.71631,-28.39225 31.71622,-28.39216 31.71615,-28.39211 31.71608,-28.39202 31.71603,-28.39196 31.71594,-28.39187 31.71591,-28.39182 31.71584,-28.39172 31.71571,-28.39158 31.71559,-28.39147 31.7155,-28.39134 31.71545,-28.39128 31.7154,-28.39123 31.71531,-28.39112 31.7151,-28.39091 31.71499,-28.39078 31.71494,-28.3907 31.71486,-28.39064 31.71477,-28.39052 31.71469,-28.3904 31.71463,-28.39033 31.71451,-28.39022 31.71448,-28.39017 31.71444,-28.39013 31.7144,-28.39007 31.71435,-28.39002 31.71433,-28.38999 31.7143,-28.38995 31.71425,-28.38988 31.71421,-28.38983 31.71416,-28.38977 31.71411,-28.3897 31.71404,-28.38961 31.71401,-28.38956 31.71398,-28.38953 31.71391,-28.38943 31.71384,-28.38929 31.71382,-28.38926 31.71378,-28.38918 31.71371,-28.3891 31.71366,-28.389 31.71364,-28.38894 31.7136,-28.38886 31.71356,-28.38877 31.71353,-28.38869 31.7135,-28.38858 31.71344,-28.38846 31.71342,-28.38839 31.71341,-28.38833 31.71338,-28.38825 31.71336,-28.3882 31.71333,-28.38812 31.71332,-28.38807 31.71328,-28.38793 31.71326,-28.38788 31.71323,-28.38778 31.71321,-28.38771 31.71318,-28.3876 31.71317,-28.38751 31.71315,-28.38742 31.71315,-28.38727 31.71311,-28.38714 31.71305,-28.38703 31.71301,-28.38691 31.71297,-28.38681 31.71294,-28.38668 31.71292,-28.38664 31.71287,-28.38653 31.71287,-28.38633 31.71282,-28.38618 31.71281,-28.38611 31.71276,-28.38595 31.71273,-28.38586 31.71268,-28.38577 31.71265,-28.38567 31.71263,-28.38562 31.71259,-28.38554 31.71256,-28.3855 31.71253,-28.3854 31.7125,-28.38531 31.71248,-28.38522 31.71241,-28.38511 31.71238,-28.38503 31.71233,-28.38493 31.71225,-28.38481 31.71223,-28.38473 31.71216,-28.3846 31.71215,-28.38456 31.71212,-28.38449 31.71209,-28.38444 31.71203,-28.38433 31.71198,-28.38423 31.7119,-28.38409 31.71181,-28.38397 31.71175,-28.38388 31.71163,-28.38377 31.71157,-28.38369 31.7115,-28.38359 31.71141,-28.38346 31.71137,-28.38341 31.71132,-28.38333 31.71127,-28.38322 31.7112,-28.38315 31.71109,-28.38306 31.71096,-28.38297 31.71072,-28.38279 31.71059,-28.38272 31.71053,-28.38267 31.71041,-28.38259 31.71027,-28.3825 31.71019,-28.38244 31.71014,-28.38242 31.71006,-28.38238 31.70995,-28.38233 31.70987,-28.3823 31.70982,-28.38228 31.7097,-28.38226 31.70953,-28.3822 31.70934,-28.38213 31.70922,-28.38208 31.70908,-28.38202 31.709,-28.382 31.70885,-28.38197 31.70868,-28.38194 31.70856,-28.38192 31.70845,-28.38189 31.70837,-28.38187 31.70826,-28.38184 31.70815,-28.38182 31.70808,-28.3818 31.70796,-28.3818 31.70782,-28.38176 31.70766,-28.38175 31.70752,-28.38172 31.70735,-28.38168 31.70727,-28.38167 31.70716,-28.38164 31.70708,-28.38162 31.70694,-28.38157 31.70678,-28.38151 31.70658,-28.38144 31.70649,-28.38138 31.70638,-28.38134 31.7063,-28.38128 31.70618,-28.38124 31.70608,-28.3812 31.70596,-28.38114 31.70588,-28.38108 31.70572,-28.381 31.7056,-28.38091 31.70552,-28.38086 31.70549,-28.38082 31.70542,-28.38076 31.70535,-28.38069 31.70523,-28.38059 31.7051,-28.38045 31.70498,-28.38035 31.70494,-28.38026 31.70491,-28.38009 31.7049,-28.38 31.7049,-28.37971 31.70493,-28.37955 31.70492,-28.37945 31.70494,-28.37935 31.70495,-28.37923 31.70496,-28.37917 31.70498,-28.37907 31.70504,-28.37898 31.70511,-28.37881 31.70513,-28.37874 31.70518,-28.37863 31.70523,-28.37844 31.70525,-28.37837 31.70528,-28.37825 31.7053,-28.37816 31.70532,-28.3781 31.70538,-28.37801 31.70546,-28.37791 31.70552,-28.37782 31.70558,-28.37775 31.70563,-28.37767 31.7057,-28.37759 31.70573,-28.37756 31.70576,-28.37749 31.70584,-28.37739 31.7059,-28.37728 31.70595,-28.37722 31.706,-28.37714 31.70612,-28.37691 31.7062,-28.37678 31.70631,-28.3766 31.70633,-28.37655 31.70635,-28.37651 31.70638,-28.37646 31.70642,-28.3764 31.70646,-28.37635 31.70651,-28.37629 31.70654,-28.37624 31.70664,-28.37605 31.7067,-28.37596 31.70679,-28.37588 31.70686,-28.37582 31.70696,-28.37575 31.70701,-28.3757 31.70704,-28.37563 31.70709,-28.3756 31.70716,-28.37554 31.70722,-28.37546 31.70733,-28.37533 31.70741,-28.37524 31.70746,-28.37518 31.70754,-28.37511 31.70763,-28.37502 31.70769,-28.37495 31.70776,-28.37488 31.70788,-28.37473 31.70795,-28.37465 31.70804,-28.37459 31.70817,-28.37446 31.7083,-28.3743 31.7084,-28.37421 31.70851,-28.3741 31.7086,-28.37403 31.70865,-28.37398 31.70872,-28.37394 31.70879,-28.37387 31.70887,-28.37381 31.70892,-28.37377 31.70899,-28.37373 31.70903,-28.37371 31.70913,-28.37363 31.70928,-28.37352 31.70937,-28.37346 31.70946,-28.37342 31.70956,-28.37337 31.70969,-28.37334 31.70978,-28.3733 31.70988,-28.37328 31.70999,-28.37326 31.71014,-28.37323 31.71034,-28.37321 31.71042,-28.3732 31.71052,-28.37318 31.71062,-28.37317 31.71112,-28.37317 31.71124,-28.37318 31.71138,-28.3732 31.71154,-28.37323 31.7117,-28.37329 31.71178,-28.37331 31.71193,-28.37341 31.71209,-28.3735 31.71221,-28.37357 31.71237,-28.3737 31.71244,-28.37375 31.71253,-28.37379 31.7126,-28.37383 31.7128,-28.37391 31.71293,-28.37396 31.71312,-28.37407 31.7132,-28.37409 31.71335,-28.37416 31.71355,-28.37423 31.71362,-28.37425 31.71374,-28.37428 31.71386,-28.3743 31.71397,-28.37433 31.71411,-28.37435 31.71452,-28.37435 31.7147,-28.37438 31.7149,-28.37441 31.71506,-28.37443 31.71541,-28.37443 31.71564,-28.37442 31.71579,-28.3744 31.71598,-28.37438 31.71607,-28.37436 31.7163,-28.37428 31.71639,-28.37425 31.71655,-28.37423 31.71671,-28.37424 31.71688,-28.37421 31.717,-28.37419 31.71717,-28.37417 31.71737,-28.37416 31.71754,-28.37414 31.71768,-28.37411 31.71783,-28.37406 31.71795,-28.37404 31.71806,-28.37401 31.71819,-28.37397 31.71826,-28.37394 31.71839,-28.37391 31.71851,-28.37389 31.71858,-28.37385 31.71865,-28.37383 31.71891,-28.37381 31.71902,-28.37377 31.71913,-28.37374 31.71924,-28.37368 31.7193,-28.37365 31.71952,-28.37355 31.71964,-28.37349 31.71974,-28.37345 31.7198,-28.37342 31.71996,-28.37335 31.72008,-28.37328 31.72023,-28.37318 31.72031,-28.37313 31.7204,-28.37304 31.72048,-28.37294 31.72054,-28.37285 31.72058,-28.37273 31.72063,-28.37262 31.72068,-28.37253 31.72073,-28.37241 31.72075,-28.37233 31.72077,-28.37223 31.72078,-28.37216 31.7208,-28.37208 31.7208,-28.37197 31.72083,-28.37188 31.72085,-28.37166 31.72086,-28.3716 31.72086,-28.37136 31.72085,-28.37129 31.72085,-28.37105 31.72084,-28.37096 31.72082,-28.37087 31.72081,-28.37079 31.72077,-28.37071 31.72074,-28.37062 31.72067,-28.37052 31.7206,-28.37036 31.72057,-28.37027 31.72051,-28.37015 31.72047,-28.37008 31.72044,-28.37001 31.7204,-28.36992 31.72028,-28.36977 31.72019,-28.36968 31.72008,-28.36959 31.72001,-28.36951 31.71987,-28.36941 31.71977,-28.36936 31.71964,-28.3693 31.71955,-28.36926 31.71942,-28.36921 31.71932,-28.36917 31.71926,-28.36916 31.71902,-28.3691 31.71892,-28.36908 31.71881,-28.36907 31.71874,-28.36905 31.71859,-28.36905 31.7185,-28.36904 31.71838,-28.369 31.71826,-28.36898 31.7181,-28.36895 31.71795,-28.36892 31.71783,-28.36891 31.71755,-28.36891 31.71735,-28.36888 31.71723,-28.36886 31.71702,-28.36884 31.71693,-28.36883 31.71684,-28.36883 31.7167,-28.36881 31.71655,-28.3688 31.71643,-28.36879 31.71619,-28.36876 31.71587,-28.36874 31.71566,-28.36873 31.71557,-28.36873 31.7154,-28.36871 31.71519,-28.36867 31.71498,-28.36864 31.71483,-28.36862 31.71471,-28.36862 31.71452,-28.3686 31.71432,-28.36858 31.71418,-28.36857 31.71403,-28.36855 31.71386,-28.36853 31.7135,-28.36853 31.7133,-28.36854 31.71259,-28.36854 31.71242,-28.36855 31.71192,-28.36855 31.71182,-28.36857 31.7117,-28.36858 31.71157,-28.3686 31.71143,-28.3686 31.71131,-28.36862 31.7112,-28.36865 31.71107,-28.36866 31.71085,-28.3687 31.71073,-28.36873 31.71048,-28.36875 31.71035,-28.36876 31.71021,-28.36878 31.71008,-28.36879 31.70992,-28.36883 31.70981,-28.36885 31.70967,-28.36887 31.70951,-28.36891 31.7093,-28.36897 31.70921,-28.369 31.70906,-28.36902 31.70896,-28.36902 31.70888,-28.36903 31.70882,-28.36905 31.70874,-28.36906 31.70867,-28.36908 31.70852,-28.36908 31.7084,-28.36911 31.70829,-28.36911 31.70812,-28.36914 31.70804,-28.36914 31.70785,-28.36918 31.7077,-28.36921 31.70759,-28.36924 31.70747,-28.36926 31.70729,-28.3693 31.70714,-28.36934 31.707,-28.3694 31.70681,-28.36947 31.70668,-28.36953 31.70657,-28.36957 31.70622,-28.36967 31.70605,-28.36973 31.70589,-28.36978 31.70578,-28.36982 31.70565,-28.36987 31.70555,-28.36989 31.70541,-28.36994 31.70531,-28.36998 31.70518,-28.37003 31.70505,-28.37007 31.70493,-28.3701 31.70479,-28.37014 31.70466,-28.37018 31.70455,-28.37024 31.70442,-28.37028 31.70432,-28.37031 31.70419,-28.37036 31.70406,-28.37042 31.70388,-28.37051 31.70375,-28.37057 31.70358,-28.37062 31.70341,-28.37068 31.70328,-28.37074 31.70316,-28.3708 31.70306,-28.37087 31.70297,-28.37092 31.70291,-28.37096 31.7028,-28.37101 31.7027,-28.37108 31.70259,-28.37114 31.70241,-28.37126 31.7023,-28.37131 31.70215,-28.37139 31.70206,-28.37146 31.70208,-28.37133 31.70215,-28.36109 31.69772,-28.35893 31.70308,-28.34728 31.70398,-28.34532 31.70695,-28.33887 31.70882,-28.33056 31.71024,-28.32421 31.71332,-28.31617 31.7154,-28.31467 31.71989,-28.31348 31.72227,-28.30939 31.71962,-28.30285 31.7198,-28.29928 31.71907,-28.29817 31.71873,-28.29764 31.71451,-28.29119 31.7129,-28.28876 31.70918,-28.28318 31.70546,-28.27759 31.70372,-28.27498 31.7004,-28.26999 31.7009,-28.2619 31.70137,-28.25439 31.70184,-28.24688 31.7023,-28.23942 31.70277,-28.23196 31.70306,-28.22731 31.71219,-28.22458 31.7214,-28.22183 31.73296,-28.21838 31.73341,-28.21851 31.73351,-28.21854 31.73396,-28.21868 31.73419,-28.21875 31.73444,-28.21882 31.73455,-28.21885 31.73461,-28.21887 31.73469,-28.21891 31.73472,-28.21892 31.73479,-28.21895 31.73484,-28.21898 31.73491,-28.21901 31.73497,-28.21904 31.73532,-28.21914 31.7354,-28.21916 31.73547,-28.21918 31.73555,-28.21921 31.73565,-28.21924 31.73576,-28.21927 31.73586,-28.21928 31.73598,-28.2193 31.73618,-28.21935 31.73625,-28.21937 31.73635,-28.2194 31.73648,-28.21943 31.73659,-28.21945 31.7367,-28.2195 31.73681,-28.21953 31.73692,-28.21957 31.73705,-28.21963 31.73723,-28.21972 31.73736,-28.21979 31.73745,-28.21984 31.73753,-28.21991 31.73764,-28.21997 31.73776,-28.22004 31.73782,-28.22008 31.73792,-28.22014 31.73799,-28.22018 31.7381,-28.22029 31.73825,-28.22041 31.7384,-28.2206 31.73847,-28.22069 31.73851,-28.22079 31.73858,-28.22089 31.73862,-28.22098 31.7387,-28.22117 31.7388,-28.22132 31.73888,-28.22149 31.73894,-28.22164 31.73898,-28.22173 31.73906,-28.22189 31.73909,-28.22199 31.73916,-28.22227 31.73919,-28.22251 31.73928,-28.22272 31.73931,-28.22286 31.73932,-28.22295 31.73935,-28.22308 31.73936,-28.22313 31.73937,-28.22322 31.73939,-28.22335 31.73939,-28.2238 31.73938,-28.22397 31.73937,-28.22405 31.73937,-28.22441 31.73936,-28.22449 31.73935,-28.22461 31.73933,-28.2249 31.73931,-28.2251 31.73931,-28.2252 31.73929,-28.22536 31.73926,-28.2255 31.73926,-28.22559 31.73924,-28.22567 31.73923,-28.22575 31.7392,-28.22587 31.73917,-28.226 31.73914,-28.22626 31.73912,-28.22638 31.73911,-28.2266 31.73909,-28.2268 31.73909,-28.2269 31.73908,-28.22717 31.73908,-28.22733 31.73909,-28.22744 31.7391,-28.22761 31.73912,-28.22782 31.73913,-28.22796 31.73915,-28.22806 31.73922,-28.22821 31.73924,-28.22831 31.73934,-28.22851 31.73939,-28.22864 31.73944,-28.22876 31.73956,-28.22906 31.73958,-28.22918 31.73959,-28.22929 31.73961,-28.22938 31.73962,-28.22944 31.73962,-28.22951 31.73963,-28.22962 31.73963,-28.2298 31.73966,-28.22997 31.73968,-28.23006 31.7397,-28.2302 31.73974,-28.23035 31.73979,-28.2305 31.73981,-28.23063 31.73983,-28.23074 31.73991,-28.23096 31.73995,-28.23105 31.74003,-28.2312 31.74008,-28.23132 31.74015,-28.23146 31.74029,-28.23162 31.74046,-28.23179 31.74056,-28.23187 31.74063,-28.2319 31.74073,-28.23193 31.74081,-28.23196 31.74087,-28.23199 31.74097,-28.23203 31.74106,-28.23207 31.74119,-28.23214 31.74149,-28.23223 31.74168,-28.23232 31.74176,-28.23235 31.74184,-28.2324 31.74197,-28.23247 31.74223,-28.23258 31.74238,-28.23265 31.74246,-28.23268 31.74254,-28.23272 31.74262,-28.23275 31.7427,-28.23276 31.74284,-28.2328 31.74306,-28.23285 31.74316,-28.23288 31.74335,-28.23292 31.74356,-28.23295 31.74368,-28.23295 31.74383,-28.23296 31.74395,-28.23298 31.74407,-28.23298 31.7442,-28.233 31.7443,-28.23301 31.74453,-28.23303 31.74461,-28.23305 31.74479,-28.23307 31.74489,-28.23308 31.74504,-28.23305 31.74513,-28.23305 31.74523,-28.23303 31.74534,-28.23303 31.74542,-28.23302 31.74553,-28.23302 31.74563,-28.23301 31.74576,-28.233 31.74585,-28.23298 31.74595,-28.23297 31.74602,-28.23293 31.74612,-28.23288 31.74619,-28.23286 31.74629,-28.23281 31.74634,-28.23279 31.74638,-28.23278 31.74645,-28.23277 31.74657,-28.23272 31.74665,-28.2327 31.7467,-28.23267 31.74676,-28.23265 31.74681,-28.23263 31.74692,-28.23256 31.74702,-28.23247 31.74716,-28.23236 31.7472,-28.23232 31.74726,-28.23227 31.74732,-28.23223 31.74738,-28.23218 31.74748,-28.23209 31.74769,-28.2319 31.7478,-28.23177 31.74788,-28.2317 31.74791,-28.23165 31.748,-28.23152 31.74808,-28.23141 31.74836,-28.23094 31.74851,-28.23077 31.74856,-28.23071 31.74861,-28.23064 31.7487,-28.23053 31.74887,-28.23022 31.7489,-28.22991 31.74907,-28.22936 31.74933,-28.22864 31.74951,-28.22815 31.74963,-28.22769 31.74977,-28.22705 31.74999,-28.22666 31.75025,-28.22622 31.75049,-28.22572 31.75065,-28.22531 31.75093,-28.22503 31.75131,-28.22449 31.75162,-28.22431 31.75217,-28.22381 31.75247,-28.22348 31.75276,-28.22326 31.75333,-28.22286 31.75344,-28.22277 31.7535,-28.22272 31.75363,-28.22267 31.75371,-28.22259 31.75379,-28.22253 31.75385,-28.22251 31.75391,-28.22247 31.75398,-28.22243 31.75406,-28.2224 31.75413,-28.22234 31.75422,-28.2223 31.7543,-28.22223 31.75442,-28.22217 31.75452,-28.22209 31.75458,-28.22205 31.75463,-28.22203 31.75473,-28.22197 31.75484,-28.2219 31.75498,-28.22182 31.75506,-28.22181 31.75528,-28.22173 31.75536,-28.22171 31.75546,-28.22167 31.75557,-28.22164 31.75565,-28.22161 31.7558,-28.22157 31.7559,-28.22154 31.75594,-28.22154 31.75601,-28.22153 31.75612,-28.22154 31.75618,-28.22154 31.75624,-28.22156 31.75641,-28.22156 31.75658,-28.22155 31.7567,-28.22154 31.75683,-28.22151 31.75694,-28.22148 31.75704,-28.22144 31.7571,-28.22139 31.75722,-28.22133 31.7573,-28.22131 31.75741,-28.22127 31.75753,-28.22121 31.75758,-28.22116 31.75765,-28.22111 31.75771,-28.22107 31.7578,-28.22104 31.75793,-28.221 31.75799,-28.22098 31.75807,-28.22095 31.75818,-28.2209 31.7583,-28.22085 31.75838,-28.22083 31.75849,-28.2208 31.75858,-28.22076 31.75869,-28.22071 31.75876,-28.22068 31.75892,-28.22059 31.759,-28.22052 31.75914,-28.22046 31.75934,-28.2204 31.75946,-28.22033 31.75956,-28.22028 31.75967,-28.22021 31.75977,-28.22015 31.75983,-28.22011 31.75989,-28.22008 31.75994,-28.22008 31.76004,-28.22006 31.76022,-28.22002 31.76053,-28.22002 31.7606,-28.22004 31.76074,-28.22005 31.76087,-28.22005 31.76099,-28.22006 31.76117,-28.22009 31.76132,-28.22009 31.76148,-28.22008 31.76166,-28.22007 31.76176,-28.22007 31.76192,-28.22006 31.76206,-28.22004 31.76218,-28.22002 31.76231,-28.22 31.76266,-28.22 31.76294,-28.21998 31.76333,-28.21992 31.76406,-28.21983 31.76475,-28.21971 31.76552,-28.21958 31.76646,-28.21936 31.76721,-28.21912 31.76804,-28.21884 31.76848,-28.21866 31.76858,-28.21861 31.76883,-28.2185 31.76894,-28.21843 31.76905,-28.2184 31.76914,-28.21836 31.76939,-28.21825 31.76953,-28.21818 31.7696,-28.21814 31.76975,-28.21807 31.76989,-28.21799 31.77015,-28.21788 31.7703,-28.21782 31.77057,-28.21767 31.77087,-28.2175 31.77114,-28.21732 31.77128,-28.21719 31.77136,-28.21713 31.77145,-28.21704 31.77153,-28.21693 31.77158,-28.21681 31.77168,-28.21659 31.77174,-28.21639 31.77183,-28.21619 31.77188,-28.21603 31.77191,-28.21592 31.77196,-28.21579 31.77206,-28.21561 31.77212,-28.21554 31.77216,-28.21547 31.77221,-28.21539 31.77225,-28.21533 31.7723,-28.21526 31.77237,-28.21509 31.77249,-28.21493 31.77253,-28.21486 31.77257,-28.21476 31.77264,-28.2146 31.77265,-28.2145 31.77269,-28.21428 31.77272,-28.21412 31.77272,-28.21407 31.77277,-28.21387 31.77279,-28.21373 31.77289,-28.21332 31.77296,-28.21305 31.77304,-28.21293 31.77316,-28.21272 31.7733,-28.21247 31.7734,-28.21235 31.77347,-28.21228 31.77354,-28.2122 31.7737,-28.21204 31.77376,-28.21197 31.77387,-28.21183 31.77406,-28.21164 31.77411,-28.21155 31.77415,-28.21149 31.77417,-28.21145 31.77423,-28.21136 31.77427,-28.21128 31.77439,-28.21113 31.77445,-28.21103 31.77451,-28.21095 31.77465,-28.21079 31.77478,-28.21062 31.77482,-28.21056 31.77486,-28.21047 31.77493,-28.21033 31.77496,-28.21029 31.77501,-28.21024 31.77505,-28.21017 31.7751,-28.21008 31.77513,-28.21003 31.77517,-28.20995 31.77525,-28.20985 31.77527,-28.2098 31.77534,-28.20965 31.77538,-28.20958 31.77542,-28.20954 31.77547,-28.2095 31.77555,-28.20939 31.77566,-28.20925 31.7757,-28.20919 31.77575,-28.20913 31.77585,-28.20903 31.77591,-28.20896 31.77599,-28.20882 31.77602,-28.20877 31.77607,-28.2087 31.77609,-28.20867 31.77613,-28.20862 31.77616,-28.20858 31.77621,-28.20852 31.77623,-28.2085 31.7763,-28.20841 31.77635,-28.20837 31.77638,-28.2083 31.77643,-28.20823 31.77648,-28.20815 31.77653,-28.20808 31.77656,-28.20803 31.77663,-28.20795 31.77671,-28.20785 31.77676,-28.20776 31.77682,-28.20767 31.77686,-28.20757 31.7769,-28.2075 31.77697,-28.2074 31.77717,-28.20724 31.77726,-28.20712 31.77732,-28.20706 31.77744,-28.20696 31.77752,-28.20687 31.77759,-28.20682 31.77773,-28.2067 31.77777,-28.20662 31.77782,-28.20658 31.77788,-28.20652 31.7779,-28.2065 31.77795,-28.20646 31.77803,-28.20641 31.7781,-28.20639 31.77816,-28.20638 31.77821,-28.20635 31.77828,-28.20634 31.77835,-28.20634 31.77841,-28.20633 31.7789,-28.20633 31.77901,-28.20634 31.77919,-28.20641 31.77932,-28.20645 31.77943,-28.20649 31.77961,-28.20657 31.77973,-28.20662 31.77983,-28.20667 31.77989,-28.20672 31.78002,-28.20684 31.78008,-28.20689 31.78028,-28.207 31.78044,-28.20711 31.78054,-28.20717 31.78072,-28.20731 31.78087,-28.2074 31.78097,-28.20748 31.78117,-28.20761 31.78136,-28.20771 31.78152,-28.20782 31.7816,-28.20789 31.78171,-28.20799 31.78182,-28.20811 31.78189,-28.20817 31.78208,-28.20836 31.78215,-28.20852 31.78226,-28.20862 31.78236,-28.20875 31.78242,-28.20885 31.78249,-28.20893 31.78258,-28.20907 31.78265,-28.20917 31.78272,-28.2093 31.78276,-28.20942 31.78279,-28.20954 31.7828,-28.20971 31.78283,-28.20983 31.78283,-28.21024 31.78281,-28.21037 31.7828,-28.21046 31.78276,-28.21056 31.78271,-28.21084 31.78267,-28.21103 31.78263,-28.21141 31.78261,-28.21151 31.78257,-28.21165 31.78247,-28.21184 31.78245,-28.21198 31.78244,-28.21208 31.78243,-28.21225 31.78242,-28.21235 31.78241,-28.21248 31.7824,-28.21259 31.78238,-28.21269 31.78236,-28.2128 31.78233,-28.21288 31.78229,-28.21297 31.78224,-28.21304 31.78219,-28.21315 31.7821,-28.2133 31.78206,-28.21339 31.78202,-28.21351 31.78199,-28.21356 31.78194,-28.2137 31.78192,-28.21385 31.78189,-28.21407 31.78189,-28.21472 31.78192,-28.21484 31.78193,-28.21497 31.78198,-28.2151 31.78203,-28.21519 31.78209,-28.21531 31.78211,-28.21537 31.78217,-28.21548 31.78221,-28.21558 31.78226,-28.21566 31.78233,-28.21574 31.78283,-28.21622 31.78316,-28.21646 31.78324,-28.21654 31.78331,-28.21658 31.78336,-28.21664 31.78349,-28.21674 31.78353,-28.21677 31.78364,-28.21683 31.78368,-28.21685 31.78373,-28.21688 31.78385,-28.21695 31.78391,-28.21698 31.78401,-28.21704 31.78407,-28.21706 31.7841,-28.21708 31.78418,-28.21711 31.78422,-28.21713 31.78433,-28.21718 31.78441,-28.21723 31.78445,-28.21726 31.7847,-28.21739 31.78477,-28.21745 31.78483,-28.21748 31.78499,-28.21758 31.78507,-28.21761 31.78513,-28.21763 31.78536,-28.21772 31.78542,-28.21774 31.78549,-28.21778 31.78553,-28.21781 31.78563,-28.21785 31.78569,-28.21789 31.78586,-28.21797 31.78591,-28.21799 31.786,-28.21803 31.78618,-28.21807 31.78665,-28.21824 31.7869,-28.21831 31.78698,-28.21836 31.78717,-28.21842 31.78728,-28.21845 31.78736,-28.21847 31.78746,-28.21849 31.78752,-28.2185 31.78771,-28.21852 31.78784,-28.21855 31.78795,-28.21857 31.78814,-28.21861 31.78825,-28.21864 31.78847,-28.21871 31.78863,-28.21877 31.78882,-28.21883 31.78903,-28.2189 31.78916,-28.21895 31.78933,-28.21902 31.78947,-28.21907 31.78952,-28.21909 31.78963,-28.21913 31.78972,-28.21916 31.78985,-28.2192 31.78993,-28.21923 31.79005,-28.21928 31.79023,-28.21934 31.79031,-28.21936 31.79045,-28.21939 31.79079,-28.21948 31.79091,-28.21952 31.79107,-28.21956 31.79131,-28.21959 31.79148,-28.21961 31.79162,-28.21965 31.7918,-28.21968 31.79191,-28.21969 31.792,-28.2197 31.79217,-28.21972 31.79231,-28.21974 31.79244,-28.21974 31.79274,-28.21977 31.79289,-28.21974 31.79296,-28.21973 31.79305,-28.21972 31.79315,-28.21971 31.79321,-28.21969 31.79351,-28.21969 31.7936,-28.21968 31.79368,-28.21968 31.79376,-28.21967 31.79381,-28.21967 31.79401,-28.21965 31.79426,-28.21963 31.79438,-28.21962 31.79451,-28.2196 31.79463,-28.21959 31.79473,-28.21959 31.79483,-28.21958 31.79509,-28.21954 31.79521,-28.21952 31.79534,-28.21951 31.79546,-28.21949 31.79557,-28.21949 31.79566,-28.21947 31.79588,-28.21942 31.79609,-28.21934 31.79624,-28.21931 31.79638,-28.21928 31.7965,-28.21925 31.79659,-28.21924 31.79691,-28.21917 31.79713,-28.21908 31.79728,-28.21906 31.79741,-28.21904 31.7976,-28.21902 31.79771,-28.219 31.79787,-28.21897 31.79798,-28.21896 31.79811,-28.21894 31.79829,-28.21887 31.79847,-28.21881 31.79879,-28.21873 31.79902,-28.21869 31.79916,-28.21867 31.79942,-28.21859 31.79962,-28.21853 31.79984,-28.21845 31.80007,-28.21839 31.80018,-28.21836 31.80033,-28.2183 31.80051,-28.21823 31.80058,-28.2182 31.80071,-28.21817 31.80099,-28.21811 31.80114,-28.21807 31.80135,-28.21803 31.80145,-28.218 31.80158,-28.21796 31.80177,-28.2179 31.80185,-28.21789 31.80212,-28.21778 31.80233,-28.21774 31.80275,-28.21767 31.80301,-28.21762 31.80324,-28.21755 31.80344,-28.21751 31.80365,-28.21746 31.80401,-28.21744 31.80422,-28.21743 31.80466,-28.21743 31.80486,-28.21745 31.805,-28.21745 31.80591,-28.21756 31.80602,-28.21758 31.80608,-28.21759 31.80617,-28.21759 31.80624,-28.21758 31.80631,-28.21756 31.80636,-28.21751 31.80639,-28.21747 31.80641,-28.21741 31.8064,-28.21733 31.80639,-28.21729 31.80638,-28.2171 31.80638,-28.21701 31.80639,-28.21693 31.80636,-28.21684 31.8064,-28.21671 31.80641,-28.21667 31.80643,-28.21661 31.80649,-28.21656 31.80654,-28.21649 31.8066,-28.21643 31.80666,-28.21633 31.8067,-28.21628 31.80679,-28.21619 31.80684,-28.21617 31.80697,-28.2161 31.80736,-28.21604 31.80751,-28.21603 31.80767,-28.21603 31.80786,-28.21602 31.80799,-28.21601 31.80815,-28.216 31.80882,-28.216 31.80893,-28.21602 31.80917,-28.21606 31.80932,-28.2161 31.80943,-28.21614 31.80956,-28.2162 31.80969,-28.21627 31.80981,-28.21636 31.8099,-28.21644 31.81007,-28.21656 31.81019,-28.21679 31.81024,-28.2169 31.81035,-28.21719 31.81041,-28.21729 31.81055,-28.21752 31.81073,-28.21776 31.81079,-28.21787 31.8109,-28.21803 31.81098,-28.21813 31.81105,-28.21825 31.81129,-28.21857 31.81139,-28.2187 31.81154,-28.21885 31.81175,-28.21905 31.81191,-28.21917 31.81212,-28.21931 31.81221,-28.21938 31.81236,-28.21945 31.8125,-28.21952 31.8126,-28.21954 31.81275,-28.21958 31.81294,-28.21959 31.81309,-28.21956 31.81317,-28.2195 31.81331,-28.21933 31.81338,-28.21922 31.81346,-28.21907 31.81357,-28.21893 31.81364,-28.21881 31.81369,-28.21875 31.81382,-28.21859 31.81389,-28.21851 31.81396,-28.2184 31.81401,-28.21832 31.81404,-28.21825 31.81416,-28.21803 31.81433,-28.2178 31.81444,-28.2176 31.81449,-28.21752 31.81454,-28.2174 31.81459,-28.2173 31.81465,-28.21719 31.81469,-28.21709 31.81485,-28.21682 31.81489,-28.21674 31.81496,-28.21663 31.81499,-28.21654 31.81506,-28.21641 31.81509,-28.21632 31.81511,-28.21629 31.81516,-28.21616 31.81519,-28.21611 31.81523,-28.21602 31.81533,-28.21588 31.81539,-28.21578 31.81542,-28.2157 31.81544,-28.21565 31.81554,-28.21543 31.81558,-28.21536 31.81564,-28.21529 31.8158,-28.21508 31.81587,-28.21497 31.81594,-28.21482 31.81598,-28.21473 31.816,-28.21466 31.81607,-28.21453 31.81611,-28.2144 31.81615,-28.21431 31.81621,-28.21409 31.81621,-28.21396 31.81625,-28.21382 31.8163,-28.21369 31.8163,-28.21358 31.81631,-28.21351 31.81635,-28.21335 31.81641,-28.21309 31.8164,-28.21291 31.8164,-28.212 31.81639,-28.21189 31.81638,-28.21181 31.81638,-28.2117 31.81634,-28.21148 31.81633,-28.21139 31.81632,-28.21128 31.81632,-28.21121 31.81633,-28.21106 31.81635,-28.21091 31.81643,-28.21067 31.81644,-28.21057 31.81648,-28.21045 31.81654,-28.21023 31.81656,-28.20993 31.81656,-28.20984 31.81657,-28.20974 31.81657,-28.20965 31.81659,-28.20961 31.81668,-28.20949 31.81674,-28.20943 31.81684,-28.2093 31.81691,-28.20922 31.81698,-28.20915 31.81711,-28.20905 31.81717,-28.20895 31.81722,-28.20888 31.81732,-28.20875 31.81739,-28.20864 31.81745,-28.20856 31.81769,-28.20811 31.81776,-28.20798 31.8178,-28.20791 31.81785,-28.20783 31.81789,-28.20776 31.81794,-28.20765 31.81797,-28.20756 31.81801,-28.20747 31.81808,-28.20726 31.81812,-28.20712 31.81814,-28.20696 31.81816,-28.20688 31.81819,-28.20679 31.81822,-28.20672 31.81828,-28.20662 31.81834,-28.20647 31.8184,-28.20626 31.81846,-28.20602 31.81848,-28.2059 31.81851,-28.20571 31.81851,-28.20561 31.81852,-28.20543 31.81851,-28.20533 31.81845,-28.20515 31.81844,-28.20511 31.81836,-28.205 31.8183,-28.20494 31.81822,-28.20487 31.8181,-28.2048 31.81782,-28.20465 31.8177,-28.20458 31.81755,-28.2045 31.81744,-28.20444 31.81729,-28.20437 31.81717,-28.20431 31.81706,-28.20425 31.81694,-28.20418 31.81692,-28.20417 31.81695,-28.20411 31.81673,-28.20395 31.81633,-28.20367 31.81595,-28.20343 31.81577,-28.20338 31.81538,-28.20328 31.81503,-28.20319 31.81486,-28.20319 31.81449,-28.20318 31.81377,-28.20319 31.8135,-28.20316 31.81287,-28.20304 31.81259,-28.20305 31.81219,-28.20311 31.81221,-28.20327 31.81207,-28.20329 31.81196,-28.20329 31.81182,-28.2033 31.81127,-28.20335 31.81105,-28.20339 31.8107,-28.20346 31.81052,-28.20349 31.81045,-28.20351 31.81029,-28.20354 31.8102,-28.20356 31.81008,-28.2036 31.80996,-28.20362 31.80981,-28.20365 31.80967,-28.20368 31.8095,-28.2037 31.80929,-28.20371 31.80915,-28.20374 31.80897,-28.20378 31.80888,-28.20381 31.80873,-28.20384 31.80857,-28.20385 31.80842,-28.20385 31.80812,-28.20381 31.80728,-28.20381 31.80714,-28.20379 31.80706,-28.20379 31.80696,-28.20378 31.80686,-28.20378 31.80677,-28.20377 31.80662,-28.20377 31.80633,-28.2037 31.80615,-28.20368 31.80603,-28.20365 31.80583,-28.20362 31.80561,-28.20357 31.80542,-28.20352 31.80528,-28.20349 31.80507,-28.20343 31.80493,-28.20336 31.80473,-28.20323 31.80452,-28.20312 31.80441,-28.20304 31.80431,-28.20297 31.80421,-28.20291 31.80407,-28.20279 31.80392,-28.20265 31.8037,-28.20228 31.8035,-28.20213 31.80335,-28.20202 31.80327,-28.20194 31.80311,-28.20185 31.8029,-28.2017 31.80282,-28.20162 31.8027,-28.20155 31.80259,-28.20145 31.80248,-28.20137 31.80214,-28.20109 31.80197,-28.20098 31.80188,-28.2009 31.80174,-28.20082 31.80162,-28.20075 31.8015,-28.20064 31.8014,-28.20056 31.80108,-28.20031 31.80083,-28.20006 31.80073,-28.19991 31.80062,-28.19972 31.80052,-28.19959 31.80042,-28.19943 31.80034,-28.19932 31.80016,-28.19906 31.8001,-28.19891 31.79997,-28.19861 31.79996,-28.19857 31.79976,-28.1977 31.79971,-28.19753 31.79961,-28.19726 31.79958,-28.1971 31.79958,-28.19698 31.79957,-28.19692 31.79955,-28.19676 31.79955,-28.19611 31.79956,-28.19604 31.79958,-28.19596 31.79959,-28.19589 31.79961,-28.19583 31.79962,-28.19577 31.79964,-28.1957 31.79966,-28.19564 31.79972,-28.19552 31.79976,-28.19546 31.79981,-28.1954 31.79987,-28.19533 31.7999,-28.1953 31.80008,-28.19522 31.80017,-28.19516 31.80028,-28.1951 31.80039,-28.19503 31.80052,-28.19497 31.8006,-28.19494 31.8007,-28.19492 31.8009,-28.19484 31.80099,-28.19481 31.80113,-28.19475 31.80121,-28.19472 31.80131,-28.1947 31.80138,-28.19468 31.80143,-28.19466 31.8015,-28.19463 31.80165,-28.1946 31.80171,-28.19456 31.80185,-28.19453 31.80192,-28.19452 31.80203,-28.19448 31.80211,-28.19446 31.80221,-28.19441 31.80235,-28.19438 31.80249,-28.19436 31.8026,-28.19433 31.8027,-28.19431 31.80281,-28.19431 31.80294,-28.1943 31.80307,-28.19427 31.80321,-28.19423 31.80346,-28.19413 31.80354,-28.1941 31.80359,-28.19408 31.8037,-28.19403 31.80391,-28.19394 31.80411,-28.19388 31.80432,-28.19379 31.80443,-28.19375 31.80456,-28.19368 31.80465,-28.19361 31.80478,-28.19352 31.80483,-28.1935 31.80518,-28.19326 31.80534,-28.19313 31.80546,-28.19302 31.80557,-28.19295 31.80561,-28.19289 31.80571,-28.19267 31.80596,-28.19221 31.80627,-28.19165 31.80662,-28.191 31.80674,-28.19054 31.80691,-28.19005 31.80708,-28.18958 31.80712,-28.18936 31.80715,-28.18916 31.80716,-28.18912 31.80717,-28.18903 31.80716,-28.18894 31.80712,-28.18882 31.80709,-28.18875 31.80703,-28.18867 31.80694,-28.18864 31.80668,-28.18842 31.80659,-28.18832 31.80654,-28.18827 31.8064,-28.18816 31.80631,-28.18809 31.80617,-28.18801 31.80607,-28.18789 31.80594,-28.18777 31.80582,-28.18772 31.80572,-28.18761 31.80555,-28.18744 31.80542,-28.18738 31.80528,-28.18737 31.80512,-28.18734 31.80501,-28.18734 31.80489,-28.18729 31.80476,-28.18723 31.80462,-28.18718 31.80443,-28.18711 31.80419,-28.187 31.80404,-28.18693 31.80391,-28.18682 31.8036,-28.18673 31.80346,-28.18665 31.80335,-28.1866 31.80329,-28.18656 31.80323,-28.18654 31.80315,-28.18649 31.80303,-28.18641 31.80294,-28.18631 31.80291,-28.1863 31.8028,-28.18621 31.80271,-28.18614 31.80263,-28.18609 31.80256,-28.18601 31.80248,-28.18596 31.80241,-28.18589 31.80208,-28.18571 31.80201,-28.18566 31.80193,-28.1856 31.80188,-28.18555 31.8017,-28.18541 31.80161,-28.18535 31.80154,-28.1853 31.80145,-28.18524 31.80125,-28.18512 31.80104,-28.18503 31.80091,-28.18496 31.80079,-28.18489 31.80068,-28.18482 31.80057,-28.18477 31.80049,-28.18474 31.80033,-28.18467 31.80021,-28.18461 31.80013,-28.18459 31.80003,-28.18455 31.79994,-28.1845 31.79982,-28.18445 31.79975,-28.18442 31.79965,-28.18436 31.79946,-28.18425 31.79937,-28.18421 31.79927,-28.18416 31.79913,-28.1841 31.79902,-28.18404 31.79888,-28.18395 31.79883,-28.18392 31.79866,-28.18381 31.7986,-28.18377 31.7984,-28.18366 31.79825,-28.18358 31.798,-28.18349 31.79782,-28.18342 31.79768,-28.18336 31.79748,-28.18326 31.79731,-28.18316 31.79709,-28.18303 31.79696,-28.18296 31.7968,-28.18286 31.79665,-28.18278 31.79652,-28.18271 31.79621,-28.1825 31.79603,-28.18241 31.79592,-28.18234 31.79563,-28.18213 31.79545,-28.18204 31.79532,-28.18196 31.79521,-28.18188 31.79512,-28.1818 31.79504,-28.18173 31.79494,-28.18164 31.79485,-28.18154 31.79477,-28.18141 31.79469,-28.18132 31.79458,-28.18119 31.7945,-28.1811 31.79442,-28.18099 31.79435,-28.18089 31.79426,-28.18083 31.79419,-28.18074 31.79423,-28.1806 31.79423,-28.18043 31.79422,-28.18033 31.79425,-28.18026 31.7943,-28.18019 31.79436,-28.18009 31.79443,-28.18001 31.79453,-28.17995 31.79457,-28.17983 31.79462,-28.17976 31.79472,-28.17968 31.79486,-28.17961 31.79498,-28.17953 31.79513,-28.1795 31.7953,-28.17944 31.79548,-28.17927 31.79562,-28.17917 31.79575,-28.17909 31.79588,-28.17895 31.79597,-28.17885 31.79611,-28.17876 31.79628,-28.17868 31.79646,-28.17863 31.79664,-28.17853 31.79675,-28.1785 31.79694,-28.1784 31.79715,-28.17827 31.79733,-28.17816 31.79749,-28.17811 31.79762,-28.17804 31.7978,-28.17803 31.79793,-28.17794 31.79804,-28.17782 31.79817,-28.1777 31.79822,-28.17763 31.79825,-28.17758 31.79828,-28.1775 31.7983,-28.17743 31.79834,-28.17735 31.79838,-28.17728 31.79841,-28.1772 31.79842,-28.1771 31.79841,-28.17699 31.79838,-28.17686 31.79833,-28.17675 31.79821,-28.17651 31.79814,-28.17641 31.7981,-28.17632 31.79799,-28.17619 31.79794,-28.17609 31.79775,-28.17587 31.79768,-28.17576 31.79757,-28.17564 31.79749,-28.17557 31.79739,-28.17547 31.79735,-28.17542 31.79723,-28.17526 31.79718,-28.17513 31.7971,-28.17498 31.79707,-28.1749 31.79703,-28.17482 31.79698,-28.17474 31.79693,-28.17468 31.79674,-28.17435 31.79663,-28.17415 31.79655,-28.17404 31.79646,-28.17388 31.79642,-28.17374 31.79637,-28.17364 31.79624,-28.17341 31.79617,-28.1733 31.79609,-28.17322 31.79584,-28.17278 31.79573,-28.17267 31.79564,-28.17257 31.79554,-28.17243 31.79547,-28.17231 31.79534,-28.17213 31.79525,-28.17198 31.79512,-28.17177 31.79495,-28.17156 31.79487,-28.17146 31.79474,-28.17136 31.79464,-28.17127 31.79457,-28.17119 31.79447,-28.17111 31.79431,-28.17095 31.79424,-28.17087 31.79416,-28.1708 31.79406,-28.1707 31.794,-28.17062 31.79381,-28.17043 31.79377,-28.17038 31.79374,-28.17034 31.79356,-28.17013 31.79329,-28.1698 31.79322,-28.16972 31.79318,-28.16966 31.79313,-28.16959 31.7931,-28.16952 31.79302,-28.16932 31.79297,-28.16923 31.79278,-28.169 31.79274,-28.1689 31.79264,-28.16879 31.79226,-28.16837 31.79215,-28.16828 31.79201,-28.16814 31.79195,-28.16809 31.79188,-28.16801 31.79154,-28.1675 31.79148,-28.16743 31.79142,-28.16729 31.79143,-28.16724 31.7914,-28.16718 31.79139,-28.16714 31.79136,-28.16709 31.79133,-28.167 31.79129,-28.16693 31.79128,-28.16688 31.79125,-28.16681 31.79123,-28.16677 31.79122,-28.16671 31.79115,-28.16653 31.79113,-28.16644 31.7911,-28.16635 31.79106,-28.16625 31.79104,-28.16616 31.79101,-28.16606 31.791,-28.16598 31.791,-28.16587 31.79097,-28.16567 31.79094,-28.16556 31.7909,-28.16543 31.79089,-28.16537 31.79089,-28.16534 31.79088,-28.16528 31.79087,-28.16521 31.79084,-28.16511 31.79084,-28.16505 31.79082,-28.16493 31.79081,-28.16483 31.7908,-28.16474 31.7908,-28.16448 31.79082,-28.1643 31.7909,-28.16399 31.79096,-28.16377 31.79098,-28.16365 31.79103,-28.16354 31.79104,-28.16347 31.79104,-28.16339 31.79107,-28.16334 31.79108,-28.16324 31.7911,-28.16317 31.79112,-28.16308 31.79113,-28.16303 31.79115,-28.16292 31.79116,-28.16286 31.79118,-28.1628 31.79121,-28.16275 31.79127,-28.16266 31.79138,-28.1625 31.79141,-28.16247 31.79146,-28.1624 31.79151,-28.16234 31.7916,-28.16225 31.79164,-28.1622 31.7917,-28.16214 31.79178,-28.16208 31.79187,-28.16196 31.79193,-28.1619 31.79202,-28.16179 31.7921,-28.1617 31.79218,-28.16164 31.79222,-28.16158 31.79227,-28.16152 31.79234,-28.16141 31.7924,-28.16134 31.79245,-28.16127 31.79249,-28.16122 31.79254,-28.16118 31.79263,-28.16109 31.79265,-28.16106 31.79289,-28.16082 31.79303,-28.16071 31.79315,-28.16059 31.79325,-28.1605 31.79333,-28.16044 31.79352,-28.16029 31.79359,-28.16024 31.79373,-28.16011 31.79384,-28.16005 31.7939,-28.16 31.79401,-28.15991 31.7941,-28.15985 31.79431,-28.15973 31.7944,-28.15968 31.79448,-28.15963 31.79455,-28.1596 31.79468,-28.15955 31.79479,-28.15953 31.79501,-28.15948 31.7952,-28.15944 31.79537,-28.15939 31.79555,-28.15931 31.79568,-28.15924 31.79581,-28.15919 31.7959,-28.15914 31.79596,-28.15909 31.7961,-28.15901 31.79658,-28.15858 31.79677,-28.15844 31.79693,-28.15833 31.79706,-28.15822 31.79718,-28.15813 31.79731,-28.15803 31.79746,-28.15792 31.79756,-28.15784 31.79774,-28.15771 31.79787,-28.15759 31.79798,-28.15746 31.79805,-28.1574 31.79813,-28.15733 31.79822,-28.15724 31.79837,-28.1571 31.79853,-28.15696 31.79871,-28.15685 31.79883,-28.15679 31.79897,-28.15669 31.7991,-28.15662 31.79921,-28.15652 31.79939,-28.1563 31.79947,-28.15621 31.79956,-28.15611 31.79962,-28.15602 31.79966,-28.15598 31.79971,-28.15592 31.79984,-28.15579 31.79995,-28.15562 31.80015,-28.15537 31.80031,-28.1552 31.8004,-28.15514 31.80047,-28.15504 31.80056,-28.15495 31.80063,-28.15484 31.80079,-28.15469 31.80087,-28.15459 31.801,-28.1545 31.80107,-28.15447 31.80116,-28.15433 31.80122,-28.15419 31.80124,-28.15409 31.80133,-28.15392 31.80139,-28.15383 31.80143,-28.15374 31.80148,-28.15361 31.80149,-28.15347 31.80157,-28.15315 31.80157,-28.15304 31.80156,-28.15292 31.80155,-28.15288 31.80155,-28.15283 31.80153,-28.15278 31.80149,-28.15266 31.80146,-28.15258 31.80141,-28.1525 31.80138,-28.15244 31.80131,-28.15237 31.80119,-28.15221 31.80116,-28.15214 31.80114,-28.15202 31.80102,-28.15182 31.80099,-28.15176 31.80095,-28.15169 31.80091,-28.15163 31.80087,-28.15155 31.80081,-28.15145 31.80076,-28.1514 31.80069,-28.15136 31.80063,-28.15129 31.80055,-28.15123 31.80052,-28.15119 31.80048,-28.15115 31.80043,-28.15115 31.8003,-28.15106 31.80028,-28.15104 31.80021,-28.15095 31.80014,-28.15089 31.80007,-28.15081 31.79992,-28.15071 31.79983,-28.15068 31.79976,-28.15064 31.79969,-28.15058 31.79935,-28.15032 31.7993,-28.1503 31.79924,-28.15027 31.79918,-28.15023 31.79907,-28.15017 31.79904,-28.15015 31.79899,-28.15012 31.79894,-28.1501 31.7989,-28.15008 31.79887,-28.15007 31.79875,-28.14998 31.7987,-28.14995 31.79864,-28.14991 31.7986,-28.14988 31.79854,-28.1498 31.79848,-28.14978 31.79841,-28.14973 31.79833,-28.14968 31.79823,-28.14964 31.79809,-28.14956 31.79802,-28.14952 31.79797,-28.14947 31.7979,-28.14941 31.79785,-28.14937 31.79779,-28.14933 31.79775,-28.14929 31.79765,-28.14922 31.79752,-28.14909 31.79748,-28.14907 31.79745,-28.14903 31.79736,-28.14897 31.79728,-28.14893 31.79722,-28.14888 31.79717,-28.14885 31.79714,-28.14882 31.79712,-28.14879 31.79709,-28.14875 31.79704,-28.14867 31.7968,-28.14844 31.79678,-28.14842 31.7967,-28.14831 31.79665,-28.14826 31.79658,-28.14817 31.79656,-28.14814 31.79653,-28.14811 31.79642,-28.14799 31.79637,-28.14795 31.79632,-28.14789 31.79627,-28.14781 31.79619,-28.14771 31.79615,-28.14765 31.79598,-28.14748 31.79595,-28.14743 31.79585,-28.14732 31.79582,-28.14729 31.79571,-28.14715 31.79552,-28.14696 31.79548,-28.14689 31.79545,-28.14685 31.79541,-28.14679 31.79537,-28.14674 31.79522,-28.14654 31.79512,-28.14643 31.79509,-28.14637 31.79504,-28.14631 31.79501,-28.14625 31.79493,-28.14614 31.79487,-28.14607 31.79483,-28.14601 31.79478,-28.14592 31.79475,-28.14584 31.7947,-28.14576 31.79467,-28.14571 31.79467,-28.14565 31.79461,-28.14553 31.79455,-28.14542 31.7945,-28.14536 31.79443,-28.14529 31.79438,-28.14519 31.79432,-28.14504 31.79425,-28.14495 31.79422,-28.14493 31.79417,-28.14486 31.79413,-28.14477 31.79407,-28.14469 31.794,-28.14458 31.79391,-28.14443 31.79388,-28.14436 31.79384,-28.14429 31.7938,-28.14415 31.79377,-28.14406 31.79376,-28.14401 31.79371,-28.14385 31.79368,-28.14378 31.79363,-28.14365 31.79359,-28.14351 31.79355,-28.14339 31.79346,-28.14322 31.79339,-28.14306 31.79335,-28.14296 31.79332,-28.14288 31.79331,-28.1428 31.79327,-28.14265 31.79326,-28.14258 31.79324,-28.14247 31.79317,-28.14233 31.79315,-28.14223 31.79312,-28.14215 31.7931,-28.14207 31.79308,-28.14197 31.79308,-28.14188 31.79306,-28.14182 31.79303,-28.14175 31.79302,-28.14167 31.793,-28.14155 31.79299,-28.1415 31.79299,-28.14143 31.79297,-28.14135 31.79296,-28.14127 31.79294,-28.1412 31.79292,-28.14114 31.7929,-28.14103 31.79289,-28.14095 31.79289,-28.14088 31.79288,-28.14076 31.79287,-28.14037 31.79286,-28.14029 31.79285,-28.14017 31.79285,-28.14007 31.79284,-28.13998 31.79282,-28.13966 31.79282,-28.13952 31.79281,-28.13943 31.79281,-28.13925 31.79283,-28.13916 31.79285,-28.13904 31.79291,-28.13885 31.79292,-28.13879 31.79294,-28.13869 31.79296,-28.13863 31.79297,-28.13857 31.79299,-28.13851 31.79303,-28.13844 31.79306,-28.13836 31.79311,-28.13825 31.79319,-28.13816 31.79323,-28.13811 31.79352,-28.13788 31.7936,-28.13782 31.79368,-28.13775 31.79371,-28.1377 31.79374,-28.13764 31.7938,-28.13756 31.79387,-28.1375 31.79393,-28.13744 31.79406,-28.13733 31.7941,-28.13731 31.7942,-28.13724 31.79429,-28.13717 31.79442,-28.1371 31.79451,-28.13705 31.79456,-28.13703 31.79459,-28.13702 31.79465,-28.137 31.79476,-28.13698 31.79486,-28.13698 31.79493,-28.137 31.79502,-28.13703 31.7951,-28.13706 31.79523,-28.13709 31.7953,-28.13711 31.79537,-28.13714 31.79541,-28.13715 31.79549,-28.13719 31.79557,-28.13721 31.79571,-28.13725 31.79579,-28.13728 31.79592,-28.13731 31.79626,-28.13742 31.79635,-28.13744 31.79646,-28.13747 31.79659,-28.1375 31.79673,-28.13754 31.79684,-28.13756 31.79695,-28.13759 31.79708,-28.13761 31.79716,-28.13763 31.79725,-28.13766 31.79736,-28.13767 31.79747,-28.13769 31.79761,-28.13771 31.79771,-28.13773 31.79782,-28.13776 31.79792,-28.13778 31.798,-28.13779 31.79815,-28.13783 31.79826,-28.13787 31.7984,-28.13792 31.79843,-28.13794 31.79862,-28.13801 31.79873,-28.13804 31.79886,-28.13807 31.79899,-28.13809 31.79916,-28.1381 31.79924,-28.13811 31.79964,-28.13811 31.79975,-28.1381 31.80001,-28.13805 31.80008,-28.13804 31.80078,-28.13789 31.8012,-28.13772 31.80132,-28.13765 31.80145,-28.1376 31.80157,-28.13756 31.80174,-28.13748 31.80181,-28.13745 31.80189,-28.13742 31.80202,-28.13737 31.80211,-28.13733 31.80222,-28.13726 31.80232,-28.13723 31.80245,-28.13717 31.80252,-28.13714 31.80261,-28.13711 31.80267,-28.13707 31.80278,-28.13703 31.80287,-28.13697 31.80295,-28.13691 31.80303,-28.13687 31.80309,-28.13681 31.80321,-28.13671 31.80328,-28.13664 31.80338,-28.13653 31.80343,-28.13642 31.80353,-28.13629 31.80357,-28.13621 31.80361,-28.13612 31.80367,-28.13599 31.80368,-28.13593 31.8037,-28.13586 31.80374,-28.13571 31.80378,-28.13558 31.80382,-28.13547 31.80387,-28.13532 31.80391,-28.13508 31.80391,-28.13502 31.80392,-28.13494 31.80392,-28.13483 31.80394,-28.13474 31.80395,-28.1346 31.80396,-28.13447 31.80396,-28.13437 31.80397,-28.13423 31.80406,-28.1338 31.80408,-28.1337 31.80409,-28.13364 31.80414,-28.13348 31.80415,-28.13339 31.8042,-28.13328 31.80423,-28.13312 31.80424,-28.13302 31.80426,-28.13293 31.80427,-28.13281 31.80428,-28.13274 31.80429,-28.13269 31.8043,-28.13252 31.80432,-28.1324 31.80432,-28.13179 31.80431,-28.13166 31.80429,-28.13151 31.80426,-28.13128 31.80425,-28.13113 31.80423,-28.13102 31.80418,-28.1309 31.80417,-28.13079 31.80415,-28.13062 31.80407,-28.13036 31.80408,-28.1302 31.80402,-28.13005 31.80401,-28.12988 31.80398,-28.12981 31.80394,-28.12968 31.80388,-28.12954 31.80386,-28.12939 31.80381,-28.12928 31.80379,-28.12921 31.80377,-28.12917 31.80358,-28.12899 31.8034,-28.12879 31.80322,-28.12866 31.80317,-28.12857 31.80307,-28.12853 31.80298,-28.12844 31.80289,-28.12834 31.80252,-28.1281 31.80247,-28.12805 31.80247,-28.12802 31.80244,-28.12796 31.80243,-28.12792 31.80241,-28.12788 31.8024,-28.12782 31.80238,-28.12777 31.80236,-28.12771 31.80235,-28.12766 31.80232,-28.1276 31.8023,-28.12755 31.80226,-28.12747 31.80224,-28.12739 31.80222,-28.12734 31.8022,-28.1273 31.80218,-28.12722 31.80216,-28.12716 31.80216,-28.12709 31.80215,-28.12696 31.80214,-28.12688 31.80213,-28.12683 31.80212,-28.12679 31.80208,-28.12662 31.80208,-28.1265 31.80206,-28.12645 31.80204,-28.12637 31.80203,-28.12625 31.80203,-28.12612 31.80202,-28.12602 31.80201,-28.12589 31.802,-28.12579 31.802,-28.12571 31.80199,-28.12561 31.80198,-28.12543 31.80197,-28.12535 31.80198,-28.1252 31.80198,-28.12486 31.80199,-28.12479 31.80202,-28.12465 31.80203,-28.12459 31.80203,-28.12438 31.80201,-28.1243 31.802,-28.12424 31.802,-28.12366 31.80202,-28.12356 31.80204,-28.12347 31.80206,-28.12337 31.80208,-28.1233 31.80212,-28.12317 31.80212,-28.12308 31.80213,-28.123 31.80215,-28.12289 31.80215,-28.1228 31.80217,-28.12274 31.80219,-28.12265 31.8022,-28.12257 31.80222,-28.1225 31.80224,-28.1224 31.80226,-28.12233 31.80228,-28.12224 31.80229,-28.12217 31.80231,-28.12209 31.80235,-28.12198 31.80236,-28.12191 31.80237,-28.12183 31.8024,-28.12174 31.80243,-28.12163 31.80246,-28.12145 31.80251,-28.12129 31.80257,-28.12116 31.80262,-28.1211 31.80272,-28.12093 31.80278,-28.12087 31.80283,-28.12081 31.8029,-28.12076 31.80298,-28.12072 31.80304,-28.12067 31.80314,-28.12064 31.80324,-28.12059 31.80344,-28.12053 31.80353,-28.12051 31.80368,-28.12049 31.80385,-28.12046 31.80403,-28.12044 31.80432,-28.12039 31.80445,-28.12035 31.80462,-28.12027 31.80476,-28.12023 31.80484,-28.12019 31.80491,-28.12016 31.80513,-28.12009 31.80528,-28.12004 31.80544,-28.11998 31.80572,-28.11986 31.80584,-28.11983 31.80601,-28.11974 31.80613,-28.11967 31.80625,-28.11964 31.80635,-28.11959 31.80647,-28.11954 31.8066,-28.11951 31.80694,-28.11936 31.807,-28.11931 31.80724,-28.11915 31.80733,-28.11907 31.80745,-28.119 31.80752,-28.11896 31.8077,-28.11886 31.80783,-28.11877 31.80791,-28.11872 31.80802,-28.11866 31.80812,-28.1186 31.80825,-28.11854 31.80834,-28.11849 31.8085,-28.11841 31.80863,-28.11837 31.80876,-28.11829 31.80903,-28.1182 31.80917,-28.11815 31.80925,-28.11812 31.80933,-28.1181 31.80943,-28.11809 31.80952,-28.11807 31.80975,-28.11798 31.80986,-28.11793 31.80995,-28.1179 31.81008,-28.11787 31.81017,-28.11783 31.81032,-28.11779 31.81041,-28.11775 31.8106,-28.11766 31.81066,-28.11762 31.8108,-28.11755 31.81096,-28.11749 31.81105,-28.11744 31.81111,-28.11742 31.8112,-28.11738 31.81136,-28.1173 31.8115,-28.11718 31.8116,-28.11711 31.81172,-28.11702 31.81185,-28.11693 31.81194,-28.11685 31.8121,-28.11672 31.81223,-28.1165 31.81236,-28.11637 31.81245,-28.11627 31.81254,-28.11616 31.81262,-28.11608 31.8127,-28.11597 31.81276,-28.11589 31.81284,-28.11578 31.81297,-28.11564 31.81303,-28.11558 31.81315,-28.11547 31.81321,-28.11535 31.81328,-28.11523 31.81337,-28.1151 31.81345,-28.11499 31.81353,-28.11486 31.81374,-28.11449 31.81376,-28.11437 31.81377,-28.11428 31.81384,-28.11412 31.81387,-28.114 31.81389,-28.11391 31.81392,-28.11383 31.81398,-28.11349 31.81401,-28.11337 31.81404,-28.11326 31.81406,-28.11319 31.81411,-28.11307 31.8142,-28.11289 31.81424,-28.11284 31.81427,-28.11277 31.81429,-28.11271 31.81435,-28.11256 31.81438,-28.1125 31.81442,-28.11228 31.81443,-28.11222 31.81443,-28.11211 31.81444,-28.11202 31.81444,-28.11165 31.81443,-28.11158 31.8144,-28.11143 31.8144,-28.11137 31.81438,-28.11128 31.81436,-28.11115 31.81434,-28.11104 31.81429,-28.11096 31.81415,-28.1108 31.81411,-28.11076 31.81406,-28.11072 31.81395,-28.11065 31.81385,-28.1106 31.81365,-28.11055 31.81354,-28.1105 31.81328,-28.11044 31.8131,-28.11038 31.81269,-28.11027 31.81256,-28.11026 31.81249,-28.11026 31.8123,-28.11025 31.81215,-28.11024 31.8119,-28.11021 31.8117,-28.11021 31.81159,-28.11019 31.81148,-28.11018 31.81135,-28.11015 31.81117,-28.1101 31.81101,-28.11001 31.81085,-28.10994 31.81073,-28.10993 31.81058,-28.10989 31.81047,-28.10987 31.8104,-28.10985 31.81021,-28.10981 31.8101,-28.10978 31.80998,-28.10975 31.80989,-28.10971 31.80976,-28.10967 31.80969,-28.10965 31.80951,-28.10951 31.80939,-28.10944 31.80924,-28.10937 31.80903,-28.10925 31.80895,-28.10921 31.80884,-28.10914 31.80869,-28.10905 31.80862,-28.10902 31.80854,-28.109 31.80836,-28.10896 31.80821,-28.10893 31.80795,-28.10893 31.80784,-28.10898 31.80779,-28.109 31.80769,-28.10908 31.80766,-28.10911 31.80758,-28.10917 31.80752,-28.10923 31.8074,-28.10928 31.80727,-28.10931 31.8072,-28.10931 31.80712,-28.1093 31.80704,-28.10928 31.80694,-28.10925 31.80689,-28.10922 31.80682,-28.10916 31.80679,-28.10912 31.80677,-28.10905 31.80673,-28.10895 31.80672,-28.1089 31.80671,-28.10886 31.80669,-28.10876 31.80667,-28.10865 31.80665,-28.10856 31.80663,-28.10846 31.80662,-28.10837 31.80663,-28.10808 31.80663,-28.10781 31.80664,-28.10774 31.80664,-28.10739 31.80667,-28.10731 31.80669,-28.10721 31.80671,-28.10706 31.80672,-28.10695 31.80673,-28.1069 31.80673,-28.10681 31.80675,-28.10669 31.80676,-28.10661 31.80676,-28.10656 31.80678,-28.10647 31.80678,-28.10623 31.80679,-28.10614 31.80688,-28.10584 31.80693,-28.10567 31.80695,-28.10561 31.80702,-28.1055 31.80708,-28.10538 31.80721,-28.10515 31.80727,-28.10508 31.80732,-28.10502 31.80764,-28.10466 31.80776,-28.10455 31.80783,-28.10447 31.80791,-28.1044 31.80798,-28.10432 31.80806,-28.10423 31.80829,-28.10398 31.8085,-28.1038 31.80876,-28.10357 31.80882,-28.10351 31.80893,-28.10341 31.809,-28.10336 31.80903,-28.10333 31.80907,-28.10331 31.80912,-28.10327 31.8092,-28.1032 31.80928,-28.10315 31.80945,-28.103 31.80956,-28.10291 31.8097,-28.1028 31.80984,-28.10268 31.80988,-28.10264 31.81,-28.10253 31.81013,-28.10244 31.81032,-28.10223 31.81047,-28.10212 31.81058,-28.10201 31.81067,-28.1019 31.81077,-28.1018 31.81086,-28.10172 31.81093,-28.10163 31.81115,-28.10136 31.8113,-28.10118 31.81143,-28.10104 31.81157,-28.10091 31.81164,-28.10084 31.8117,-28.10077 31.81178,-28.10068 31.81187,-28.10054 31.81195,-28.10041 31.81203,-28.10032 31.81211,-28.10024 31.81251,-28.0998 31.81259,-28.09974 31.8127,-28.09966 31.81284,-28.09957 31.81301,-28.09946 31.81315,-28.09929 31.81322,-28.09916 31.81331,-28.099 31.81346,-28.09876 31.81352,-28.09868 31.81375,-28.0984 31.8138,-28.09832 31.81386,-28.09822 31.81386,-28.09818 31.81395,-28.09803 31.814,-28.09794 31.81405,-28.09789 31.81415,-28.09769 31.81424,-28.09757 31.81432,-28.09747 31.8144,-28.09738 31.81448,-28.09728 31.81451,-28.09723 31.8147,-28.097 31.81476,-28.09693 31.81484,-28.09683 31.81488,-28.09676 31.81495,-28.09667 31.81503,-28.0966 31.8152,-28.09644 31.81524,-28.09639 31.81527,-28.09636 31.81534,-28.09631 31.81547,-28.09617 31.81552,-28.0961 31.81556,-28.09588 31.81564,-28.09574 31.81582,-28.09533 31.81586,-28.09519 31.81588,-28.09499 31.8159,-28.09487 31.81593,-28.09474 31.81594,-28.09464 31.81596,-28.09456 31.81599,-28.09446 31.81603,-28.09436 31.81605,-28.09428 31.81612,-28.09418 31.81619,-28.09409 31.81624,-28.09401 31.81643,-28.0939 31.81648,-28.09381 31.81656,-28.09373 31.81665,-28.09367 31.81678,-28.09356 31.81695,-28.09342 31.81703,-28.09336 31.81716,-28.09328 31.81726,-28.09322 31.81734,-28.09312 31.81751,-28.09302 31.81772,-28.09294 31.81802,-28.09274 31.81809,-28.09268 31.81818,-28.09262 31.81828,-28.09254 31.81852,-28.09236 31.81866,-28.09228 31.81872,-28.09223 31.81881,-28.09216 31.81917,-28.09186 31.81931,-28.09173 31.8194,-28.09165 31.81951,-28.09152 31.81964,-28.09134 31.81969,-28.09124 31.81975,-28.09113 31.81976,-28.09098 31.81976,-28.09084 31.81975,-28.09073 31.81972,-28.09064 31.81955,-28.09049 31.81925,-28.09015 31.8191,-28.09004 31.81902,-28.08998 31.81881,-28.08974 31.81875,-28.08966 31.8185,-28.08946 31.81826,-28.08928 31.81795,-28.08902 31.81785,-28.08896 31.81756,-28.08879 31.81742,-28.08874 31.81726,-28.0887 31.81712,-28.08868 31.81657,-28.08868 31.81648,-28.08867 31.81615,-28.08863 31.81605,-28.0886 31.81591,-28.08855 31.81582,-28.08852 31.81569,-28.08844 31.81547,-28.08822 31.8154,-28.08812 31.81533,-28.08794 31.81526,-28.08782 31.81519,-28.08773 31.81518,-28.08768 31.81514,-28.08756 31.81513,-28.08748 31.81513,-28.08739 31.81516,-28.08725 31.81518,-28.08708 31.81522,-28.08698 31.81524,-28.08689 31.81532,-28.08668 31.81535,-28.08659 31.8154,-28.08643 31.81541,-28.08631 31.81545,-28.08621 31.81553,-28.08606 31.81558,-28.08598 31.81563,-28.08589 31.81582,-28.08565 31.81595,-28.08541 31.81603,-28.08525 31.81608,-28.08518 31.81615,-28.08508 31.81625,-28.08492 31.81629,-28.08485 31.8164,-28.08472 31.8165,-28.0846 31.81658,-28.08452 31.81676,-28.08431 31.81684,-28.08421 31.81699,-28.08402 31.81709,-28.08391 31.8172,-28.08381 31.81732,-28.08362 31.81746,-28.08346 31.81762,-28.08329 31.81774,-28.08318 31.81782,-28.0831 31.81804,-28.08291 31.81814,-28.0828 31.8183,-28.08271 31.81852,-28.0825 31.81858,-28.08243 31.81867,-28.08232 31.81886,-28.08216 31.81898,-28.08206 31.81916,-28.08181 31.81927,-28.08173 31.81937,-28.08168 31.81946,-28.08164 31.81956,-28.08155 31.81964,-28.08147 31.81975,-28.08139 31.81989,-28.08129 31.82007,-28.08112 31.82014,-28.08102 31.82019,-28.08094 31.82025,-28.08084 31.82029,-28.08075 31.82036,-28.08062 31.82038,-28.08056 31.82043,-28.08048 31.82049,-28.08031 31.8206,-28.08009 31.82063,-28.08001 31.82069,-28.07993 31.82074,-28.07976 31.82078,-28.07965 31.82081,-28.07952 31.82087,-28.07943 31.82089,-28.07935 31.82091,-28.07929 31.82096,-28.07915 31.82097,-28.07912 31.82102,-28.07896 31.82105,-28.07887 31.8211,-28.07876 31.82112,-28.07868 31.82113,-28.07863 31.82114,-28.07857 31.82117,-28.07841 31.8212,-28.07821 31.82122,-28.07809 31.82124,-28.07789 31.82129,-28.07774 31.82133,-28.07759 31.82139,-28.07744 31.82143,-28.0773 31.82152,-28.07719 31.82156,-28.07711 31.8216,-28.077 31.82165,-28.07688 31.82177,-28.07659 31.8218,-28.07642 31.82183,-28.07626 31.82186,-28.07614 31.82187,-28.07604 31.8219,-28.07587 31.8219,-28.07566 31.82192,-28.07557 31.82193,-28.07544 31.82195,-28.07527 31.82196,-28.07518 31.82198,-28.07477 31.82198,-28.07452 31.82195,-28.07433 31.82195,-28.0742 31.82194,-28.07402 31.82195,-28.07396 31.82196,-28.0737 31.82203,-28.07355 31.82212,-28.07335 31.82226,-28.07309 31.82237,-28.0729 31.82255,-28.07265 31.82266,-28.07246 31.82277,-28.07226 31.8228,-28.07209 31.82285,-28.07197 31.82288,-28.07192 31.82295,-28.07164 31.82301,-28.07155 31.82305,-28.07145 31.82307,-28.07138 31.8231,-28.0713 31.82311,-28.07122 31.82311,-28.07119 31.82312,-28.07114 31.82313,-28.07102 31.82312,-28.07089 31.82312,-28.07079 31.8231,-28.07063 31.8231,-28.0703 31.82311,-28.07022 31.82311,-28.07014 31.82307,-28.07 31.82303,-28.06992 31.82303,-28.06989 31.8229,-28.06965 31.82286,-28.06957 31.82286,-28.06952 31.82277,-28.06939 31.82274,-28.06933 31.8227,-28.06924 31.82258,-28.0691 31.82248,-28.06899 31.82228,-28.06871 31.8221,-28.06849 31.82205,-28.06841 31.82202,-28.06835 31.82195,-28.06825 31.82191,-28.06819 31.82184,-28.06812 31.82181,-28.06808 31.82178,-28.06801 31.82173,-28.06794 31.8217,-28.06789 31.82168,-28.06783 31.82166,-28.0678 31.8216,-28.06762 31.82152,-28.06746 31.82149,-28.06739 31.82146,-28.0673 31.8214,-28.06714 31.82121,-28.06698 31.82112,-28.0668 31.82107,-28.06674 31.82103,-28.06667 31.82099,-28.06655 31.82095,-28.06647 31.82089,-28.06625 31.8209,-28.06615 31.8209,-28.06604 31.82089,-28.06591 31.82087,-28.06584 31.82087,-28.06561 31.82092,-28.06551 31.82098,-28.06541 31.82106,-28.06534 31.82118,-28.06527 31.82126,-28.06525 31.82134,-28.06524 31.82147,-28.06521 31.82211,-28.06521 31.82231,-28.06522 31.82261,-28.06527 31.82271,-28.06529 31.82287,-28.06534 31.82297,-28.06534 31.82311,-28.06535 31.82321,-28.06537 31.82328,-28.06538 31.82358,-28.06546 31.82374,-28.06557 31.82386,-28.06565 31.82395,-28.06574 31.82411,-28.06589 31.82425,-28.06601 31.82433,-28.06606 31.8245,-28.06617 31.82463,-28.06624 31.82477,-28.06629 31.82502,-28.06636 31.82521,-28.06638 31.82539,-28.06638 31.82553,-28.06637 31.82566,-28.06634 31.82578,-28.06629 31.82592,-28.06622 31.82599,-28.06613 31.82611,-28.06593 31.82617,-28.06576 31.82623,-28.0656 31.82624,-28.06544 31.82625,-28.06534 31.82625,-28.06509 31.82621,-28.06477 31.82614,-28.06451 31.8261,-28.06438 31.82592,-28.06386 31.82582,-28.06365 31.82578,-28.06355 31.82572,-28.06341 31.82559,-28.06305 31.82543,-28.06269 31.82535,-28.06252 31.82529,-28.06238 31.82515,-28.06214 31.82504,-28.06192 31.82498,-28.06181 31.82491,-28.06166 31.82486,-28.06149 31.82484,-28.06144 31.82482,-28.06132 31.8248,-28.06126 31.82473,-28.06112 31.82468,-28.06098 31.82466,-28.06083 31.82463,-28.06068 31.82457,-28.06045 31.82457,-28.06034 31.82455,-28.06021 31.82453,-28.06 31.82449,-28.0598 31.82446,-28.05968 31.82443,-28.0595 31.82441,-28.05936 31.8244,-28.05917 31.82438,-28.05903 31.82436,-28.05884 31.82435,-28.05873 31.82434,-28.05859 31.82433,-28.0584 31.82433,-28.05815 31.82431,-28.05801 31.82429,-28.05774 31.82426,-28.05755 31.82424,-28.0574 31.82417,-28.05724 31.82417,-28.05713 31.82415,-28.05697 31.82413,-28.05678 31.82413,-28.05663 31.82411,-28.05657 31.82411,-28.0562 31.82409,-28.05588 31.82408,-28.05579 31.82406,-28.05568 31.82405,-28.05553 31.82403,-28.05543 31.82401,-28.05529 31.82398,-28.05521 31.82397,-28.05503 31.82398,-28.05496 31.82396,-28.05483 31.82393,-28.05467 31.82392,-28.05459 31.82392,-28.0544 31.82383,-28.05409 31.82382,-28.05402 31.82379,-28.05391 31.82379,-28.05383 31.82377,-28.05372 31.82376,-28.05364 31.82373,-28.05355 31.82373,-28.05349 31.82369,-28.05336 31.82367,-28.05332 31.82366,-28.05321 31.82363,-28.05315 31.82363,-28.05307 31.8236,-28.05297 31.82358,-28.05286 31.82356,-28.05277 31.82354,-28.05269 31.82353,-28.05258 31.82351,-28.0525 31.8235,-28.05244 31.82349,-28.05234 31.82349,-28.05217 31.82347,-28.05208 31.82347,-28.05198 31.82346,-28.05191 31.82345,-28.05182 31.82344,-28.05178 31.82342,-28.05165 31.82341,-28.05154 31.82339,-28.05143 31.82333,-28.05113 31.82331,-28.05099 31.82331,-28.0509 31.8233,-28.05085 31.82329,-28.05078 31.82327,-28.05071 31.82324,-28.0506 31.82322,-28.05048 31.82321,-28.05044 31.82318,-28.05026 31.82315,-28.05015 31.82306,-28.04978 31.82304,-28.04971 31.82304,-28.04963 31.82303,-28.04956 31.82301,-28.04945 31.823,-28.04939 31.82295,-28.04923 31.82293,-28.04915 31.82292,-28.04907 31.82289,-28.04898 31.82285,-28.04887 31.8228,-28.04875 31.82277,-28.04871 31.82275,-28.04864 31.82274,-28.04858 31.82269,-28.0485 31.82265,-28.04843 31.82263,-28.04836 31.8226,-28.04829 31.82254,-28.0482 31.8225,-28.0481 31.82243,-28.04799 31.82237,-28.04787 31.8223,-28.04765 31.82224,-28.04753 31.8222,-28.04741 31.82219,-28.04735 31.82217,-28.04729 31.82215,-28.04724 31.82212,-28.04715 31.82209,-28.0471 31.82205,-28.04704 31.82201,-28.04694 31.82187,-28.04665 31.82177,-28.04646 31.82173,-28.04639 31.82166,-28.04625 31.82158,-28.04607 31.82152,-28.04596 31.82143,-28.04578 31.82137,-28.04561 31.82135,-28.04554 31.82132,-28.04548 31.82128,-28.04535 31.82119,-28.04522 31.82113,-28.04505 31.82107,-28.04493 31.821,-28.04481 31.8209,-28.04462 31.82084,-28.04448 31.82078,-28.04438 31.82073,-28.04424 31.82061,-28.044 31.82052,-28.04385 31.82049,-28.04375 31.82044,-28.04368 31.82038,-28.04357 31.82026,-28.04343 31.82019,-28.04333 31.82007,-28.04322 31.81997,-28.04307 31.81994,-28.04298 31.81993,-28.04289 31.81989,-28.0428 31.81985,-28.04267 31.81982,-28.04252 31.8198,-28.04239 31.81979,-28.04222 31.81978,-28.04211 31.81978,-28.04187 31.81977,-28.04173 31.81977,-28.04164 31.81977,-28.04115 31.81976,-28.04088 31.81976,-28.04056 31.81973,-28.04023 31.8197,-28.04009 31.81968,-28.03993 31.81967,-28.03978 31.81965,-28.03964 31.81962,-28.03949 31.81952,-28.03907 31.81945,-28.03895 31.81936,-28.0387 31.81935,-28.03859 31.81934,-28.03852 31.81932,-28.03834 31.81931,-28.03829 31.81924,-28.03804 31.81928,-28.03801 31.81934,-28.03798 31.81948,-28.03795 31.81957,-28.03795 31.81968,-28.03792 31.8198,-28.03786 31.81992,-28.03779 31.82001,-28.03767 31.8201,-28.03757 31.82016,-28.03744 31.82022,-28.03734 31.82031,-28.03726 31.82042,-28.03718 31.8205,-28.03713 31.8206,-28.03707 31.8207,-28.03702 31.82077,-28.03698 31.82082,-28.0369 31.82088,-28.03679 31.82096,-28.03674 31.82108,-28.03663 31.82115,-28.03657 31.82121,-28.03652 31.82128,-28.03651 31.82132,-28.0365 31.82149,-28.03647 31.82158,-28.03646 31.82177,-28.03643 31.82185,-28.0364 31.82197,-28.03637 31.82209,-28.03632 31.82213,-28.03629 31.82224,-28.03624 31.82231,-28.03619 31.82237,-28.03614 31.82242,-28.03609 31.82249,-28.036 31.82253,-28.03596 31.82257,-28.03591 31.82263,-28.03583 31.82268,-28.03579 31.82274,-28.03577 31.82286,-28.03571 31.82294,-28.03568 31.82304,-28.03567 31.82317,-28.03568 31.82322,-28.03561 31.82323,-28.03553 31.82329,-28.03549 31.82333,-28.03543 31.82334,-28.03538 31.82334,-28.03534 31.82332,-28.03522 31.8233,-28.03517 31.82329,-28.03506 31.82329,-28.03488 31.82335,-28.03476 31.82343,-28.03472 31.82348,-28.03466 31.82363,-28.03456 31.82371,-28.0345 31.82378,-28.03447 31.82393,-28.03438 31.82403,-28.03434 31.82412,-28.03429 31.82419,-28.03426 31.82429,-28.03418 31.82455,-28.03412 31.82472,-28.03401 31.82487,-28.03393 31.82496,-28.0339 31.82516,-28.03377 31.82539,-28.03365 31.82547,-28.0336 31.82556,-28.0335 31.82565,-28.03343 31.82572,-28.03338 31.8258,-28.03331 31.82586,-28.03324 31.82591,-28.03319 31.82595,-28.03314 31.82607,-28.03306 31.82616,-28.03298 31.82625,-28.03293 31.8264,-28.03283 31.82666,-28.03271 31.82688,-28.03256 31.82702,-28.03249 31.82713,-28.03242 31.82721,-28.03238 31.82727,-28.03233 31.82738,-28.03225 31.82745,-28.03223 31.82757,-28.03214 31.82765,-28.03205 31.82774,-28.03196 31.82783,-28.03192 31.82791,-28.03189 31.82815,-28.03181 31.82825,-28.03172 31.82837,-28.03166 31.82852,-28.03158 31.82863,-28.03152 31.82867,-28.03144 31.82872,-28.03139 31.82874,-28.03131 31.82885,-28.03119 31.82885,-28.03098 31.82882,-28.03094 31.82879,-28.03089 31.82876,-28.03083 31.82873,-28.03073 31.82873,-28.03064 31.82876,-28.03049 31.82875,-28.03043 31.82875,-28.03037 31.8288,-28.03024 31.82887,-28.03015 31.82905,-28.02997 31.82916,-28.0299 31.82923,-28.02988 31.8293,-28.02987 31.82939,-28.02987 31.8295,-28.02985 31.82955,-28.02984 31.82968,-28.02984 31.82982,-28.02982 31.83003,-28.02976 31.83011,-28.02972 31.83013,-28.02963 31.83019,-28.02948 31.83025,-28.0294 31.83036,-28.02932 31.83047,-28.02929 31.83061,-28.02923 31.83069,-28.0292 31.83078,-28.02916 31.83088,-28.02914 31.83106,-28.02908 31.83116,-28.02907 31.83127,-28.02905 31.8314,-28.02905 31.83149,-28.02904 31.83191,-28.02904 31.83202,-28.02903 31.83229,-28.02903 31.83237,-28.02902 31.83246,-28.02899 31.83255,-28.02895 31.83281,-28.02882 31.83294,-28.02871 31.83306,-28.02865 31.83325,-28.02854 31.83329,-28.02852 31.83339,-28.02849 31.83352,-28.02846 31.83367,-28.02845 31.83406,-28.02845 31.83415,-28.02846 31.83445,-28.02846 31.83457,-28.02841 31.83463,-28.02842 31.83468,-28.02846 31.83474,-28.0285 31.83484,-28.02852 31.83495,-28.02855 31.83516,-28.02851 31.83523,-28.02851 31.83538,-28.02847 31.83547,-28.02844 31.83554,-28.02838 31.8356,-28.02834 31.8357,-28.02831 31.83587,-28.02836 31.83601,-28.02839 31.83615,-28.02839 31.83623,-28.02836 31.83634,-28.0283 31.8364,-28.02828 31.83647,-28.02827 31.83652,-28.02825 31.83662,-28.02824 31.83665,-28.02825 31.83673,-28.02827 31.8368,-28.02829 31.83684,-28.0283 31.83689,-28.02833 31.83696,-28.02833 31.83702,-28.02834 31.83715,-28.02836 31.83726,-28.02835 31.83737,-28.02838 31.83745,-28.02844 31.83748,-28.02848 31.83754,-28.02852 31.83761,-28.02857 31.83768,-28.02858 31.83783,-28.02858 31.83787,-28.0286 31.83798,-28.02862 31.83804,-28.02862 31.83813,-28.02863 31.8382,-28.02867 31.83831,-28.02871 31.83845,-28.02873 31.8386,-28.02871 31.83869,-28.02868 31.83877,-28.02864 31.83886,-28.02855 31.83893,-28.02846 31.83897,-28.02838 31.83904,-28.02832 31.83918,-28.02828 31.83927,-28.02827 31.83938,-28.02828 31.83948,-28.02833 31.83959,-28.02839 31.83969,-28.02841 31.83993,-28.02841 31.84008,-28.0284 31.8402,-28.0284 31.84029,-28.02839 31.8404,-28.02838 31.84048,-28.02836 31.84057,-28.02833 31.84067,-28.0283 31.84081,-28.02826 31.84093,-28.02824 31.84104,-28.02821 31.84113,-28.0282 31.84149,-28.0282 31.84164,-28.02818 31.84184,-28.02814 31.84195,-28.02812 31.84209,-28.02808 31.84228,-28.02802 31.84237,-28.02801 31.84257,-28.02801 31.84266,-28.02802 31.84279,-28.028 31.84291,-28.02793 31.843,-28.02789 31.84316,-28.02787 31.84326,-28.02784 31.84338,-28.02777 31.84342,-28.02772 31.84348,-28.02766 31.84355,-28.02758 31.84362,-28.02754 31.84371,-28.02752 31.84378,-28.02751 31.84385,-28.02753 31.84394,-28.02754 31.84414,-28.0276 31.84422,-28.0276 31.84434,-28.02767 31.84443,-28.02775 31.84449,-28.0278 31.84456,-28.02787 31.84472,-28.02787 31.84473,-28.0278 31.84475,-28.02777 31.8448,-28.02773 31.84482,-28.02766 31.84486,-28.02759 31.84489,-28.02754 31.84492,-28.02747 31.84494,-28.02741 31.84503,-28.0272 31.84511,-28.0271 31.84515,-28.02703 31.84525,-28.02694 31.84534,-28.02687 31.84539,-28.02679 31.84545,-28.02671 31.84554,-28.02657 31.84562,-28.02655 31.84572,-28.02651 31.84582,-28.02644 31.8459,-28.02642 31.84602,-28.02638 31.84612,-28.02635 31.84625,-28.02626 31.84631,-28.02623 31.84642,-28.0262 31.84653,-28.02619 31.8467,-28.02619 31.84685,-28.02623 31.8469,-28.02624 31.84695,-28.02626 31.84703,-28.02635 31.84711,-28.02642 31.84717,-28.02646 31.84729,-28.02651 31.8474,-28.02654 31.84746,-28.02654 31.84755,-28.02656 31.84764,-28.02657 31.8477,-28.02657 31.84787,-28.02654 31.84795,-28.02651 31.84801,-28.02649 31.84811,-28.02646 31.84817,-28.02644 31.84826,-28.02642 31.84828,-28.02637 31.84833,-28.02631 31.84836,-28.02629 31.84841,-28.02629 31.84845,-28.02627 31.84851,-28.02627 31.84856,-28.0263 31.84865,-28.02627 31.84873,-28.02621 31.84875,-28.02623 31.84877,-28.02626 31.84878,-28.02629 31.84888,-28.02629 31.84892,-28.02626 31.84898,-28.02626 31.84906,-28.02628 31.84913,-28.02629 31.84914,-28.02625 31.84916,-28.0262 31.84915,-28.02616 31.84937,-28.02615 31.84954,-28.02616 31.84983,-28.02623 31.85017,-28.02633 31.85024,-28.02636 31.85036,-28.02643 31.85055,-28.02654 31.85064,-28.02657 31.8507,-28.02657 31.8532,-28.02766 31.85334,-28.02772 31.86991,-28.03492 31.87442,-28.03686 31.8745,-28.03679 31.87447,-28.03672 31.87454,-28.0367 31.87461,-28.03674 31.87465,-28.03672 31.87467,-28.03669 31.87467,-28.03663 31.87469,-28.0366 31.87474,-28.03655 31.87481,-28.03649 31.87486,-28.03645 31.87493,-28.03639 31.87501,-28.03629 31.87508,-28.03623 31.87512,-28.03617 31.87521,-28.03603 31.87526,-28.03597 31.87529,-28.03594 31.87532,-28.03594 31.87543,-28.03589 31.87545,-28.03586 31.87546,-28.03583 31.87546,-28.03574 31.87549,-28.03569 31.8756,-28.03559 31.8756,-28.03555 31.87564,-28.03552 31.87567,-28.03548 31.87572,-28.03543 31.87577,-28.03537 31.87579,-28.03535 31.87582,-28.03524 31.87581,-28.0352 31.87582,-28.03517 31.87585,-28.03515 31.87593,-28.03512 31.87599,-28.03511 31.87605,-28.03509 31.87613,-28.03507 31.8762,-28.03502 31.87625,-28.03497 31.87628,-28.03489 31.87628,-28.03474 31.87629,-28.03464 31.87634,-28.03459 31.87637,-28.03454 31.87641,-28.03448 31.87646,-28.03443 31.87652,-28.03436 31.8766,-28.03428 31.87668,-28.03422 31.87673,-28.03417 31.87678,-28.03413 31.87684,-28.03411 31.87698,-28.03396 31.87702,-28.03393 31.87712,-28.03384 31.87718,-28.03379 31.87736,-28.03363 31.87746,-28.03357 31.8775,-28.03354 31.87758,-28.03351 31.87769,-28.0335 31.87781,-28.03345 31.87788,-28.03342 31.87802,-28.03332 31.87807,-28.03329 31.87814,-28.03326 31.87819,-28.03325 31.87827,-28.03324 31.87839,-28.0333 31.87844,-28.03334 31.87851,-28.03338 31.87855,-28.03338 31.87861,-28.0334 31.87877,-28.0334 31.87881,-28.03339 31.87883,-28.03336 31.87883,-28.03332 31.87882,-28.03329 31.87881,-28.03324 31.87882,-28.0332 31.87886,-28.03317 31.87891,-28.03313 31.87905,-28.03305 31.87915,-28.03301 31.87921,-28.03296 31.87932,-28.0329 31.87948,-28.03281 31.87957,-28.03276 31.87962,-28.03272 31.87976,-28.03266 31.8798,-28.03262 31.87978,-28.03257 31.87976,-28.0325 31.87979,-28.03245 31.87983,-28.03241 31.87985,-28.03236 31.87983,-28.03233 31.87977,-28.03233 31.87973,-28.03232 31.87969,-28.03229 31.87969,-28.03225 31.87971,-28.03223 31.87972,-28.0322 31.87979,-28.03217 31.87992,-28.03211 31.88002,-28.03208 31.88016,-28.03208 31.88034,-28.03207 31.88048,-28.03204 31.88069,-28.032 31.8808,-28.03198 31.88094,-28.03196 31.88103,-28.03196 31.88113,-28.03195 31.88122,-28.03194 31.88133,-28.03191 31.88144,-28.03187 31.88158,-28.03177 31.88166,-28.03172 31.88172,-28.03169 31.88182,-28.03167 31.88208,-28.03167 31.88216,-28.03168 31.88223,-28.0317 31.88256,-28.0317 31.8827,-28.03166 31.88282,-28.03159 31.88295,-28.03146 31.88301,-28.03141 31.88315,-28.03128 31.88319,-28.03122 31.88328,-28.0311 31.88335,-28.03103 31.88341,-28.03096 31.88347,-28.0309 31.88354,-28.03086 31.88364,-28.03085 31.8837,-28.03087 31.88377,-28.03091 31.88387,-28.03096 31.88397,-28.03099 31.88409,-28.03097 31.88412,-28.03095 31.88418,-28.03092 31.88423,-28.03086 31.88427,-28.03079 31.88432,-28.03069 31.88434,-28.03066 31.88442,-28.03057 31.88447,-28.03054 31.88451,-28.03053 31.88458,-28.03049 31.88462,-28.03048 31.88472,-28.03042 31.88478,-28.03039 31.88494,-28.03026 31.88511,-28.03016 31.88518,-28.03013 31.88524,-28.03008 31.88534,-28.03 31.88542,-28.02988 31.88545,-28.02981 31.88543,-28.02969 31.88538,-28.02959 31.88537,-28.02955 31.88538,-28.02951 31.88541,-28.02949 31.88547,-28.02947 31.88551,-28.02946 31.88563,-28.02946 31.88571,-28.02947 31.88587,-28.02947 31.88601,-28.02946 31.88614,-28.02949 31.88619,-28.0295 31.88627,-28.02952 31.88633,-28.02954 31.8864,-28.02957 31.8865,-28.02958 31.8866,-28.02955 31.88666,-28.02953 31.88673,-28.02952 31.88679,-28.02954 31.88686,-28.02959 31.88688,-28.02962 31.88692,-28.02969 31.88704,-28.02983 31.88715,-28.02988 31.88726,-28.02988 31.88734,-28.0299 31.8874,-28.02989 31.88747,-28.0299 31.88753,-28.02993 31.88774,-28.03 31.88781,-28.03006 31.88794,-28.03014 31.88802,-28.03018 31.88812,-28.03021 31.88823,-28.03024 31.88875,-28.03024 31.88877,-28.03028 31.88878,-28.03031 31.88879,-28.03035 31.88879,-28.03043 31.88876,-28.03049 31.88873,-28.03058 31.88872,-28.03065 31.88872,-28.03068 31.88871,-28.03076 31.88869,-28.03086 31.88869,-28.03107 31.88871,-28.03114 31.88874,-28.0312 31.8888,-28.03125 31.88889,-28.03127 31.88897,-28.03132 31.88908,-28.03138 31.88916,-28.03142 31.88925,-28.03151 31.88927,-28.03155 31.88928,-28.0316 31.88928,-28.03166 31.88927,-28.03172 31.88925,-28.03177 31.88923,-28.03183 31.8892,-28.03193 31.88919,-28.03202 31.88917,-28.0321 31.88917,-28.03255 31.88918,-28.03263 31.88918,-28.03293 31.8892,-28.03302 31.88923,-28.03309 31.88927,-28.03317 31.88929,-28.03319 31.88933,-28.03321 31.88937,-28.03324 31.88942,-28.03327 31.88946,-28.03328 31.88957,-28.03328 31.88968,-28.03329 31.88978,-28.03329 31.88985,-28.03332 31.88993,-28.03336 31.89006,-28.03341 31.89061,-28.03341 31.89068,-28.03338 31.89074,-28.03337 31.89086,-28.03336 31.89096,-28.03335 31.89116,-28.03337 31.8913,-28.0334 31.8914,-28.03346 31.89147,-28.0335 31.89153,-28.03355 31.89158,-28.03361 31.89162,-28.03368 31.89167,-28.03377 31.89169,-28.03382 31.89173,-28.03397 31.89176,-28.03408 31.8918,-28.03423 31.89182,-28.03431 31.89189,-28.0344 31.89192,-28.03448 31.89195,-28.03453 31.89198,-28.03459 31.89207,-28.0347 31.89208,-28.03476 31.89211,-28.03486 31.89218,-28.035 31.89223,-28.03511 31.89233,-28.03541 31.89238,-28.03553 31.89243,-28.03562 31.89245,-28.03567 31.89247,-28.03573 31.89251,-28.03575 31.89255,-28.03577 31.89258,-28.0358 31.8926,-28.03586 31.89265,-28.03591 31.89276,-28.036 31.89285,-28.03604 31.89291,-28.03607 31.89295,-28.0361 31.89304,-28.03613 31.89312,-28.03615 31.8932,-28.03616 31.89326,-28.03616 31.89334,-28.03615 31.89339,-28.03614 31.89348,-28.03613 31.89351,-28.03613 31.8936,-28.03616 31.89364,-28.03618 31.89378,-28.03628 31.89384,-28.03632 31.89392,-28.03637 31.89399,-28.03638 31.89407,-28.03641 31.89413,-28.03643 31.8942,-28.03646 31.89429,-28.03649 31.89437,-28.03652 31.89446,-28.03655 31.89452,-28.03655 31.89462,-28.03656 31.8947,-28.03656 31.89481,-28.03657 31.89523,-28.03657 31.89534,-28.03658 31.89546,-28.03658 31.89556,-28.03659 31.89609,-28.03659 31.89619,-28.0366 31.89626,-28.03661 31.89634,-28.03662 31.89643,-28.03662 31.89652,-28.03661 31.89663,-28.03656 31.8967,-28.03653 31.89675,-28.03649 31.89681,-28.03646 31.89695,-28.03641 31.89701,-28.03637 31.89711,-28.03632 31.89718,-28.03627 31.89729,-28.03617 31.89736,-28.03612 31.89744,-28.03607 31.8975,-28.03602 31.8976,-28.03594 31.89774,-28.03585 31.89778,-28.03582 31.89787,-28.03575 31.89794,-28.03571 31.89801,-28.03565 31.89807,-28.03556 31.89809,-28.03549 31.89809,-28.03538 31.89805,-28.03528 31.89802,-28.03519 31.89789,-28.03501 31.89781,-28.0349 31.89775,-28.03484 31.89769,-28.03471 31.89767,-28.03466 31.89765,-28.03462 31.89764,-28.03456 31.89762,-28.03451 31.89758,-28.03444 31.89752,-28.03437 31.8975,-28.03433 31.89748,-28.03424 31.89748,-28.03406 31.89746,-28.03393 31.89745,-28.03389 31.89743,-28.03382 31.89739,-28.03374 31.89739,-28.0337 31.89738,-28.03365 31.89733,-28.03355 31.89729,-28.03348 31.89727,-28.03341 31.89727,-28.03332 31.89726,-28.03326 31.89725,-28.03321 31.89719,-28.03309 31.89718,-28.03305 31.89716,-28.03296 31.89713,-28.03287 31.89712,-28.03282 31.89712,-28.03279 31.89714,-28.03271 31.8972,-28.03263 31.89727,-28.03257 31.89736,-28.03253 31.89742,-28.0325 31.89748,-28.03249 31.89761,-28.03249 31.89771,-28.0325 31.89792,-28.0325 31.89817,-28.03254 31.8986,-28.03254 31.89869,-28.03252 31.89882,-28.03246 31.89891,-28.03244 31.89904,-28.03244 31.89916,-28.03246 31.89923,-28.0325 31.89933,-28.03254 31.89956,-28.03254 31.8998,-28.03251 31.89985,-28.03251 31.8999,-28.03249 31.89999,-28.03247 31.9001,-28.03245 31.90017,-28.03243 31.9003,-28.03233 31.90037,-28.03228 31.90045,-28.03219 31.90049,-28.03211 31.90051,-28.03197 31.9005,-28.03187 31.9005,-28.0318 31.90049,-28.0317 31.90046,-28.03152 31.90044,-28.03144 31.90044,-28.03137 31.90046,-28.03133 31.90052,-28.03117 31.90057,-28.03111 31.90062,-28.03107 31.90077,-28.03101 31.9008,-28.03101 31.90092,-28.03103 31.90105,-28.03112 31.90118,-28.03125 31.90124,-28.03132 31.90128,-28.03134 31.90138,-28.03134 31.90145,-28.03133 31.90152,-28.03129 31.90173,-28.03119 31.90184,-28.03112 31.90194,-28.03105 31.90211,-28.03098 31.90224,-28.03095 31.90241,-28.0309 31.90248,-28.03088 31.90263,-28.03086 31.90303,-28.03086 31.90321,-28.03094 31.90329,-28.03097 31.90334,-28.031 31.90352,-28.03109 31.9036,-28.03114 31.90366,-28.03117 31.9037,-28.03121 31.90384,-28.03127 31.90391,-28.03131 31.90397,-28.03134 31.90413,-28.03137 31.90428,-28.0314 31.90455,-28.0314 31.90464,-28.03137 31.90465,-28.03133 31.90473,-28.03126 31.90474,-28.0312 31.90474,-28.03107 31.90474,-28.03095 31.90469,-28.03083 31.90465,-28.03076 31.9046,-28.03067 31.90455,-28.03062 31.90448,-28.03054 31.90444,-28.03049 31.90437,-28.0303 31.90436,-28.03023 31.90433,-28.03013 31.90433,-28.03002 31.90437,-28.02996 31.90441,-28.02991 31.90447,-28.02986 31.90454,-28.02979 31.90455,-28.02971 31.90459,-28.02965 31.90461,-28.02954 31.90462,-28.02945 31.90464,-28.02936 31.90468,-28.02927 31.90467,-28.02919 31.90466,-28.02915 31.90463,-28.02909 31.90459,-28.02894 31.90458,-28.02889 31.90453,-28.0288 31.90449,-28.02873 31.90447,-28.02854 31.90449,-28.02844 31.9045,-28.02836 31.90452,-28.02828 31.90452,-28.0282 31.90453,-28.02812 31.90456,-28.02801 31.9046,-28.02788 31.90462,-28.02777 31.90465,-28.0277 31.90468,-28.02762 31.9047,-28.02755 31.90472,-28.02747 31.90469,-28.02734 31.90469,-28.02729 31.90468,-28.02722 31.90466,-28.02716 31.90463,-28.02706 31.90465,-28.02698 31.90465,-28.02684 31.90466,-28.02677 31.90469,-28.02664 31.90475,-28.02658 31.9048,-28.02653 31.90486,-28.0265 31.90498,-28.02644 31.90508,-28.02643 31.90525,-28.02638 31.90545,-28.02636 31.90561,-28.02635 31.90572,-28.02633 31.90578,-28.02631 31.90588,-28.02629 31.90601,-28.02626 31.90608,-28.02626 31.90617,-28.02624 31.90622,-28.02622 31.9064,-28.02616 31.90647,-28.02611 31.90654,-28.02604 31.90658,-28.02602 31.90663,-28.02601 31.90667,-28.02599 31.90673,-28.02598 31.90676,-28.02596 31.90686,-28.0259 31.90694,-28.02586 31.90701,-28.02583 31.90709,-28.02579 31.90721,-28.02572 31.90738,-28.02565 31.9075,-28.02557 31.9076,-28.02551 31.90768,-28.02547 31.90773,-28.02545 31.9078,-28.02543 31.90788,-28.0254 31.90806,-28.02531 31.90813,-28.02527 31.90822,-28.02523 31.90837,-28.02519 31.90844,-28.02517 31.90854,-28.02514 31.90859,-28.02514 31.90883,-28.02507 31.90895,-28.02505 31.90903,-28.02503 31.90911,-28.02502 31.90921,-28.02502 31.90931,-28.02504 31.90939,-28.02507 31.9095,-28.02512 31.90965,-28.02522 31.90973,-28.02528 31.90978,-28.02533 31.90983,-28.02537 31.90997,-28.02551 31.91004,-28.02557 31.9101,-28.02562 31.91016,-28.0257 31.91024,-28.02579 31.91028,-28.02585 31.91032,-28.0259 31.91037,-28.02598 31.91042,-28.02605 31.91049,-28.02612 31.91059,-28.0262 31.91066,-28.02627 31.91073,-28.02633 31.91085,-28.02645 31.91095,-28.0265 31.91106,-28.0266 31.91115,-28.02667 31.91128,-28.02682 31.91138,-28.02693 31.91145,-28.02704 31.9115,-28.02712 31.91154,-28.02717 31.91159,-28.02727 31.91162,-28.02732 31.91163,-28.02733 31.91171,-28.0274 31.91178,-28.0275 31.91182,-28.02755 31.91189,-28.02761 31.91195,-28.02767 31.91203,-28.02773 31.91212,-28.02774 31.91231,-28.02774 31.91237,-28.02772 31.91249,-28.02767 31.91263,-28.02762 31.91268,-28.02759 31.91276,-28.02754 31.91287,-28.0275 31.91296,-28.02747 31.9132,-28.02744 31.91328,-28.02741 31.91339,-28.02737 31.91344,-28.02734 31.91363,-28.02724 31.91375,-28.02717 31.91387,-28.02709 31.91407,-28.02697 31.9142,-28.02689 31.9144,-28.02676 31.91449,-28.02671 31.91457,-28.02666 31.91469,-28.02659 31.91477,-28.02656 31.91485,-28.02651 31.9149,-28.02649 31.91494,-28.02647 31.91497,-28.02646 31.91504,-28.02645 31.9151,-28.02644 31.91519,-28.02643 31.91523,-28.02643 31.91529,-28.02642 31.91541,-28.02639 31.91553,-28.02637 31.91569,-28.02637 31.91581,-28.02636 31.91598,-28.02636 31.91622,-28.02637 31.91646,-28.02637 31.91654,-28.02638 31.91664,-28.0264 31.91675,-28.02642 31.91682,-28.02645 31.91696,-28.02649 31.91702,-28.0265 31.9171,-28.02651 31.91718,-28.02653 31.91726,-28.02654 31.91733,-28.02656 31.9174,-28.02659 31.91749,-28.02662 31.91758,-28.02664 31.91765,-28.02666 31.91771,-28.02667 31.9178,-28.0267 31.91795,-28.02674 31.91804,-28.02676 31.91813,-28.02679 31.91824,-28.02681 31.9184,-28.02687 31.91848,-28.02689 31.91857,-28.02692 31.91865,-28.02695 31.91878,-28.02698 31.91889,-28.02701 31.91897,-28.02704 31.91913,-28.02707 31.9194,-28.02713 31.91949,-28.02716 31.91959,-28.0272 31.91966,-28.02722 31.9198,-28.02727 31.92006,-28.02737 31.92026,-28.02742 31.92048,-28.02752 31.92058,-28.02755 31.92073,-28.02762 31.92083,-28.02766 31.9209,-28.02769 31.92096,-28.02773 31.9211,-28.02787 31.92116,-28.02798 31.9212,-28.02806 31.92121,-28.02811 31.92121,-28.02817 31.92123,-28.02825 31.92124,-28.02831 31.92124,-28.02837 31.92125,-28.02846 31.92125,-28.0286 31.92124,-28.02871 31.92124,-28.02883 31.92123,-28.02894 31.92123,-28.02916 31.92122,-28.02926 31.92122,-28.0295 31.92123,-28.02962 31.92121,-28.02976 31.92116,-28.02995 31.92117,-28.03009 31.92117,-28.03015 31.92119,-28.03023 31.9212,-28.03029 31.92121,-28.03036 31.92123,-28.03056 31.92123,-28.03064 31.92125,-28.03074 31.92125,-28.03082 31.92127,-28.03094 31.92127,-28.03116 31.92128,-28.03124 31.9213,-28.03134 31.92132,-28.03137 31.92134,-28.03144 31.92138,-28.03158 31.9214,-28.03163 31.92141,-28.03171 31.92143,-28.03179 31.92145,-28.03186 31.92148,-28.03196 31.92149,-28.03201 31.92152,-28.0321 31.92153,-28.03214 31.92158,-28.03228 31.92161,-28.03241 31.92163,-28.03255 31.92164,-28.03261 31.92165,-28.03274 31.92165,-28.03285 31.92166,-28.0329 31.92167,-28.03298 31.92168,-28.03304 31.92173,-28.03315 31.92179,-28.0333 31.92185,-28.03346 31.92186,-28.03351 31.92189,-28.03362 31.9219,-28.03367 31.92192,-28.03373 31.92193,-28.03377 31.92195,-28.03382 31.92196,-28.03385 31.92196,-28.03391 31.92198,-28.03396 31.92205,-28.03407 31.92212,-28.03415 31.92216,-28.03426 31.92219,-28.03436 31.92222,-28.03443 31.92227,-28.03456 31.92229,-28.03463 31.92237,-28.03481 31.92241,-28.03493 31.92243,-28.03497 31.92253,-28.03511 31.92259,-28.0352 31.92264,-28.03529 31.92269,-28.03537 31.92278,-28.03544 31.92286,-28.0355 31.92297,-28.03557 31.92304,-28.03561 31.92328,-28.03569 31.92335,-28.03572 31.92341,-28.03574 31.92369,-28.03574 31.92382,-28.03572 31.92399,-28.03572 31.92416,-28.0357 31.9243,-28.03569 31.92442,-28.03567 31.92449,-28.03565 31.92464,-28.03561 31.92479,-28.03555 31.92489,-28.0355 31.92498,-28.03547 31.92523,-28.03535 31.92537,-28.03527 31.92548,-28.03522 31.92561,-28.03517 31.92582,-28.0351 31.92596,-28.03505 31.92609,-28.03501 31.92633,-28.03489 31.92644,-28.03484 31.92662,-28.03476 31.92699,-28.03458 31.92722,-28.03448 31.92752,-28.03439 31.92762,-28.03434 31.92771,-28.03431 31.9278,-28.03426 31.92807,-28.03416 31.92822,-28.03409 31.92833,-28.03404 31.92862,-28.03395 31.92871,-28.03393 31.92882,-28.03393 31.92892,-28.03392 31.92906,-28.03392 31.92918,-28.03395 31.92928,-28.03398 31.92935,-28.03402 31.92945,-28.03407 31.92948,-28.03412 31.92956,-28.03424 31.92959,-28.03431 31.92961,-28.03441 31.92963,-28.03447 31.92964,-28.03455 31.92964,-28.03477 31.92961,-28.03492 31.92954,-28.03505 31.9295,-28.03513 31.9294,-28.03523 31.92924,-28.03541 31.92917,-28.0355 31.92909,-28.03565 31.92898,-28.03582 31.92888,-28.03593 31.92876,-28.03603 31.92859,-28.03618 31.92851,-28.03624 31.92839,-28.03635 31.92831,-28.03642 31.92821,-28.03652 31.92815,-28.03657 31.92806,-28.03665 31.92798,-28.03671 31.9278,-28.03681 31.9277,-28.03687 31.92757,-28.03693 31.92747,-28.03698 31.92732,-28.03704 31.92725,-28.0371 31.92715,-28.03716 31.92706,-28.03721 31.92698,-28.03726 31.92685,-28.03731 31.9268,-28.03735 31.92671,-28.0374 31.92664,-28.03745 31.92657,-28.03749 31.92642,-28.0376 31.92631,-28.03774 31.92622,-28.03783 31.92617,-28.03789 31.92612,-28.03798 31.92607,-28.03804 31.92602,-28.03811 31.92597,-28.03819 31.9259,-28.0384 31.92588,-28.0385 31.92586,-28.03861 31.92586,-28.03873 31.92588,-28.03884 31.92588,-28.039 31.9259,-28.03912 31.92592,-28.03921 31.92597,-28.03935 31.92602,-28.03945 31.92608,-28.03958 31.92626,-28.03975 31.92638,-28.03984 31.92651,-28.03994 31.92659,-28.04 31.92679,-28.04017 31.92701,-28.04037 31.92714,-28.04047 31.92722,-28.04055 31.92732,-28.04062 31.92739,-28.04067 31.92749,-28.04074 31.92757,-28.04079 31.92763,-28.04083 31.9277,-28.04087 31.92777,-28.0409 31.92789,-28.04098 31.92793,-28.041 31.9281,-28.04112 31.92818,-28.04117 31.92826,-28.04123 31.92845,-28.04133 31.92865,-28.04146 31.92872,-28.04151 31.92889,-28.04158 31.92901,-28.04162 31.92909,-28.04165 31.9293,-28.04172 31.9294,-28.04175 31.92951,-28.0418 31.92958,-28.04183 31.9297,-28.04187 31.9298,-28.04192 31.92988,-28.04195 31.93009,-28.04205 31.93016,-28.04209 31.93032,-28.04219 31.93051,-28.0423 31.9306,-28.04235 31.93075,-28.04242 31.93087,-28.04249 31.931,-28.04255 31.93124,-28.04267 31.93135,-28.04273 31.93165,-28.04283 31.93173,-28.04286 31.93188,-28.04294 31.93198,-28.04299 31.93205,-28.04304 31.93218,-28.04312 31.93233,-28.04322 31.93266,-28.04341 31.93284,-28.04353 31.93296,-28.04363 31.93314,-28.04374 31.93319,-28.04377 31.9333,-28.04385 31.93346,-28.04395 31.93366,-28.04411 31.93379,-28.04422 31.93395,-28.04435 31.93406,-28.04443 31.9342,-28.04451 31.93434,-28.04461 31.93447,-28.04468 31.9346,-28.04476 31.93472,-28.04484 31.93486,-28.04496 31.93492,-28.04501 31.93502,-28.04509 31.93516,-28.04522 31.93532,-28.04535 31.93553,-28.04549 31.93585,-28.04569 31.93598,-28.04575 31.93609,-28.0458 31.93619,-28.04586 31.93634,-28.04597 31.93648,-28.04607 31.93655,-28.04613 31.93672,-28.04626 31.9369,-28.04638 31.93702,-28.04645 31.93718,-28.04653 31.93731,-28.0466 31.93746,-28.0467 31.93755,-28.04679 31.93763,-28.04686 31.9377,-28.04694 31.93792,-28.04714 31.93801,-28.04721 31.93822,-28.04735 31.93833,-28.04743 31.93846,-28.04752 31.93855,-28.04759 31.93862,-28.04765 31.93875,-28.04775 31.93884,-28.04781 31.93899,-28.04792 31.93917,-28.04805 31.93936,-28.04816 31.93951,-28.04825 31.93981,-28.04838 31.94002,-28.04846 31.94014,-28.0485 31.94028,-28.04854 31.94036,-28.04856 31.94048,-28.0486 31.94064,-28.04862 31.941,-28.04869 31.94113,-28.0487 31.94125,-28.04871 31.94133,-28.04871 31.94144,-28.04872 31.94174,-28.04877 31.94208,-28.04886 31.94221,-28.0489 31.94249,-28.04895 31.94263,-28.04897 31.94287,-28.04903 31.94306,-28.04907 31.94322,-28.04911 31.94332,-28.04913 31.94346,-28.04914 31.94363,-28.04916 31.94392,-28.04916 31.94409,-28.04914 31.9442,-28.04914 31.94428,-28.04915 31.94442,-28.04916 31.94454,-28.04918 31.94468,-28.04919 31.94486,-28.04916 31.94482,-28.04907 31.94474,-28.04895 31.94467,-28.04867 31.94461,-28.04855 31.94459,-28.04843 31.94457,-28.04821 31.94452,-28.04806 31.94451,-28.04796 31.94446,-28.04768 31.94445,-28.04747 31.94442,-28.0474 31.94438,-28.04733 31.94432,-28.04726 31.94429,-28.04713 31.94435,-28.04694 31.9443,-28.04689 31.94417,-28.04686 31.9441,-28.04683 31.94402,-28.04676 31.94402,-28.04657 31.94408,-28.04646 31.94413,-28.04634 31.94415,-28.04613 31.94412,-28.04603 31.94411,-28.04592 31.944,-28.04577 31.94396,-28.04567 31.94389,-28.04558 31.94376,-28.04546 31.94368,-28.04538 31.9436,-28.04534 31.9435,-28.04535 31.94338,-28.04538 31.94326,-28.04546 31.94313,-28.04556 31.94309,-28.04566 31.94309,-28.0458 31.94305,-28.04594 31.94297,-28.04602 31.94288,-28.04603 31.9428,-28.04602 31.94271,-28.046 31.94255,-28.04594 31.94243,-28.04591 31.94225,-28.04591 31.94209,-28.04582 31.94204,-28.04566 31.94195,-28.04537 31.9419,-28.04511 31.94187,-28.04496 31.94188,-28.0449 31.9419,-28.04479 31.94193,-28.04459 31.942,-28.04446 31.94207,-28.04436 31.94214,-28.04422 31.94218,-28.04398 31.94218,-28.04387 31.94222,-28.04369 31.94224,-28.04359 31.94229,-28.04331 31.94236,-28.04312 31.94246,-28.04301 31.94247,-28.04291 31.94246,-28.04266 31.94249,-28.04245 31.94246,-28.04229 31.94239,-28.04225 31.94222,-28.04225 31.94212,-28.04232 31.94201,-28.04238 31.9419,-28.0424 31.94179,-28.04241 31.9417,-28.04249 31.94158,-28.04257 31.94149,-28.04255 31.94139,-28.0424 31.94133,-28.04233 31.94137,-28.04224 31.94141,-28.04213 31.94149,-28.04196 31.94153,-28.04183 31.9416,-28.04168 31.9416,-28.04158 31.94164,-28.04135 31.94161,-28.04121 31.94164,-28.04116 31.94169,-28.04106 31.94172,-28.04091 31.94174,-28.04071 31.94168,-28.04052 31.94169,-28.04036 31.94163,-28.04028 31.94162,-28.04014 31.94172,-28.04006 31.94172,-28.03988 31.94171,-28.03969 31.94173,-28.03953 31.94174,-28.03941 31.94165,-28.03909 31.94159,-28.03892 31.94158,-28.03871 31.94153,-28.03851 31.94145,-28.0384 31.94133,-28.03831 31.94116,-28.03829 31.94099,-28.0383 31.94066,-28.0383 31.94054,-28.03829 31.9404,-28.03833 31.94025,-28.03847 31.94009,-28.03854 31.93981,-28.0387 31.93961,-28.0388 31.93951,-28.03891 31.93941,-28.03904 31.93913,-28.03913 31.93899,-28.0391 31.93896,-28.03889 31.93902,-28.03885 31.93906,-28.03879 31.93907,-28.03873 31.9391,-28.03849 31.9392,-28.03825 31.93945,-28.03815 31.93975,-28.03805 31.93996,-28.03795 31.94005,-28.03788 31.9401,-28.03781 31.94014,-28.0377 31.94014,-28.03731 31.94019,-28.03718 31.94023,-28.03698 31.94023,-28.0369 31.94019,-28.03679 31.94022,-28.03667 31.94023,-28.03655 31.94023,-28.03641 31.94016,-28.03633 31.9401,-28.03624 31.94008,-28.03607 31.93996,-28.03587 31.93985,-28.03573 31.93977,-28.0356 31.9398,-28.03546 31.93981,-28.03534 31.93987,-28.03518 31.94002,-28.03494 31.94014,-28.0348 31.94032,-28.03462 31.9405,-28.03456 31.94072,-28.03454 31.94087,-28.03453 31.94103,-28.03443 31.9412,-28.03436 31.94134,-28.03409 31.94161,-28.03379 31.94189,-28.03369 31.94208,-28.03376 31.94219,-28.0339 31.94234,-28.03414 31.9425,-28.03419 31.94272,-28.03418 31.94298,-28.03413 31.94313,-28.03403 31.94324,-28.03397 31.94332,-28.0339 31.94342,-28.03378 31.94353,-28.03374 31.94371,-28.03358 31.94396,-28.03346 31.9441,-28.0334 31.94423,-28.03333 31.94438,-28.03321 31.94475,-28.03299 31.94495,-28.03283 31.94522,-28.03263 31.94541,-28.03237 31.94549,-28.03198 31.94542,-28.03178 31.94536,-28.03146 31.9453,-28.03132 31.94529,-28.03105 31.94535,-28.03087 31.94547,-28.0307 31.94558,-28.03047 31.94579,-28.03033 31.94588,-28.03016 31.94592,-28.02996 31.94597,-28.02982 31.94599,-28.02972 31.946,-28.02951 31.94601,-28.0294 31.94607,-28.02916 31.94607,-28.02907 31.94606,-28.02897 31.94607,-28.02885 31.94609,-28.02869 31.94609,-28.02851 31.94612,-28.02827 31.94611,-28.02815 31.9461,-28.02794 31.9461,-28.02777 31.94595,-28.02761 31.94577,-28.02743 31.94556,-28.02729 31.94535,-28.02711 31.94508,-28.0271 31.945,-28.02699 31.94488,-28.02697 31.94476,-28.02686 31.94474,-28.02666 31.94468,-28.02656 31.94461,-28.02649 31.94452,-28.02648 31.94446,-28.02639 31.94422,-28.02616 31.94415,-28.02582 31.9442,-28.02564 31.9444,-28.02556 31.94458,-28.02556 31.94483,-28.02558 31.94489,-28.02554 31.94506,-28.02545 31.9452,-28.02549 31.94528,-28.02549 31.94541,-28.02554 31.94557,-28.02554 31.9457,-28.02548 31.94589,-28.02541 31.94609,-28.02532 31.94633,-28.02521 31.9465,-28.0251 31.94649,-28.02502 31.94647,-28.02492 31.94645,-28.02486 31.94634,-28.02478 31.94634,-28.02473 31.94628,-28.0246 31.94621,-28.0246 31.94608,-28.02462 31.94599,-28.02459 31.94594,-28.02454 31.94594,-28.0245 31.94599,-28.02445 31.94614,-28.02432 31.94632,-28.02418 31.94655,-28.02411 31.94666,-28.02404 31.94674,-28.02401 31.94685,-28.02393 31.94693,-28.02385 31.94698,-28.02381 31.94705,-28.02366 31.94721,-28.0236 31.94732,-28.02352 31.94736,-28.02346 31.94736,-28.02334 31.94731,-28.0233 31.94717,-28.02321 31.94706,-28.02305 31.94699,-28.02296 31.94697,-28.02279 31.947,-28.02267 31.94697,-28.02255 31.94694,-28.02232 31.94685,-28.02221 31.94658,-28.022 31.94651,-28.0219 31.94644,-28.02177 31.94638,-28.02166 31.94641,-28.02153 31.94642,-28.02143 31.94645,-28.02128 31.94651,-28.02113 31.94659,-28.02109 31.94665,-28.02103 31.94669,-28.02084 31.94671,-28.02076 31.94672,-28.02054 31.94672,-28.02032 31.9467,-28.02021 31.94666,-28.02012 31.94672,-28.02003 31.94681,-28.01992 31.94692,-28.01968 31.94687,-28.01953 31.94677,-28.0194 31.9468,-28.01931 31.94691,-28.01923 31.94687,-28.01917 31.94685,-28.01911 31.94686,-28.019 31.94692,-28.01894 31.94692,-28.0189 31.94688,-28.0188 31.94688,-28.01873 31.9468,-28.01865 31.9468,-28.01856 31.94685,-28.01846 31.94684,-28.01838 31.94688,-28.01829 31.94695,-28.01812 31.94711,-28.01806 31.94725,-28.01804 31.94739,-28.01809 31.94743,-28.01808 31.9475,-28.01804 31.94762,-28.01797 31.94772,-28.01799 31.94786,-28.018 31.94799,-28.01805 31.94814,-28.018 31.94818,-28.01793 31.9482,-28.01786 31.94833,-28.0178 31.94849,-28.01773 31.94861,-28.01768 31.94866,-28.01762 31.94886,-28.01746 31.94897,-28.01733 31.9491,-28.01723 31.94913,-28.01719 31.94919,-28.01713 31.94925,-28.01706 31.94929,-28.01696 31.94934,-28.01683 31.94933,-28.01677 31.94934,-28.01669 31.94935,-28.01659 31.94934,-28.01655 31.94924,-28.01653 31.94922,-28.01643 31.94915,-28.01631 31.9491,-28.01621 31.94915,-28.0161 31.9491,-28.01603 31.94892,-28.01594 31.94883,-28.01597 31.94871,-28.01599 31.94852,-28.01597 31.94833,-28.01598 31.94823,-28.01605 31.94809,-28.01607 31.94794,-28.01613 31.94779,-28.01614 31.94768,-28.01616 31.94761,-28.01616 31.94752,-28.0162 31.94745,-28.0162 31.94735,-28.01619 31.94721,-28.01609 31.94716,-28.01601 31.94707,-28.01586 31.94701,-28.01579 31.94696,-28.01556 31.94699,-28.01549 31.94699,-28.01514 31.947,-28.01501 31.94707,-28.01487 31.94713,-28.01481 31.94715,-28.01461 31.94707,-28.01447 31.94706,-28.0144 31.94708,-28.01437 31.94708,-28.01433 31.94706,-28.01426 31.94702,-28.01414 31.94702,-28.01403 31.94706,-28.01388 31.94723,-28.01381 31.94743,-28.01383 31.94755,-28.01383 31.9477,-28.01388 31.94776,-28.01389 31.94782,-28.01382 31.94792,-28.01371 31.94812,-28.01359 31.9482,-28.01348 31.94816,-28.01328 31.94806,-28.01313 31.9479,-28.013 31.94777,-28.0129 31.94763,-28.01276 31.94753,-28.01267 31.94738,-28.01253 31.94729,-28.01246 31.94715,-28.01232 31.94697,-28.0122 31.94666,-28.012 31.94653,-28.01193 31.94641,-28.01182 31.94626,-28.01172 31.94606,-28.01163 31.94597,-28.01158 31.94587,-28.01153 31.94573,-28.01139 31.94553,-28.01125 31.94534,-28.01117 31.94526,-28.01114 31.94519,-28.01114 31.94513,-28.01111 31.94513,-28.01104 31.94511,-28.011 31.94499,-28.01095 31.94488,-28.0109 31.94479,-28.01083 31.94466,-28.01079 31.9445,-28.01074 31.94434,-28.01068 31.94425,-28.01059 31.9442,-28.01041 31.9442,-28.01031 31.94423,-28.01023 31.9443,-28.01008 31.94438,-28.00998 31.94447,-28.00989 31.94456,-28.00982 31.94466,-28.00973 31.94475,-28.00967 31.94483,-28.00959 31.94491,-28.00956 31.94511,-28.00956 31.94519,-28.00953 31.94523,-28.00949 31.94527,-28.0094 31.94541,-28.00933 31.94552,-28.00932 31.9456,-28.0093 31.94578,-28.00929 31.94597,-28.00929 31.94613,-28.00936 31.94624,-28.00935 31.94632,-28.00932 31.94635,-28.00926 31.94641,-28.00919 31.94647,-28.00914 31.94648,-28.00909 31.94647,-28.00902 31.94645,-28.00895 31.94645,-28.00886 31.9464,-28.00876 31.94634,-28.00867 31.94631,-28.00853 31.94629,-28.00844 31.94626,-28.00842 31.94621,-28.00837 31.94624,-28.00833 31.9463,-28.00833 31.94631,-28.00829 31.94631,-28.00825 31.94625,-28.00817 31.94625,-28.00808 31.94628,-28.00796 31.94629,-28.00785 31.94631,-28.00772 31.94633,-28.00763 31.94633,-28.00753 31.94637,-28.00743 31.94638,-28.00732 31.94639,-28.00713 31.94642,-28.007 31.94643,-28.00686 31.94649,-28.00676 31.94655,-28.00644 31.94654,-28.00629 31.94662,-28.00616 31.94665,-28.0061 31.94661,-28.00601 31.94661,-28.0059 31.9467,-28.00579 31.9469,-28.00573 31.94708,-28.00568 31.9472,-28.00569 31.94726,-28.00573 31.94745,-28.00573 31.94763,-28.00572 31.94795,-28.00572 31.9481,-28.0057 31.94816,-28.00579 31.94816,-28.00594 31.94808,-28.00606 31.94779,-28.00606 31.94768,-28.00608 31.94761,-28.00615 31.9476,-28.00629 31.94763,-28.00649 31.94774,-28.0065 31.94787,-28.00645 31.94793,-28.00641 31.948,-28.00635 31.94806,-28.00624 31.94813,-28.00617 31.94834,-28.0061 31.94855,-28.00605 31.94861,-28.00597 31.94858,-28.00582 31.94853,-28.00573 31.94842,-28.00569 31.94845,-28.00561 31.94847,-28.00553 31.94841,-28.00544 31.94836,-28.00539 31.94824,-28.00534 31.94823,-28.00528 31.94822,-28.00518 31.94809,-28.00493 31.94804,-28.00478 31.94807,-28.00468 31.94809,-28.00461 31.94812,-28.00456 31.94811,-28.00453 31.94807,-28.00448 31.94808,-28.00442 31.94814,-28.00436 31.94823,-28.0043 31.94833,-28.00433 31.94836,-28.0043 31.94838,-28.00421 31.94838,-28.0041 31.94834,-28.00398 31.9483,-28.00383 31.94839,-28.00378 31.94854,-28.00375 31.94863,-28.00361 31.94877,-28.00339 31.9489,-28.00318 31.94894,-28.00299 31.94906,-28.00281 31.94917,-28.00263 31.94926,-28.00258 31.94928,-28.00254 31.94934,-28.00247 31.94947,-28.00246 31.94952,-28.00239 31.9496,-28.00223 31.94974,-28.00197 31.94996,-28.00178 31.95015,-28.00162 31.95038,-28.00141 31.95061,-28.0013 31.9508,-28.00113 31.95095,-28.00098 31.951,-28.00083 31.95098,-28.00066 31.95092,-28.00052 31.95083,-28.00052 31.95067,-28.0005 31.95055,-28.00047 31.95049,-28.0004 31.95044,-28.00036 31.95036,-28.00023 31.95022,-28.00022 31.95002,-28.00018 31.94962,-28.00017 31.94941,-28.00024 31.94907,-28.00028 31.94889,-28.00029 31.94866,-28.00029 31.94849,-28.00028 31.94814,-28.00027 31.94788,-28.00027 31.94761,-28.00019 31.94739,-28.00017 31.94691,-28.00008 31.94661,-27.99996 31.94633,-27.99984 31.9461,-27.99979 31.94569,-27.99967 31.94545,-27.99951 31.94524,-27.99936 31.94509,-27.99909 31.94505,-27.99866 31.94496,-27.9985 31.94491,-27.9983 31.94475,-27.99793 31.94456,-27.99762 31.94438,-27.99741 31.94422,-27.99723 31.94393,-27.99704 31.94377,-27.99694 31.94363,-27.99681 31.94353,-27.99667 31.94343,-27.99652 31.94334,-27.9964 31.94314,-27.99619 31.94294,-27.99596 31.94287,-27.99577 31.94287,-27.99573 31.9429,-27.99541 31.943,-27.9953 31.94316,-27.9952 31.9433,-27.99508 31.94341,-27.99493 31.9436,-27.9948 31.94368,-27.99466 31.94383,-27.99446 31.94385,-27.9943 31.94385,-27.99403 31.94379,-27.99368 31.94367,-27.99343 31.94345,-27.99322 31.9433,-27.99313 31.94323,-27.99301 31.94309,-27.99283 31.94298,-27.99271 31.94283,-27.99257 31.94267,-27.99243 31.94228,-27.99217 31.94212,-27.99204 31.94202,-27.99195 31.9418,-27.9918 31.94161,-27.99166 31.94154,-27.99154 31.94149,-27.99133 31.94137,-27.99094 31.94137,-27.99064 31.94138,-27.99042 31.94147,-27.99025 31.94147,-27.99005 31.94144,-27.98981 31.9414,-27.98951 31.9413,-27.9892 31.94119,-27.98902 31.94102,-27.98882 31.94077,-27.98869 31.94055,-27.98853 31.94031,-27.98832 31.94005,-27.98813 31.93975,-27.98787 31.93974,-27.98756 31.93981,-27.98736 31.93984,-27.98716 31.93995,-27.98672 31.93995,-27.98626 31.93981,-27.98613 31.93965,-27.98604 31.93965,-27.98598 31.93961,-27.98582 31.9395,-27.98574 31.93946,-27.98564 31.93946,-27.98554 31.93948,-27.98531 31.93934,-27.98521 31.93925,-27.98511 31.93925,-27.98494 31.93926,-27.98471 31.93924,-27.98461 31.93912,-27.98447 31.93908,-27.98434 31.93908,-27.98401 31.939,-27.98382 31.93892,-27.98357 31.93881,-27.98343 31.93878,-27.98321 31.93878,-27.98303 31.9388,-27.98281 31.9388,-27.98257 31.93888,-27.98225 31.93895,-27.98189 31.93892,-27.98168 31.93889,-27.98145 31.9389,-27.98107 31.93878,-27.98071 31.93874,-27.98048 31.93865,-27.9802 31.93854,-27.98003 31.93854,-27.97997 31.93852,-27.97981 31.93852,-27.97972 31.93823,-27.97965 31.93813,-27.97954 31.93803,-27.97934 31.93803,-27.97919 31.93801,-27.97897 31.93797,-27.97881 31.93785,-27.9787 31.93775,-27.97845 31.93763,-27.97812 31.93763,-27.97775 31.93749,-27.97757 31.93748,-27.97741 31.93728,-27.97698 31.93719,-27.97686 31.93704,-27.97659 31.93702,-27.97637 31.93703,-27.97622 31.93712,-27.97583 31.93719,-27.97547 31.93721,-27.97514 31.93724,-27.97488 31.93732,-27.9747 31.93741,-27.97435 31.93751,-27.97417 31.9376,-27.97399 31.93778,-27.9738 31.93802,-27.97358 31.9383,-27.97351 31.93842,-27.97344 31.93858,-27.97337 31.93868,-27.97327 31.93882,-27.97318 31.93904,-27.97302 31.93935,-27.97271 31.9395,-27.97259 31.9396,-27.97246 31.93967,-27.97237 31.93976,-27.97188 31.93976,-27.97128 31.93983,-27.97117 31.93983,-27.9705 31.93989,-27.9703 31.93999,-27.97011 31.94017,-27.96999 31.9403,-27.9699 31.9405,-27.96982 31.94089,-27.96966 31.9412,-27.96953 31.94146,-27.96943 31.9416,-27.96936 31.94187,-27.96917 31.94211,-27.96899 31.94229,-27.96884 31.94244,-27.96871 31.94257,-27.96865 31.94303,-27.96857 31.94324,-27.96857 31.94356,-27.96852 31.94415,-27.96841 31.94458,-27.9683 31.94493,-27.9682 31.94554,-27.968 31.94574,-27.96789 31.94597,-27.96787 31.94644,-27.96784 31.94684,-27.96772 31.94713,-27.96761 31.94725,-27.96743 31.94749,-27.96712 31.94774,-27.96684 31.94796,-27.96673 31.94796,-27.96665 31.94796,-27.96661 31.94786,-27.96645 31.9478,-27.9664 31.94772,-27.96613 31.94759,-27.96583 31.94753,-27.96551 31.94738,-27.96496 31.94718,-27.9644 31.94715,-27.96419 31.94718,-27.96411 31.9472,-27.96406 31.94723,-27.96403 31.94727,-27.96397 31.94729,-27.96392 31.94733,-27.96387 31.94739,-27.96379 31.94742,-27.96373 31.94754,-27.96366 31.94764,-27.96363 31.94772,-27.96359 31.94781,-27.96355 31.94805,-27.96343 31.94814,-27.96338 31.94818,-27.96334 31.94823,-27.9633 31.94826,-27.96326 31.94835,-27.9631 31.94843,-27.96295 31.94847,-27.96286 31.94854,-27.96272 31.94864,-27.96249 31.94874,-27.96227 31.94883,-27.96206 31.94891,-27.96189 31.94899,-27.96171 31.94909,-27.96149 31.9491,-27.96146 31.94917,-27.96132 31.94935,-27.96092 31.94955,-27.96048 31.94957,-27.96035 31.94961,-27.96032 31.94991,-27.96012 31.95038,-27.95989 31.95083,-27.95964 31.95109,-27.95945 31.9514,-27.95925 31.95181,-27.95889 31.95217,-27.95854 31.95255,-27.95818 31.95265,-27.95795 31.95275,-27.95766 31.95282,-27.95746 31.95278,-27.95733 31.9526,-27.95715 31.95234,-27.95688 31.95224,-27.95627 31.95222,-27.95562 31.95218,-27.95538 31.95224,-27.95507 31.9523,-27.9541 31.95231,-27.95379 31.95236,-27.95362 31.95245,-27.95323 31.9525,-27.95284 31.95259,-27.95241 31.95267,-27.95213 31.95266,-27.95193 31.9526,-27.95179 31.95248,-27.95152 31.95244,-27.95135 31.95252,-27.95101 31.9526,-27.95084 31.95265,-27.95068 31.95265,-27.9503 31.95271,-27.95009 31.95276,-27.94988 31.95288,-27.9495 31.95295,-27.9494 31.95312,-27.94922 31.95336,-27.94888 31.95365,-27.94848 31.95368,-27.94834 31.95359,-27.94809 31.95358,-27.94796 31.95358,-27.94778 31.95372,-27.94763 31.95386,-27.94752 31.95392,-27.94736 31.95414,-27.94708 31.9543,-27.94695 31.95442,-27.94673 31.95458,-27.94657 31.95466,-27.94638 31.95494,-27.94598 31.95509,-27.94587 31.95516,-27.94573 31.9553,-27.94557 31.95543,-27.94538 31.95558,-27.9452 31.9558,-27.94474 31.95585,-27.94442 31.95588,-27.94427 31.95595,-27.94415 31.95601,-27.94391 31.95613,-27.94364 31.95619,-27.94353 31.95631,-27.94334 31.9564,-27.94321 31.9564,-27.94307 31.95638,-27.94286 31.95624,-27.94277 31.95609,-27.94267 31.95611,-27.94253 31.95607,-27.94233 31.95614,-27.94216 31.95612,-27.94202 31.95607,-27.9419 31.95594,-27.94178 31.95576,-27.9416 31.95568,-27.94146 31.95563,-27.94132 31.95566,-27.94116 31.95557,-27.94082 31.95551,-27.94057 31.95547,-27.94035 31.95547,-27.93994 31.95551,-27.93971 31.95529,-27.93944 31.95529,-27.93935 31.95521,-27.93916 31.95508,-27.93891 31.95503,-27.93877 31.955,-27.93842 31.95488,-27.93808 31.95473,-27.93777 31.95466,-27.93766 31.95455,-27.93749 31.95438,-27.9373 31.95434,-27.93712 31.95441,-27.9371 31.95454,-27.93708 31.9547,-27.93693 31.95474,-27.93678 31.95479,-27.93664 31.95486,-27.93652 31.95502,-27.93643 31.95527,-27.93629 31.95566,-27.93624 31.95595,-27.93624 31.95614,-27.93622 31.95636,-27.93623 31.95646,-27.9362 31.95667,-27.93616 31.95684,-27.93607 31.957,-27.93597 31.95714,-27.93588 31.95724,-27.93579 31.95743,-27.93561 31.95758,-27.93545 31.95776,-27.93529 31.95789,-27.93509 31.95799,-27.93494 31.95799,-27.93477 31.95798,-27.93465 31.95793,-27.93445 31.95797,-27.93432 31.95803,-27.9342 31.95817,-27.93413 31.95833,-27.9341 31.9586,-27.9341 31.95887,-27.93412 31.959,-27.93406 31.95912,-27.93395 31.9592,-27.93386 31.95932,-27.93369 31.95941,-27.93361 31.95949,-27.93356 31.95968,-27.93348 31.95972,-27.93335 31.95971,-27.93319 31.95966,-27.93299 31.95969,-27.93288 31.95979,-27.93279 31.95994,-27.93273 31.96005,-27.9327 31.96016,-27.93265 31.96033,-27.93257 31.96038,-27.93248 31.96035,-27.93238 31.96015,-27.93223 31.96011,-27.93209 31.96022,-27.93198 31.96038,-27.93195 31.96055,-27.93205 31.96069,-27.93212 31.96088,-27.93217 31.96097,-27.93217 31.96105,-27.93212 31.96114,-27.93197 31.96116,-27.93185 31.96112,-27.93173 31.96112,-27.93157 31.96117,-27.93146 31.96126,-27.93136 31.96137,-27.93135 31.96155,-27.93136 31.96156,-27.93144 31.96173,-27.93159 31.96185,-27.93161 31.962,-27.93166 31.96225,-27.93167 31.96257,-27.93167 31.96275,-27.93166 31.96298,-27.93161 31.9631,-27.93157 31.96327,-27.93141 31.96344,-27.9313 31.96364,-27.93128 31.96387,-27.9313 31.96403,-27.93129 31.96417,-27.93122 31.96426,-27.93112 31.96436,-27.93104 31.96451,-27.93097 31.96463,-27.93098 31.96475,-27.93102 31.96494,-27.9311 31.96515,-27.93111 31.9652,-27.93108 31.96529,-27.93101 31.9654,-27.93095 31.96555,-27.93092 31.96568,-27.93093 31.96581,-27.93096 31.96594,-27.93111 31.96606,-27.93129 31.96618,-27.93143 31.96634,-27.93152 31.96649,-27.93158 31.96674,-27.93161 31.96706,-27.93163 31.96733,-27.93162 31.96759,-27.93154 31.96786,-27.93143 31.96796,-27.93136 31.96814,-27.93121 31.96822,-27.93108 31.96847,-27.93099 31.96871,-27.93092 31.96885,-27.93095 31.96903,-27.93102 31.96919,-27.93112 31.9696,-27.93128 31.96976,-27.93146 31.97,-27.93152 31.97027,-27.93158 31.97062,-27.9317 31.97086,-27.93185 31.97109,-27.932 31.97131,-27.93223 31.97142,-27.93241 31.97164,-27.93252 31.97184,-27.93255 31.97215,-27.93262 31.97251,-27.93274 31.9727,-27.93276 31.97294,-27.93282 31.97319,-27.93294 31.97346,-27.93306 31.97362,-27.93321 31.97367,-27.93334 31.97369,-27.93352 31.97372,-27.93372 31.97387,-27.93385 31.97396,-27.93399 31.97404,-27.93414 31.97418,-27.93423 31.97429,-27.93426 31.97441,-27.93426 31.97476,-27.93422 31.97505,-27.93427 31.97533,-27.9343 31.97557,-27.93436 31.97568,-27.93452 31.97582,-27.93459 31.97602,-27.93463 31.97631,-27.93467 31.97651,-27.93471 31.97667,-27.93475 31.97687,-27.93484 31.97692,-27.935 31.97688,-27.93515 31.97678,-27.93523 31.97634,-27.93523 31.97625,-27.93527 31.97624,-27.93541 31.97632,-27.93565 31.97643,-27.93572 31.97675,-27.93588 31.97704,-27.93596 31.97732,-27.93605 31.97761,-27.93621 31.97781,-27.93641 31.97797,-27.93662 31.97812,-27.93674 31.97837,-27.93685 31.97864,-27.9369 31.9789,-27.9369 31.97921,-27.93691 31.9795,-27.93692 31.9797,-27.93686 31.97986,-27.93679 31.98004,-27.93673 31.98029,-27.9367 31.98053,-27.93661 31.98067,-27.93646 31.98079,-27.93639 31.98102,-27.93614 31.98113,-27.936 31.98127,-27.93584 31.98139,-27.93569 31.98152,-27.93554 31.98165,-27.9354 31.98177,-27.93527 31.98191,-27.9352 31.98208,-27.93512 31.98232,-27.93504 31.98265,-27.93491 31.9827,-27.93479 31.98278,-27.93464 31.98275,-27.93443 31.98251,-27.93432 31.98228,-27.93416 31.98209,-27.934 31.98201,-27.93377 31.98203,-27.93363 31.98207,-27.93348 31.98219,-27.93334 31.98236,-27.93324 31.98265,-27.93307 31.98304,-27.93296 31.98327,-27.9329 31.98343,-27.93283 31.98353,-27.93273 31.98359,-27.93259 31.98358,-27.93239 31.9836,-27.93215 31.98365,-27.93197 31.98373,-27.93184 31.98384,-27.93168 31.98393,-27.93156 31.98402,-27.93152 31.98415,-27.93146 31.98431,-27.93147 31.98452,-27.93155 31.98464,-27.93155 31.98474,-27.9315 31.98481,-27.93139 31.98484,-27.93128 31.98495,-27.93111 31.98499,-27.93091 31.98508,-27.93072 31.98513,-27.93057 31.98517,-27.93036 31.98519,-27.93006 31.98518,-27.92977 31.98515,-27.92959 31.98509,-27.92939 31.98489,-27.92903 31.98477,-27.92877 31.98475,-27.92872 31.98475,-27.92856 31.98481,-27.92844 31.98487,-27.92839 31.98499,-27.92831 31.98512,-27.92828 31.98523,-27.9283 31.98548,-27.92831 31.98563,-27.9283 31.98585,-27.92822 31.98595,-27.92807 31.98601,-27.92786 31.98612,-27.92775 31.98629,-27.92768 31.98649,-27.92762 31.98683,-27.92744 31.98686,-27.92735 31.98692,-27.92726 31.98697,-27.9271 31.98711,-27.927 31.98728,-27.92685 31.98741,-27.92679 31.98764,-27.92673 31.98784,-27.92665 31.98811,-27.9266 31.98836,-27.92661 31.98854,-27.92669 31.98875,-27.92677 31.98894,-27.92686 31.98923,-27.92698 31.98945,-27.92703 31.98962,-27.92707 31.98975,-27.927 31.98993,-27.92687 31.98996,-27.92662 31.99,-27.92645 31.99009,-27.92642 31.99031,-27.92638 31.99049,-27.92636 31.99058,-27.92629 31.99068,-27.92603 31.99079,-27.92589 31.99097,-27.92582 31.99121,-27.92584 31.99136,-27.92592 31.99151,-27.92608 31.99158,-27.92634 31.99173,-27.92656 31.99177,-27.9267 31.99168,-27.92682 31.99155,-27.92696 31.9914,-27.9271 31.99144,-27.92724 31.99155,-27.92728 31.99168,-27.92732 31.9919,-27.92743 31.99203,-27.92743 31.99218,-27.92745 31.99245,-27.92751 31.99269,-27.92759 31.99288,-27.92764 31.9931,-27.92772 31.99334,-27.92788 31.99347,-27.92806 31.99355,-27.92823 31.99357,-27.92843 31.99358,-27.92864 31.99351,-27.92898 31.99341,-27.92921 31.9933,-27.92934 31.99318,-27.92959 31.99308,-27.92998 31.99304,-27.93009 31.99297,-27.93021 31.99285,-27.93043 31.99282,-27.9307 31.99287,-27.93091 31.99298,-27.93106 31.99317,-27.93119 31.99335,-27.93121 31.99373,-27.93121 31.99389,-27.93127 31.99404,-27.93136 31.99424,-27.93158 31.99434,-27.93177 31.99442,-27.93199 31.99448,-27.93214 31.99474,-27.9325 31.99499,-27.9327 31.99525,-27.93274 31.99538,-27.93269 31.99573,-27.93238 31.99594,-27.93217 31.99624,-27.93201 31.99657,-27.93198 31.9969,-27.93202 31.99715,-27.9321 31.99734,-27.93221 31.99769,-27.93239 31.99785,-27.93257 31.99814,-27.93273 31.99845,-27.93296 31.99894,-27.93329 31.99934,-27.93338 31.99965,-27.93339 31.99974,-27.93339 31.99998,-27.93349 32.00003,-27.9335 32.00015,-27.93357 32.00039,-27.93371 32.00048,-27.93368 32.00068,-27.93357 32.00095,-27.93336 32.0011,-27.93319 32.00129,-27.93299 32.00132,-27.93286 32.00138,-27.93275 32.00155,-27.9324 32.00168,-27.93216 32.00187,-27.93196 32.002,-27.93189 32.00226,-27.93179 32.00238,-27.93179 32.00253,-27.93184 32.00259,-27.93194 32.00258,-27.93214 32.00248,-27.93247 32.00248,-27.93269 32.00264,-27.93279 32.00288,-27.9328 32.00299,-27.93274 32.0032,-27.93258 32.00334,-27.93239 32.00343,-27.93234 32.00353,-27.93224 32.0036,-27.93215 32.0037,-27.93202 32.00387,-27.93193 32.00393,-27.93184 32.00403,-27.93175 32.0041,-27.93174 32.00421,-27.93172 32.00441,-27.9317 32.0045,-27.93162 32.00457,-27.93154 32.00467,-27.9314 32.00481,-27.93125 32.00492,-27.93117 32.00511,-27.93109 32.00529,-27.93102 32.00562,-27.93097 32.00576,-27.93093 32.00588,-27.93087 32.0059,-27.9308 32.00598,-27.93066 32.00612,-27.9306 32.00631,-27.93058 32.00651,-27.93063 32.00659,-27.93078 32.00667,-27.93092 32.00682,-27.93103 32.00705,-27.93124 32.0072,-27.93131 32.00734,-27.93136 32.0075,-27.93137 32.00771,-27.93139 32.00788,-27.93139 32.00814,-27.93137 32.00834,-27.93133 32.00854,-27.93127 32.00873,-27.93118 32.00889,-27.9311 32.00902,-27.93098 32.00906,-27.93084 32.00905,-27.93071 32.00905,-27.93055 32.00912,-27.93042 32.00923,-27.93033 32.00938,-27.93026 32.00964,-27.93024 32.00994,-27.93028 32.01018,-27.9303 32.01037,-27.93029 32.01052,-27.93027 32.01059,-27.93021 32.01084,-27.93012 32.01095,-27.93006 32.01109,-27.93001 32.01124,-27.93 32.01135,-27.93005 32.01155,-27.93017 32.01179,-27.93038 32.01206,-27.93054 32.01234,-27.93065 32.01273,-27.93072 32.01307,-27.93077 32.01325,-27.9308 32.0136,-27.93089 32.01383,-27.93103 32.01397,-27.93113 32.01421,-27.93126 32.01446,-27.93135 32.01462,-27.93137 32.01491,-27.93141 32.01517,-27.93142 32.01525,-27.93139 32.01529,-27.93135 32.01536,-27.93132 32.01547,-27.93128 32.01554,-27.93123 32.01565,-27.93117 32.01573,-27.93111 32.01582,-27.93103 32.01587,-27.93095 32.016,-27.93087 32.01617,-27.93073 32.01634,-27.93063 32.01652,-27.93054 32.01671,-27.93048 32.01694,-27.93046 32.01713,-27.93046 32.01737,-27.93051 32.018,-27.93076 32.01823,-27.93084 32.01842,-27.93083 32.01864,-27.93079 32.01875,-27.93074 32.01885,-27.93066 32.01896,-27.93054 32.01911,-27.93039 32.01931,-27.93023 32.01944,-27.9301 32.0196,-27.92996 32.02002,-27.92998 32.02019,-27.9301 32.0205,-27.93035 32.02078,-27.93065 32.0209,-27.9307 32.02099,-27.9307 32.02111,-27.93067 32.02124,-27.93055 32.02134,-27.93043 32.02148,-27.93037 32.0216,-27.93031 32.02171,-27.93034 32.02184,-27.93043 32.02197,-27.93047 32.02205,-27.93046 32.02223,-27.9304 32.02231,-27.93032 32.02241,-27.93024 32.0225,-27.93016 32.02264,-27.93011 32.02284,-27.93011 32.02297,-27.93021 32.02313,-27.9304 32.02314,-27.93059 32.02311,-27.93102 32.0231,-27.93128 32.02303,-27.93183 32.02307,-27.93238 32.02316,-27.93255 32.02342,-27.93291 32.02361,-27.93298 32.02371,-27.933 32.02381,-27.93295 32.02381,-27.93282 32.02377,-27.93261 32.02377,-27.93253 32.02379,-27.93251 32.0239,-27.93249 32.02406,-27.93252 32.02418,-27.93261 32.02428,-27.9327 32.02438,-27.93272 32.02447,-27.93269 32.02456,-27.93263 32.02471,-27.93254 32.02487,-27.93253 32.02502,-27.93256 32.02523,-27.93271 32.02541,-27.93278 32.02565,-27.93281 32.02571,-27.93279 32.0258,-27.93276 32.02583,-27.93269 32.0258,-27.93256 32.0258,-27.93249 32.02566,-27.93238 32.02549,-27.93231 32.0254,-27.93222 32.02537,-27.93207 32.02536,-27.93198 32.02527,-27.93192 32.02506,-27.93181 32.02486,-27.93172 32.02463,-27.93154 32.02452,-27.93138 32.02448,-27.9312 32.02455,-27.93114 32.02463,-27.93104 32.02472,-27.931 32.02484,-27.931 32.02499,-27.93103 32.02521,-27.93109 32.02535,-27.93115 32.02568,-27.93115 32.0259,-27.93111 32.02617,-27.9311 32.02646,-27.9311 32.0268,-27.93105 32.02708,-27.93098 32.02716,-27.93095 32.0273,-27.9309 32.02735,-27.93089 32.02756,-27.93075 32.02767,-27.93065 32.02794,-27.93051 32.02808,-27.93038 32.02832,-27.93021 32.02849,-27.93004 32.02865,-27.92991 32.02878,-27.92976 32.02892,-27.9296 32.02908,-27.92937 32.02927,-27.92911 32.02956,-27.92888 32.02973,-27.92877 32.02995,-27.92876 32.03026,-27.92877 32.03056,-27.92886 32.03081,-27.92903 32.03105,-27.92921 32.0313,-27.92928 32.0315,-27.9293 32.03166,-27.9293 32.0318,-27.9292 32.03185,-27.9291 32.03186,-27.92891 32.03188,-27.92864 32.03188,-27.92858 32.03294,-27.92987 32.03551,-27.93305 32.04071,-27.93935 32.04331,-27.94251 32.0459,-27.94566 32.0483,-27.94857 32.0485,-27.94881 32.0511,-27.95197 32.05363,-27.95504 32.06006,-27.95344 32.0632,-27.95263 32.06343,-27.95245 32.0639,-27.95193 32.06425,-27.95157 32.06453,-27.95135 32.06476,-27.95111 32.06491,-27.95087 32.06521,-27.95058 32.0656,-27.95039 32.06583,-27.95029 32.06608,-27.95019 32.0663,-27.95016 32.06656,-27.95018 32.06674,-27.95021 32.06707,-27.95035 32.06734,-27.95044 32.06764,-27.95057 32.06782,-27.9506 32.06811,-27.95065 32.06839,-27.95076 32.06874,-27.95094 32.06895,-27.95109 32.06931,-27.95129 32.06936,-27.9513 32.06963,-27.95135 32.06986,-27.95135 32.06998,-27.95132 32.07039,-27.95112 32.07057,-27.95094 32.07082,-27.95075 32.07096,-27.95064 32.07124,-27.95055 32.07159,-27.95054 32.07175,-27.95053 32.07196,-27.95053 32.07237,-27.95063 32.07274,-27.95076 32.07301,-27.95089 32.07356,-27.95103 32.07378,-27.95103 32.07393,-27.95099 32.07407,-27.95087 32.07428,-27.95079 32.07447,-27.95072 32.0748,-27.95057 32.07532,-27.95043 32.07548,-27.95039 32.07563,-27.95031 32.07585,-27.95026 32.07604,-27.95013 32.07635,-27.95001 32.07652,-27.94994 32.07709,-27.94981 32.07734,-27.94968 32.07767,-27.94959 32.07811,-27.94943 32.07832,-27.94926 32.07854,-27.94912 32.07877,-27.94906 32.07927,-27.94896 32.0794,-27.94882 32.07957,-27.94862 32.07974,-27.94844 32.08013,-27.94815 32.08053,-27.94801 32.08073,-27.94785 32.08081,-27.9478 32.08088,-27.94764 32.08105,-27.94748 32.08121,-27.94726 32.0813,-27.947 32.08144,-27.94682 32.08156,-27.94666 32.08162,-27.94622 32.08177,-27.94588 32.08185,-27.94548 32.08194,-27.94523 32.08213,-27.94508 32.08229,-27.945 32.08252,-27.94489 32.08267,-27.94474 32.08271,-27.94451 32.08255,-27.94434 32.08244,-27.94416 32.08243,-27.94383 32.08236,-27.9435 32.08239,-27.9432 32.08252,-27.94289 32.08273,-27.94257 32.08304,-27.9423 32.08315,-27.94226 32.08341,-27.94208 32.08364,-27.94195 32.08389,-27.94184 32.08444,-27.94158 32.08496,-27.94149 32.08522,-27.94141 32.08542,-27.94133 32.08564,-27.94121 32.08584,-27.94106 32.08609,-27.9409 32.08632,-27.94065 32.08648,-27.94042 32.08658,-27.94017 32.08662,-27.93997 32.08666,-27.93982 32.08699,-27.93958 32.0872,-27.93937 32.08751,-27.93937 32.08781,-27.93947 32.08803,-27.9396 32.08818,-27.9396 32.08848,-27.93972 32.08866,-27.93975 32.08898,-27.93975 32.08921,-27.93968 32.0895,-27.9397 32.08985,-27.93983 32.09013,-27.93997 32.09032,-27.94008 32.09051,-27.94016 32.09069,-27.94021 32.0909,-27.94023 32.0911,-27.94016 32.0914,-27.94009 32.09178,-27.93982 32.09196,-27.93971 32.09233,-27.93952 32.09272,-27.93921 32.09286,-27.93903 32.09288,-27.9387 32.0929,-27.93847 32.09305,-27.93826 32.09327,-27.93814 32.09362,-27.93804 32.09386,-27.93806 32.09412,-27.93806 32.09426,-27.93805 32.09436,-27.93797 32.09444,-27.93784 32.09452,-27.93765 32.0946,-27.93724 32.09469,-27.93713 32.09483,-27.93699 32.09498,-27.9369 32.09516,-27.9368 32.09527,-27.93667 32.09544,-27.9364 32.0956,-27.93603 32.09564,-27.93572 32.09572,-27.93547 32.09574,-27.93498 32.09578,-27.93444 32.09572,-27.93408 32.09564,-27.9337 32.09549,-27.93347 32.09535,-27.93334 32.09518,-27.93294 32.09499,-27.93268 32.09483,-27.93248 32.09453,-27.93222 32.09425,-27.93187 32.09422,-27.93159 32.09425,-27.93144 32.09452,-27.93126 32.09483,-27.93097 32.09503,-27.93067 32.09506,-27.9305 32.09499,-27.93026 32.09487,-27.93008 32.09485,-27.92979 32.09494,-27.92948 32.0951,-27.92923 32.09535,-27.92893 32.09551,-27.92858 32.09561,-27.92826 32.09576,-27.92804 32.09599,-27.92788 32.09623,-27.92764 32.0964,-27.92744 32.0966,-27.9273 32.09685,-27.92725 32.09703,-27.92718 32.09746,-27.9272 32.09764,-27.92717 32.09783,-27.92716 32.09797,-27.92715 32.09821,-27.92709 32.09846,-27.92698 32.09865,-27.92683 32.09886,-27.92671 32.09894,-27.92641 32.09899,-27.92614 32.09917,-27.92579 32.09932,-27.92557 32.09952,-27.92538 32.09993,-27.92507 32.1001,-27.9249 32.10039,-27.92453 32.10059,-27.92431 32.10081,-27.92407 32.10097,-27.92384 32.10107,-27.92371 32.10122,-27.92345 32.10136,-27.92329 32.10136,-27.9231 32.10117,-27.92295 32.10087,-27.92238 32.10093,-27.92198 32.10109,-27.92171 32.10135,-27.92157 32.10155,-27.92145 32.10166,-27.9213 32.1017,-27.92102 32.10156,-27.9206 32.10146,-27.92037 32.1013,-27.92021 32.10117,-27.91997 32.10112,-27.91982 32.10106,-27.91963 32.10092,-27.91922 32.10092,-27.91871 32.10097,-27.91854 32.10104,-27.91838 32.10121,-27.91817 32.10144,-27.91787 32.10162,-27.91765 32.1018,-27.91755 32.10238,-27.91755 32.1025,-27.91763 32.10261,-27.9177 32.1028,-27.9177 32.10307,-27.91763 32.10316,-27.91756 32.10322,-27.91736 32.10312,-27.91718 32.10293,-27.91705 32.1028,-27.91693 32.1024,-27.9166 32.1022,-27.91637 32.10215,-27.91624 32.10211,-27.91593 32.10226,-27.91555 32.10245,-27.91534 32.10266,-27.91527 32.10294,-27.91525 32.10313,-27.91527 32.10337,-27.91511 32.10351,-27.91501 32.10375,-27.91489 32.10396,-27.91483 32.10437,-27.91482 32.10462,-27.91486 32.10479,-27.91491 32.1052,-27.91489 32.10558,-27.91489 32.10572,-27.91487 32.10605,-27.91479 32.1063,-27.91474 32.10672,-27.91465 32.10718,-27.91465 32.10748,-27.91467 32.10785,-27.91474 32.10818,-27.91485 32.1084,-27.915 32.10882,-27.91508 32.10916,-27.91518 32.10954,-27.91541 32.11002,-27.91564 32.11025,-27.91575 32.11056,-27.91594 32.11092,-27.91613 32.11123,-27.91627 32.11159,-27.91645 32.11179,-27.91654 32.11215,-27.91672 32.1126,-27.91702 32.11287,-27.91716 32.11322,-27.91741 32.11347,-27.91756 32.11364,-27.91767 32.11374,-27.91786 32.11414,-27.91817 32.11439,-27.91833 32.11478,-27.91856 32.11505,-27.91872 32.1154,-27.91895 32.11566,-27.9191 32.11592,-27.91924 32.11621,-27.91937 32.11655,-27.91941 32.11679,-27.91952 32.11739,-27.91964 32.1179,-27.91975 32.11827,-27.91981 32.1186,-27.91977 32.11886,-27.91975 32.11907,-27.9198 32.11932,-27.91994 32.11955,-27.92006 32.11985,-27.92029 32.12023,-27.92042 32.12046,-27.92054 32.12074,-27.92075 32.12113,-27.921 32.12147,-27.92119 32.12165,-27.92128 32.12179,-27.92142 32.12199,-27.92177 32.12213,-27.92183 32.12236,-27.92197 32.12273,-27.92203 32.12318,-27.92203 32.12347,-27.92218 32.12377,-27.92236 32.12383,-27.92248 32.1242,-27.92282 32.12442,-27.92303 32.12469,-27.92327 32.12503,-27.92354 32.12527,-27.92368 32.1254,-27.9238 32.12555,-27.9239 32.12565,-27.92397 32.12587,-27.92414 32.12596,-27.92417 32.12626,-27.92434 32.12656,-27.92438 32.12681,-27.92437 32.1272,-27.92434 32.12765,-27.92436 32.12806,-27.92437 32.12831,-27.9244 32.12868,-27.92441 32.12907,-27.92449 32.12966,-27.92461 32.13002,-27.92472 32.13019,-27.92485 32.13059,-27.92504 32.13084,-27.92533 32.13102,-27.92544 32.13135,-27.92548 32.13157,-27.92548 32.13177,-27.92541 32.13189,-27.92539 32.13207,-27.92534 32.13219,-27.92534 32.13264,-27.92525 32.13294,-27.92527 32.13328,-27.92533 32.13348,-27.92541 32.13434,-27.92539 32.1346,-27.92536 32.13491,-27.92526 32.13515,-27.92514 32.13536,-27.92509 32.13557,-27.92509 32.13572,-27.92514 32.1361,-27.92528 32.13641,-27.9254 32.13659,-27.92551 32.1368,-27.9256 32.1371,-27.92564 32.13724,-27.92564 32.13763,-27.92568 32.13783,-27.92568 32.13799,-27.9257 32.13826,-27.9258 32.13845,-27.9259 32.13869,-27.9261 32.13903,-27.92644 32.13925,-27.92675 32.13939,-27.92695 32.13962,-27.92717 32.13979,-27.92732 32.14002,-27.92753 32.14032,-27.92769 32.14065,-27.92778 32.14088,-27.92781 32.14109,-27.92781 32.14147,-27.92798 32.14188,-27.92811 32.14213,-27.92825 32.14231,-27.92834 32.1427,-27.92858 32.14312,-27.92879 32.14342,-27.92892 32.1437,-27.92909 32.14397,-27.92929 32.14444,-27.92953 32.14462,-27.92968 32.14485,-27.92987 32.14509,-27.92999 32.14548,-27.93014 32.14582,-27.93039 32.14604,-27.93049 32.14622,-27.93061 32.14648,-27.93065 32.14674,-27.93066 32.14716,-27.93063 32.14775,-27.93063 32.14806,-27.93061 32.14825,-27.93062 32.1485,-27.93067 32.14877,-27.93072 32.14918,-27.93089 32.14949,-27.93096 32.14985,-27.93102 32.15017,-27.93104 32.15048,-27.93104 32.15065,-27.93099 32.1511,-27.9308 32.15147,-27.93053 32.15171,-27.93033 32.15196,-27.93011 32.15221,-27.92996 32.15249,-27.92979 32.15277,-27.92958 32.15304,-27.92943 32.15323,-27.92929 32.15336,-27.92898 32.15352,-27.9287 32.15392,-27.92824 32.15411,-27.92805 32.15427,-27.92791 32.15449,-27.92784 32.15468,-27.92771 32.15499,-27.92757 32.15517,-27.92741 32.15531,-27.92724 32.15547,-27.92709 32.15556,-27.92687 32.15565,-27.92672 32.15587,-27.92654 32.15632,-27.92631 32.15664,-27.92615 32.15706,-27.92604 32.15741,-27.9259 32.15764,-27.92577 32.15794,-27.92574 32.15821,-27.92577 32.1584,-27.92585 32.15881,-27.92589 32.15914,-27.92598 32.15937,-27.92615 32.15963,-27.92629 32.16,-27.92655 32.16033,-27.92658 32.16065,-27.92634 32.16083,-27.92608 32.16083,-27.92573 32.16091,-27.92554 32.16109,-27.92546 32.16132,-27.9254 32.16157,-27.92536 32.16191,-27.9254 32.16226,-27.92551 32.16244,-27.9257 32.1627,-27.92617 32.16289,-27.9263 32.16309,-27.92664 32.16336,-27.92691 32.16376,-27.92693 32.16422,-27.9268 32.16459,-27.92663 32.16485,-27.92646 32.16512,-27.92626 32.16548,-27.92599 32.16571,-27.92566 32.16585,-27.92537 32.166,-27.92507 32.16628,-27.92453 32.16641,-27.92423 32.16647,-27.924 32.16647,-27.92358 32.16654,-27.923 32.16656,-27.92268 32.16655,-27.92221 32.16668,-27.9217 32.16681,-27.92146 32.16705,-27.92122 32.16735,-27.92108 32.16764,-27.92088 32.16801,-27.92067 32.16822,-27.92033 32.16838,-27.92002 32.16846,-27.9198 32.16839,-27.91929 32.16825,-27.91893 32.16815,-27.91856 32.16816,-27.91818 32.16845,-27.91803 32.1687,-27.91785 32.16894,-27.91772 32.16941,-27.91764 32.16988,-27.91787 32.16999,-27.91785 32.17001,-27.91766 32.17019,-27.91754 32.17051,-27.91754 32.1707,-27.9174 32.17087,-27.91727 32.17107,-27.91717 32.17127,-27.91705 32.17161,-27.91683 32.17198,-27.91672 32.17221,-27.91667 32.17248,-27.9166 32.17272,-27.91665 32.17296,-27.91671 32.17338,-27.91684 32.17356,-27.91685 32.17377,-27.91685 32.17389,-27.917 32.17404,-27.91717 32.17417,-27.91736 32.17418,-27.91757 32.17422,-27.91814 32.17426,-27.91843 32.17428,-27.91865 32.17427,-27.9189 32.17428,-27.91933 32.17443,-27.91956 32.17458,-27.91966 32.17475,-27.91968 32.17503,-27.91963 32.17524,-27.91946 32.17547,-27.91928 32.17565,-27.91913 32.17588,-27.91906 32.17608,-27.91913 32.17624,-27.91932 32.17639,-27.91955 32.17663,-27.92013 32.17666,-27.92038 32.17667,-27.9206 32.17677,-27.9208 32.17696,-27.92098 32.17714,-27.92111 32.17736,-27.92114 32.17748,-27.92131 32.17766,-27.92152 32.17766,-27.92199 32.17764,-27.92221 32.17747,-27.92251 32.17723,-27.92299 32.17712,-27.92317 32.177,-27.92332 32.17685,-27.92337 32.17643,-27.92354 32.17624,-27.92365 32.17606,-27.92372 32.17589,-27.92387 32.17589,-27.924 32.17607,-27.92413 32.17612,-27.92435 32.17619,-27.92448 32.17619,-27.92479 32.17602,-27.92505 32.17595,-27.92532 32.17595,-27.92553 32.17609,-27.92573 32.17614,-27.92612 32.17614,-27.92668 32.17619,-27.9269 32.17628,-27.92713 32.17633,-27.92732 32.17628,-27.92767 32.17637,-27.92799 32.17645,-27.92829 32.17649,-27.9285 32.17649,-27.92868 32.17653,-27.92915 32.17657,-27.92953 32.17667,-27.92992 32.17671,-27.93009 32.17671,-27.93035 32.17678,-27.9306 32.17688,-27.93091 32.17707,-27.93102 32.17718,-27.93102 32.17724,-27.93116 32.1772,-27.93125 32.17709,-27.93132 32.17705,-27.93138 32.17701,-27.93145 32.17712,-27.93159 32.1772,-27.93164 32.17733,-27.93177 32.17744,-27.93182 32.17781,-27.93211 32.17802,-27.9323 32.17818,-27.93245 32.17833,-27.93255 32.17855,-27.93274 32.17881,-27.93284 32.1794,-27.93298 32.1797,-27.93292 32.17988,-27.93284 32.18006,-27.9327 32.18031,-27.93256 32.18048,-27.93245 32.18063,-27.93237 32.18114,-27.93228 32.18163,-27.93251 32.1818,-27.93271 32.18194,-27.9329 32.18202,-27.9331 32.18221,-27.93358 32.18225,-27.93376 32.18242,-27.93387 32.18253,-27.93414 32.18256,-27.93436 32.18267,-27.93453 32.18301,-27.9349 32.18325,-27.93501 32.18353,-27.93502 32.18402,-27.93487 32.18429,-27.93478 32.18453,-27.93476 32.18497,-27.9348 32.18519,-27.93485 32.18546,-27.93503 32.18564,-27.93522 32.18579,-27.93546 32.18569,-27.93585 32.18563,-27.93599 32.18562,-27.93613 32.18566,-27.93633 32.18571,-27.93655 32.18586,-27.93677 32.18612,-27.93697 32.18622,-27.93709 32.18656,-27.93734 32.18678,-27.93749 32.18697,-27.93761 32.18713,-27.93771 32.18741,-27.9379 32.18775,-27.93804 32.18804,-27.93824 32.18823,-27.9384 32.18833,-27.93854 32.18837,-27.93868 32.18838,-27.93877 32.18844,-27.9389 32.18852,-27.93896 32.18865,-27.93899 32.18873,-27.93893 32.18887,-27.93844 32.18887,-27.93829 32.18878,-27.93819 32.18869,-27.9381 32.18872,-27.93799 32.18884,-27.93796 32.18895,-27.938 32.18911,-27.93813 32.18927,-27.93829 32.18954,-27.93852 32.18972,-27.93852 32.18999,-27.93843 32.19014,-27.9384 32.19035,-27.93841 32.19069,-27.9385 32.1911,-27.93873 32.19142,-27.93874 32.19163,-27.93881 32.19185,-27.93884 32.19191,-27.93897 32.19195,-27.93916 32.19202,-27.93965 32.19211,-27.9399 32.19205,-27.94012 32.19201,-27.94029 32.19201,-27.94054 32.19223,-27.94076 32.19219,-27.9412 32.19213,-27.94147 32.19199,-27.94164 32.19188,-27.94177 32.19174,-27.94191 32.19165,-27.94205 32.19142,-27.94237 32.19131,-27.94254 32.19121,-27.94284 32.19125,-27.94313 32.19125,-27.94317 32.19141,-27.94342 32.19156,-27.94361 32.1916,-27.94372 32.19168,-27.9439 32.19182,-27.94409 32.19193,-27.94405 32.19211,-27.94424 32.19219,-27.94435 32.19237,-27.9445 32.19255,-27.9447 32.1928,-27.94486 32.19313,-27.94512 32.19314,-27.94515 32.19314,-27.9452 32.19306,-27.94573 32.19305,-27.94583 32.1918,-27.94728 32.19056,-27.94874 32.18931,-27.95019 32.18983,-27.952 32.19036,-27.9538 32.19088,-27.95561 32.19126,-27.95691 32.19176,-27.95864 32.19226,-27.96036 32.1929,-27.96255 32.19368,-27.96525 32.1944,-27.96772 32.1949,-27.96944 32.19494,-27.96958 32.19518,-27.97039 32.1959,-27.97289 32.19714,-27.97719 32.19777,-27.97934 32.19845,-27.98171 32.19914,-27.98408 32.19931,-27.98465 32.19955,-27.98548 32.20037,-27.98832 32.20213,-27.99438 32.20321,-27.99811 32.20411,-28.00121 32.2043,-28.00184 32.20462,-28.00296 32.20495,-28.00408 32.20528,-28.00521 32.2056,-28.00633 32.20593,-28.00746 32.20626,-28.00858 32.20658,-28.0097 32.20691,-28.01083 32.20718,-28.01177 32.20746,-28.01271 32.20773,-28.01364 32.20798,-28.0145 32.20794,-28.01482 32.2079,-28.01502 32.20303,-28.04582 32.20291,-28.04654 32.20281,-28.04722</coordinates></LinearRing></outerBoundaryIs></Polygon></MultiGeometry></Placemark></Document></kml>