<?xml version="1.0" encoding="UTF-8"?><kml xmlns="http://www.opengis.net/kml/2.2"><Document><Placemark><name>KwaDukuza</name><description>Local Municipality 592</description><ExtendedData><Data name="code"><value>592</value></Data><Data name="name"><value>KwaDukuza</value></Data><Data name="description"><value>Local Municipality 592</value></Data></ExtendedData><MultiGeometry><Polygon><outerBoundaryIs><LinearRing><coordinates>31.44657,-29.27519 31.44647,-29.27529 31.44637,-29.27538 31.44623,-29.27547 31.44614,-29.27553 31.44604,-29.27561 31.44598,-29.27571 31.44582,-29.27591 31.44567,-29.27609 31.44555,-29.27628 31.44542,-29.27642 31.4453,-29.27652 31.44517,-29.27664 31.44509,-29.27675 31.44497,-29.27689 31.44486,-29.27701 31.44477,-29.27712 31.44469,-29.27725 31.44456,-29.27746 31.44441,-29.27764 31.44428,-29.2778 31.44419,-29.27796 31.44411,-29.27811 31.44402,-29.27826 31.44397,-29.27836 31.44387,-29.27854 31.44375,-29.2787 31.44369,-29.27883 31.44357,-29.27899 31.44347,-29.27917 31.44332,-29.27933 31.44316,-29.27956 31.44313,-29.27979 31.44313,-29.28008 31.44306,-29.28033 31.44299,-29.28049 31.4429,-29.2806 31.44279,-29.2807 31.4427,-29.28073 31.44262,-29.28075 31.44256,-29.28082 31.44264,-29.28093 31.44276,-29.28099 31.44294,-29.28104 31.44313,-29.28113 31.44325,-29.28129 31.44335,-29.28155 31.44344,-29.28177 31.44351,-29.28194 31.44356,-29.28214 31.44364,-29.28232 31.44368,-29.28251 31.44372,-29.28263 31.44373,-29.28281 31.44372,-29.28298 31.44365,-29.28312 31.44354,-29.28326 31.44348,-29.28334 31.44331,-29.28367 31.44326,-29.28375 31.44328,-29.28384 31.44335,-29.28387 31.44338,-29.28392 31.44337,-29.28399 31.44328,-29.28402 31.44323,-29.28407 31.44319,-29.28414 31.44309,-29.28416 31.44308,-29.28421 31.44297,-29.28427 31.44291,-29.28433 31.44283,-29.2844 31.44279,-29.28451 31.44274,-29.28458 31.44264,-29.28465 31.44253,-29.28469 31.44238,-29.28477 31.44224,-29.2849 31.44209,-29.28508 31.44192,-29.28526 31.44177,-29.28544 31.44164,-29.28561 31.44149,-29.28573 31.44129,-29.28587 31.4412,-29.28595 31.44115,-29.28597 31.441,-29.2861 31.44088,-29.28622 31.44072,-29.28648 31.4406,-29.2867 31.44047,-29.28703 31.44037,-29.28724 31.44031,-29.28743 31.44026,-29.28752 31.44019,-29.28764 31.44014,-29.28782 31.44003,-29.28809 31.43991,-29.28826 31.43979,-29.28851 31.43973,-29.28865 31.43967,-29.2887 31.43951,-29.28881 31.43928,-29.28901 31.43917,-29.28917 31.43902,-29.28939 31.43892,-29.28953 31.43883,-29.28965 31.43873,-29.28981 31.43863,-29.28998 31.43853,-29.29011 31.43844,-29.29025 31.43834,-29.29038 31.43816,-29.29062 31.43815,-29.29067 31.43812,-29.2908 31.43809,-29.29097 31.43801,-29.29109 31.43788,-29.29136 31.43775,-29.29154 31.43766,-29.2918 31.43766,-29.29219 31.43769,-29.29223 31.43776,-29.29224 31.43779,-29.29229 31.43779,-29.29239 31.43777,-29.29244 31.43774,-29.29261 31.43776,-29.29269 31.43776,-29.29274 31.43766,-29.29282 31.43754,-29.29289 31.43748,-29.29297 31.43737,-29.29306 31.43725,-29.2932 31.43716,-29.29332 31.43701,-29.29337 31.43684,-29.29345 31.43661,-29.29351 31.4364,-29.29358 31.43622,-29.29369 31.43611,-29.29378 31.43595,-29.29386 31.43583,-29.29391 31.43553,-29.29406 31.43536,-29.29406 31.43527,-29.29411 31.43521,-29.29422 31.43521,-29.2943 31.43517,-29.29435 31.43506,-29.29441 31.43498,-29.29446 31.43497,-29.2945 31.43493,-29.29454 31.43479,-29.29465 31.43476,-29.29468 31.43469,-29.29479 31.43463,-29.29483 31.43457,-29.2949 31.43451,-29.29502 31.43446,-29.29505 31.43445,-29.29511 31.43443,-29.29516 31.43438,-29.2952 31.43436,-29.29525 31.43431,-29.29524 31.43414,-29.29525 31.4341,-29.29527 31.43401,-29.2953 31.4339,-29.29536 31.43376,-29.29545 31.43367,-29.29553 31.43355,-29.29556 31.43347,-29.2956 31.4334,-29.29569 31.43328,-29.29582 31.43315,-29.29593 31.43301,-29.29601 31.43291,-29.29608 31.43279,-29.29617 31.43271,-29.29623 31.43262,-29.29631 31.43253,-29.29633 31.43249,-29.29633 31.43244,-29.29635 31.43241,-29.29642 31.43237,-29.29651 31.43232,-29.29654 31.43229,-29.29653 31.43224,-29.29653 31.43216,-29.29661 31.43211,-29.29667 31.4321,-29.2967 31.43205,-29.29676 31.43201,-29.29678 31.43184,-29.29675 31.43177,-29.29677 31.43169,-29.2968 31.43165,-29.29683 31.43154,-29.2969 31.43147,-29.29697 31.4314,-29.297 31.43129,-29.29706 31.4312,-29.29712 31.43117,-29.29715 31.43117,-29.29718 31.43111,-29.29725 31.43106,-29.2973 31.43098,-29.29733 31.43087,-29.29739 31.43078,-29.29743 31.43071,-29.29751 31.43066,-29.29756 31.43056,-29.29758 31.43048,-29.29765 31.43035,-29.29778 31.4303,-29.29781 31.4302,-29.29791 31.43006,-29.29801 31.43003,-29.29809 31.43004,-29.29812 31.43005,-29.29818 31.43001,-29.29822 31.42998,-29.29826 31.42989,-29.29827 31.42969,-29.29827 31.42961,-29.29834 31.4294,-29.29847 31.4293,-29.29851 31.42926,-29.29855 31.42924,-29.29859 31.42919,-29.29865 31.42916,-29.29869 31.42911,-29.29872 31.42908,-29.29876 31.42904,-29.29884 31.42898,-29.29898 31.42892,-29.29911 31.42886,-29.2992 31.42876,-29.29928 31.42872,-29.2993 31.42867,-29.29938 31.42844,-29.2995 31.42837,-29.29956 31.42829,-29.29964 31.42821,-29.29969 31.42813,-29.29976 31.42796,-29.29989 31.42784,-29.30001 31.42775,-29.30016 31.42772,-29.30023 31.42766,-29.30027 31.42763,-29.30044 31.42758,-29.30059 31.42752,-29.30068 31.42745,-29.30075 31.4274,-29.30085 31.42738,-29.30093 31.42735,-29.30098 31.4273,-29.30101 31.42723,-29.30105 31.42719,-29.30108 31.42714,-29.30113 31.42709,-29.30117 31.42704,-29.30123 31.42692,-29.30131 31.42681,-29.3014 31.42673,-29.30153 31.42666,-29.30165 31.42656,-29.30172 31.4265,-29.30175 31.42643,-29.30177 31.4264,-29.30177 31.42637,-29.30179 31.42627,-29.30189 31.42625,-29.30192 31.42621,-29.30195 31.42617,-29.30199 31.42615,-29.30203 31.4261,-29.30208 31.42608,-29.30211 31.42604,-29.30215 31.42601,-29.30219 31.42599,-29.30222 31.42595,-29.30225 31.42592,-29.30231 31.42583,-29.3024 31.42577,-29.3025 31.42575,-29.30256 31.42573,-29.30261 31.42572,-29.30266 31.42568,-29.30272 31.42565,-29.30285 31.42564,-29.30293 31.42562,-29.30298 31.42562,-29.30301 31.42558,-29.30309 31.42556,-29.30311 31.42554,-29.30314 31.42549,-29.3032 31.42547,-29.30322 31.42544,-29.30333 31.42541,-29.30352 31.42539,-29.30369 31.4254,-29.30394 31.4254,-29.30441 31.42537,-29.30441 31.42536,-29.30444 31.42538,-29.30452 31.42547,-29.30458 31.42554,-29.30462 31.42554,-29.30473 31.42551,-29.30478 31.42542,-29.3048 31.42539,-29.30483 31.42539,-29.30488 31.42542,-29.30495 31.42545,-29.305 31.42545,-29.30513 31.42541,-29.30521 31.4254,-29.30529 31.42532,-29.30535 31.42519,-29.30536 31.42509,-29.30529 31.42502,-29.30526 31.42493,-29.30532 31.42492,-29.30539 31.42486,-29.30542 31.42478,-29.30542 31.4247,-29.3055 31.4247,-29.30559 31.42472,-29.30568 31.42473,-29.30576 31.42471,-29.30586 31.42459,-29.30595 31.42447,-29.30592 31.42437,-29.30588 31.42433,-29.30586 31.4243,-29.30588 31.42428,-29.30591 31.42428,-29.30596 31.42435,-29.30611 31.42429,-29.30618 31.42405,-29.30642 31.42408,-29.30652 31.42406,-29.30658 31.42399,-29.3066 31.42387,-29.30657 31.42376,-29.30654 31.42363,-29.30656 31.42361,-29.30665 31.4236,-29.3068 31.42352,-29.30681 31.42347,-29.30681 31.42339,-29.30678 31.42331,-29.30679 31.42331,-29.30687 31.42336,-29.30699 31.42336,-29.30709 31.4233,-29.30713 31.42318,-29.30711 31.42313,-29.30712 31.42313,-29.30726 31.42315,-29.30732 31.42312,-29.30735 31.42301,-29.30732 31.42289,-29.30727 31.42279,-29.3073 31.42276,-29.30735 31.42276,-29.30746 31.42278,-29.30759 31.42277,-29.30766 31.42272,-29.30768 31.42261,-29.30769 31.42255,-29.30771 31.42254,-29.30781 31.42251,-29.30788 31.42243,-29.30791 31.42234,-29.3079 31.42226,-29.30789 31.42219,-29.30793 31.42186,-29.30787 31.42168,-29.30787 31.42152,-29.30796 31.42148,-29.30799 31.4213,-29.30809 31.42107,-29.30819 31.42097,-29.30826 31.42076,-29.30836 31.42047,-29.30851 31.42001,-29.30874 31.41977,-29.30884 31.41963,-29.30891 31.41941,-29.30904 31.41902,-29.30932 31.41889,-29.30944 31.41876,-29.30954 31.41863,-29.30963 31.41852,-29.30973 31.41846,-29.30976 31.41836,-29.30985 31.41829,-29.30995 31.41814,-29.31006 31.41802,-29.31009 31.4178,-29.31019 31.41765,-29.31025 31.41752,-29.31032 31.41736,-29.31041 31.41725,-29.31047 31.41714,-29.31054 31.41703,-29.31064 31.41693,-29.31074 31.41686,-29.3108 31.41671,-29.31088 31.41654,-29.31098 31.41616,-29.31118 31.41602,-29.31124 31.41589,-29.31133 31.4157,-29.31146 31.4156,-29.31155 31.41545,-29.31161 31.41519,-29.31173 31.41497,-29.31186 31.41479,-29.31199 31.41464,-29.31206 31.41451,-29.31215 31.41447,-29.31218 31.4144,-29.3123 31.41426,-29.31244 31.41415,-29.31252 31.41406,-29.3126 31.41391,-29.31278 31.4138,-29.31292 31.41367,-29.31305 31.41356,-29.31314 31.41343,-29.31324 31.41331,-29.31333 31.41318,-29.31345 31.41307,-29.31353 31.41296,-29.31364 31.41286,-29.31372 31.41271,-29.31382 31.41262,-29.3139 31.41247,-29.31399 31.41232,-29.31409 31.41218,-29.31416 31.41207,-29.31423 31.41197,-29.31433 31.41189,-29.31442 31.41178,-29.31454 31.41163,-29.31469 31.41143,-29.31482 31.41125,-29.31498 31.41116,-29.31502 31.41095,-29.31515 31.4108,-29.31521 31.4106,-29.31534 31.41044,-29.31545 31.41031,-29.31554 31.41012,-29.31569 31.40991,-29.31587 31.40986,-29.3159 31.40977,-29.31598 31.40973,-29.31601 31.40971,-29.31604 31.40958,-29.31612 31.40944,-29.31624 31.4093,-29.31637 31.40917,-29.31651 31.4091,-29.31659 31.40902,-29.31667 31.40893,-29.31678 31.40883,-29.3169 31.40877,-29.31696 31.40866,-29.31709 31.40852,-29.3174 31.40847,-29.31747 31.40837,-29.31758 31.40825,-29.31784 31.40817,-29.31796 31.40807,-29.3181 31.40803,-29.31815 31.40796,-29.31822 31.40784,-29.31827 31.4076,-29.31843 31.40748,-29.31857 31.4074,-29.31869 31.4073,-29.31882 31.40717,-29.31894 31.40709,-29.31909 31.40698,-29.31926 31.40689,-29.31937 31.40675,-29.3195 31.40663,-29.31959 31.40653,-29.31969 31.40645,-29.31979 31.40637,-29.31993 31.40627,-29.32007 31.40615,-29.3202 31.40607,-29.32032 31.40602,-29.3204 31.40594,-29.32061 31.40585,-29.32076 31.4058,-29.32087 31.40569,-29.32104 31.40567,-29.32107 31.40561,-29.32116 31.40549,-29.32127 31.40539,-29.32139 31.40528,-29.32153 31.40522,-29.32163 31.40504,-29.32179 31.40489,-29.3219 31.40477,-29.322 31.40463,-29.32212 31.4045,-29.32223 31.40433,-29.32236 31.40407,-29.32254 31.40391,-29.3227 31.40374,-29.32283 31.40354,-29.32295 31.40338,-29.32307 31.40319,-29.32321 31.40302,-29.32335 31.40277,-29.32354 31.40263,-29.32364 31.40244,-29.32379 31.4022,-29.32397 31.40212,-29.32404 31.40202,-29.32413 31.40189,-29.3242 31.40172,-29.32436 31.40155,-29.32453 31.40139,-29.32471 31.40133,-29.32479 31.40125,-29.32489 31.40106,-29.32505 31.40096,-29.32513 31.4008,-29.32529 31.40068,-29.32546 31.4005,-29.32561 31.40032,-29.32574 31.40014,-29.32588 31.40002,-29.32595 31.39994,-29.32601 31.39986,-29.32609 31.39974,-29.32625 31.3996,-29.32639 31.39955,-29.32648 31.39949,-29.32656 31.39942,-29.32664 31.39928,-29.32673 31.39923,-29.3268 31.39906,-29.32697 31.39886,-29.32715 31.39882,-29.3272 31.39868,-29.32731 31.39861,-29.32735 31.39848,-29.32743 31.39836,-29.32755 31.39823,-29.32773 31.39813,-29.32786 31.39801,-29.328 31.39788,-29.32817 31.39771,-29.32842 31.39763,-29.3286 31.39754,-29.32874 31.39743,-29.32886 31.39729,-29.32904 31.39707,-29.32926 31.39689,-29.32943 31.39675,-29.32951 31.39664,-29.32961 31.39658,-29.32968 31.39644,-29.32981 31.39625,-29.33002 31.39612,-29.33016 31.39593,-29.33036 31.39572,-29.33063 31.39555,-29.33085 31.39546,-29.33096 31.39535,-29.33106 31.39512,-29.33135 31.39492,-29.33164 31.39482,-29.33186 31.39473,-29.33209 31.39466,-29.33231 31.39458,-29.3325 31.39448,-29.33266 31.39436,-29.33283 31.39433,-29.33291 31.39431,-29.33298 31.39432,-29.33326 31.39427,-29.33333 31.39425,-29.33336 31.39423,-29.33346 31.39423,-29.33366 31.39417,-29.33376 31.39409,-29.33379 31.39406,-29.33388 31.3941,-29.33391 31.39413,-29.33401 31.39414,-29.33412 31.39408,-29.33417 31.39393,-29.3342 31.39377,-29.3342 31.39375,-29.33431 31.39373,-29.3344 31.39367,-29.33447 31.39367,-29.33462 31.39374,-29.33469 31.39385,-29.33473 31.39386,-29.33476 31.39386,-29.33483 31.39383,-29.33487 31.39367,-29.33489 31.39364,-29.33495 31.39356,-29.33503 31.3935,-29.33506 31.39361,-29.33512 31.39364,-29.33516 31.39365,-29.33524 31.39365,-29.33527 31.39358,-29.3353 31.39335,-29.33527 31.39324,-29.33532 31.39321,-29.33542 31.39319,-29.33556 31.3932,-29.33565 31.39321,-29.33587 31.39319,-29.33595 31.39308,-29.33597 31.39307,-29.33615 31.39313,-29.33623 31.39314,-29.33629 31.39312,-29.33633 31.39306,-29.33633 31.3929,-29.33631 31.39281,-29.33628 31.39278,-29.33628 31.39274,-29.33632 31.39271,-29.33649 31.3927,-29.33662 31.39268,-29.33672 31.39267,-29.33676 31.3927,-29.33684 31.39269,-29.33695 31.3926,-29.33695 31.3925,-29.33693 31.39241,-29.33693 31.39237,-29.33704 31.39242,-29.33714 31.39243,-29.33725 31.39239,-29.33731 31.39228,-29.33732 31.3922,-29.33729 31.39213,-29.33731 31.39204,-29.33743 31.39206,-29.33754 31.39207,-29.33766 31.39193,-29.33777 31.3918,-29.33778 31.39176,-29.33784 31.39173,-29.33792 31.39179,-29.33804 31.3918,-29.33811 31.39176,-29.33817 31.39168,-29.33815 31.3916,-29.3381 31.39155,-29.33809 31.3915,-29.33809 31.39147,-29.33811 31.39148,-29.33823 31.39145,-29.33833 31.39142,-29.33837 31.3913,-29.3384 31.39123,-29.33844 31.39115,-29.3385 31.39108,-29.33858 31.391,-29.33867 31.39089,-29.33877 31.39079,-29.33889 31.39068,-29.33902 31.39058,-29.33908 31.39035,-29.3392 31.39022,-29.33927 31.39013,-29.3393 31.39,-29.33935 31.38987,-29.33939 31.38968,-29.33948 31.3896,-29.33952 31.38946,-29.33962 31.38936,-29.33973 31.38928,-29.33983 31.38914,-29.33996 31.38899,-29.34006 31.38885,-29.34014 31.38873,-29.34022 31.38854,-29.34038 31.38843,-29.34049 31.38832,-29.34057 31.38818,-29.34068 31.38806,-29.34079 31.38785,-29.34093 31.38766,-29.34107 31.38751,-29.34116 31.38725,-29.34137 31.38681,-29.34161 31.3866,-29.34173 31.38641,-29.34183 31.38628,-29.34191 31.38615,-29.342 31.38602,-29.34212 31.38593,-29.3422 31.38581,-29.34234 31.38572,-29.34244 31.38562,-29.34255 31.38552,-29.34272 31.38547,-29.34283 31.38541,-29.34294 31.38531,-29.34304 31.38521,-29.3432 31.38513,-29.34343 31.38511,-29.3435 31.38497,-29.34372 31.38485,-29.34391 31.38478,-29.34401 31.38471,-29.34408 31.38459,-29.34416 31.38438,-29.34434 31.38423,-29.34447 31.38413,-29.34459 31.38395,-29.34472 31.38385,-29.3448 31.38367,-29.34493 31.38359,-29.34499 31.38342,-29.34509 31.38328,-29.34518 31.38315,-29.34527 31.38311,-29.3453 31.38302,-29.34539 31.38293,-29.34545 31.38276,-29.34552 31.38261,-29.34561 31.38252,-29.3457 31.3824,-29.34577 31.38222,-29.34589 31.38209,-29.34595 31.38201,-29.34599 31.38192,-29.34592 31.38184,-29.34588 31.38174,-29.34588 31.38166,-29.3459 31.38156,-29.34596 31.38145,-29.34606 31.38144,-29.34614 31.38146,-29.34624 31.3814,-29.34633 31.3813,-29.34635 31.38117,-29.34638 31.38108,-29.34645 31.38109,-29.34656 31.38108,-29.34663 31.38097,-29.3467 31.38093,-29.34665 31.38088,-29.3466 31.3808,-29.34656 31.38066,-29.3466 31.38069,-29.34668 31.3807,-29.34678 31.38068,-29.34688 31.38057,-29.34692 31.38048,-29.34692 31.38041,-29.34699 31.38039,-29.34709 31.3804,-29.34717 31.38032,-29.34725 31.38023,-29.34721 31.38016,-29.34714 31.38009,-29.3471 31.37998,-29.3471 31.37989,-29.34717 31.3799,-29.34723 31.37996,-29.34734 31.37989,-29.34739 31.37972,-29.34733 31.37974,-29.34741 31.37973,-29.34754 31.3797,-29.34766 31.37961,-29.34774 31.37943,-29.34786 31.37914,-29.34803 31.37901,-29.3481 31.37878,-29.34817 31.37858,-29.34824 31.3784,-29.34836 31.37822,-29.3485 31.37806,-29.3486 31.37782,-29.34881 31.37756,-29.34906 31.37746,-29.34917 31.37738,-29.34927 31.37727,-29.34939 31.37715,-29.34951 31.37693,-29.34968 31.3768,-29.34982 31.37669,-29.34996 31.37652,-29.35014 31.37635,-29.35029 31.37617,-29.35044 31.37604,-29.35057 31.37581,-29.35074 31.37567,-29.35082 31.37549,-29.35091 31.37535,-29.35102 31.3752,-29.35113 31.37513,-29.3512 31.37504,-29.35131 31.3749,-29.35148 31.37477,-29.35163 31.37454,-29.35186 31.3744,-29.35203 31.37427,-29.35218 31.37416,-29.3523 31.37393,-29.35248 31.37382,-29.35258 31.37366,-29.35276 31.37356,-29.35289 31.37337,-29.35308 31.37324,-29.35322 31.3731,-29.35336 31.37298,-29.35354 31.37283,-29.35368 31.37264,-29.35385 31.37255,-29.35391 31.3725,-29.35393 31.37243,-29.35395 31.37215,-29.35395 31.37211,-29.35402 31.37216,-29.35414 31.3721,-29.35426 31.372,-29.35427 31.3719,-29.35427 31.37199,-29.35435 31.37207,-29.35438 31.37207,-29.35445 31.37198,-29.35455 31.37193,-29.35462 31.37182,-29.35468 31.37161,-29.35458 31.37155,-29.3546 31.37151,-29.35472 31.37151,-29.35481 31.37147,-29.35485 31.37128,-29.35481 31.37128,-29.35489 31.37129,-29.35495 31.37126,-29.35499 31.37119,-29.35506 31.37119,-29.35514 31.37112,-29.35518 31.37098,-29.35528 31.37095,-29.35537 31.37099,-29.35556 31.37096,-29.35566 31.37085,-29.35567 31.37062,-29.35553 31.37059,-29.35553 31.37054,-29.35558 31.37054,-29.35565 31.37058,-29.3557 31.37062,-29.35582 31.37065,-29.35596 31.37069,-29.35607 31.37066,-29.35611 31.37046,-29.35598 31.3704,-29.35594 31.37034,-29.35592 31.37028,-29.35597 31.37028,-29.35608 31.37029,-29.35615 31.37028,-29.35618 31.37022,-29.35625 31.37021,-29.35628 31.37011,-29.35634 31.37001,-29.35638 31.36994,-29.35636 31.36991,-29.35633 31.36983,-29.35633 31.36982,-29.35642 31.36983,-29.35649 31.36981,-29.35653 31.36976,-29.35657 31.36986,-29.35674 31.36988,-29.35678 31.36983,-29.35689 31.36976,-29.3569 31.36968,-29.35686 31.36957,-29.35686 31.36954,-29.35692 31.36947,-29.35695 31.36934,-29.35685 31.3693,-29.35681 31.36923,-29.35687 31.3692,-29.35696 31.36921,-29.35706 31.36916,-29.35717 31.36915,-29.35735 31.36912,-29.35749 31.3691,-29.35755 31.36904,-29.35765 31.36893,-29.35775 31.36878,-29.35786 31.36864,-29.35793 31.36846,-29.35808 31.36836,-29.35816 31.36818,-29.35828 31.36809,-29.35836 31.36796,-29.35846 31.36785,-29.35852 31.36762,-29.35874 31.36749,-29.35883 31.36738,-29.35893 31.36719,-29.35902 31.36694,-29.35915 31.36675,-29.35925 31.36661,-29.35934 31.36642,-29.35944 31.36624,-29.35954 31.3661,-29.35964 31.36599,-29.35976 31.36582,-29.35984 31.36557,-29.35995 31.36545,-29.36002 31.36526,-29.36009 31.36507,-29.36015 31.3649,-29.36021 31.36473,-29.3603 31.36462,-29.36045 31.36458,-29.36061 31.36446,-29.36072 31.3643,-29.36076 31.36411,-29.36085 31.36401,-29.36103 31.36387,-29.36125 31.36377,-29.36141 31.36366,-29.36149 31.36351,-29.36156 31.36337,-29.36162 31.36318,-29.36165 31.36301,-29.36171 31.36298,-29.36177 31.36299,-29.36185 31.36293,-29.36198 31.36285,-29.36209 31.36263,-29.36225 31.36249,-29.36237 31.36236,-29.36243 31.36226,-29.3625 31.36211,-29.36264 31.36187,-29.36282 31.36167,-29.36294 31.36141,-29.36312 31.36124,-29.36322 31.36105,-29.36342 31.36089,-29.36355 31.36068,-29.36372 31.36053,-29.36382 31.36046,-29.36391 31.3604,-29.36399 31.36032,-29.3641 31.36022,-29.36431 31.36014,-29.36439 31.35998,-29.36451 31.35988,-29.36462 31.35979,-29.36472 31.35969,-29.36478 31.3595,-29.36488 31.35931,-29.36497 31.35907,-29.3651 31.35882,-29.36531 31.35861,-29.36552 31.35851,-29.36557 31.35832,-29.36573 31.35828,-29.36575 31.35823,-29.36574 31.35816,-29.36575 31.3581,-29.36572 31.35805,-29.36569 31.35792,-29.36562 31.35786,-29.36561 31.35781,-29.36563 31.35779,-29.36568 31.35774,-29.36578 31.35772,-29.36583 31.3577,-29.36585 31.35768,-29.36589 31.35768,-29.366 31.35772,-29.36603 31.35776,-29.36611 31.35779,-29.3662 31.35772,-29.36629 31.35765,-29.3663 31.35751,-29.3663 31.35743,-29.36632 31.3574,-29.36636 31.35735,-29.3664 31.35735,-29.36644 31.35738,-29.36647 31.35743,-29.36651 31.35751,-29.36654 31.35753,-29.36658 31.35753,-29.36662 31.35752,-29.36666 31.35749,-29.36669 31.35743,-29.36671 31.35736,-29.36669 31.3573,-29.36667 31.35722,-29.36661 31.35715,-29.36656 31.35706,-29.36656 31.35703,-29.36657 31.357,-29.36662 31.35698,-29.36666 31.35696,-29.36671 31.35693,-29.36678 31.35691,-29.36683 31.35692,-29.36688 31.35694,-29.3669 31.35706,-29.36703 31.3571,-29.36708 31.3571,-29.36713 31.35706,-29.36718 31.357,-29.3672 31.35694,-29.36718 31.35685,-29.36713 31.35679,-29.36709 31.35673,-29.3671 31.3567,-29.36713 31.35667,-29.36718 31.35667,-29.36724 31.35668,-29.36727 31.35672,-29.36735 31.35672,-29.36741 31.3567,-29.36746 31.35665,-29.3675 31.35658,-29.36753 31.35651,-29.36752 31.35643,-29.36752 31.35641,-29.36756 31.35642,-29.36762 31.3564,-29.36767 31.35636,-29.36767 31.35622,-29.36768 31.35616,-29.36769 31.35613,-29.36772 31.35613,-29.3678 31.35616,-29.36789 31.35615,-29.36795 31.35604,-29.36792 31.356,-29.36794 31.35593,-29.36797 31.3559,-29.36799 31.35589,-29.36802 31.35586,-29.36809 31.35586,-29.36812 31.35589,-29.36818 31.35594,-29.36821 31.35595,-29.36826 31.35595,-29.3683 31.35593,-29.36835 31.35589,-29.36839 31.3558,-29.3684 31.3557,-29.36839 31.35562,-29.36839 31.35554,-29.36841 31.35549,-29.36845 31.35546,-29.3685 31.35546,-29.36856 31.3555,-29.36861 31.35553,-29.36868 31.35553,-29.36871 31.3555,-29.36873 31.35538,-29.36873 31.3553,-29.36872 31.35525,-29.36873 31.35523,-29.36881 31.35523,-29.36887 31.35527,-29.36897 31.35527,-29.36903 31.35523,-29.36906 31.35517,-29.3691 31.3551,-29.36913 31.35501,-29.36917 31.35498,-29.3692 31.35497,-29.36927 31.35497,-29.36933 31.35501,-29.36945 31.35504,-29.36955 31.35489,-29.36971 31.35468,-29.36993 31.35447,-29.37011 31.3543,-29.37025 31.35405,-29.37047 31.35388,-29.37058 31.35369,-29.37067 31.35348,-29.37078 31.35333,-29.37083 31.3531,-29.37094 31.3529,-29.37117 31.35268,-29.3714 31.35253,-29.37158 31.35232,-29.37191 31.35222,-29.37209 31.35204,-29.37239 31.35184,-29.37263 31.35174,-29.3728 31.35147,-29.37309 31.35143,-29.3731 31.35137,-29.37311 31.35134,-29.37311 31.35127,-29.37309 31.35123,-29.37305 31.35118,-29.37302 31.35111,-29.37297 31.35108,-29.37295 31.35098,-29.37295 31.35092,-29.373 31.35091,-29.37308 31.35092,-29.3732 31.351,-29.37331 31.35101,-29.37337 31.351,-29.37346 31.35094,-29.37349 31.35086,-29.37346 31.3508,-29.37341 31.35073,-29.37335 31.35065,-29.37332 31.35057,-29.37335 31.35057,-29.37343 31.35054,-29.37353 31.35054,-29.37364 31.35055,-29.37373 31.35057,-29.37379 31.3506,-29.37386 31.3506,-29.37393 31.35057,-29.37398 31.35049,-29.37401 31.35044,-29.37399 31.35038,-29.37396 31.35032,-29.37392 31.35026,-29.37389 31.35023,-29.37388 31.35018,-29.3739 31.35017,-29.37398 31.3502,-29.37406 31.35026,-29.37415 31.35025,-29.37422 31.3502,-29.37424 31.34997,-29.37424 31.34993,-29.37425 31.34992,-29.37429 31.34993,-29.37437 31.34993,-29.37442 31.34991,-29.37449 31.3499,-29.37453 31.3498,-29.37461 31.34971,-29.37468 31.34963,-29.37475 31.34955,-29.37481 31.34944,-29.37488 31.34935,-29.37496 31.34926,-29.37509 31.34918,-29.3752 31.34908,-29.3754 31.34897,-29.37554 31.34886,-29.37565 31.34879,-29.37574 31.34874,-29.37584 31.34866,-29.37591 31.34859,-29.37595 31.34849,-29.37604 31.34843,-29.37609 31.34831,-29.37617 31.34816,-29.37624 31.34805,-29.3763 31.34797,-29.37634 31.34773,-29.37641 31.34764,-29.37647 31.34757,-29.37652 31.34746,-29.37658 31.34733,-29.37665 31.34725,-29.37671 31.34718,-29.37676 31.34711,-29.37679 31.34698,-29.37689 31.34685,-29.37696 31.34672,-29.37704 31.34658,-29.37718 31.3465,-29.37731 31.34639,-29.37743 31.34629,-29.37754 31.34619,-29.37763 31.3461,-29.3777 31.34607,-29.37774 31.346,-29.37779 31.34593,-29.37784 31.34582,-29.37796 31.34575,-29.37805 31.34563,-29.37814 31.34549,-29.37824 31.34535,-29.37831 31.34521,-29.37841 31.3451,-29.37849 31.34501,-29.37855 31.34494,-29.37859 31.34487,-29.37866 31.34479,-29.37876 31.34474,-29.37881 31.34465,-29.37888 31.34457,-29.37895 31.34449,-29.37901 31.3444,-29.37908 31.34436,-29.37912 31.34427,-29.37919 31.34416,-29.37926 31.34406,-29.37933 31.34399,-29.37942 31.34389,-29.37949 31.34383,-29.37953 31.34373,-29.37961 31.34361,-29.3797 31.34351,-29.37979 31.34343,-29.37985 31.34332,-29.37992 31.3432,-29.38002 31.34307,-29.38014 31.34294,-29.38027 31.34282,-29.38037 31.34269,-29.3805 31.34258,-29.38064 31.34251,-29.38075 31.34243,-29.38086 31.34237,-29.38097 31.34223,-29.3811 31.34211,-29.38125 31.34196,-29.38137 31.34185,-29.38145 31.34169,-29.38154 31.34155,-29.3816 31.34142,-29.38168 31.34127,-29.38174 31.34111,-29.38186 31.34097,-29.38195 31.34082,-29.38205 31.3407,-29.38218 31.34059,-29.38227 31.3405,-29.38237 31.34044,-29.38243 31.34022,-29.38263 31.34007,-29.3828 31.33999,-29.38292 31.33995,-29.38297 31.33987,-29.38305 31.33981,-29.38313 31.33975,-29.38323 31.33969,-29.38334 31.33963,-29.38348 31.33954,-29.38363 31.33945,-29.38374 31.33937,-29.38383 31.33924,-29.38397 31.3391,-29.38412 31.339,-29.38425 31.33892,-29.38434 31.33887,-29.38439 31.33881,-29.38444 31.33869,-29.38458 31.33838,-29.38494 31.33832,-29.38505 31.33822,-29.3852 31.33813,-29.38531 31.33795,-29.38554 31.3378,-29.38581 31.33769,-29.38593 31.33754,-29.38606 31.33743,-29.3862 31.33732,-29.38635 31.33724,-29.38648 31.33715,-29.38661 31.33708,-29.38673 31.33696,-29.38683 31.33686,-29.38697 31.33672,-29.38721 31.33661,-29.38737 31.33654,-29.38754 31.33644,-29.38766 31.33637,-29.38778 31.33633,-29.3879 31.33619,-29.38818 31.33615,-29.38832 31.3361,-29.38853 31.33606,-29.3887 31.33601,-29.38889 31.33597,-29.38904 31.33586,-29.38921 31.33581,-29.38939 31.33574,-29.38959 31.33569,-29.3897 31.33562,-29.3898 31.33546,-29.38997 31.3354,-29.39005 31.3353,-29.39016 31.33526,-29.39022 31.33521,-29.39034 31.33519,-29.39059 31.33517,-29.39081 31.33511,-29.39098 31.33505,-29.39119 31.33502,-29.39135 31.33502,-29.39163 31.33501,-29.39181 31.33503,-29.39197 31.33504,-29.39223 31.33506,-29.39228 31.33498,-29.3924 31.335,-29.39242 31.33494,-29.39246 31.33491,-29.39252 31.33493,-29.39259 31.33496,-29.39259 31.33504,-29.39258 31.33513,-29.39249 31.33519,-29.39241 31.33524,-29.39236 31.33532,-29.39232 31.33539,-29.39237 31.33541,-29.39241 31.3354,-29.39247 31.33534,-29.39255 31.3353,-29.3926 31.33529,-29.39266 31.33532,-29.39277 31.33535,-29.39282 31.33543,-29.39284 31.33557,-29.39282 31.33563,-29.3928 31.3357,-29.39283 31.3357,-29.39288 31.33568,-29.39292 31.33562,-29.39296 31.33554,-29.39299 31.33548,-29.39302 31.33547,-29.39307 31.33551,-29.3931 31.33555,-29.39312 31.33558,-29.39317 31.33562,-29.39325 31.33565,-29.3933 31.33569,-29.39333 31.33577,-29.39335 31.33591,-29.39341 31.33594,-29.39345 31.33595,-29.39351 31.33589,-29.39354 31.33583,-29.39357 31.33572,-29.3936 31.33568,-29.39371 31.3357,-29.39381 31.33574,-29.39387 31.33577,-29.3939 31.33578,-29.39404 31.33578,-29.39411 31.33582,-29.39417 31.33581,-29.39425 31.33576,-29.39429 31.33568,-29.3943 31.33561,-29.39431 31.33549,-29.39434 31.33545,-29.39444 31.33536,-29.39445 31.33529,-29.39445 31.33521,-29.39448 31.33518,-29.39456 31.3352,-29.39463 31.33525,-29.3947 31.33527,-29.39475 31.33525,-29.39481 31.33512,-29.39481 31.33504,-29.39482 31.33495,-29.39483 31.33492,-29.39483 31.3349,-29.39486 31.3349,-29.39493 31.33495,-29.39505 31.33492,-29.39508 31.33477,-29.39508 31.33468,-29.39506 31.33463,-29.39506 31.33461,-29.39512 31.33461,-29.39519 31.33463,-29.3953 31.33465,-29.3955 31.33465,-29.39559 31.33461,-29.39564 31.3345,-29.39566 31.3344,-29.39568 31.3344,-29.39577 31.33428,-29.3958 31.3342,-29.3958 31.33412,-29.39583 31.33414,-29.3959 31.33419,-29.39596 31.33421,-29.39605 31.33417,-29.39614 31.33412,-29.39621 31.33412,-29.39629 31.33416,-29.39636 31.33427,-29.39636 31.33432,-29.39639 31.33436,-29.39643 31.33436,-29.39647 31.33432,-29.3966 31.33424,-29.39671 31.33417,-29.39677 31.33408,-29.39683 31.33405,-29.39691 31.33397,-29.39694 31.33385,-29.39695 31.33381,-29.397 31.33387,-29.3971 31.33385,-29.39716 31.33373,-29.39721 31.33358,-29.3972 31.33345,-29.39719 31.33347,-29.39725 31.33353,-29.39734 31.33355,-29.39743 31.33349,-29.39746 31.33339,-29.39744 31.33335,-29.39741 31.3333,-29.39739 31.33326,-29.39742 31.33324,-29.39747 31.3332,-29.39751 31.33311,-29.39751 31.333,-29.39755 31.33301,-29.39765 31.33306,-29.39772 31.33312,-29.3979 31.33305,-29.39795 31.33295,-29.39795 31.33289,-29.39793 31.33282,-29.39793 31.33281,-29.39803 31.3328,-29.39814 31.33278,-29.39821 31.33271,-29.39823 31.33264,-29.39821 31.33259,-29.39818 31.33257,-29.39814 31.33251,-29.39814 31.33245,-29.39821 31.33241,-29.39823 31.33236,-29.39827 31.33236,-29.3983 31.3324,-29.39835 31.33246,-29.39842 31.33246,-29.39849 31.33241,-29.39854 31.33236,-29.39858 31.3323,-29.3986 31.33225,-29.39861 31.33219,-29.39856 31.33216,-29.39854 31.33212,-29.3985 31.33209,-29.39849 31.33201,-29.39849 31.33201,-29.39855 31.33199,-29.39862 31.33193,-29.39868 31.33189,-29.39873 31.33187,-29.39882 31.33187,-29.39888 31.33183,-29.3989 31.33168,-29.3989 31.33163,-29.39891 31.33159,-29.39894 31.33155,-29.399 31.33155,-29.39912 31.33154,-29.39916 31.3315,-29.39918 31.33143,-29.39919 31.33134,-29.39921 31.33122,-29.39924 31.3311,-29.39929 31.33092,-29.3994 31.33079,-29.39948 31.33071,-29.39954 31.33059,-29.39961 31.3304,-29.39973 31.33027,-29.39981 31.33016,-29.39989 31.33011,-29.39994 31.33004,-29.40003 31.32994,-29.40012 31.32988,-29.40021 31.3298,-29.40027 31.32971,-29.40031 31.32966,-29.40036 31.32962,-29.40041 31.32955,-29.40049 31.32948,-29.40056 31.32943,-29.40062 31.32934,-29.40069 31.32927,-29.40078 31.32925,-29.40085 31.3292,-29.40091 31.32912,-29.40095 31.32902,-29.40099 31.32894,-29.401 31.32887,-29.40102 31.32883,-29.40105 31.32876,-29.40111 31.32873,-29.40114 31.32865,-29.40116 31.3285,-29.40116 31.32843,-29.40117 31.32837,-29.40122 31.32831,-29.40123 31.32824,-29.40122 31.32818,-29.40118 31.32814,-29.40118 31.32813,-29.40121 31.32818,-29.40126 31.32824,-29.40134 31.32823,-29.40137 31.32821,-29.40141 31.32818,-29.40145 31.32814,-29.40145 31.3281,-29.4014 31.32801,-29.40131 31.32797,-29.40129 31.32793,-29.40129 31.32791,-29.40132 31.32792,-29.40135 31.32793,-29.40141 31.32794,-29.40146 31.32793,-29.40151 31.32782,-29.40151 31.32775,-29.4015 31.32764,-29.40146 31.32761,-29.40145 31.32754,-29.40145 31.32752,-29.40148 31.32753,-29.40153 31.32755,-29.40157 31.32756,-29.40164 31.32755,-29.40167 31.32751,-29.40172 31.32747,-29.40174 31.32747,-29.40179 31.32751,-29.40183 31.32755,-29.40192 31.32753,-29.40195 31.32748,-29.40196 31.32744,-29.40196 31.32732,-29.40188 31.32726,-29.40181 31.32722,-29.40178 31.32717,-29.40178 31.32714,-29.40182 31.32711,-29.40188 31.3271,-29.40194 31.32708,-29.402 31.32703,-29.40205 31.32697,-29.40204 31.32693,-29.40205 31.3269,-29.40209 31.32683,-29.40209 31.32678,-29.40206 31.32672,-29.40207 31.32671,-29.40221 31.3267,-29.40232 31.32668,-29.4024 31.3266,-29.40241 31.32646,-29.40235 31.32639,-29.40237 31.32637,-29.40248 31.32642,-29.40257 31.32642,-29.40263 31.32632,-29.4027 31.32625,-29.40275 31.32619,-29.40274 31.32614,-29.40269 31.32609,-29.40265 31.32605,-29.40263 31.32597,-29.40263 31.3259,-29.40266 31.32582,-29.4027 31.3258,-29.40282 31.32586,-29.40292 31.32587,-29.40297 31.32584,-29.40305 31.32575,-29.40305 31.3256,-29.40295 31.32553,-29.40295 31.32543,-29.40297 31.32537,-29.40301 31.32536,-29.40307 31.32538,-29.40315 31.32533,-29.4032 31.32531,-29.40323 31.3253,-29.40326 31.32533,-29.40339 31.32539,-29.40349 31.32536,-29.40357 31.32529,-29.40365 31.32519,-29.40371 31.32511,-29.40377 31.325,-29.40386 31.32487,-29.40395 31.32475,-29.40403 31.32464,-29.40409 31.32454,-29.40415 31.32436,-29.40431 31.32428,-29.40437 31.32419,-29.40446 31.3241,-29.40454 31.32403,-29.40461 31.32395,-29.40465 31.32375,-29.40485 31.32362,-29.40496 31.32353,-29.40501 31.32346,-29.40507 31.32341,-29.4051 31.3233,-29.40513 31.3232,-29.40516 31.32307,-29.40517 31.323,-29.40518 31.32286,-29.40516 31.32278,-29.40516 31.32269,-29.40522 31.32263,-29.40529 31.32259,-29.40534 31.32253,-29.40536 31.32241,-29.4053 31.32232,-29.40531 31.32228,-29.40535 31.32227,-29.4054 31.3223,-29.40544 31.32231,-29.40549 31.3223,-29.40556 31.32225,-29.4056 31.32219,-29.40562 31.32213,-29.40564 31.32208,-29.40567 31.32207,-29.40571 31.32209,-29.40575 31.32215,-29.40576 31.32226,-29.40576 31.32233,-29.40578 31.32235,-29.40583 31.32232,-29.40591 31.32226,-29.40596 31.32217,-29.40598 31.32207,-29.40599 31.32203,-29.40599 31.32197,-29.40597 31.32191,-29.40591 31.32187,-29.40586 31.3218,-29.40585 31.32174,-29.40588 31.32175,-29.40596 31.32176,-29.40601 31.32178,-29.40607 31.32177,-29.40617 31.32168,-29.40617 31.32161,-29.40612 31.32157,-29.40612 31.32152,-29.40615 31.32152,-29.40628 31.32148,-29.40633 31.32146,-29.40637 31.32137,-29.40638 31.32131,-29.40639 31.32131,-29.40649 31.32133,-29.40658 31.32134,-29.40671 31.32129,-29.40678 31.32123,-29.40679 31.32113,-29.40674 31.32107,-29.4067 31.32101,-29.40673 31.32099,-29.4068 31.32098,-29.40691 31.32093,-29.407 31.32087,-29.40705 31.32085,-29.40709 31.32086,-29.40718 31.32079,-29.40727 31.32073,-29.40726 31.32062,-29.40723 31.32053,-29.40723 31.32049,-29.40725 31.32048,-29.40733 31.32046,-29.40739 31.32055,-29.40751 31.32062,-29.40758 31.32063,-29.40764 31.32057,-29.40768 31.32052,-29.4077 31.32042,-29.40777 31.32038,-29.4078 31.32031,-29.40787 31.32033,-29.40794 31.32033,-29.40802 31.32029,-29.40808 31.32019,-29.40808 31.32006,-29.40811 31.31994,-29.40819 31.31983,-29.40827 31.31976,-29.40833 31.31953,-29.40846 31.31933,-29.4086 31.31921,-29.40872 31.31912,-29.40882 31.319,-29.40891 31.31891,-29.40898 31.31881,-29.40907 31.3187,-29.40915 31.31857,-29.40925 31.3185,-29.40932 31.31839,-29.40944 31.31836,-29.40953 31.31826,-29.40959 31.31819,-29.40967 31.31819,-29.40975 31.31816,-29.40981 31.3181,-29.40982 31.31802,-29.40984 31.318,-29.40989 31.31807,-29.40997 31.31812,-29.41003 31.3181,-29.4101 31.31805,-29.41014 31.31798,-29.41015 31.31791,-29.41013 31.31787,-29.4101 31.31781,-29.4101 31.31779,-29.41012 31.31778,-29.41018 31.31776,-29.41025 31.31773,-29.41032 31.31767,-29.41033 31.31763,-29.41034 31.31758,-29.41035 31.31758,-29.41042 31.31762,-29.41046 31.31772,-29.41055 31.31777,-29.41059 31.31777,-29.41064 31.31773,-29.41066 31.31769,-29.41064 31.31762,-29.41059 31.31755,-29.41055 31.31748,-29.41054 31.31745,-29.41058 31.31745,-29.41072 31.31742,-29.41076 31.31735,-29.41078 31.31732,-29.41077 31.31725,-29.41081 31.31733,-29.41093 31.3174,-29.41102 31.3174,-29.4111 31.31738,-29.41116 31.3173,-29.41117 31.31721,-29.41113 31.31716,-29.41109 31.31712,-29.41105 31.31701,-29.41103 31.31697,-29.41104 31.31696,-29.41114 31.31696,-29.41124 31.31691,-29.4113 31.31691,-29.4114 31.31692,-29.41156 31.31688,-29.4117 31.3168,-29.4118 31.31671,-29.41188 31.31663,-29.41193 31.31656,-29.41197 31.31645,-29.41199 31.31631,-29.41203 31.31619,-29.41213 31.31602,-29.41228 31.3159,-29.4124 31.31587,-29.41247 31.31579,-29.41258 31.31569,-29.41266 31.31565,-29.4127 31.3156,-29.41284 31.31556,-29.41294 31.31549,-29.41304 31.31542,-29.41309 31.31521,-29.41327 31.31512,-29.41343 31.31505,-29.41358 31.31495,-29.41371 31.31493,-29.41375 31.31493,-29.41383 31.31494,-29.41392 31.31489,-29.41396 31.31479,-29.41393 31.31473,-29.41393 31.31465,-29.41394 31.31462,-29.414 31.31463,-29.41406 31.31469,-29.41411 31.31469,-29.41419 31.31467,-29.41423 31.31465,-29.41428 31.31459,-29.41431 31.31455,-29.4143 31.31452,-29.41432 31.31448,-29.41437 31.3145,-29.4144 31.31455,-29.41442 31.31459,-29.41444 31.31464,-29.41449 31.31465,-29.41457 31.31463,-29.41463 31.31457,-29.41464 31.3145,-29.41465 31.31447,-29.41467 31.31441,-29.41478 31.31439,-29.41482 31.31433,-29.41484 31.31427,-29.41484 31.31419,-29.41485 31.31417,-29.41493 31.31417,-29.41498 31.31413,-29.41503 31.31405,-29.41514 31.31408,-29.41522 31.31423,-29.41532 31.31426,-29.41539 31.31422,-29.41546 31.31413,-29.41547 31.31404,-29.41545 31.31398,-29.41542 31.31392,-29.41538 31.31387,-29.41538 31.31381,-29.41545 31.31378,-29.41551 31.31377,-29.41557 31.3138,-29.41563 31.31381,-29.41566 31.31383,-29.41571 31.31381,-29.41577 31.31373,-29.41579 31.31365,-29.41578 31.31358,-29.41578 31.31347,-29.41584 31.31343,-29.416 31.31341,-29.41621 31.31341,-29.41665 31.3134,-29.41683 31.3134,-29.41721 31.31342,-29.41746 31.31342,-29.41752 31.31338,-29.41756 31.31332,-29.41757 31.3133,-29.41763 31.3133,-29.41769 31.31331,-29.41773 31.31329,-29.41781 31.31315,-29.41784 31.3131,-29.41785 31.31304,-29.4179 31.31301,-29.41792 31.31302,-29.41797 31.31306,-29.41799 31.31312,-29.41801 31.31315,-29.41804 31.31317,-29.41809 31.31315,-29.41818 31.31312,-29.41822 31.31304,-29.41825 31.31292,-29.41824 31.31285,-29.41824 31.31282,-29.41825 31.31279,-29.41828 31.31279,-29.41835 31.31282,-29.41844 31.31277,-29.41852 31.31282,-29.41858 31.31285,-29.41862 31.31288,-29.41869 31.31287,-29.41878 31.31283,-29.41881 31.31267,-29.41881 31.31256,-29.41879 31.3125,-29.4188 31.31246,-29.41891 31.31246,-29.41899 31.31247,-29.41907 31.31254,-29.41911 31.31255,-29.41917 31.31252,-29.41925 31.31246,-29.4193 31.31233,-29.4193 31.31225,-29.41931 31.31221,-29.41945 31.31215,-29.41956 31.31215,-29.41968 31.3122,-29.4198 31.3122,-29.41986 31.31203,-29.4199 31.31192,-29.41987 31.31185,-29.41987 31.31188,-29.41996 31.31191,-29.42006 31.31184,-29.42016 31.31177,-29.4202 31.31167,-29.42016 31.31157,-29.4202 31.31153,-29.42033 31.31153,-29.42041 31.31158,-29.42047 31.3116,-29.42054 31.3116,-29.42066 31.31153,-29.42078 31.31145,-29.42084 31.31138,-29.42084 31.31134,-29.42082 31.31127,-29.42076 31.3112,-29.42072 31.31116,-29.42074 31.31115,-29.42081 31.31116,-29.42091 31.31117,-29.42112 31.31118,-29.42128 31.31119,-29.42142 31.31118,-29.42149 31.31111,-29.42156 31.31081,-29.42171 31.31069,-29.42178 31.31061,-29.42182 31.31041,-29.42191 31.3103,-29.42195 31.31016,-29.42201 31.31004,-29.42206 31.30994,-29.42212 31.30982,-29.42219 31.30974,-29.42221 31.3096,-29.4223 31.3095,-29.42236 31.30939,-29.42246 31.30931,-29.42256 31.30916,-29.42272 31.30905,-29.42283 31.30892,-29.42295 31.30885,-29.42304 31.30877,-29.42317 31.30869,-29.42325 31.30856,-29.4234 31.30853,-29.42346 31.30851,-29.42354 31.30847,-29.42361 31.30835,-29.42367 31.30825,-29.42376 31.30813,-29.42387 31.30804,-29.42395 31.30794,-29.42405 31.30788,-29.42413 31.30784,-29.42419 31.30783,-29.42422 31.30774,-29.42426 31.30764,-29.42431 31.3076,-29.4244 31.30757,-29.42448 31.30751,-29.42458 31.30732,-29.42477 31.30726,-29.42485 31.30722,-29.42493 31.30717,-29.42498 31.30711,-29.425 31.30701,-29.42512 31.30683,-29.4253 31.30676,-29.42538 31.30668,-29.42546 31.30658,-29.42553 31.30652,-29.42556 31.30644,-29.42563 31.3064,-29.42571 31.30635,-29.42578 31.30628,-29.42588 31.30619,-29.42596 31.30599,-29.42612 31.30592,-29.42615 31.30584,-29.42615 31.30577,-29.42622 31.30575,-29.42628 31.30571,-29.42637 31.30562,-29.42643 31.30557,-29.42645 31.30548,-29.42657 31.30542,-29.42663 31.30537,-29.42672 31.30526,-29.42679 31.30518,-29.42686 31.30512,-29.42698 31.30506,-29.42705 31.30497,-29.42714 31.30486,-29.42726 31.30478,-29.42745 31.30476,-29.42748 31.30467,-29.42755 31.30464,-29.42756 31.30459,-29.42761 31.30455,-29.42766 31.30453,-29.42772 31.30451,-29.42777 31.30444,-29.42785 31.30435,-29.42793 31.30419,-29.42809 31.30411,-29.42816 31.30401,-29.42822 31.30394,-29.42833 31.30388,-29.42848 31.30382,-29.42855 31.30371,-29.42866 31.30355,-29.4289 31.30346,-29.42895 31.3034,-29.4291 31.30329,-29.42925 31.30322,-29.42935 31.30312,-29.42946 31.30305,-29.42952 31.30302,-29.42956 31.30295,-29.42963 31.30292,-29.42967 31.30287,-29.42969 31.3028,-29.42972 31.30275,-29.42978 31.30272,-29.42987 31.3027,-29.42994 31.30263,-29.42998 31.30255,-29.43001 31.30247,-29.43001 31.30243,-29.42999 31.30235,-29.42998 31.30239,-29.43007 31.30239,-29.43013 31.30236,-29.43019 31.30228,-29.43021 31.30221,-29.43021 31.30215,-29.43026 31.30217,-29.43034 31.30233,-29.43037 31.30239,-29.43044 31.30239,-29.43051 31.30233,-29.43053 31.30221,-29.43053 31.30204,-29.43047 31.30201,-29.43045 31.30194,-29.43047 31.30192,-29.43053 31.30202,-29.43059 31.30205,-29.43064 31.30206,-29.43072 31.30203,-29.43077 31.30196,-29.43079 31.30185,-29.43079 31.30175,-29.4308 31.30174,-29.43083 31.30176,-29.43086 31.30179,-29.4309 31.30178,-29.43097 31.30174,-29.43103 31.30196,-29.43113 31.302,-29.43115 31.30198,-29.43124 31.30189,-29.43127 31.30179,-29.43132 31.30153,-29.43132 31.30148,-29.43133 31.30146,-29.43141 31.30146,-29.43149 31.30144,-29.43151 31.30141,-29.43155 31.30141,-29.43164 31.30144,-29.43171 31.30142,-29.43176 31.30138,-29.43177 31.30129,-29.43171 31.30124,-29.43168 31.30118,-29.43168 31.30113,-29.43171 31.3011,-29.4318 31.30104,-29.43187 31.301,-29.43196 31.30103,-29.43204 31.30107,-29.43208 31.30107,-29.4322 31.30104,-29.43227 31.301,-29.4323 31.30087,-29.43235 31.30075,-29.43232 31.30075,-29.4324 31.30079,-29.43246 31.30085,-29.4325 31.30086,-29.43261 31.30081,-29.43264 31.30076,-29.43265 31.30071,-29.43263 31.30062,-29.43258 31.30054,-29.43253 31.30051,-29.43251 31.30046,-29.4325 31.30039,-29.43253 31.30036,-29.43261 31.3004,-29.43274 31.30034,-29.43285 31.30028,-29.43295 31.30019,-29.43303 31.30011,-29.43314 31.29996,-29.43322 31.29979,-29.43334 31.29965,-29.43351 31.29958,-29.43367 31.29947,-29.4339 31.29937,-29.434 31.2992,-29.43411 31.29887,-29.43411 31.29889,-29.43415 31.29892,-29.43418 31.29893,-29.43425 31.29893,-29.43428 31.29887,-29.4343 31.29875,-29.43428 31.29867,-29.43426 31.29854,-29.43431 31.29851,-29.43436 31.29847,-29.43443 31.2984,-29.43449 31.29832,-29.43456 31.2984,-29.4347 31.29842,-29.43476 31.29841,-29.4348 31.29834,-29.43482 31.29831,-29.43482 31.29823,-29.43477 31.29815,-29.43474 31.2981,-29.43474 31.29806,-29.43483 31.29806,-29.43492 31.29803,-29.43491 31.29786,-29.43491 31.29782,-29.43494 31.29776,-29.435 31.29775,-29.4351 31.29773,-29.43521 31.29769,-29.43531 31.29759,-29.43531 31.29751,-29.43529 31.29748,-29.43526 31.29745,-29.43527 31.29745,-29.43538 31.29755,-29.43553 31.29748,-29.43562 31.29741,-29.43569 31.29731,-29.43575 31.29724,-29.43588 31.29717,-29.43596 31.29712,-29.43604 31.297,-29.43618 31.29683,-29.43637 31.29673,-29.43643 31.29663,-29.4365 31.29652,-29.43665 31.29645,-29.43678 31.29629,-29.43699 31.2962,-29.43715 31.29592,-29.43757 31.29574,-29.43774 31.29562,-29.43787 31.29548,-29.43802 31.29523,-29.43825 31.29508,-29.43835 31.295,-29.43841 31.29492,-29.43845 31.29481,-29.43855 31.29478,-29.43867 31.2947,-29.4388 31.2946,-29.43894 31.29454,-29.439 31.29441,-29.43917 31.29432,-29.43924 31.29424,-29.43941 31.29411,-29.43965 31.29401,-29.43978 31.29398,-29.43985 31.29391,-29.44003 31.29387,-29.44016 31.29377,-29.44032 31.29366,-29.44052 31.29357,-29.4407 31.29345,-29.44082 31.29319,-29.44107 31.29315,-29.44113 31.29305,-29.44122 31.29295,-29.44138 31.29288,-29.44157 31.29285,-29.44171 31.29283,-29.44187 31.29283,-29.442 31.29282,-29.44207 31.29276,-29.44211 31.29266,-29.44212 31.2926,-29.44216 31.29258,-29.44225 31.29266,-29.44232 31.29276,-29.44232 31.2928,-29.44233 31.29284,-29.44246 31.29287,-29.44251 31.29297,-29.44252 31.29304,-29.44257 31.29307,-29.44266 31.29319,-29.44271 31.29323,-29.4427 31.2933,-29.44273 31.29332,-29.44276 31.29328,-29.44283 31.29315,-29.44283 31.29314,-29.44289 31.29312,-29.44299 31.29314,-29.44314 31.29323,-29.44321 31.29338,-29.44325 31.29347,-29.44337 31.29347,-29.44358 31.29341,-29.44369 31.2933,-29.44379 31.29323,-29.44386 31.29313,-29.44392 31.29295,-29.44398 31.29268,-29.44398 31.29258,-29.44401 31.29244,-29.44407 31.29233,-29.44417 31.29218,-29.44429 31.29212,-29.44439 31.29209,-29.44457 31.29207,-29.44499 31.29209,-29.44511 31.29209,-29.44522 31.29201,-29.44526 31.29193,-29.44531 31.29187,-29.4454 31.29186,-29.44543 31.29191,-29.44548 31.29197,-29.44557 31.29197,-29.4456 31.29194,-29.44567 31.29182,-29.4457 31.29163,-29.4457 31.29153,-29.44584 31.29155,-29.44593 31.29156,-29.44601 31.2915,-29.44611 31.29139,-29.44612 31.29132,-29.44604 31.2912,-29.44601 31.29109,-29.44601 31.29106,-29.44609 31.29105,-29.44619 31.29101,-29.44628 31.29102,-29.4464 31.29103,-29.44649 31.29099,-29.44655 31.29091,-29.44656 31.29083,-29.44647 31.29074,-29.44641 31.29067,-29.4464 31.29064,-29.4464 31.2906,-29.44645 31.29062,-29.44651 31.29062,-29.44662 31.29057,-29.44667 31.29048,-29.44671 31.29026,-29.44671 31.29019,-29.44676 31.29021,-29.44684 31.29033,-29.44692 31.29037,-29.44701 31.29041,-29.44705 31.29036,-29.4471 31.29033,-29.44716 31.29027,-29.44721 31.29019,-29.44721 31.29014,-29.44715 31.2901,-29.44712 31.29001,-29.44702 31.28998,-29.44702 31.28988,-29.44704 31.28986,-29.44707 31.28986,-29.44723 31.28983,-29.44734 31.2898,-29.44743 31.2897,-29.44757 31.2896,-29.44764 31.28934,-29.44778 31.28921,-29.44781 31.28906,-29.44787 31.28892,-29.44791 31.28879,-29.44796 31.28858,-29.448 31.28845,-29.44802 31.28836,-29.44806 31.28823,-29.44814 31.28813,-29.44826 31.28799,-29.44841 31.28784,-29.44848 31.28772,-29.44868 31.28767,-29.44886 31.28758,-29.44901 31.2875,-29.44914 31.28738,-29.44934 31.28724,-29.44952 31.28712,-29.44976 31.28705,-29.44988 31.287,-29.45004 31.28697,-29.45028 31.28697,-29.45082 31.28694,-29.45097 31.28699,-29.45106 31.28699,-29.45115 31.28692,-29.4512 31.28684,-29.4512 31.28679,-29.45121 31.28675,-29.45124 31.2868,-29.4513 31.28689,-29.45131 31.28701,-29.45134 31.28705,-29.45139 31.28705,-29.45149 31.28708,-29.45154 31.28715,-29.45157 31.28717,-29.45169 31.28715,-29.45181 31.28706,-29.45181 31.28695,-29.45175 31.28686,-29.4517 31.28681,-29.45167 31.28671,-29.45167 31.28669,-29.45173 31.28673,-29.45181 31.28673,-29.45189 31.28661,-29.45191 31.28658,-29.45196 31.28658,-29.45203 31.28666,-29.4521 31.28676,-29.45213 31.28677,-29.4522 31.28673,-29.45225 31.2866,-29.45225 31.28654,-29.45228 31.28654,-29.45236 31.28661,-29.45242 31.28664,-29.45246 31.28662,-29.45256 31.28667,-29.45263 31.28673,-29.45268 31.28673,-29.4528 31.28664,-29.45282 31.28654,-29.4528 31.28633,-29.4528 31.28634,-29.45288 31.28636,-29.45293 31.28636,-29.45299 31.28634,-29.45303 31.28637,-29.45319 31.28639,-29.45323 31.28639,-29.45334 31.28631,-29.45342 31.28625,-29.4534 31.28618,-29.45339 31.28615,-29.45337 31.28606,-29.45336 31.28599,-29.45339 31.28597,-29.45347 31.28599,-29.45354 31.28602,-29.45361 31.28599,-29.45371 31.28578,-29.45369 31.28575,-29.45372 31.28576,-29.45377 31.28582,-29.45384 31.2859,-29.45389 31.28592,-29.45392 31.28594,-29.454 31.2859,-29.45403 31.28582,-29.45403 31.28573,-29.454 31.28565,-29.45394 31.28563,-29.45392 31.28558,-29.4539 31.28553,-29.45392 31.28552,-29.45399 31.28554,-29.45405 31.28555,-29.45415 31.28555,-29.45422 31.28553,-29.45426 31.28557,-29.45433 31.28557,-29.45439 31.28555,-29.45444 31.28551,-29.45449 31.28538,-29.45449 31.28539,-29.45464 31.28536,-29.45468 31.28529,-29.45473 31.28534,-29.45485 31.28535,-29.45491 31.28533,-29.45499 31.28525,-29.45503 31.28513,-29.45516 31.28501,-29.45523 31.28484,-29.45529 31.28455,-29.45535 31.28447,-29.45536 31.28431,-29.45542 31.28418,-29.45554 31.28406,-29.45564 31.28398,-29.45573 31.28385,-29.45586 31.28377,-29.45597 31.28361,-29.45607 31.28344,-29.45615 31.28336,-29.45618 31.28319,-29.45624 31.28308,-29.4563 31.28292,-29.45645 31.28283,-29.45655 31.28277,-29.45663 31.2826,-29.45681 31.28241,-29.45693 31.28228,-29.45703 31.28206,-29.4572 31.28189,-29.45732 31.2818,-29.45743 31.28173,-29.45752 31.28154,-29.45768 31.2814,-29.4578 31.28124,-29.45792 31.2811,-29.45807 31.28095,-29.45824 31.28083,-29.45836 31.28067,-29.45849 31.28057,-29.45861 31.28042,-29.4588 31.28031,-29.45895 31.28011,-29.45919 31.27998,-29.4593 31.27988,-29.45939 31.27982,-29.45941 31.27976,-29.45946 31.27971,-29.45954 31.27961,-29.45961 31.27947,-29.45965 31.27933,-29.45968 31.27921,-29.45971 31.27901,-29.45979 31.27899,-29.45984 31.27886,-29.4599 31.2787,-29.46003 31.2786,-29.46015 31.27846,-29.4603 31.27837,-29.46042 31.27827,-29.46054 31.27822,-29.46058 31.27815,-29.46077 31.27808,-29.46091 31.27801,-29.46107 31.27799,-29.46118 31.27794,-29.46123 31.27787,-29.46128 31.27781,-29.46128 31.27772,-29.46127 31.27762,-29.46128 31.27762,-29.46133 31.27754,-29.46141 31.27754,-29.46144 31.27753,-29.46148 31.27759,-29.46153 31.27761,-29.46161 31.2776,-29.46171 31.27767,-29.46175 31.27772,-29.46177 31.27773,-29.46182 31.27773,-29.46189 31.27772,-29.46195 31.2777,-29.46198 31.27767,-29.462 31.27765,-29.46203 31.27769,-29.46205 31.27769,-29.46209 31.27766,-29.4621 31.27764,-29.46213 31.27763,-29.46218 31.27761,-29.46226 31.27759,-29.46231 31.27748,-29.46233 31.27745,-29.46231 31.27733,-29.46231 31.27722,-29.46232 31.27715,-29.46231 31.27704,-29.46229 31.27698,-29.46226 31.27691,-29.46226 31.2769,-29.46232 31.27692,-29.46237 31.27694,-29.46245 31.27688,-29.46248 31.27675,-29.46247 31.27671,-29.46249 31.2767,-29.46256 31.27674,-29.46262 31.27681,-29.46266 31.27688,-29.46275 31.27688,-29.46283 31.27682,-29.46286 31.27675,-29.46286 31.27669,-29.46284 31.27662,-29.46282 31.27657,-29.46281 31.2765,-29.46284 31.27646,-29.46293 31.27645,-29.46305 31.27643,-29.46311 31.27647,-29.46316 31.27654,-29.46321 31.27667,-29.46326 31.27667,-29.46333 31.27662,-29.46341 31.27656,-29.46345 31.27652,-29.46346 31.27651,-29.4635 31.27647,-29.46356 31.27647,-29.46377 31.27648,-29.46387 31.27645,-29.46398 31.27638,-29.46408 31.27629,-29.46418 31.27618,-29.4643 31.27606,-29.46435 31.27588,-29.46445 31.27572,-29.46451 31.27561,-29.46458 31.2755,-29.46461 31.27539,-29.46468 31.27527,-29.46477 31.27519,-29.46485 31.27511,-29.46494 31.27508,-29.46502 31.27502,-29.46515 31.27497,-29.46525 31.2749,-29.46536 31.2748,-29.46551 31.27472,-29.46561 31.27447,-29.46593 31.27437,-29.46607 31.27426,-29.46622 31.27416,-29.46632 31.27411,-29.46641 31.27412,-29.4665 31.27407,-29.46659 31.27395,-29.46658 31.27387,-29.46654 31.27384,-29.46652 31.27381,-29.46652 31.27381,-29.46661 31.27378,-29.46666 31.27374,-29.46671 31.27374,-29.46676 31.27382,-29.46685 31.27381,-29.46694 31.27371,-29.46698 31.27361,-29.46695 31.27357,-29.46692 31.27353,-29.46691 31.27349,-29.46693 31.27349,-29.467 31.27346,-29.46707 31.27338,-29.46713 31.27348,-29.46719 31.27358,-29.46726 31.2736,-29.46731 31.27358,-29.46739 31.27349,-29.46741 31.27337,-29.46736 31.2733,-29.46733 31.27325,-29.46742 31.27322,-29.46749 31.27319,-29.46755 31.27317,-29.46762 31.27308,-29.46778 31.273,-29.46787 31.27286,-29.46798 31.27273,-29.46807 31.27252,-29.46815 31.27233,-29.46823 31.27223,-29.46832 31.27219,-29.46839 31.2721,-29.4685 31.27202,-29.46866 31.27197,-29.46877 31.27194,-29.46884 31.27194,-29.46901 31.2719,-29.4691 31.27178,-29.46911 31.27168,-29.46904 31.27164,-29.46901 31.27158,-29.469 31.27153,-29.46905 31.27153,-29.46916 31.27155,-29.46923 31.27155,-29.46928 31.27154,-29.46931 31.27147,-29.46933 31.27145,-29.46936 31.27151,-29.4694 31.27161,-29.4695 31.27163,-29.46957 31.27162,-29.46966 31.27155,-29.46978 31.27148,-29.46983 31.27145,-29.46984 31.27129,-29.46981 31.27123,-29.4698 31.27116,-29.46984 31.27116,-29.46989 31.27117,-29.46995 31.27117,-29.47003 31.27112,-29.47012 31.27106,-29.47015 31.27096,-29.47011 31.27088,-29.47005 31.27081,-29.47004 31.27076,-29.47007 31.27069,-29.4701 31.27066,-29.47015 31.27069,-29.47027 31.27072,-29.47044 31.27078,-29.47051 31.27081,-29.47056 31.27079,-29.47063 31.27072,-29.47067 31.27066,-29.4707 31.27059,-29.4707 31.27048,-29.47065 31.2704,-29.4706 31.27038,-29.47058 31.27032,-29.47058 31.27029,-29.47062 31.27032,-29.47074 31.27025,-29.47079 31.27019,-29.47082 31.27025,-29.4709 31.27029,-29.47099 31.27024,-29.47105 31.2702,-29.47111 31.27016,-29.47106 31.27007,-29.47099 31.26996,-29.47099 31.2699,-29.471 31.26989,-29.47111 31.26991,-29.47116 31.2699,-29.47122 31.26985,-29.47126 31.26975,-29.47124 31.26962,-29.47124 31.2696,-29.47128 31.26971,-29.47134 31.26975,-29.47136 31.26977,-29.47142 31.26975,-29.47148 31.26962,-29.47153 31.26953,-29.47149 31.26949,-29.4715 31.26946,-29.47155 31.26942,-29.47163 31.26942,-29.47184 31.26938,-29.47188 31.26935,-29.4719 31.26929,-29.47193 31.26924,-29.47196 31.26917,-29.472 31.26918,-29.47205 31.26917,-29.47214 31.26914,-29.47217 31.26902,-29.47217 31.26898,-29.47218 31.26898,-29.47223 31.26896,-29.47229 31.26891,-29.47233 31.26887,-29.47235 31.26885,-29.47237 31.26888,-29.47246 31.26896,-29.47256 31.26895,-29.47262 31.26891,-29.4727 31.26886,-29.47272 31.26871,-29.47272 31.26859,-29.47265 31.26852,-29.47265 31.26843,-29.47268 31.26842,-29.47272 31.26847,-29.47282 31.26855,-29.47285 31.26856,-29.47294 31.26846,-29.47304 31.26829,-29.47308 31.26824,-29.47308 31.26821,-29.47312 31.26826,-29.47317 31.2683,-29.47319 31.26839,-29.47326 31.26843,-29.47332 31.26839,-29.47339 31.26834,-29.47343 31.26822,-29.47342 31.26817,-29.47337 31.26806,-29.47333 31.268,-29.4733 31.26793,-29.47332 31.26795,-29.4734 31.26796,-29.47349 31.2679,-29.47355 31.2678,-29.47359 31.26777,-29.47366 31.2678,-29.47375 31.26779,-29.47386 31.26772,-29.47391 31.26773,-29.47399 31.26768,-29.47408 31.26757,-29.47407 31.26749,-29.47407 31.2674,-29.47418 31.26735,-29.47426 31.2673,-29.47429 31.26735,-29.47437 31.26735,-29.47446 31.26729,-29.47452 31.26716,-29.47454 31.26705,-29.47459 31.26696,-29.47462 31.26688,-29.47467 31.26684,-29.4747 31.26683,-29.47475 31.26686,-29.47481 31.26687,-29.47492 31.26679,-29.47505 31.26666,-29.47509 31.26654,-29.47507 31.26644,-29.47507 31.26627,-29.47524 31.26629,-29.47537 31.26627,-29.47543 31.26616,-29.47546 31.26602,-29.47548 31.26592,-29.47553 31.26589,-29.47571 31.26587,-29.47584 31.26575,-29.47589 31.26558,-29.47592 31.26549,-29.47605 31.26546,-29.47617 31.26549,-29.47621 31.26549,-29.47628 31.26547,-29.47633 31.26537,-29.47634 31.26525,-29.47635 31.2652,-29.47645 31.26522,-29.47663 31.2652,-29.47673 31.26518,-29.47675 31.26524,-29.47684 31.26526,-29.47694 31.26521,-29.47704 31.26514,-29.47709 31.26506,-29.4771 31.26497,-29.47716 31.26495,-29.47723 31.26491,-29.47735 31.26489,-29.47743 31.26491,-29.47753 31.26502,-29.47762 31.26508,-29.47769 31.26509,-29.47787 31.26505,-29.47797 31.26499,-29.47799 31.26493,-29.47799 31.26486,-29.478 31.26483,-29.47804 31.26481,-29.47812 31.26481,-29.47822 31.26479,-29.47831 31.26474,-29.47834 31.26467,-29.47839 31.26449,-29.47839 31.26438,-29.47836 31.26433,-29.47834 31.2643,-29.47838 31.26432,-29.47849 31.26432,-29.47862 31.26419,-29.4787 31.26415,-29.47872 31.26409,-29.47873 31.26399,-29.47871 31.26391,-29.47867 31.26386,-29.47867 31.26381,-29.47871 31.26381,-29.47876 31.26386,-29.47884 31.26386,-29.47894 31.26383,-29.47899 31.26376,-29.47903 31.26365,-29.47901 31.26355,-29.47894 31.26349,-29.47891 31.26345,-29.47898 31.26345,-29.47906 31.26346,-29.47918 31.26342,-29.47923 31.26336,-29.47925 31.26326,-29.47923 31.26307,-29.47917 31.26296,-29.47917 31.26292,-29.4792 31.26291,-29.47927 31.26291,-29.47947 31.2629,-29.47955 31.2629,-29.47975 31.26287,-29.47978 31.26279,-29.4798 31.26266,-29.4798 31.26258,-29.47985 31.26252,-29.47992 31.26248,-29.48 31.26246,-29.48011 31.26243,-29.48019 31.26233,-29.48023 31.2623,-29.48026 31.26224,-29.48029 31.26219,-29.48044 31.26212,-29.48049 31.26203,-29.4805 31.26191,-29.48053 31.26186,-29.48058 31.26181,-29.48078 31.26179,-29.48091 31.26174,-29.48107 31.26169,-29.48112 31.26159,-29.48115 31.26151,-29.48115 31.26142,-29.48118 31.26135,-29.48124 31.2613,-29.48134 31.26137,-29.48145 31.26136,-29.48154 31.26129,-29.48162 31.26125,-29.48164 31.26116,-29.48166 31.26109,-29.48166 31.26103,-29.48169 31.26098,-29.48176 31.26101,-29.4819 31.26101,-29.48198 31.26092,-29.48204 31.26079,-29.48204 31.26062,-29.48208 31.26058,-29.48216 31.26052,-29.48224 31.2605,-29.4823 31.26056,-29.48243 31.26051,-29.48255 31.26043,-29.48266 31.26033,-29.48265 31.26025,-29.4826 31.26015,-29.48258 31.26013,-29.48263 31.26008,-29.48272 31.26014,-29.48281 31.2602,-29.48286 31.2602,-29.48296 31.26012,-29.48307 31.26003,-29.4831 31.25995,-29.48311 31.25991,-29.48318 31.25985,-29.48325 31.25979,-29.48333 31.25979,-29.48339 31.25976,-29.48349 31.25968,-29.48352 31.25964,-29.48357 31.25958,-29.48362 31.2595,-29.48372 31.25948,-29.48377 31.25951,-29.48386 31.25951,-29.48398 31.25946,-29.48405 31.25931,-29.48406 31.25924,-29.48404 31.25917,-29.48403 31.25907,-29.48403 31.25896,-29.48407 31.25893,-29.48416 31.25892,-29.48425 31.25897,-29.48442 31.25894,-29.4845 31.25886,-29.48454 31.25863,-29.48454 31.25858,-29.48457 31.25858,-29.48485 31.25857,-29.48492 31.25851,-29.485 31.25838,-29.48503 31.25823,-29.48505 31.25816,-29.48503 31.25805,-29.48505 31.25795,-29.48513 31.25792,-29.4852 31.25796,-29.48529 31.25799,-29.48533 31.25801,-29.48541 31.25801,-29.48545 31.25795,-29.48547 31.25772,-29.48547 31.25766,-29.48552 31.25762,-29.48559 31.25758,-29.48563 31.25752,-29.48571 31.25752,-29.48578 31.25755,-29.48584 31.25756,-29.48593 31.25753,-29.48597 31.25746,-29.48598 31.25737,-29.48594 31.25729,-29.48589 31.25715,-29.48587 31.2571,-29.48593 31.25707,-29.48607 31.25704,-29.48617 31.25699,-29.48621 31.25694,-29.48623 31.25682,-29.48622 31.25675,-29.4862 31.25668,-29.4862 31.25658,-29.48625 31.25648,-29.48634 31.25645,-29.48644 31.25644,-29.48653 31.25638,-29.48657 31.2563,-29.48659 31.2562,-29.48659 31.25611,-29.4866 31.256,-29.48678 31.25593,-29.48688 31.25583,-29.48691 31.25576,-29.48701 31.25568,-29.48711 31.25561,-29.48716 31.25552,-29.48715 31.25545,-29.4872 31.25537,-29.48728 31.25532,-29.48739 31.25524,-29.48742 31.25502,-29.48742 31.25501,-29.48745 31.25501,-29.48754 31.255,-29.48763 31.25496,-29.48768 31.25494,-29.48771 31.25489,-29.48774 31.25482,-29.48775 31.25477,-29.48778 31.25456,-29.4878 31.25444,-29.48793 31.25437,-29.48806 31.25437,-29.48818 31.25436,-29.48823 31.25431,-29.48826 31.25423,-29.48829 31.25417,-29.48829 31.25406,-29.48828 31.254,-29.48829 31.25397,-29.48829 31.25393,-29.48832 31.2539,-29.48834 31.25375,-29.48839 31.25368,-29.48835 31.25363,-29.48834 31.25355,-29.4884 31.25355,-29.4887 31.25354,-29.48876 31.25347,-29.48881 31.25334,-29.48881 31.25328,-29.48879 31.25317,-29.48873 31.25308,-29.48872 31.25307,-29.4888 31.25307,-29.48896 31.25309,-29.48904 31.25306,-29.48913 31.25293,-29.48918 31.25284,-29.48918 31.25275,-29.48916 31.25264,-29.48916 31.25258,-29.48923 31.25256,-29.48938 31.25252,-29.48941 31.25248,-29.48943 31.25244,-29.48954 31.25243,-29.48963 31.25234,-29.48964 31.25228,-29.48964 31.25218,-29.48962 31.2521,-29.48961 31.252,-29.48962 31.25196,-29.48964 31.25194,-29.48969 31.25195,-29.48975 31.25195,-29.48981 31.25197,-29.48988 31.25193,-29.48992 31.25187,-29.48991 31.25182,-29.48989 31.25174,-29.48982 31.25166,-29.48979 31.25161,-29.48982 31.25161,-29.48997 31.25156,-29.49002 31.25144,-29.49008 31.25137,-29.49007 31.2513,-29.49005 31.25126,-29.49003 31.25117,-29.49003 31.25113,-29.49006 31.25112,-29.49009 31.25113,-29.49012 31.25122,-29.49024 31.2512,-29.49028 31.25113,-29.49031 31.25108,-29.49036 31.25104,-29.49046 31.251,-29.49055 31.25102,-29.49067 31.25101,-29.49073 31.25097,-29.4908 31.25093,-29.49085 31.25084,-29.49084 31.25073,-29.49084 31.2507,-29.49087 31.2507,-29.49095 31.25072,-29.49099 31.25078,-29.49105 31.25077,-29.49121 31.25069,-29.49133 31.25062,-29.4914 31.25054,-29.49143 31.25045,-29.49143 31.2504,-29.49145 31.25035,-29.49152 31.25035,-29.4916 31.25045,-29.49169 31.25045,-29.49177 31.25041,-29.49181 31.25037,-29.49182 31.25033,-29.49182 31.25022,-29.49181 31.25016,-29.49183 31.25014,-29.49188 31.25013,-29.49193 31.25013,-29.492 31.25015,-29.49207 31.25014,-29.49215 31.25013,-29.49219 31.25009,-29.49225 31.25002,-29.4923 31.24993,-29.49237 31.24981,-29.49242 31.24967,-29.49247 31.24955,-29.4925 31.24941,-29.49251 31.24939,-29.49262 31.24944,-29.49273 31.24944,-29.49284 31.24936,-29.49285 31.24927,-29.49283 31.24921,-29.49285 31.24923,-29.49301 31.2492,-29.4931 31.24912,-29.49312 31.24901,-29.49309 31.24897,-29.49313 31.24897,-29.49326 31.24896,-29.49334 31.24888,-29.49337 31.24881,-29.49335 31.24867,-29.49337 31.24867,-29.49344 31.24868,-29.4935 31.24868,-29.4936 31.24864,-29.49363 31.2486,-29.49363 31.24846,-29.49358 31.24841,-29.49366 31.2484,-29.49372 31.24836,-29.4938 31.2483,-29.49385 31.24824,-29.49383 31.24813,-29.49381 31.24806,-29.49382 31.24799,-29.49389 31.24794,-29.494 31.24794,-29.49407 31.24792,-29.49412 31.24787,-29.49413 31.24782,-29.49412 31.24774,-29.49408 31.24766,-29.4941 31.24765,-29.49419 31.24765,-29.49441 31.24756,-29.49446 31.24752,-29.49444 31.24746,-29.49442 31.24734,-29.49442 31.2473,-29.4945 31.2473,-29.49456 31.24729,-29.49465 31.24729,-29.49471 31.24725,-29.49475 31.24719,-29.49474 31.24711,-29.49472 31.24699,-29.49476 31.24698,-29.49485 31.24702,-29.49494 31.24702,-29.49505 31.24697,-29.49507 31.24684,-29.49506 31.24676,-29.49506 31.2467,-29.49512 31.24667,-29.49518 31.24668,-29.49531 31.24666,-29.49538 31.24658,-29.49541 31.24652,-29.49541 31.24639,-29.49538 31.24631,-29.49545 31.24629,-29.49552 31.24633,-29.49556 31.24635,-29.49563 31.24633,-29.49568 31.24625,-29.49567 31.24617,-29.49563 31.24607,-29.49562 31.24603,-29.4957 31.24603,-29.49576 31.24607,-29.49584 31.24609,-29.49595 31.24604,-29.496 31.24597,-29.496 31.2459,-29.49599 31.24581,-29.49599 31.24576,-29.49605 31.24569,-29.4961 31.24569,-29.49614 31.24573,-29.49621 31.24572,-29.4963 31.24565,-29.49629 31.24558,-29.49626 31.24545,-29.49628 31.2454,-29.4964 31.2454,-29.49647 31.24543,-29.49657 31.24543,-29.49662 31.2454,-29.49665 31.24536,-29.49666 31.24519,-29.49666 31.24515,-29.49668 31.24512,-29.49674 31.24509,-29.49682 31.24516,-29.49696 31.24515,-29.49701 31.24508,-29.49703 31.24491,-29.497 31.24485,-29.49702 31.24479,-29.49709 31.24476,-29.49718 31.24473,-29.49729 31.24468,-29.49737 31.24459,-29.49744 31.24455,-29.49745 31.2445,-29.49743 31.24443,-29.4974 31.24434,-29.49742 31.2443,-29.49746 31.24428,-29.49753 31.24428,-29.49759 31.24432,-29.49773 31.24424,-29.49781 31.24418,-29.49781 31.24403,-29.49779 31.244,-29.49782 31.244,-29.49802 31.24402,-29.49813 31.244,-29.4982 31.24392,-29.49824 31.24387,-29.49824 31.2438,-29.49822 31.24371,-29.49823 31.2437,-29.49826 31.2437,-29.49844 31.24373,-29.49854 31.24373,-29.49861 31.24365,-29.4987 31.2436,-29.49872 31.24351,-29.49872 31.24346,-29.49875 31.24343,-29.49882 31.2434,-29.49892 31.2434,-29.49896 31.24341,-29.49905 31.24339,-29.49909 31.2433,-29.49908 31.24311,-29.49909 31.24307,-29.49912 31.24306,-29.49918 31.24303,-29.49927 31.24301,-29.49937 31.243,-29.49947 31.24298,-29.49952 31.2429,-29.49952 31.24279,-29.49952 31.24275,-29.49958 31.24275,-29.4998 31.24274,-29.49987 31.24269,-29.49991 31.24259,-29.49989 31.24253,-29.49989 31.24251,-29.49991 31.24251,-29.50005 31.24254,-29.50011 31.24254,-29.50017 31.24252,-29.50023 31.24248,-29.50024 31.24244,-29.50024 31.24241,-29.50023 31.24231,-29.50023 31.24228,-29.50026 31.24227,-29.50035 31.24224,-29.50043 31.24217,-29.50047 31.24206,-29.50052 31.24196,-29.50062 31.24191,-29.50066 31.24183,-29.50072 31.2418,-29.50076 31.24167,-29.5008 31.2416,-29.50081 31.24157,-29.50082 31.24154,-29.50087 31.24153,-29.50093 31.24153,-29.50098 31.24151,-29.50105 31.24148,-29.50109 31.24141,-29.50115 31.24136,-29.50116 31.24132,-29.50121 31.24125,-29.50129 31.2412,-29.50132 31.24114,-29.50131 31.2411,-29.50131 31.24108,-29.50135 31.24108,-29.50148 31.24106,-29.50158 31.24098,-29.50163 31.24082,-29.50179 31.24076,-29.50184 31.24069,-29.50192 31.24059,-29.50207 31.24052,-29.50214 31.24045,-29.50222 31.24041,-29.50229 31.24035,-29.50238 31.24029,-29.50248 31.24018,-29.50259 31.2401,-29.50265 31.24006,-29.50274 31.23997,-29.50282 31.23988,-29.50284 31.23976,-29.50298 31.23951,-29.50324 31.23927,-29.50348 31.23908,-29.50373 31.23894,-29.50387 31.23888,-29.50397 31.2388,-29.50415 31.2388,-29.50424 31.23885,-29.50435 31.23888,-29.50445 31.23894,-29.50456 31.23898,-29.50464 31.23894,-29.5047 31.23889,-29.50474 31.23883,-29.50479 31.23877,-29.50479 31.23872,-29.50485 31.23872,-29.50494 31.23873,-29.50503 31.23869,-29.50509 31.23863,-29.5051 31.23856,-29.50511 31.23855,-29.50516 31.23851,-29.50524 31.23847,-29.50526 31.23842,-29.50529 31.23837,-29.50529 31.23832,-29.50533 31.23829,-29.50537 31.23826,-29.50543 31.2382,-29.50547 31.23812,-29.5055 31.23808,-29.50553 31.23803,-29.50557 31.23799,-29.5056 31.23792,-29.5056 31.23786,-29.50558 31.23781,-29.50558 31.23771,-29.50559 31.23764,-29.50566 31.23759,-29.5057 31.23753,-29.50577 31.23741,-29.5059 31.2372,-29.50618 31.23707,-29.50637 31.23676,-29.50674 31.23662,-29.50686 31.23627,-29.50725 31.23609,-29.50741 31.23586,-29.5077 31.23566,-29.50796 31.23555,-29.50812 31.23537,-29.50838 31.23525,-29.50853 31.23511,-29.50873 31.23497,-29.50892 31.23484,-29.50914 31.23463,-29.50947 31.23454,-29.50961 31.23442,-29.50973 31.23435,-29.50982 31.23405,-29.51023 31.23394,-29.51039 31.2338,-29.51058 31.23364,-29.51078 31.23353,-29.5109 31.23344,-29.51102 31.23339,-29.51112 31.23327,-29.51139 31.23316,-29.51157 31.23308,-29.5117 31.23299,-29.51184 31.23291,-29.51195 31.2328,-29.51214 31.23264,-29.51247 31.23253,-29.51267 31.23245,-29.51283 31.23237,-29.51298 31.23229,-29.5132 31.23223,-29.51343 31.23222,-29.51363 31.23223,-29.51386 31.23223,-29.51398 31.23221,-29.51416 31.23218,-29.51423 31.2321,-29.51426 31.23177,-29.51426 31.23171,-29.51428 31.23168,-29.51433 31.23167,-29.51441 31.23167,-29.51448 31.23173,-29.51452 31.23187,-29.51461 31.23191,-29.51466 31.23193,-29.51477 31.23186,-29.51492 31.23184,-29.51512 31.23179,-29.51513 31.23174,-29.51513 31.23163,-29.51514 31.23162,-29.51522 31.23162,-29.51529 31.2316,-29.51538 31.2316,-29.51542 31.23161,-29.51554 31.23157,-29.51559 31.23146,-29.5156 31.23139,-29.51561 31.23139,-29.51577 31.23135,-29.5159 31.23128,-29.51597 31.23123,-29.51604 31.23117,-29.51614 31.23113,-29.51622 31.23103,-29.51629 31.23094,-29.51641 31.23085,-29.51646 31.23075,-29.51649 31.23064,-29.5166 31.2306,-29.51667 31.23048,-29.5169 31.23034,-29.51711 31.23027,-29.51721 31.23019,-29.51734 31.2301,-29.51748 31.23003,-29.51762 31.22996,-29.51774 31.2299,-29.51792 31.22985,-29.51805 31.22982,-29.51817 31.22982,-29.51825 31.22986,-29.51837 31.22986,-29.51846 31.22982,-29.51855 31.22982,-29.51869 31.22985,-29.51887 31.22988,-29.51896 31.22985,-29.51907 31.22985,-29.51944 31.22984,-29.5196 31.22981,-29.51976 31.22977,-29.51988 31.22973,-29.51997 31.2297,-29.52004 31.22967,-29.52017 31.2296,-29.52021 31.22954,-29.52023 31.22944,-29.52025 31.22916,-29.52027 31.22909,-29.52033 31.22899,-29.52038 31.22888,-29.52045 31.2288,-29.52051 31.22856,-29.52071 31.22835,-29.52094 31.22826,-29.52104 31.22817,-29.52117 31.22809,-29.52131 31.22794,-29.52158 31.22784,-29.5218 31.22775,-29.52201 31.22774,-29.52216 31.22782,-29.5223 31.22794,-29.52239 31.22806,-29.52252 31.22811,-29.52258 31.22819,-29.52264 31.22826,-29.52272 31.22825,-29.52298 31.22825,-29.52311 31.22833,-29.52318 31.22835,-29.52332 31.22835,-29.5234 31.22832,-29.52343 31.22826,-29.52367 31.22828,-29.5238 31.22828,-29.52391 31.22827,-29.524 31.22825,-29.52404 31.22814,-29.52406 31.22807,-29.52412 31.22799,-29.52425 31.22798,-29.52433 31.22808,-29.5244 31.22811,-29.52451 31.22807,-29.5246 31.228,-29.52464 31.22796,-29.52464 31.22789,-29.52469 31.22787,-29.52479 31.22783,-29.52486 31.22778,-29.5249 31.22776,-29.52499 31.22775,-29.52506 31.22768,-29.52512 31.22761,-29.52515 31.22761,-29.52526 31.22758,-29.52536 31.22755,-29.52542 31.22751,-29.52552 31.22741,-29.52566 31.22743,-29.52571 31.22748,-29.52578 31.22745,-29.52591 31.2274,-29.52595 31.22735,-29.52598 31.22729,-29.52599 31.22727,-29.52602 31.22726,-29.52611 31.22718,-29.52618 31.22704,-29.5262 31.22697,-29.52634 31.22697,-29.52652 31.22693,-29.52658 31.22689,-29.5266 31.22687,-29.52662 31.22671,-29.52664 31.22665,-29.52672 31.22664,-29.52679 31.22664,-29.52688 31.22661,-29.52695 31.22652,-29.52693 31.2264,-29.52696 31.22634,-29.52704 31.22631,-29.52714 31.22629,-29.52725 31.22625,-29.52743 31.22623,-29.52754 31.22624,-29.52762 31.22627,-29.52785 31.22628,-29.52791 31.22624,-29.52793 31.22602,-29.52793 31.22589,-29.52791 31.22585,-29.52802 31.22585,-29.52825 31.22581,-29.52832 31.22564,-29.52852 31.22556,-29.52873 31.22553,-29.52884 31.22549,-29.529 31.22541,-29.52923 31.22533,-29.52954 31.22526,-29.52973 31.22519,-29.52994 31.22512,-29.53019 31.22503,-29.53041 31.2249,-29.53063 31.2248,-29.53075 31.22462,-29.53096 31.22431,-29.53146 31.22423,-29.53161 31.22404,-29.53194 31.22399,-29.53202 31.22387,-29.5323 31.22381,-29.53249 31.22378,-29.53256 31.22378,-29.53264 31.2238,-29.5327 31.22385,-29.53274 31.2239,-29.5328 31.2239,-29.53297 31.22385,-29.53298 31.2238,-29.53298 31.22374,-29.533 31.22374,-29.53305 31.22372,-29.53313 31.2237,-29.53319 31.22367,-29.53322 31.22365,-29.53341 31.22365,-29.53351 31.22362,-29.53358 31.22349,-29.53366 31.22346,-29.53368 31.22337,-29.53371 31.22327,-29.53373 31.22321,-29.53374 31.22317,-29.53377 31.22314,-29.53381 31.22309,-29.5339 31.22307,-29.53399 31.22309,-29.53451 31.22312,-29.53462 31.22312,-29.53471 31.22314,-29.53481 31.22315,-29.53489 31.22318,-29.53494 31.22326,-29.53498 31.22332,-29.53506 31.22337,-29.53517 31.22337,-29.5354 31.22338,-29.5355 31.2234,-29.53553 31.2235,-29.53556 31.22354,-29.53559 31.22355,-29.53563 31.22356,-29.5357 31.22351,-29.53573 31.22345,-29.53575 31.22341,-29.53577 31.2234,-29.53582 31.22338,-29.5359 31.22338,-29.53618 31.22343,-29.53623 31.22348,-29.53624 31.22353,-29.53627 31.22359,-29.53633 31.22361,-29.53637 31.22361,-29.53642 31.22359,-29.53649 31.22352,-29.53658 31.22346,-29.5366 31.22339,-29.53662 31.22329,-29.53666 31.22321,-29.53671 31.22314,-29.53678 31.22304,-29.53686 31.22299,-29.53691 31.22288,-29.53699 31.22284,-29.53704 31.22272,-29.53707 31.22267,-29.53709 31.22262,-29.53714 31.22258,-29.53721 31.2225,-29.53733 31.22245,-29.53745 31.22245,-29.53765 31.22242,-29.53771 31.22228,-29.53781 31.22223,-29.53782 31.22219,-29.53784 31.22216,-29.53786 31.22212,-29.53793 31.22212,-29.53799 31.22209,-29.53805 31.22206,-29.53813 31.22202,-29.53819 31.22196,-29.53825 31.22192,-29.53828 31.22187,-29.53831 31.22186,-29.53847 31.22184,-29.53851 31.2218,-29.53854 31.22174,-29.53857 31.22164,-29.53858 31.2216,-29.5386 31.22154,-29.53869 31.2214,-29.53887 31.22124,-29.53903 31.22119,-29.53909 31.2211,-29.53919 31.22106,-29.53924 31.221,-29.53926 31.22089,-29.53926 31.22066,-29.53922 31.22055,-29.53922 31.22045,-29.53926 31.22043,-29.53932 31.22046,-29.53944 31.22048,-29.53954 31.22043,-29.53968 31.22034,-29.53974 31.22023,-29.53977 31.22016,-29.53979 31.22004,-29.5398 31.21998,-29.53984 31.21994,-29.5399 31.21992,-29.53995 31.21994,-29.54003 31.21996,-29.5401 31.21998,-29.54022 31.21995,-29.54037 31.21989,-29.54047 31.21981,-29.54055 31.21974,-29.54058 31.21969,-29.54061 31.21965,-29.54066 31.21949,-29.54083 31.21939,-29.54093 31.21928,-29.54102 31.2192,-29.54111 31.21912,-29.54117 31.21903,-29.54123 31.21892,-29.54129 31.21883,-29.54134 31.21872,-29.5414 31.21862,-29.54144 31.21853,-29.54147 31.21845,-29.54153 31.2183,-29.54163 31.21814,-29.54179 31.2181,-29.54185 31.21805,-29.5419 31.21795,-29.54201 31.21788,-29.54216 31.21782,-29.54229 31.2178,-29.54244 31.21774,-29.54256 31.21767,-29.54265 31.21755,-29.54276 31.21751,-29.54284 31.21741,-29.54296 31.21738,-29.543 31.2173,-29.54315 31.21721,-29.54326 31.21715,-29.54338 31.2171,-29.5435 31.21704,-29.54355 31.21701,-29.54365 31.21698,-29.54376 31.21694,-29.54383 31.2169,-29.54389 31.21687,-29.54394 31.21685,-29.54399 31.21685,-29.54402 31.21683,-29.54406 31.21674,-29.54415 31.21673,-29.54421 31.21667,-29.54433 31.21659,-29.54436 31.21653,-29.54442 31.21652,-29.54448 31.21648,-29.54457 31.21645,-29.54465 31.21644,-29.54472 31.21643,-29.54481 31.21642,-29.54487 31.21639,-29.54491 31.21632,-29.54496 31.21626,-29.54497 31.2161,-29.54497 31.21601,-29.54498 31.21596,-29.54501 31.21592,-29.54506 31.21587,-29.54514 31.21583,-29.54518 31.21577,-29.54519 31.21568,-29.54518 31.2156,-29.54519 31.21556,-29.54524 31.21537,-29.54542 31.21524,-29.5455 31.21513,-29.54555 31.21494,-29.54559 31.21476,-29.54562 31.21464,-29.54565 31.21449,-29.54568 31.21418,-29.54584 31.21399,-29.54597 31.21386,-29.54604 31.21373,-29.54613 31.21365,-29.54621 31.21357,-29.5463 31.21346,-29.54641 31.21321,-29.54661 31.21311,-29.5467 31.21302,-29.5468 31.21292,-29.54688 31.21284,-29.54697 31.21266,-29.54715 31.21258,-29.54722 31.21255,-29.54732 31.21253,-29.54739 31.2125,-29.54747 31.21245,-29.54752 31.2124,-29.54756 31.21239,-29.54761 31.21239,-29.54775 31.21236,-29.54781 31.21233,-29.54783 31.2123,-29.54782 31.21219,-29.54782 31.21216,-29.54783 31.21211,-29.54787 31.21206,-29.54795 31.212,-29.54801 31.21197,-29.5481 31.21195,-29.54818 31.21193,-29.54824 31.21189,-29.54827 31.21185,-29.54829 31.2118,-29.54831 31.21172,-29.54832 31.21167,-29.54836 31.21159,-29.54845 31.21156,-29.54852 31.21154,-29.54856 31.21147,-29.54866 31.21129,-29.54883 31.21112,-29.54892 31.21098,-29.54897 31.2109,-29.54903 31.21077,-29.54909 31.21048,-29.54924 31.21036,-29.54929 31.21023,-29.54937 31.21011,-29.54945 31.20997,-29.54954 31.20983,-29.54961 31.20966,-29.54972 31.20952,-29.54981 31.20939,-29.5499 31.20933,-29.54995 31.2089,-29.55026 31.20875,-29.55031 31.20867,-29.55036 31.20842,-29.55057 31.20833,-29.55066 31.20822,-29.55076 31.20809,-29.55086 31.208,-29.55092 31.20793,-29.55099 31.20786,-29.55105 31.20776,-29.55118 31.20769,-29.55125 31.20764,-29.55132 31.20757,-29.55141 31.20742,-29.55156 31.20726,-29.55171 31.20704,-29.55193 31.20683,-29.55211 31.20675,-29.55216 31.20664,-29.5522 31.2065,-29.55225 31.20638,-29.55231 31.20628,-29.55237 31.20619,-29.5524 31.2061,-29.55244 31.20601,-29.5525 31.2059,-29.55257 31.20579,-29.55265 31.20569,-29.55271 31.20558,-29.55278 31.20549,-29.55285 31.20526,-29.55307 31.20508,-29.55325 31.20495,-29.55339 31.20486,-29.55348 31.20475,-29.5536 31.20467,-29.55368 31.20458,-29.55376 31.20442,-29.55391 31.2043,-29.554 31.20418,-29.5541 31.20403,-29.55422 31.2039,-29.55433 31.20375,-29.55446 31.20366,-29.55457 31.20333,-29.55487 31.20321,-29.55497 31.20311,-29.55506 31.20302,-29.55514 31.2027,-29.5554 31.20262,-29.55547 31.20252,-29.55554 31.20239,-29.55563 31.20227,-29.55575 31.20213,-29.55585 31.20202,-29.55595 31.2019,-29.55611 31.20181,-29.5562 31.20174,-29.55628 31.20163,-29.55638 31.20155,-29.55647 31.20145,-29.55655 31.20138,-29.5566 31.2013,-29.55668 31.20121,-29.55678 31.20113,-29.55685 31.20105,-29.55693 31.20093,-29.55703 31.20083,-29.55713 31.20067,-29.55724 31.20045,-29.55742 31.20032,-29.55752 31.20021,-29.5576 31.20008,-29.55768 31.20001,-29.55775 31.19994,-29.55784 31.19983,-29.55795 31.19958,-29.55822 31.19951,-29.55834 31.19944,-29.55845 31.19939,-29.55853 31.19928,-29.55868 31.19911,-29.55887 31.19896,-29.55907 31.19887,-29.5592 31.19876,-29.55935 31.19861,-29.55952 31.19848,-29.55967 31.19839,-29.55975 31.19828,-29.55984 31.19787,-29.56025 31.19757,-29.56052 31.19744,-29.56064 31.19721,-29.56085 31.19683,-29.56115 31.19672,-29.56123 31.1966,-29.56133 31.19647,-29.56144 31.19633,-29.56157 31.19609,-29.56178 31.19595,-29.56189 31.19576,-29.56206 31.19564,-29.56215 31.19506,-29.56262 31.19494,-29.56272 31.19481,-29.56283 31.1947,-29.56292 31.19453,-29.56304 31.19443,-29.56313 31.19427,-29.56326 31.1942,-29.56331 31.19413,-29.56338 31.19403,-29.5635 31.19389,-29.56364 31.19381,-29.56371 31.19372,-29.56378 31.1936,-29.5639 31.19353,-29.56399 31.19342,-29.5641 31.19333,-29.56417 31.19327,-29.56424 31.19303,-29.56446 31.19296,-29.56457 31.19288,-29.56466 31.19276,-29.5648 31.19266,-29.56489 31.19256,-29.56497 31.19248,-29.56503 31.19223,-29.56528 31.19217,-29.56537 31.1921,-29.56545 31.19198,-29.56554 31.19188,-29.56562 31.19173,-29.56575 31.19161,-29.56583 31.19148,-29.56596 31.19139,-29.56603 31.19125,-29.56617 31.19109,-29.56629 31.19101,-29.56634 31.19085,-29.5665 31.19075,-29.56659 31.19068,-29.56665 31.1906,-29.56673 31.19041,-29.56687 31.19029,-29.56697 31.19024,-29.56703 31.19006,-29.56719 31.18977,-29.56746 31.18961,-29.56762 31.18952,-29.5677 31.18942,-29.56779 31.18934,-29.56786 31.18921,-29.56799 31.1891,-29.56808 31.18902,-29.56816 31.18893,-29.56823 31.18887,-29.56831 31.18875,-29.56841 31.18868,-29.56848 31.1886,-29.56857 31.18851,-29.56867 31.18839,-29.56877 31.18833,-29.56884 31.18826,-29.56889 31.18814,-29.56901 31.18797,-29.5692 31.18791,-29.56925 31.18786,-29.56933 31.18781,-29.5694 31.18754,-29.56967 31.18746,-29.56974 31.1874,-29.56982 31.18731,-29.56992 31.18721,-29.57006 31.18711,-29.57019 31.18705,-29.57026 31.18696,-29.57037 31.18686,-29.57052 31.18678,-29.5706 31.18674,-29.57066 31.18657,-29.57087 31.18649,-29.57098 31.18641,-29.57108 31.18633,-29.57119 31.18626,-29.5713 31.18592,-29.57163 31.18575,-29.57178 31.18573,-29.57177 31.18517,-29.57154 31.18497,-29.57145 31.18489,-29.57141 31.18476,-29.57136 31.18447,-29.57126 31.18421,-29.57118 31.18408,-29.57114 31.18354,-29.57096 31.18291,-29.57077 31.18276,-29.57072 31.18276,-29.57072 31.18246,-29.57062 31.18209,-29.57051 31.182,-29.57049 31.18194,-29.57048 31.18172,-29.57043 31.18152,-29.57036 31.1814,-29.57032 31.1814,-29.57032 31.18127,-29.57027 31.18102,-29.57019 31.18079,-29.57013 31.18055,-29.57008 31.18042,-29.57006 31.18033,-29.57004 31.18017,-29.57001 31.18003,-29.57001 31.17995,-29.57001 31.17987,-29.57002 31.17956,-29.57002 31.1795,-29.57003 31.17941,-29.57005 31.1792,-29.57008 31.17914,-29.57009 31.17908,-29.5701 31.17904,-29.5701 31.17899,-29.57011 31.17887,-29.57011 31.17875,-29.5701 31.17875,-29.5701 31.17863,-29.57009 31.17853,-29.57008 31.17842,-29.57007 31.17828,-29.57004 31.17819,-29.57001 31.17811,-29.56998 31.17808,-29.56996 31.17798,-29.56991 31.17782,-29.56985 31.17776,-29.56982 31.17774,-29.56981 31.17769,-29.5698 31.17761,-29.56979 31.17751,-29.56974 31.17748,-29.56972 31.17737,-29.56969 31.17733,-29.56967 31.17723,-29.56962 31.17711,-29.56959 31.17704,-29.56957 31.17697,-29.56956 31.17688,-29.56952 31.17688,-29.56952 31.17679,-29.56948 31.17672,-29.56946 31.17659,-29.56942 31.1765,-29.56939 31.1765,-29.56939 31.1764,-29.56935 31.17632,-29.56933 31.17627,-29.56932 31.17615,-29.56932 31.17608,-29.56931 31.176,-29.5693 31.17593,-29.56931 31.17587,-29.56931 31.17581,-29.5693 31.17574,-29.56931 31.17565,-29.56932 31.17554,-29.56934 31.17544,-29.56936 31.17541,-29.56937 31.17537,-29.56938 31.17529,-29.56938 31.17521,-29.56938 31.17514,-29.56937 31.1751,-29.56936 31.17506,-29.56935 31.17503,-29.56934 31.17499,-29.56932 31.17494,-29.56929 31.17487,-29.56925 31.17487,-29.56925 31.17479,-29.56918 31.17479,-29.56918 31.17472,-29.56911 31.1746,-29.56901 31.1746,-29.56901 31.17452,-29.56892 31.17452,-29.56892 31.17437,-29.56877 31.17433,-29.56874 31.17429,-29.5687 31.17422,-29.56861 31.17421,-29.5686 31.17421,-29.5686 31.17415,-29.56851 31.17411,-29.56843 31.17409,-29.5684 31.17406,-29.56834 31.17404,-29.5683 31.17396,-29.56819 31.17392,-29.56813 31.17392,-29.56813 31.1739,-29.56811 31.17383,-29.56802 31.17378,-29.56796 31.17378,-29.56796 31.17368,-29.56786 31.17368,-29.56786 31.1736,-29.56777 31.1736,-29.56777 31.17351,-29.56767 31.17344,-29.5676 31.17344,-29.5676 31.17338,-29.56752 31.17334,-29.56747 31.17334,-29.56747 31.17331,-29.56742 31.17325,-29.56735 31.17316,-29.56726 31.1731,-29.56719 31.1731,-29.56719 31.1731,-29.56719 31.1731,-29.56719 31.17295,-29.56704 31.17295,-29.56704 31.17287,-29.56698 31.17287,-29.56698 31.17287,-29.56698 31.17282,-29.56691 31.17281,-29.56687 31.1728,-29.56679 31.1728,-29.56666 31.17281,-29.56657 31.17281,-29.56649 31.17282,-29.56642 31.17279,-29.5663 31.17279,-29.56626 31.17279,-29.56622 31.17278,-29.56619 31.17277,-29.56616 31.17276,-29.56613 31.17274,-29.56608 31.17274,-29.56608 31.17269,-29.56601 31.17268,-29.56598 31.17266,-29.56594 31.17264,-29.56591 31.17263,-29.56589 31.17263,-29.56588 31.17256,-29.5658 31.17256,-29.5658 31.17252,-29.56575 31.17242,-29.56565 31.17242,-29.56565 31.17237,-29.56557 31.17233,-29.56551 31.17233,-29.56544 31.17231,-29.56539 31.17231,-29.56537 31.17231,-29.56534 31.17232,-29.56529 31.17237,-29.56521 31.17237,-29.56521 31.17237,-29.56521 31.1726,-29.56501 31.17254,-29.56484 31.17254,-29.56484 31.17247,-29.56447 31.17237,-29.56455 31.17226,-29.56421 31.17223,-29.56403 31.17213,-29.5638 31.17211,-29.56357 31.17213,-29.56339 31.17216,-29.56305 31.1722,-29.56287 31.17228,-29.56241 31.17227,-29.56229 31.17232,-29.56217 31.17235,-29.56194 31.17245,-29.56181 31.1727,-29.56147 31.17296,-29.56112 31.17329,-29.56066 31.17336,-29.56048 31.17352,-29.56035 31.17362,-29.56015 31.17386,-29.55967 31.17402,-29.5591 31.17415,-29.55883 31.1742,-29.55861 31.17424,-29.55823 31.17436,-29.55807 31.17419,-29.55749 31.17408,-29.55726 31.17404,-29.55691 31.17394,-29.55681 31.17389,-29.55673 31.17317,-29.55663 31.17233,-29.55673 31.17145,-29.55694 31.17109,-29.55703 31.17065,-29.55719 31.1712,-29.55612 31.17172,-29.55511 31.17224,-29.55411 31.1726,-29.55341 31.17271,-29.55321 31.17374,-29.55251 31.17379,-29.55237 31.17334,-29.55197 31.17334,-29.55197 31.17287,-29.55154 31.17168,-29.55047 31.17168,-29.55047 31.17004,-29.549 31.17004,-29.549 31.16966,-29.54865 31.16966,-29.54865 31.1696,-29.5486 31.16956,-29.54856 31.16937,-29.54839 31.16889,-29.54797 31.16817,-29.54732 31.16829,-29.54677 31.16885,-29.54712 31.16901,-29.54645 31.1684,-29.54627 31.16842,-29.54616 31.16856,-29.54558 31.16861,-29.54534 31.16883,-29.54435 31.16913,-29.54297 31.16921,-29.54261 31.16946,-29.54151 31.16959,-29.54091 31.16977,-29.54007 31.17005,-29.53884 31.17051,-29.53677 31.17084,-29.53526 31.17708,-29.53333 31.18022,-29.53058 31.18028,-29.53053 31.18051,-29.53032 31.18121,-29.52971 31.18313,-29.52802 31.18065,-29.52661 31.17925,-29.52581 31.17886,-29.52559 31.17876,-29.52553 31.17726,-29.52468 31.17713,-29.52461 31.17699,-29.52453 31.1749,-29.52335 31.17013,-29.52062 31.17001,-29.52056 31.16937,-29.52019 31.16872,-29.51983 31.16801,-29.51942 31.16775,-29.51927 31.16586,-29.5182 31.16572,-29.51812 31.16034,-29.51506 31.15503,-29.51204 31.14508,-29.50638 31.13584,-29.50113 31.1243,-29.50739 31.12125,-29.5048 31.12113,-29.5047 31.12115,-29.50481 31.12122,-29.50501 31.12134,-29.50526 31.12148,-29.50556 31.12163,-29.50595 31.1217,-29.50634 31.12173,-29.50654 31.12179,-29.50678 31.12182,-29.50707 31.12187,-29.50743 31.12189,-29.50768 31.12191,-29.50785 31.12183,-29.50787 31.11856,-29.50851 31.11463,-29.50928 31.11423,-29.50936 31.11413,-29.50967 31.10938,-29.52481 31.10951,-29.53041 31.10952,-29.53102 31.10968,-29.53824 31.10971,-29.53894 31.1097,-29.53899 31.10967,-29.53901 31.10964,-29.53904 31.10961,-29.53908 31.1096,-29.53912 31.10958,-29.53917 31.10956,-29.5392 31.10952,-29.53922 31.10947,-29.53925 31.10944,-29.53928 31.10942,-29.53933 31.10938,-29.53938 31.10936,-29.5394 31.10932,-29.53943 31.10926,-29.53945 31.10922,-29.53947 31.10919,-29.53951 31.10916,-29.53957 31.10913,-29.53959 31.1091,-29.53963 31.10906,-29.5397 31.10901,-29.53975 31.10896,-29.53983 31.10892,-29.53991 31.1089,-29.53998 31.10889,-29.54006 31.10887,-29.54014 31.10886,-29.54025 31.10885,-29.54035 31.10884,-29.54042 31.10884,-29.54051 31.10882,-29.54071 31.10882,-29.54077 31.10881,-29.54082 31.10879,-29.54086 31.10877,-29.54093 31.10876,-29.54103 31.10876,-29.5411 31.10877,-29.54117 31.10876,-29.54122 31.10873,-29.5413 31.1087,-29.54134 31.10868,-29.54136 31.10867,-29.54143 31.10868,-29.54151 31.10869,-29.54157 31.1087,-29.54162 31.1087,-29.54166 31.10869,-29.54171 31.10865,-29.54184 31.10865,-29.54187 31.10867,-29.54199 31.10867,-29.54204 31.10869,-29.54209 31.10872,-29.54214 31.10875,-29.54217 31.10879,-29.54223 31.1088,-29.54229 31.10878,-29.54245 31.10876,-29.54255 31.10875,-29.54262 31.10872,-29.54268 31.10869,-29.54275 31.10865,-29.54281 31.10861,-29.54286 31.10858,-29.54291 31.10854,-29.54295 31.10851,-29.543 31.10847,-29.54303 31.10844,-29.54304 31.1084,-29.54307 31.10838,-29.5431 31.10837,-29.54315 31.10835,-29.54318 31.1083,-29.5432 31.10824,-29.54323 31.10816,-29.54325 31.10806,-29.54328 31.108,-29.54329 31.10792,-29.54331 31.10774,-29.54335 31.1077,-29.54335 31.10766,-29.54334 31.10761,-29.54331 31.10754,-29.54326 31.10746,-29.54323 31.10736,-29.54322 31.10722,-29.54321 31.10709,-29.5432 31.10695,-29.54321 31.10679,-29.54321 31.10667,-29.54322 31.10656,-29.54324 31.10625,-29.54324 31.10617,-29.54323 31.10584,-29.54323 31.10575,-29.54324 31.10557,-29.54324 31.10546,-29.54323 31.10536,-29.54321 31.10527,-29.54319 31.10525,-29.54316 31.10521,-29.54315 31.10515,-29.54314 31.10508,-29.54314 31.10501,-29.54316 31.10494,-29.54317 31.10483,-29.54317 31.10473,-29.54315 31.10469,-29.54312 31.10464,-29.5431 31.1046,-29.54309 31.10455,-29.54308 31.10447,-29.54307 31.10438,-29.54307 31.10432,-29.54309 31.10425,-29.5431 31.10417,-29.54309 31.1041,-29.54307 31.10403,-29.54302 31.10398,-29.54299 31.10392,-29.54296 31.10387,-29.54295 31.1038,-29.54294 31.1036,-29.54292 31.1035,-29.54293 31.10338,-29.54291 31.10324,-29.54288 31.10312,-29.54285 31.10299,-29.5428 31.10286,-29.54278 31.10276,-29.54274 31.10265,-29.54269 31.10256,-29.54265 31.10252,-29.54262 31.10241,-29.54256 31.10235,-29.54249 31.10228,-29.54243 31.10223,-29.54239 31.10215,-29.54234 31.10205,-29.54229 31.10184,-29.5422 31.10172,-29.54214 31.10163,-29.54208 31.10156,-29.54201 31.10149,-29.54197 31.10136,-29.54189 31.10109,-29.54171 31.10099,-29.54164 31.10094,-29.5416 31.10088,-29.54157 31.10081,-29.54155 31.10073,-29.54153 31.10065,-29.5415 31.10061,-29.54147 31.10058,-29.54143 31.10056,-29.5414 31.10052,-29.54136 31.10047,-29.54132 31.1004,-29.54128 31.10035,-29.54124 31.10026,-29.5412 31.10015,-29.54115 31.10002,-29.54111 31.09995,-29.54107 31.09975,-29.54097 31.09964,-29.54092 31.09952,-29.54087 31.09938,-29.54081 31.09922,-29.54075 31.09911,-29.54071 31.09901,-29.54069 31.09892,-29.54067 31.09883,-29.54067 31.09874,-29.54065 31.09862,-29.54062 31.09848,-29.5406 31.09835,-29.54057 31.09817,-29.54051 31.09806,-29.54047 31.09799,-29.54044 31.09793,-29.54045 31.09788,-29.54046 31.09783,-29.54048 31.09778,-29.54049 31.09771,-29.54049 31.09753,-29.54047 31.09743,-29.54044 31.09735,-29.54041 31.09729,-29.54037 31.09726,-29.54034 31.09721,-29.54032 31.09716,-29.54031 31.09712,-29.5403 31.09707,-29.54028 31.09704,-29.54023 31.097,-29.54017 31.09694,-29.54013 31.09687,-29.5401 31.09677,-29.54009 31.09664,-29.54005 31.09652,-29.54 31.0964,-29.53994 31.09631,-29.53989 31.09625,-29.53985 31.0962,-29.53983 31.09614,-29.53981 31.09604,-29.53977 31.09598,-29.53974 31.09591,-29.53971 31.09587,-29.53968 31.09585,-29.53965 31.09582,-29.53964 31.09576,-29.53963 31.09572,-29.53962 31.09566,-29.53959 31.09564,-29.53957 31.09562,-29.53954 31.0956,-29.53949 31.09556,-29.53944 31.09551,-29.53939 31.09544,-29.53934 31.09539,-29.53931 31.09536,-29.53926 31.09534,-29.53923 31.09532,-29.53918 31.09526,-29.53918 31.09521,-29.53919 31.09518,-29.53918 31.09513,-29.53914 31.09508,-29.53908 31.09502,-29.53902 31.09491,-29.53888 31.09486,-29.53881 31.0948,-29.53873 31.09474,-29.53866 31.09467,-29.53857 31.09462,-29.53849 31.09455,-29.53834 31.09447,-29.5382 31.09441,-29.53809 31.09451,-29.5377 31.09434,-29.53743 31.09422,-29.53723 31.09407,-29.53704 31.09399,-29.53693 31.09385,-29.53674 31.09374,-29.53662 31.09365,-29.53653 31.09351,-29.53641 31.09305,-29.53596 31.09283,-29.53576 31.09272,-29.53565 31.09257,-29.53548 31.09244,-29.5353 31.09234,-29.53518 31.09216,-29.53495 31.09203,-29.53477 31.09196,-29.53466 31.09185,-29.5345 31.09178,-29.53438 31.09166,-29.5342 31.09157,-29.53407 31.0915,-29.53392 31.0914,-29.53379 31.09125,-29.53358 31.09118,-29.53347 31.09113,-29.53342 31.09104,-29.53326 31.09094,-29.53308 31.09085,-29.53296 31.09077,-29.53282 31.09072,-29.53272 31.09061,-29.53255 31.09055,-29.53248 31.09048,-29.53238 31.09035,-29.53218 31.09031,-29.53211 31.09026,-29.532 31.09021,-29.5319 31.09004,-29.53155 31.08991,-29.53132 31.08977,-29.53109 31.08967,-29.5309 31.08958,-29.53071 31.08952,-29.53058 31.08945,-29.53043 31.08938,-29.53029 31.08932,-29.53019 31.08927,-29.53008 31.08915,-29.52981 31.08902,-29.52951 31.08897,-29.52938 31.08893,-29.52926 31.08886,-29.52913 31.08878,-29.52893 31.08873,-29.52882 31.08862,-29.52863 31.0885,-29.52845 31.08839,-29.52829 31.08833,-29.52821 31.08817,-29.52797 31.08799,-29.52775 31.08789,-29.52755 31.08779,-29.52741 31.0877,-29.52728 31.08756,-29.52707 31.08746,-29.52688 31.08737,-29.52676 31.08727,-29.52666 31.08718,-29.52658 31.08698,-29.52638 31.08682,-29.52624 31.08669,-29.52609 31.08657,-29.52594 31.08649,-29.52579 31.08641,-29.52557 31.08634,-29.52545 31.0863,-29.52535 31.08622,-29.52504 31.08619,-29.52482 31.08619,-29.52463 31.0862,-29.52445 31.08623,-29.52427 31.08627,-29.52408 31.08631,-29.52381 31.0863,-29.52353 31.0863,-29.52324 31.08623,-29.52303 31.08614,-29.52292 31.08601,-29.52283 31.08592,-29.52276 31.08579,-29.52269 31.08567,-29.52264 31.0855,-29.5226 31.08536,-29.52258 31.08522,-29.5226 31.08511,-29.52261 31.08477,-29.52269 31.08462,-29.52274 31.08444,-29.52282 31.08415,-29.52299 31.08393,-29.52312 31.08378,-29.52321 31.08362,-29.52333 31.08344,-29.52346 31.08322,-29.52368 31.08302,-29.52389 31.08287,-29.52406 31.08274,-29.52424 31.08256,-29.52448 31.08243,-29.52463 31.08234,-29.52475 31.08224,-29.52489 31.08216,-29.52497 31.08207,-29.52512 31.08171,-29.52555 31.08149,-29.52578 31.0813,-29.52598 31.08115,-29.52612 31.0809,-29.52622 31.08071,-29.52624 31.08037,-29.52624 31.08019,-29.52618 31.08005,-29.52612 31.07992,-29.52607 31.07973,-29.52598 31.07953,-29.52588 31.07932,-29.52579 31.07906,-29.5256 31.07878,-29.52542 31.07848,-29.52518 31.07827,-29.52495 31.07797,-29.52462 31.07747,-29.524 31.0773,-29.52379 31.07719,-29.52369 31.07688,-29.52346 31.07662,-29.52322 31.0763,-29.52298 31.07606,-29.52277 31.07583,-29.52259 31.07551,-29.52227 31.07513,-29.52192 31.07491,-29.52175 31.07467,-29.52163 31.07453,-29.52158 31.0744,-29.52157 31.07416,-29.52155 31.07388,-29.52154 31.07362,-29.52155 31.07305,-29.52169 31.0729,-29.52176 31.07278,-29.52185 31.07255,-29.52201 31.07221,-29.52232 31.07206,-29.52241 31.07183,-29.5225 31.07148,-29.52251 31.07124,-29.52253 31.07104,-29.52256 31.07074,-29.52257 31.07066,-29.52257 31.07058,-29.52256 31.07037,-29.52248 31.07016,-29.52242 31.06992,-29.52238 31.06965,-29.52235 31.06937,-29.52234 31.06918,-29.52234 31.06891,-29.52236 31.0688,-29.52237 31.06846,-29.52242 31.06818,-29.52251 31.06787,-29.52265 31.06741,-29.52289 31.0671,-29.52307 31.06652,-29.52339 31.06635,-29.5235 31.06599,-29.52376 31.06557,-29.52404 31.06538,-29.52413 31.06516,-29.52413 31.06492,-29.52404 31.06469,-29.52385 31.0645,-29.52366 31.06445,-29.52361 31.06434,-29.52349 31.06426,-29.52339 31.06415,-29.52328 31.06415,-29.52328 31.06398,-29.52305 31.06377,-29.52276 31.06355,-29.52248 31.06318,-29.52203 31.06287,-29.52167 31.06254,-29.52135 31.06226,-29.52113 31.06199,-29.5209 31.06171,-29.52072 31.06146,-29.52054 31.06117,-29.52039 31.06072,-29.52018 31.06038,-29.51999 31.06016,-29.51988 31.05986,-29.5197 31.05961,-29.51956 31.05943,-29.51944 31.05933,-29.51932 31.05923,-29.51916 31.05913,-29.5189 31.05906,-29.51866 31.059,-29.51845 31.05883,-29.51798 31.05864,-29.5176 31.05858,-29.51733 31.05858,-29.5172 31.05859,-29.5171 31.05861,-29.51705 31.05867,-29.51697 31.05882,-29.51686 31.05891,-29.51679 31.05911,-29.51667 31.05928,-29.51654 31.05956,-29.51633 31.05971,-29.51617 31.05989,-29.51598 31.05999,-29.51586 31.06,-29.51576 31.06,-29.51568 31.05996,-29.51562 31.05988,-29.51556 31.05973,-29.51555 31.05961,-29.51555 31.05941,-29.51556 31.05931,-29.51558 31.05913,-29.51562 31.05891,-29.51571 31.05872,-29.5158 31.05854,-29.51586 31.05831,-29.51594 31.05807,-29.51603 31.05778,-29.5161 31.05741,-29.51615 31.05704,-29.51615 31.05665,-29.51613 31.05637,-29.51608 31.05606,-29.51597 31.05591,-29.51591 31.05551,-29.51577 31.0552,-29.51565 31.05504,-29.51558 31.05476,-29.51547 31.05446,-29.51537 31.05407,-29.51532 31.05353,-29.51532 31.0533,-29.51534 31.05305,-29.5154 31.05275,-29.5155 31.05252,-29.51561 31.05225,-29.51581 31.05207,-29.51596 31.0517,-29.51641 31.05151,-29.51643 31.05134,-29.51636 31.05123,-29.51623 31.05119,-29.5161 31.05117,-29.51598 31.05118,-29.51589 31.05117,-29.51573 31.05119,-29.51561 31.0512,-29.51558 31.05125,-29.51537 31.05134,-29.51518 31.0515,-29.51496 31.0516,-29.51483 31.05171,-29.51464 31.0518,-29.5145 31.05187,-29.51439 31.05194,-29.51427 31.05204,-29.51418 31.05214,-29.51407 31.05221,-29.51402 31.05245,-29.51382 31.05266,-29.51364 31.0529,-29.51343 31.05309,-29.51323 31.05316,-29.51312 31.05322,-29.51292 31.05324,-29.51272 31.05328,-29.51246 31.05328,-29.51208 31.05326,-29.51186 31.05322,-29.51153 31.05318,-29.51125 31.05313,-29.51103 31.05306,-29.51079 31.053,-29.51058 31.05285,-29.51025 31.05275,-29.51 31.05261,-29.50956 31.05255,-29.50929 31.05242,-29.50903 31.05228,-29.50882 31.05204,-29.50858 31.05183,-29.5084 31.05167,-29.50827 31.05153,-29.50809 31.0514,-29.50786 31.05139,-29.5076 31.05145,-29.50741 31.05156,-29.50725 31.05158,-29.50721 31.05163,-29.50712 31.0517,-29.507 31.05176,-29.50687 31.05179,-29.50676 31.05182,-29.50657 31.05183,-29.5065 31.05184,-29.50614 31.05183,-29.50588 31.05178,-29.50547 31.05169,-29.50508 31.05158,-29.5048 31.05139,-29.50448 31.05119,-29.50426 31.05095,-29.50404 31.05062,-29.50375 31.05033,-29.50354 31.04995,-29.5033 31.0497,-29.50308 31.04937,-29.50282 31.04906,-29.50253 31.04876,-29.50214 31.04855,-29.50172 31.04839,-29.5012 31.04837,-29.50073 31.04842,-29.50049 31.04849,-29.50031 31.0486,-29.50013 31.0487,-29.5 31.04887,-29.49984 31.04899,-29.49975 31.04905,-29.49973 31.0493,-29.49957 31.04947,-29.49945 31.04956,-29.49942 31.05004,-29.49909 31.05029,-29.49883 31.05045,-29.49858 31.05051,-29.49837 31.05055,-29.49813 31.05057,-29.4978 31.05057,-29.49754 31.05053,-29.49707 31.05047,-29.49668 31.05037,-29.49622 31.05031,-29.49606 31.05016,-29.49549 31.05,-29.49493 31.04993,-29.49447 31.04988,-29.49396 31.04989,-29.49381 31.04984,-29.49349 31.04982,-29.49299 31.04978,-29.49259 31.04971,-29.49185 31.04965,-29.49134 31.04959,-29.49092 31.04953,-29.49058 31.04953,-29.49038 31.0496,-29.49016 31.04979,-29.48988 31.04997,-29.48959 31.05012,-29.4894 31.05032,-29.48922 31.05054,-29.48909 31.05092,-29.48885 31.05118,-29.48869 31.05131,-29.48852 31.05131,-29.48835 31.0513,-29.4882 31.05122,-29.48806 31.05111,-29.488 31.05094,-29.48794 31.05068,-29.48791 31.05048,-29.4879 31.04994,-29.48793 31.04942,-29.48792 31.04947,-29.48784 31.04958,-29.48768 31.0507,-29.48628 31.05898,-29.48612 31.06028,-29.48609 31.06108,-29.48608 31.06761,-29.48595 31.06998,-29.48591 31.071,-29.48589 31.07394,-29.48583 31.07408,-29.48583 31.07633,-29.48579 31.08172,-29.48568 31.08235,-29.48506 31.08237,-29.48504 31.08239,-29.48484 31.08277,-29.48398 31.08303,-29.4836 31.0833,-29.48329 31.08438,-29.482 31.08487,-29.48261 31.08595,-29.48156 31.08276,-29.47773 31.08354,-29.47727 31.08433,-29.47707 31.08581,-29.47777 31.0856,-29.47745 31.08463,-29.47646 31.08542,-29.476 31.08476,-29.47529 31.08462,-29.47509 31.08271,-29.47641 31.0821,-29.47687 31.08126,-29.47466 31.07968,-29.47581 31.07946,-29.4754 31.07872,-29.47416 31.07899,-29.47394 31.07893,-29.47347 31.07875,-29.47304 31.07849,-29.47149 31.07741,-29.47025 31.07978,-29.4688 31.07968,-29.46804 31.07964,-29.46785 31.07951,-29.46722 31.07922,-29.46584 31.07825,-29.46481 31.07793,-29.46448 31.07784,-29.46437 31.07727,-29.46356 31.07664,-29.46267 31.07644,-29.46259 31.07641,-29.46258 31.07638,-29.46257 31.07467,-29.46206 31.07432,-29.46202 31.07349,-29.46192 31.0733,-29.4619 31.07287,-29.46185 31.0724,-29.46161 31.07117,-29.46098 31.07078,-29.46048 31.0712,-29.45992 31.0733,-29.45723 31.07634,-29.45333 31.07681,-29.45272 31.07869,-29.45027 31.08009,-29.44849 31.0807,-29.44772 31.08106,-29.44726 31.08332,-29.44437 31.08394,-29.44358 31.08558,-29.44149 31.08576,-29.44142 31.08729,-29.44081 31.08757,-29.4407 31.08993,-29.43977 31.09297,-29.43857 31.094,-29.43817 31.09968,-29.43592 31.10429,-29.43421 31.10757,-29.4311 31.11029,-29.42855 31.11353,-29.42548 31.11709,-29.4221 31.12517,-29.41445 31.12558,-29.41405 31.12597,-29.41366 31.12628,-29.41339 31.1263,-29.41337 31.12645,-29.41323 31.12666,-29.41305 31.12921,-29.41066 31.13675,-29.41134 31.13683,-29.41135 31.14348,-29.41195 31.14703,-29.41227 31.148,-29.41179 31.14825,-29.41167 31.14835,-29.4116 31.14902,-29.40917 31.14958,-29.40709 31.15012,-29.4052 31.15064,-29.40332 31.15084,-29.40261 31.15122,-29.40125 31.15181,-29.39914 31.15235,-29.39704 31.15277,-29.39547 31.15336,-29.39327 31.15392,-29.39119 31.15402,-29.39076 31.15439,-29.39017 31.15369,-29.38988 31.1549,-29.38811 31.15827,-29.38318 31.16309,-29.37611 31.16313,-29.37612 31.18809,-29.38001 31.19305,-29.38078 31.19308,-29.38076 31.19751,-29.37769 31.19916,-29.37655 31.20077,-29.37545 31.2031,-29.36751 31.2032,-29.36717 31.2032,-29.36715 31.20494,-29.36121 31.2059,-29.35794 31.20008,-29.35674 31.19672,-29.35605 31.19168,-29.35496 31.18801,-29.35417 31.18611,-29.35375 31.18524,-29.35356 31.18429,-29.35334 31.18269,-29.35297 31.18266,-29.35294 31.1779,-29.34864 31.17761,-29.34837 31.17284,-29.34399 31.17185,-29.34309 31.17183,-29.34307 31.15999,-29.33236 31.16111,-29.33103 31.15999,-29.33035 31.1591,-29.32982 31.15256,-29.32586 31.1514,-29.32608 31.15242,-29.32537 31.16029,-29.31993 31.16279,-29.31821 31.16417,-29.31725 31.17175,-29.31202 31.18142,-29.30383 31.1806,-29.30307 31.17495,-29.29784 31.17416,-29.29718 31.17418,-29.29676 31.17402,-29.29611 31.17383,-29.2957 31.17363,-29.29522 31.17338,-29.29474 31.17316,-29.29416 31.17285,-29.29356 31.17266,-29.293 31.17252,-29.29259 31.17242,-29.29167 31.17232,-29.29125 31.17231,-29.29073 31.17238,-29.29036 31.17266,-29.29002 31.17302,-29.28983 31.17346,-29.28977 31.17377,-29.28981 31.17433,-29.28991 31.17448,-29.28993 31.17486,-29.29002 31.17492,-29.28983 31.17498,-29.28965 31.17512,-29.2895 31.17513,-29.28917 31.17514,-29.28898 31.17504,-29.2888 31.17504,-29.28845 31.17499,-29.28832 31.17495,-29.28793 31.17503,-29.28782 31.17498,-29.28752 31.17495,-29.28719 31.17489,-29.28712 31.17495,-29.2868 31.17493,-29.28666 31.1748,-29.28639 31.17455,-29.28612 31.17446,-29.28597 31.1745,-29.28549 31.1747,-29.28521 31.17488,-29.28464 31.17488,-29.28395 31.17501,-29.28324 31.17498,-29.28306 31.17493,-29.2828 31.17491,-29.28244 31.17496,-29.28199 31.17491,-29.2816 31.1748,-29.28134 31.17439,-29.28086 31.17383,-29.28068 31.17316,-29.28054 31.17204,-29.28044 31.17167,-29.28036 31.17137,-29.28037 31.17106,-29.28019 31.17081,-29.27996 31.1706,-29.27983 31.17048,-29.27982 31.17015,-29.27948 31.17004,-29.27917 31.17015,-29.27868 31.17,-29.27809 31.17025,-29.27769 31.17055,-29.27732 31.17063,-29.27685 31.17052,-29.27649 31.17025,-29.27619 31.16975,-29.27574 31.16962,-29.27561 31.16959,-29.27544 31.16954,-29.27498 31.16951,-29.2747 31.16934,-29.27414 31.16931,-29.27408 31.16954,-29.2737 31.16959,-29.27328 31.16958,-29.27309 31.16993,-29.2729 31.17022,-29.27259 31.17057,-29.27215 31.17077,-29.27181 31.17079,-29.27166 31.17072,-29.27143 31.17055,-29.2711 31.17045,-29.27087 31.17066,-29.27059 31.17106,-29.27022 31.17123,-29.27005 31.17134,-29.26984 31.1715,-29.26958 31.17173,-29.26942 31.17183,-29.26927 31.17215,-29.26895 31.17222,-29.26883 31.16994,-29.26499 31.16856,-29.26269 31.16796,-29.26169 31.16599,-29.25839 31.17562,-29.25367 31.17829,-29.25238 31.17978,-29.25221 31.18107,-29.25206 31.1835,-29.25179 31.19334,-29.25066 31.19413,-29.25045 31.1952,-29.25017 31.1964,-29.24985 31.19841,-29.24924 31.20379,-29.24769 31.20517,-29.24763 31.20904,-29.24745 31.21722,-29.24706 31.23293,-29.24632 31.23336,-29.24631 31.23985,-29.24599 31.24095,-29.24577 31.2435,-29.24511 31.25508,-29.24538 31.25605,-29.2454 31.25829,-29.24049 31.26026,-29.2363 31.26399,-29.22813 31.26374,-29.22441 31.26338,-29.21997 31.26231,-29.20702 31.26226,-29.20669 31.2621,-29.20396 31.26146,-29.2042 31.26128,-29.20427 31.26105,-29.20447 31.26053,-29.20493 31.26044,-29.20501 31.26038,-29.20522 31.26019,-29.20585 31.26012,-29.20582 31.24837,-29.20077 31.24746,-29.19021 31.24698,-29.18459 31.23522,-29.181 31.23467,-29.18083 31.23455,-29.1808 31.23428,-29.18071 31.23434,-29.18067 31.23468,-29.18033 31.23482,-29.18009 31.23493,-29.17994 31.2351,-29.17967 31.2353,-29.17944 31.23545,-29.1792 31.23553,-29.17904 31.23563,-29.17877 31.23581,-29.17851 31.23587,-29.1784 31.23592,-29.17835 31.23607,-29.17825 31.23625,-29.17815 31.23639,-29.17807 31.23653,-29.17793 31.23657,-29.17785 31.23657,-29.17769 31.23656,-29.17757 31.23652,-29.17745 31.23648,-29.17735 31.23643,-29.17731 31.23641,-29.17728 31.23615,-29.177 31.23595,-29.1767 31.23591,-29.17665 31.23571,-29.17625 31.23568,-29.17612 31.23568,-29.17604 31.23571,-29.17596 31.23582,-29.17574 31.23609,-29.17538 31.23621,-29.1752 31.23633,-29.17505 31.23644,-29.17491 31.23658,-29.17471 31.23678,-29.17451 31.23701,-29.17432 31.23726,-29.17421 31.23734,-29.1742 31.23754,-29.17417 31.23767,-29.17416 31.23785,-29.17415 31.23812,-29.17415 31.23846,-29.17418 31.23879,-29.17418 31.23906,-29.17419 31.23961,-29.17421 31.23978,-29.17423 31.24008,-29.17424 31.2402,-29.17425 31.24025,-29.17425 31.24037,-29.17426 31.24052,-29.17427 31.24059,-29.17428 31.24064,-29.17428 31.24076,-29.17429 31.24093,-29.17431 31.24101,-29.17435 31.24116,-29.17442 31.24133,-29.17455 31.2414,-29.17462 31.24146,-29.17476 31.24146,-29.17483 31.2415,-29.17494 31.24152,-29.1752 31.24152,-29.17545 31.2415,-29.17564 31.24149,-29.17606 31.24142,-29.17632 31.24136,-29.17655 31.24138,-29.17683 31.24143,-29.17697 31.24148,-29.17702 31.24155,-29.17706 31.24169,-29.17707 31.24185,-29.17703 31.24206,-29.177 31.24217,-29.17697 31.24232,-29.17691 31.24262,-29.17686 31.24279,-29.17686 31.24297,-29.17687 31.24305,-29.17688 31.24321,-29.17697 31.2433,-29.1771 31.2434,-29.17724 31.24343,-29.17737 31.24343,-29.17748 31.24346,-29.1776 31.24347,-29.1777 31.2435,-29.17779 31.24352,-29.17788 31.24358,-29.17796 31.24361,-29.17802 31.24365,-29.17807 31.24368,-29.17811 31.24375,-29.17815 31.24385,-29.17819 31.24396,-29.17822 31.24408,-29.17825 31.24424,-29.17827 31.24431,-29.17828 31.24443,-29.17829 31.24458,-29.17824 31.24479,-29.17813 31.24487,-29.17809 31.24492,-29.17808 31.24507,-29.17802 31.24513,-29.178 31.24518,-29.17799 31.2453,-29.17794 31.24548,-29.17787 31.24558,-29.17782 31.24564,-29.1778 31.24583,-29.17774 31.24608,-29.1777 31.24651,-29.1777 31.24666,-29.17771 31.24696,-29.17777 31.24717,-29.17781 31.24761,-29.1779 31.24785,-29.17796 31.24814,-29.17801 31.2482,-29.17802 31.24849,-29.17807 31.24853,-29.17808 31.24856,-29.1781 31.24872,-29.17821 31.24893,-29.17829 31.24913,-29.17831 31.24928,-29.17834 31.2495,-29.1784 31.24965,-29.17844 31.2498,-29.17849 31.24997,-29.17858 31.25013,-29.17864 31.2504,-29.17869 31.25074,-29.17876 31.25091,-29.17878 31.25114,-29.17884 31.25133,-29.17894 31.25164,-29.17898 31.25181,-29.179 31.25207,-29.17889 31.25232,-29.17876 31.25247,-29.17875 31.25261,-29.17873 31.25288,-29.17872 31.2533,-29.17872 31.25338,-29.17871 31.25357,-29.17866 31.25385,-29.1786 31.25401,-29.17856 31.25419,-29.17847 31.25438,-29.1784 31.25449,-29.17832 31.25468,-29.1782 31.25493,-29.17813 31.25509,-29.17811 31.25527,-29.17813 31.25539,-29.17819 31.25547,-29.17824 31.25554,-29.17828 31.25561,-29.17838 31.25567,-29.17856 31.25573,-29.17882 31.25573,-29.17904 31.25572,-29.17931 31.25569,-29.17987 31.25569,-29.18032 31.25566,-29.18067 31.25564,-29.18091 31.25557,-29.1815 31.25557,-29.1816 31.25561,-29.18191 31.25563,-29.18205 31.25573,-29.18234 31.2558,-29.18252 31.25591,-29.18283 31.25593,-29.18288 31.25605,-29.18314 31.25652,-29.18399 31.25654,-29.18404 31.25661,-29.18422 31.25677,-29.18489 31.25682,-29.18516 31.25685,-29.18572 31.25683,-29.18592 31.25682,-29.18661 31.25682,-29.18755 31.25691,-29.18782 31.2571,-29.18812 31.25778,-29.1888 31.25811,-29.18906 31.2586,-29.18937 31.25897,-29.18959 31.25933,-29.18974 31.25972,-29.18989 31.25996,-29.18995 31.2602,-29.18998 31.26062,-29.19001 31.26126,-29.19001 31.2615,-29.19 31.26212,-29.18987 31.26252,-29.18979 31.26292,-29.18961 31.26313,-29.18945 31.26327,-29.1894 31.26334,-29.18937 31.26363,-29.18922 31.26385,-29.1891 31.2641,-29.189 31.26445,-29.18888 31.26479,-29.18879 31.26513,-29.18869 31.26549,-29.18862 31.26579,-29.18861 31.26657,-29.18857 31.26673,-29.18855 31.26729,-29.18846 31.26773,-29.18836 31.26812,-29.18832 31.26851,-29.18825 31.26892,-29.18821 31.2692,-29.18819 31.26951,-29.18818 31.26981,-29.18818 31.27003,-29.18817 31.27107,-29.18817 31.2714,-29.18822 31.27169,-29.18828 31.27189,-29.18829 31.27247,-29.18837 31.27289,-29.18846 31.2735,-29.18855 31.27431,-29.18855 31.27472,-29.18854 31.27511,-29.18849 31.27541,-29.1884 31.27569,-29.18826 31.27589,-29.18815 31.27605,-29.18804 31.27611,-29.18792 31.27615,-29.18779 31.27628,-29.18749 31.27636,-29.18722 31.27644,-29.187 31.27658,-29.18646 31.2766,-29.18606 31.27672,-29.18559 31.27678,-29.18534 31.2768,-29.18529 31.27703,-29.18484 31.27735,-29.18436 31.27761,-29.18379 31.27778,-29.18346 31.27792,-29.18326 31.27809,-29.18303 31.27825,-29.18289 31.27845,-29.18276 31.27861,-29.18265 31.27889,-29.18248 31.27914,-29.18238 31.27941,-29.18226 31.2798,-29.1821 31.28009,-29.18198 31.28039,-29.18184 31.28098,-29.18164 31.28145,-29.18146 31.28181,-29.18126 31.28193,-29.18122 31.28216,-29.18113 31.28239,-29.18101 31.28245,-29.18095 31.2826,-29.18079 31.28276,-29.18058 31.28279,-29.1805 31.28283,-29.18027 31.28283,-29.17996 31.28281,-29.17958 31.28266,-29.17909 31.28254,-29.17881 31.28242,-29.17859 31.28198,-29.17783 31.28182,-29.1775 31.28164,-29.17696 31.2815,-29.17656 31.28144,-29.17601 31.28148,-29.17558 31.28159,-29.17521 31.28168,-29.17505 31.2818,-29.17484 31.28203,-29.17457 31.28217,-29.17442 31.28226,-29.17431 31.28244,-29.17417 31.28261,-29.17402 31.28275,-29.17389 31.28298,-29.17373 31.28311,-29.17364 31.28332,-29.17349 31.28356,-29.17331 31.28446,-29.17277 31.28455,-29.17271 31.28508,-29.17243 31.28561,-29.17218 31.28615,-29.17189 31.28667,-29.17158 31.28704,-29.17128 31.28735,-29.17092 31.28768,-29.17048 31.28796,-29.16998 31.28819,-29.16928 31.28833,-29.16875 31.28836,-29.16831 31.28834,-29.1678 31.28822,-29.16736 31.28807,-29.16699 31.28801,-29.16665 31.28803,-29.16574 31.28807,-29.16547 31.28841,-29.16466 31.28855,-29.16433 31.28865,-29.16411 31.28872,-29.16401 31.28905,-29.16402 31.28922,-29.16405 31.28934,-29.16406 31.28956,-29.1641 31.28978,-29.16415 31.28992,-29.16418 31.2904,-29.16428 31.29082,-29.16438 31.29108,-29.16446 31.29133,-29.16452 31.2917,-29.16465 31.29208,-29.16474 31.29293,-29.16496 31.29321,-29.16503 31.29333,-29.16508 31.29346,-29.16511 31.29369,-29.16519 31.29388,-29.16526 31.2941,-29.16534 31.29412,-29.16537 31.29438,-29.16546 31.29449,-29.16551 31.29462,-29.16556 31.29475,-29.16562 31.29485,-29.16565 31.295,-29.16574 31.29512,-29.16582 31.29543,-29.16599 31.29593,-29.16634 31.29626,-29.1666 31.29687,-29.16716 31.29731,-29.1677 31.2975,-29.16794 31.29776,-29.16823 31.2984,-29.16919 31.29855,-29.16946 31.2987,-29.1697 31.29894,-29.17009 31.2998,-29.17142 31.30018,-29.17195 31.30035,-29.17219 31.30046,-29.17237 31.30061,-29.17257 31.30078,-29.17274 31.30087,-29.1728 31.30103,-29.1729 31.3012,-29.17299 31.30134,-29.17307 31.3017,-29.17326 31.30197,-29.17341 31.30223,-29.17355 31.30268,-29.17379 31.30293,-29.17391 31.30315,-29.17405 31.30338,-29.17415 31.30364,-29.17425 31.30385,-29.17435 31.30397,-29.1744 31.3042,-29.17449 31.30448,-29.17459 31.30473,-29.17468 31.30504,-29.17477 31.30519,-29.17479 31.30523,-29.17477 31.30543,-29.17479 31.30554,-29.17479 31.30577,-29.17477 31.30585,-29.17476 31.3061,-29.17474 31.30641,-29.17474 31.30646,-29.17473 31.30674,-29.17473 31.30711,-29.17465 31.30745,-29.17452 31.30766,-29.17431 31.30785,-29.174 31.30809,-29.17365 31.30823,-29.17329 31.30834,-29.17294 31.30842,-29.17251 31.30844,-29.17201 31.30836,-29.17086 31.30829,-29.17031 31.30819,-29.16963 31.3081,-29.16907 31.30791,-29.16857 31.30719,-29.16698 31.30665,-29.16566 31.30651,-29.16544 31.30646,-29.16534 31.30633,-29.16517 31.30622,-29.16494 31.30611,-29.16476 31.30602,-29.16453 31.30594,-29.16436 31.30586,-29.16411 31.30574,-29.16385 31.30567,-29.16367 31.30525,-29.16264 31.30519,-29.1625 31.30509,-29.16222 31.30502,-29.16199 31.30492,-29.16172 31.30482,-29.16146 31.30473,-29.16121 31.30455,-29.1607 31.30449,-29.16043 31.30444,-29.16014 31.30439,-29.15987 31.30435,-29.15965 31.30432,-29.15941 31.3043,-29.1592 31.3043,-29.15897 31.30432,-29.1587 31.30434,-29.15853 31.30444,-29.15811 31.30454,-29.15786 31.3046,-29.15768 31.3047,-29.1575 31.30482,-29.15728 31.30489,-29.1571 31.30497,-29.15697 31.30503,-29.15686 31.30511,-29.15674 31.30521,-29.1566 31.30527,-29.15653 31.3054,-29.15637 31.3055,-29.1562 31.30552,-29.15616 31.30568,-29.15592 31.30579,-29.1558 31.30591,-29.15567 31.30611,-29.15551 31.30633,-29.15538 31.30657,-29.15523 31.30671,-29.15512 31.30688,-29.15502 31.30709,-29.15489 31.30728,-29.15478 31.30742,-29.15468 31.30748,-29.15464 31.30766,-29.15453 31.3078,-29.15444 31.30806,-29.15428 31.30825,-29.15417 31.30843,-29.15405 31.30886,-29.1538 31.30904,-29.15372 31.30931,-29.15354 31.30951,-29.15343 31.30973,-29.15329 31.30999,-29.15313 31.31016,-29.15302 31.31036,-29.15291 31.31054,-29.15282 31.31077,-29.15272 31.31106,-29.15259 31.31133,-29.15248 31.31151,-29.15239 31.31177,-29.15228 31.312,-29.15218 31.31218,-29.15209 31.31253,-29.15191 31.31273,-29.15182 31.31291,-29.15173 31.31312,-29.15163 31.31322,-29.15159 31.31345,-29.15151 31.31362,-29.15146 31.31376,-29.15142 31.31399,-29.15135 31.31411,-29.15129 31.31428,-29.15125 31.31446,-29.15119 31.31461,-29.15115 31.31478,-29.15109 31.31542,-29.15086 31.31562,-29.1508 31.3162,-29.15064 31.31642,-29.15059 31.31684,-29.15047 31.31703,-29.15043 31.3172,-29.15039 31.31743,-29.15035 31.31756,-29.15031 31.31777,-29.15027 31.31789,-29.15025 31.31813,-29.15019 31.31833,-29.15016 31.31835,-29.15014 31.31834,-29.15009 31.31832,-29.15003 31.32245,-29.15003 31.3277,-29.14995 31.33151,-29.15043 31.33366,-29.15122 31.33541,-29.15297 31.33668,-29.15448 31.33747,-29.15639 31.33723,-29.15869 31.33686,-29.16021 31.33652,-29.16164 31.33629,-29.16247 31.33579,-29.16425 31.33572,-29.1645 31.33572,-29.16791 31.33573,-29.16835 31.33575,-29.16944 31.3358,-29.17197 31.3362,-29.17403 31.33843,-29.17483 31.34161,-29.17499 31.3451,-29.17292 31.34709,-29.17054 31.34876,-29.16839 31.35003,-29.16656 31.35019,-29.16442 31.35012,-29.16199 31.35011,-29.16156 31.34955,-29.15901 31.34884,-29.15559 31.3486,-29.15154 31.34836,-29.14836 31.34757,-29.14566 31.34709,-29.14288 31.3482,-29.14057 31.35019,-29.13882 31.35024,-29.13879 31.35278,-29.13744 31.35361,-29.137 31.3553,-29.13662 31.35686,-29.13627 31.3579,-29.13604 31.3592,-29.13599 31.36171,-29.13588 31.36218,-29.13592 31.36481,-29.13612 31.36501,-29.13616 31.37109,-29.13739 31.37197,-29.13754 31.37618,-29.13827 31.3761,-29.13877 31.37594,-29.13974 31.36218,-29.16305 31.3707,-29.16892 31.36307,-29.17785 31.36206,-29.17903 31.35578,-29.18638 31.3552,-29.18706 31.35486,-29.18746 31.35273,-29.18995 31.35405,-29.19088 31.34972,-29.1948 31.34588,-29.19829 31.34655,-29.19863 31.34428,-29.20061 31.34376,-29.20024 31.33246,-29.21058 31.33246,-29.21058 31.3325,-29.21059 31.33256,-29.2106 31.33268,-29.21063 31.33275,-29.21065 31.333,-29.21072 31.33317,-29.21081 31.33338,-29.2109 31.33348,-29.21096 31.33348,-29.21096 31.3336,-29.21116 31.33358,-29.21137 31.33368,-29.21165 31.33372,-29.21177 31.33364,-29.21205 31.33357,-29.21217 31.33358,-29.21233 31.33362,-29.21245 31.33374,-29.21272 31.33387,-29.21295 31.33399,-29.21317 31.33404,-29.21329 31.33408,-29.2135 31.33412,-29.21372 31.33416,-29.21397 31.33429,-29.21418 31.33437,-29.21433 31.33447,-29.21441 31.33449,-29.21442 31.33449,-29.21442 31.33451,-29.21449 31.33451,-29.21449 31.33459,-29.21454 31.33814,-29.21183 31.33891,-29.21124 31.3418,-29.21175 31.34373,-29.21209 31.34691,-29.21263 31.34865,-29.21294 31.34999,-29.21316 31.35194,-29.21348 31.35305,-29.21368 31.35379,-29.21381 31.35503,-29.21403 31.35535,-29.21409 31.35583,-29.21417 31.35627,-29.21425 31.35656,-29.2143 31.35656,-29.2143 31.3562,-29.21452 31.35378,-29.21607 31.35377,-29.21608 31.35305,-29.21654 31.35273,-29.21674 31.3517,-29.2174 31.35101,-29.21784 31.35023,-29.21834 31.34771,-29.21996 31.3477,-29.21996 31.34694,-29.22045 31.34659,-29.22067 31.34547,-29.22138 31.3443,-29.22213 31.3443,-29.22213 31.34394,-29.22236 31.34271,-29.22315 31.34367,-29.22435 31.34367,-29.22435 31.3422,-29.22525 31.34521,-29.22903 31.34521,-29.22903 31.34662,-29.2308 31.34662,-29.2308 31.34644,-29.23088 31.34625,-29.23089 31.34603,-29.23086 31.34585,-29.23083 31.34558,-29.23075 31.34551,-29.2307 31.3452,-29.23051 31.34511,-29.23046 31.34498,-29.2304 31.34498,-29.2304 31.34484,-29.23034 31.34473,-29.23032 31.34455,-29.23028 31.34439,-29.23032 31.34426,-29.23035 31.34419,-29.23036 31.34408,-29.23056 31.3441,-29.23085 31.34416,-29.23095 31.34422,-29.23107 31.34431,-29.23128 31.34439,-29.23146 31.34447,-29.23165 31.34448,-29.23176 31.34448,-29.23176 31.34449,-29.23189 31.34448,-29.23197 31.34447,-29.23203 31.34445,-29.23215 31.34441,-29.23223 31.34435,-29.23236 31.34435,-29.23236 31.34431,-29.23239 31.34416,-29.2325 31.34389,-29.23262 31.34368,-29.23272 31.34364,-29.23275 31.34355,-29.23283 31.34355,-29.23283 31.34353,-29.23285 31.34349,-29.23287 31.34349,-29.23287 31.34349,-29.23287 31.34416,-29.23375 31.34416,-29.23375 31.34445,-29.23412 31.34445,-29.23412 31.34474,-29.23451 31.34506,-29.23492 31.34506,-29.23492 31.34537,-29.23533 31.34569,-29.23574 31.34631,-29.23656 31.34631,-29.23656 31.3466,-29.23693 31.3466,-29.23693 31.34665,-29.23699 31.34716,-29.23767 31.34749,-29.2381 31.34749,-29.2381 31.34781,-29.23825 31.34782,-29.23825 31.34874,-29.23866 31.3494,-29.23895 31.34966,-29.23906 31.34982,-29.23913 31.35023,-29.23931 31.35108,-29.23969 31.35194,-29.24008 31.35239,-29.24028 31.3525,-29.24033 31.35313,-29.24061 31.3535,-29.24077 31.35445,-29.24119 31.35451,-29.24122 31.35453,-29.24123 31.35478,-29.24134 31.35542,-29.24163 31.35617,-29.24196 31.35646,-29.24209 31.35687,-29.24227 31.35696,-29.24231 31.35713,-29.24239 31.35718,-29.24241 31.3573,-29.24246 31.35741,-29.24251 31.35745,-29.24253 31.35756,-29.24258 31.35757,-29.24259 31.35761,-29.2426 31.3577,-29.24264 31.35775,-29.24266 31.35777,-29.24267 31.35791,-29.24274 31.35812,-29.24283 31.35815,-29.24284 31.35843,-29.24297 31.35899,-29.24322 31.35936,-29.24338 31.35967,-29.24352 31.35998,-29.24366 31.36008,-29.2437 31.36019,-29.24375 31.36039,-29.24384 31.36089,-29.24406 31.36123,-29.24421 31.36136,-29.24427 31.36157,-29.24436 31.36187,-29.24449 31.36219,-29.24463 31.36236,-29.24471 31.36279,-29.2449 31.36306,-29.24502 31.36317,-29.24507 31.36377,-29.24533 31.36409,-29.24548 31.36415,-29.24551 31.3643,-29.24557 31.36446,-29.24564 31.36452,-29.24567 31.3646,-29.2457 31.36479,-29.24579 31.36499,-29.24588 31.36507,-29.24592 31.36537,-29.24605 31.36575,-29.24622 31.36598,-29.24632 31.36656,-29.24658 31.36719,-29.24685 31.3677,-29.24708 31.3679,-29.24717 31.36835,-29.24737 31.36884,-29.24758 31.36913,-29.24771 31.36989,-29.24805 31.36948,-29.24957 31.36934,-29.25008 31.36919,-29.25066 31.36904,-29.25121 31.36886,-29.25185 31.3687,-29.25244 31.36826,-29.25411 31.36826,-29.25411 31.36859,-29.25428 31.36902,-29.25451 31.3692,-29.25461 31.36977,-29.25491 31.37033,-29.2552 31.37052,-29.2553 31.37086,-29.25548 31.37161,-29.25588 31.37237,-29.25628 31.37304,-29.25663 31.37371,-29.25699 31.37386,-29.25707 31.37434,-29.25732 31.37473,-29.25752 31.37485,-29.25759 31.37554,-29.25796 31.37556,-29.25794 31.37556,-29.25794 31.37618,-29.25729 31.37687,-29.25658 31.37752,-29.2559 31.37805,-29.25534 31.37883,-29.25453 31.37928,-29.25406 31.37928,-29.25406 31.38004,-29.25327 31.38004,-29.25327 31.3805,-29.25278 31.38119,-29.25207 31.38169,-29.25155 31.38246,-29.25074 31.38303,-29.25014 31.3838,-29.24935 31.38493,-29.24817 31.38615,-29.24689 31.38645,-29.24658 31.38645,-29.24658 31.38675,-29.24626 31.38705,-29.24595 31.38734,-29.24563 31.38764,-29.24532 31.38794,-29.245 31.38824,-29.24469 31.38842,-29.2445 31.38842,-29.2445 31.38938,-29.24348 31.39014,-29.24268 31.39014,-29.24268 31.39032,-29.24248 31.39051,-29.24228 31.3907,-29.24209 31.39087,-29.24191 31.39089,-29.24189 31.39089,-29.24189 31.39107,-29.24169 31.39107,-29.24169 31.39126,-29.24149 31.39174,-29.24101 31.39174,-29.24101 31.39197,-29.24077 31.39221,-29.24053 31.39245,-29.2403 31.39269,-29.24006 31.39292,-29.23982 31.39376,-29.23898 31.39383,-29.23891 31.3939,-29.23893 31.394,-29.23897 31.39409,-29.23901 31.3942,-29.23902 31.3944,-29.23902 31.39464,-29.23898 31.39478,-29.23896 31.39491,-29.23893 31.39497,-29.2389 31.395,-29.23889 31.39502,-29.23888 31.39509,-29.23884 31.39517,-29.23876 31.39524,-29.23871 31.39526,-29.2387 31.39529,-29.2387 31.39532,-29.23869 31.39539,-29.23869 31.39547,-29.2387 31.39555,-29.23871 31.3956,-29.23872 31.39573,-29.23873 31.3959,-29.23873 31.39593,-29.23874 31.39599,-29.23875 31.3961,-29.23878 31.39618,-29.23884 31.3962,-29.23885 31.39628,-29.23893 31.39628,-29.23893 31.39639,-29.23901 31.39639,-29.23901 31.39642,-29.23908 31.3964,-29.23922 31.39634,-29.23939 31.39601,-29.23983 31.39586,-29.24 31.39566,-29.24027 31.39549,-29.24048 31.39531,-29.24075 31.39526,-29.24084 31.39522,-29.24099 31.39522,-29.24155 31.39518,-29.24176 31.39514,-29.24192 31.39511,-29.24214 31.39503,-29.24236 31.39502,-29.24257 31.39503,-29.24274 31.39509,-29.24294 31.39517,-29.24315 31.39524,-29.24328 31.39535,-29.24343 31.39535,-29.24343 31.39552,-29.24368 31.39552,-29.24368 31.3956,-29.24379 31.3956,-29.24379 31.39576,-29.24398 31.39576,-29.24398 31.39597,-29.24427 31.39597,-29.24427 31.39607,-29.2444 31.39607,-29.2444 31.39619,-29.24452 31.39619,-29.24452 31.39632,-29.2446 31.39646,-29.24465 31.39672,-29.24469 31.3968,-29.24468 31.39688,-29.24468 31.39702,-29.24468 31.3971,-29.24467 31.3972,-29.24465 31.3973,-29.24462 31.39739,-29.2446 31.39747,-29.24457 31.3975,-29.24455 31.39758,-29.2445 31.39767,-29.24442 31.39775,-29.24436 31.39777,-29.24428 31.39775,-29.24417 31.39772,-29.24409 31.39764,-29.24396 31.39753,-29.24379 31.39751,-29.24368 31.39751,-29.24352 31.39756,-29.24336 31.39766,-29.24321 31.39777,-29.2431 31.39777,-29.2431 31.39787,-29.24299 31.39787,-29.24299 31.39802,-29.24288 31.39806,-29.24285 31.39819,-29.24277 31.39829,-29.24269 31.39848,-29.24266 31.39857,-29.2427 31.39865,-29.24277 31.39865,-29.24277 31.39874,-29.24288 31.3988,-29.24297 31.3989,-29.24314 31.399,-29.24322 31.399,-29.24322 31.39902,-29.24323 31.39907,-29.24326 31.39929,-29.24326 31.39936,-29.24326 31.39943,-29.24325 31.39953,-29.24323 31.39959,-29.24322 31.39972,-29.24317 31.39978,-29.24314 31.39992,-29.24306 31.40003,-29.24298 31.40023,-29.2429 31.4004,-29.2428 31.40063,-29.24274 31.40077,-29.24272 31.40111,-29.24272 31.40123,-29.24273 31.40147,-29.24277 31.4016,-29.24281 31.40173,-29.24284 31.40184,-29.24285 31.40198,-29.24285 31.40205,-29.24284 31.40213,-29.24283 31.40237,-29.24279 31.40268,-29.24277 31.40297,-29.24274 31.40317,-29.24272 31.40333,-29.2427 31.40342,-29.2427 31.40353,-29.24271 31.40365,-29.24272 31.40375,-29.24273 31.40396,-29.24283 31.4041,-29.24293 31.40417,-29.24303 31.40417,-29.24303 31.40433,-29.24316 31.40433,-29.24316 31.40437,-29.24318 31.4044,-29.2432 31.40444,-29.24322 31.40448,-29.24325 31.4047,-29.24345 31.4047,-29.24345 31.40479,-29.24357 31.40479,-29.24357 31.40492,-29.24378 31.40497,-29.24387 31.40504,-29.24406 31.40505,-29.24435 31.40503,-29.24451 31.40493,-29.24469 31.40475,-29.24491 31.40437,-29.24552 31.4043,-29.24573 31.40419,-29.24628 31.40417,-29.24661 31.40419,-29.24673 31.40423,-29.24685 31.40437,-29.24704 31.40437,-29.24704 31.4044,-29.24707 31.40445,-29.24716 31.40448,-29.24723 31.40455,-29.2475 31.40459,-29.24777 31.40464,-29.24805 31.40465,-29.24853 31.4047,-29.24889 31.40472,-29.24907 31.40475,-29.24921 31.4048,-29.24936 31.40494,-29.24955 31.40502,-29.24961 31.40503,-29.24962 31.40513,-29.24967 31.40524,-29.24969 31.40533,-29.2497 31.40549,-29.24974 31.40559,-29.24976 31.40574,-29.24979 31.40584,-29.2498 31.40592,-29.24981 31.40634,-29.24981 31.40668,-29.24987 31.40676,-29.24989 31.40689,-29.24993 31.40703,-29.24997 31.40713,-29.24999 31.4072,-29.25 31.40731,-29.25002 31.40751,-29.25002 31.40759,-29.25 31.40771,-29.24997 31.40783,-29.2499 31.40798,-29.24982 31.40803,-29.24979 31.4081,-29.24976 31.40825,-29.24969 31.40837,-29.24964 31.40849,-29.24958 31.40854,-29.24956 31.40857,-29.24955 31.40864,-29.24952 31.40874,-29.24952 31.40891,-29.24953 31.409,-29.24958 31.40913,-29.24968 31.4092,-29.24976 31.4092,-29.24976 31.40932,-29.24987 31.40932,-29.24987 31.40932,-29.24987 31.40938,-29.24996 31.40945,-29.25014 31.40947,-29.25017 31.40955,-29.25031 31.40961,-29.2504 31.40962,-29.25042 31.40962,-29.25042 31.40973,-29.25045 31.40987,-29.25044 31.41016,-29.25051 31.41019,-29.25053 31.41026,-29.25059 31.41026,-29.25059 31.41039,-29.2507 31.41039,-29.2507 31.41047,-29.25076 31.41047,-29.25076 31.41051,-29.25058 31.41055,-29.25036 31.41536,-29.22568 31.41536,-29.22568 31.4263,-29.23276 31.42886,-29.23442 31.43322,-29.23725 31.45125,-29.2423 31.47376,-29.2502 31.47409,-29.25031 31.47477,-29.25055 31.47473,-29.25068 31.4746,-29.25078 31.47454,-29.25085 31.47444,-29.25089 31.47439,-29.25089 31.47435,-29.25093 31.47431,-29.25096 31.47428,-29.25097 31.47424,-29.251 31.47421,-29.25103 31.47419,-29.25105 31.47416,-29.25105 31.4741,-29.25106 31.47404,-29.25111 31.47401,-29.25112 31.47399,-29.25114 31.47389,-29.25118 31.47383,-29.25123 31.47378,-29.25126 31.47372,-29.25132 31.47368,-29.25133 31.47365,-29.25137 31.47362,-29.2514 31.47358,-29.25145 31.47354,-29.25149 31.4735,-29.25153 31.47345,-29.25158 31.47342,-29.25162 31.4734,-29.25164 31.47337,-29.25164 31.47333,-29.25167 31.47331,-29.2517 31.47325,-29.25171 31.47323,-29.25174 31.4732,-29.25177 31.47317,-29.25178 31.47313,-29.2518 31.47311,-29.25183 31.47307,-29.25186 31.47301,-29.25192 31.47291,-29.25198 31.47287,-29.25201 31.47282,-29.25204 31.47276,-29.25206 31.4727,-29.25209 31.47267,-29.25212 31.47261,-29.25215 31.47259,-29.25219 31.47255,-29.25223 31.4725,-29.25225 31.47244,-29.25228 31.4724,-29.25232 31.47235,-29.25237 31.4723,-29.25242 31.47227,-29.25244 31.47221,-29.25248 31.47217,-29.2525 31.47215,-29.25253 31.47209,-29.25256 31.47206,-29.25258 31.47203,-29.25259 31.47197,-29.25265 31.47192,-29.25267 31.47187,-29.2527 31.47179,-29.25274 31.47173,-29.25276 31.47169,-29.25277 31.47164,-29.25281 31.47157,-29.25285 31.47153,-29.25288 31.4715,-29.25289 31.47146,-29.25291 31.47142,-29.25292 31.47132,-29.25298 31.47125,-29.25301 31.4712,-29.25303 31.47111,-29.25307 31.47107,-29.25311 31.47102,-29.25313 31.47095,-29.25315 31.47086,-29.25318 31.47076,-29.25322 31.47072,-29.25326 31.47067,-29.25329 31.47062,-29.25335 31.47056,-29.25338 31.47053,-29.2534 31.47043,-29.25349 31.47038,-29.25354 31.47034,-29.25359 31.47025,-29.25362 31.47017,-29.2537 31.47011,-29.25375 31.47007,-29.2538 31.47,-29.25385 31.46994,-29.25389 31.46989,-29.25391 31.46986,-29.25395 31.46984,-29.25399 31.46982,-29.25402 31.46978,-29.25404 31.46974,-29.25408 31.46971,-29.25412 31.46965,-29.25414 31.46964,-29.25417 31.46965,-29.2542 31.46965,-29.25423 31.46962,-29.25428 31.46958,-29.25432 31.46953,-29.25434 31.46944,-29.25436 31.46939,-29.25439 31.46935,-29.25444 31.46933,-29.25446 31.46932,-29.25449 31.46929,-29.25447 31.46928,-29.25445 31.46925,-29.25446 31.46922,-29.25449 31.46918,-29.25449 31.46915,-29.25451 31.46918,-29.25455 31.46918,-29.25459 31.46914,-29.2546 31.46905,-29.2546 31.46898,-29.25463 31.46893,-29.25465 31.46887,-29.2547 31.46882,-29.25473 31.46878,-29.25475 31.46862,-29.25492 31.46865,-29.25495 31.46868,-29.25496 31.46871,-29.255 31.46872,-29.25504 31.46872,-29.25511 31.46871,-29.25514 31.46864,-29.25515 31.46861,-29.25515 31.46857,-29.25513 31.4685,-29.25506 31.46848,-29.25503 31.46844,-29.255 31.4684,-29.25501 31.46832,-29.25507 31.46827,-29.2551 31.46823,-29.25512 31.46819,-29.25515 31.46814,-29.2552 31.46809,-29.25524 31.46804,-29.25527 31.46799,-29.25529 31.46794,-29.25532 31.46793,-29.25535 31.46792,-29.2554 31.46788,-29.25541 31.46782,-29.25543 31.46777,-29.25548 31.46768,-29.25554 31.46767,-29.25558 31.46763,-29.2556 31.46761,-29.25565 31.46759,-29.25567 31.46758,-29.2557 31.46755,-29.25574 31.4675,-29.25577 31.46748,-29.25581 31.46745,-29.25585 31.46743,-29.25588 31.4674,-29.2559 31.46738,-29.25593 31.46738,-29.25597 31.46735,-29.25599 31.46731,-29.25602 31.46726,-29.25604 31.46723,-29.25609 31.46716,-29.25613 31.46716,-29.25618 31.46716,-29.25621 31.46711,-29.25624 31.46705,-29.25628 31.46701,-29.25631 31.46697,-29.25633 31.46694,-29.25637 31.46688,-29.25641 31.46686,-29.25645 31.4668,-29.25651 31.46675,-29.25657 31.46662,-29.25671 31.46656,-29.25675 31.46652,-29.25678 31.46648,-29.25686 31.46644,-29.2569 31.46638,-29.25696 31.46634,-29.25699 31.46629,-29.25704 31.46622,-29.25709 31.46618,-29.25711 31.46608,-29.2572 31.46605,-29.25722 31.466,-29.25725 31.46598,-29.25728 31.46596,-29.25732 31.46591,-29.25736 31.46588,-29.25739 31.46579,-29.25744 31.46575,-29.25748 31.46557,-29.2576 31.46552,-29.25764 31.46545,-29.25768 31.46537,-29.25776 31.46531,-29.2578 31.46526,-29.25783 31.46521,-29.25787 31.46514,-29.25793 31.46509,-29.25797 31.46495,-29.25811 31.46487,-29.25818 31.4648,-29.25825 31.46476,-29.2583 31.46474,-29.25833 31.46469,-29.25837 31.46467,-29.25841 31.46457,-29.25852 31.46445,-29.25864 31.46442,-29.25871 31.46437,-29.25876 31.46437,-29.25881 31.46433,-29.25889 31.46428,-29.25894 31.46423,-29.25898 31.46414,-29.25907 31.46409,-29.25913 31.46394,-29.25928 31.46391,-29.25932 31.46385,-29.25938 31.46378,-29.25947 31.46375,-29.25951 31.46369,-29.25957 31.46362,-29.25965 31.46354,-29.25974 31.4635,-29.25978 31.46343,-29.25987 31.46336,-29.25992 31.46332,-29.25995 31.46327,-29.25998 31.46323,-29.26003 31.4632,-29.26008 31.46318,-29.26013 31.46321,-29.26018 31.46317,-29.26022 31.4631,-29.26024 31.46301,-29.26027 31.46293,-29.26032 31.46285,-29.26038 31.46282,-29.26044 31.46275,-29.26052 31.46267,-29.26058 31.4626,-29.26063 31.46252,-29.26069 31.46246,-29.26077 31.46242,-29.26086 31.46237,-29.2609 31.46231,-29.26105 31.46224,-29.26109 31.46215,-29.26116 31.46211,-29.26122 31.46207,-29.2613 31.462,-29.26138 31.46194,-29.26142 31.46187,-29.26145 31.46182,-29.2615 31.4618,-29.26156 31.46177,-29.2616 31.46172,-29.26164 31.46166,-29.26169 31.46156,-29.26174 31.46147,-29.26182 31.46142,-29.26186 31.46136,-29.26193 31.46129,-29.26199 31.46124,-29.26204 31.4612,-29.26206 31.46115,-29.26213 31.46112,-29.26218 31.46106,-29.26221 31.46105,-29.26226 31.46094,-29.26231 31.46081,-29.26239 31.46073,-29.26243 31.46064,-29.26253 31.46062,-29.26255 31.46053,-29.26261 31.46046,-29.26267 31.46035,-29.26274 31.46025,-29.26281 31.46018,-29.26285 31.4601,-29.26288 31.46002,-29.26292 31.45996,-29.26299 31.45985,-29.26306 31.45974,-29.26314 31.45964,-29.26321 31.45955,-29.26327 31.45947,-29.26334 31.45934,-29.26341 31.45927,-29.26347 31.45921,-29.2635 31.45912,-29.26355 31.45901,-29.26361 31.4589,-29.26368 31.4588,-29.26376 31.45873,-29.26378 31.45867,-29.2638 31.45861,-29.2638 31.45856,-29.26382 31.45844,-29.26391 31.45838,-29.26396 31.45835,-29.264 31.4583,-29.26407 31.45822,-29.26413 31.45816,-29.26415 31.45811,-29.26418 31.45808,-29.2642 31.45804,-29.26424 31.458,-29.26427 31.45792,-29.26432 31.45785,-29.26436 31.45783,-29.2644 31.45779,-29.26447 31.45772,-29.26453 31.45764,-29.26456 31.45758,-29.26461 31.45749,-29.26468 31.45745,-29.26474 31.4574,-29.26479 31.45734,-29.26483 31.45727,-29.26488 31.45723,-29.26492 31.45717,-29.26496 31.45713,-29.26498 31.45707,-29.26502 31.45702,-29.26508 31.457,-29.26512 31.45686,-29.26524 31.45682,-29.2653 31.45677,-29.26532 31.45673,-29.26536 31.45667,-29.26537 31.45663,-29.26538 31.45651,-29.26544 31.45645,-29.26545 31.45638,-29.2655 31.45632,-29.26553 31.45631,-29.26556 31.45629,-29.26559 31.45626,-29.2656 31.45623,-29.26564 31.4562,-29.26567 31.45612,-29.26567 31.45607,-29.26572 31.45603,-29.26575 31.45596,-29.2658 31.45591,-29.26584 31.45587,-29.26586 31.45586,-29.26591 31.45584,-29.26596 31.45578,-29.26597 31.45575,-29.26599 31.45575,-29.26606 31.45574,-29.26611 31.45571,-29.26615 31.45559,-29.26618 31.45554,-29.26617 31.45538,-29.26617 31.45529,-29.26624 31.45526,-29.26626 31.45519,-29.26631 31.45513,-29.26634 31.45507,-29.26638 31.45499,-29.26643 31.45494,-29.26647 31.45489,-29.26649 31.45485,-29.26655 31.45481,-29.2666 31.45476,-29.26664 31.45471,-29.2667 31.45466,-29.26675 31.45461,-29.26678 31.45456,-29.26686 31.45453,-29.26688 31.45447,-29.26691 31.45443,-29.26691 31.45441,-29.26696 31.4544,-29.26702 31.45433,-29.2671 31.45421,-29.2672 31.45417,-29.26722 31.45412,-29.26722 31.45403,-29.26726 31.45396,-29.26732 31.4539,-29.26734 31.45382,-29.26741 31.45376,-29.26746 31.45371,-29.26751 31.45365,-29.26755 31.45359,-29.26756 31.45351,-29.2676 31.45346,-29.26767 31.45342,-29.26772 31.45338,-29.26779 31.45337,-29.26782 31.45331,-29.26785 31.45327,-29.26786 31.45325,-29.26788 31.45317,-29.26793 31.45309,-29.268 31.45305,-29.26805 31.45305,-29.26808 31.45301,-29.26812 31.45295,-29.26813 31.45288,-29.26817 31.45282,-29.26821 31.45273,-29.2683 31.4527,-29.26835 31.45267,-29.26837 31.45263,-29.26841 31.45256,-29.26846 31.45244,-29.26858 31.4524,-29.26863 31.45233,-29.26867 31.45226,-29.26872 31.4522,-29.26877 31.45216,-29.26882 31.45214,-29.26886 31.4521,-29.26889 31.45204,-29.26893 31.45201,-29.26898 31.45199,-29.26902 31.45194,-29.26907 31.45187,-29.26915 31.45183,-29.2692 31.45177,-29.26924 31.4517,-29.26929 31.45166,-29.26933 31.45164,-29.26937 31.45158,-29.26948 31.45154,-29.26952 31.4515,-29.26959 31.45147,-29.2696 31.45145,-29.26963 31.45145,-29.26971 31.45141,-29.26975 31.45138,-29.26979 31.45136,-29.26983 31.45131,-29.26985 31.45128,-29.26984 31.4512,-29.26984 31.45112,-29.26987 31.45109,-29.26992 31.45104,-29.26997 31.451,-29.27002 31.45096,-29.27008 31.45091,-29.27017 31.45087,-29.27022 31.45084,-29.27027 31.45079,-29.27033 31.45073,-29.2704 31.45071,-29.27045 31.45068,-29.27051 31.45063,-29.27059 31.45064,-29.27063 31.45062,-29.27066 31.4506,-29.27071 31.45049,-29.27079 31.45042,-29.27087 31.45036,-29.27094 31.4503,-29.27107 31.45024,-29.27116 31.45019,-29.27124 31.45018,-29.27131 31.45022,-29.27138 31.45029,-29.27145 31.45029,-29.27149 31.45023,-29.27159 31.45017,-29.27162 31.45005,-29.27165 31.44997,-29.27166 31.44993,-29.27175 31.44987,-29.2718 31.44981,-29.27182 31.44975,-29.27189 31.44967,-29.27196 31.4496,-29.27206 31.44945,-29.27218 31.4494,-29.27227 31.44934,-29.27231 31.44927,-29.27239 31.44915,-29.27249 31.4491,-29.27254 31.44895,-29.27273 31.44887,-29.27279 31.4488,-29.27293 31.44874,-29.27307 31.44867,-29.27323 31.44859,-29.27332 31.44847,-29.27344 31.44835,-29.27354 31.44825,-29.27364 31.44814,-29.27368 31.44806,-29.27376 31.44796,-29.27384 31.44789,-29.2739 31.44783,-29.27393 31.44773,-29.27403 31.4476,-29.27418 31.44753,-29.27426 31.44746,-29.27435 31.44736,-29.27446 31.44729,-29.27456 31.44722,-29.27463 31.44709,-29.27469 31.447,-29.27479 31.4469,-29.27487 31.44683,-29.27494 31.44674,-29.27501 31.44665,-29.27509 31.44657,-29.27519</coordinates></LinearRing></outerBoundaryIs></Polygon></MultiGeometry></Placemark></Document></kml>