<?xml version="1.0" encoding="UTF-8"?><kml xmlns="http://www.opengis.net/kml/2.2"><Document><Placemark><name>eThekwini</name><description>Metropolitan Municipality 599</description><ExtendedData><Data name="code"><value>599</value></Data><Data name="name"><value>eThekwini</value></Data><Data name="description"><value>Metropolitan Municipality 599</value></Data></ExtendedData><MultiGeometry><Polygon><outerBoundaryIs><LinearRing><coordinates>31.14508,-29.50638 31.15503,-29.51204 31.16034,-29.51506 31.16572,-29.51812 31.16586,-29.5182 31.16775,-29.51927 31.16801,-29.51942 31.16872,-29.51983 31.16937,-29.52019 31.17001,-29.52056 31.17013,-29.52062 31.1749,-29.52335 31.17699,-29.52453 31.17713,-29.52461 31.17726,-29.52468 31.17876,-29.52553 31.17886,-29.52559 31.17925,-29.52581 31.18065,-29.52661 31.18313,-29.52802 31.18121,-29.52971 31.18051,-29.53032 31.18028,-29.53053 31.18022,-29.53058 31.17708,-29.53333 31.17084,-29.53526 31.17051,-29.53677 31.17005,-29.53884 31.16977,-29.54007 31.16959,-29.54091 31.16946,-29.54151 31.16921,-29.54261 31.16913,-29.54297 31.16883,-29.54435 31.16861,-29.54534 31.16856,-29.54558 31.16842,-29.54616 31.1684,-29.54627 31.16901,-29.54645 31.16885,-29.54712 31.16829,-29.54677 31.16817,-29.54732 31.16889,-29.54797 31.16937,-29.54839 31.16956,-29.54856 31.1696,-29.5486 31.16966,-29.54865 31.16966,-29.54865 31.17004,-29.549 31.17004,-29.549 31.17168,-29.55047 31.17168,-29.55047 31.17287,-29.55154 31.17334,-29.55197 31.17334,-29.55197 31.17379,-29.55237 31.17374,-29.55251 31.17271,-29.55321 31.1726,-29.55341 31.17224,-29.55411 31.17172,-29.55511 31.1712,-29.55612 31.17065,-29.55719 31.17109,-29.55703 31.17145,-29.55694 31.17233,-29.55673 31.17317,-29.55663 31.17389,-29.55673 31.17394,-29.55681 31.17404,-29.55691 31.17408,-29.55726 31.17419,-29.55749 31.17436,-29.55807 31.17424,-29.55823 31.1742,-29.55861 31.17415,-29.55883 31.17402,-29.5591 31.17386,-29.55967 31.17362,-29.56015 31.17352,-29.56035 31.17336,-29.56048 31.17329,-29.56066 31.17296,-29.56112 31.1727,-29.56147 31.17245,-29.56181 31.17235,-29.56194 31.17232,-29.56217 31.17227,-29.56229 31.17228,-29.56241 31.1722,-29.56287 31.17216,-29.56305 31.17213,-29.56339 31.17211,-29.56357 31.17213,-29.5638 31.17223,-29.56403 31.17226,-29.56421 31.17237,-29.56455 31.17247,-29.56447 31.17254,-29.56484 31.17254,-29.56484 31.1726,-29.56501 31.17237,-29.56521 31.17237,-29.56521 31.17237,-29.56521 31.17232,-29.56529 31.17231,-29.56534 31.17231,-29.56537 31.17231,-29.56539 31.17233,-29.56544 31.17233,-29.56551 31.17237,-29.56557 31.17242,-29.56565 31.17242,-29.56565 31.17252,-29.56575 31.17256,-29.5658 31.17256,-29.5658 31.17263,-29.56588 31.17263,-29.56589 31.17264,-29.56591 31.17266,-29.56594 31.17268,-29.56598 31.17269,-29.56601 31.17274,-29.56608 31.17274,-29.56608 31.17276,-29.56613 31.17277,-29.56616 31.17278,-29.56619 31.17279,-29.56622 31.17279,-29.56626 31.17279,-29.5663 31.17282,-29.56642 31.17281,-29.56649 31.17281,-29.56657 31.1728,-29.56666 31.1728,-29.56679 31.17281,-29.56687 31.17282,-29.56691 31.17287,-29.56698 31.17287,-29.56698 31.17287,-29.56698 31.17295,-29.56704 31.17295,-29.56704 31.1731,-29.56719 31.1731,-29.56719 31.1731,-29.56719 31.1731,-29.56719 31.17316,-29.56726 31.17325,-29.56735 31.17331,-29.56742 31.17334,-29.56747 31.17334,-29.56747 31.17338,-29.56752 31.17344,-29.5676 31.17344,-29.5676 31.17351,-29.56767 31.1736,-29.56777 31.1736,-29.56777 31.17368,-29.56786 31.17368,-29.56786 31.17378,-29.56796 31.17378,-29.56796 31.17383,-29.56802 31.1739,-29.56811 31.17392,-29.56813 31.17392,-29.56813 31.17396,-29.56819 31.17404,-29.5683 31.17406,-29.56834 31.17409,-29.5684 31.17411,-29.56843 31.17415,-29.56851 31.17421,-29.5686 31.17421,-29.5686 31.17422,-29.56861 31.17429,-29.5687 31.17433,-29.56874 31.17437,-29.56877 31.17452,-29.56892 31.17452,-29.56892 31.1746,-29.56901 31.1746,-29.56901 31.17472,-29.56911 31.17479,-29.56918 31.17479,-29.56918 31.17487,-29.56925 31.17487,-29.56925 31.17494,-29.56929 31.17499,-29.56932 31.17503,-29.56934 31.17506,-29.56935 31.1751,-29.56936 31.17514,-29.56937 31.17521,-29.56938 31.17529,-29.56938 31.17537,-29.56938 31.17541,-29.56937 31.17544,-29.56936 31.17554,-29.56934 31.17565,-29.56932 31.17574,-29.56931 31.17581,-29.5693 31.17587,-29.56931 31.17593,-29.56931 31.176,-29.5693 31.17608,-29.56931 31.17615,-29.56932 31.17627,-29.56932 31.17632,-29.56933 31.1764,-29.56935 31.1765,-29.56939 31.1765,-29.56939 31.17659,-29.56942 31.17672,-29.56946 31.17679,-29.56948 31.17688,-29.56952 31.17688,-29.56952 31.17697,-29.56956 31.17704,-29.56957 31.17711,-29.56959 31.17723,-29.56962 31.17733,-29.56967 31.17737,-29.56969 31.17748,-29.56972 31.17751,-29.56974 31.17761,-29.56979 31.17769,-29.5698 31.17774,-29.56981 31.17776,-29.56982 31.17782,-29.56985 31.17798,-29.56991 31.17808,-29.56996 31.17811,-29.56998 31.17819,-29.57001 31.17828,-29.57004 31.17842,-29.57007 31.17853,-29.57008 31.17863,-29.57009 31.17875,-29.5701 31.17875,-29.5701 31.17887,-29.57011 31.17899,-29.57011 31.17904,-29.5701 31.17908,-29.5701 31.17914,-29.57009 31.1792,-29.57008 31.17941,-29.57005 31.1795,-29.57003 31.17956,-29.57002 31.17987,-29.57002 31.17995,-29.57001 31.18003,-29.57001 31.18017,-29.57001 31.18033,-29.57004 31.18042,-29.57006 31.18055,-29.57008 31.18079,-29.57013 31.18102,-29.57019 31.18127,-29.57027 31.1814,-29.57032 31.1814,-29.57032 31.18152,-29.57036 31.18172,-29.57043 31.18194,-29.57048 31.182,-29.57049 31.18209,-29.57051 31.18246,-29.57062 31.18276,-29.57072 31.18276,-29.57072 31.18291,-29.57077 31.18354,-29.57096 31.18408,-29.57114 31.18421,-29.57118 31.18447,-29.57126 31.18476,-29.57136 31.18489,-29.57141 31.18497,-29.57145 31.18517,-29.57154 31.18573,-29.57177 31.18575,-29.57178 31.18619,-29.57196 31.18619,-29.57196 31.18606,-29.57219 31.18596,-29.57231 31.18585,-29.57244 31.1855,-29.57293 31.18549,-29.57306 31.18549,-29.57317 31.1854,-29.57342 31.18526,-29.57357 31.18513,-29.57364 31.18508,-29.57367 31.18503,-29.57368 31.18498,-29.57369 31.18498,-29.57369 31.18497,-29.57374 31.18497,-29.57378 31.18496,-29.57384 31.18493,-29.57396 31.18491,-29.57406 31.18489,-29.57415 31.18486,-29.57426 31.18484,-29.57435 31.18482,-29.57442 31.1848,-29.57452 31.18477,-29.5746 31.18473,-29.57475 31.18467,-29.57496 31.18465,-29.57502 31.18463,-29.57508 31.18461,-29.57516 31.18459,-29.57521 31.18456,-29.5753 31.18448,-29.57561 31.18445,-29.57575 31.18444,-29.57579 31.1844,-29.57591 31.18425,-29.57629 31.18423,-29.57634 31.18416,-29.57654 31.18409,-29.57673 31.18398,-29.57689 31.18376,-29.5771 31.18368,-29.57717 31.18355,-29.57729 31.18344,-29.5774 31.18336,-29.57747 31.18318,-29.57763 31.18302,-29.57777 31.18295,-29.57783 31.18275,-29.57804 31.18252,-29.57829 31.18228,-29.57855 31.18228,-29.57855 31.18195,-29.5789 31.18195,-29.5789 31.18171,-29.57917 31.18144,-29.57942 31.18144,-29.57942 31.18121,-29.57962 31.18121,-29.57962 31.18109,-29.57976 31.18099,-29.57993 31.18095,-29.58001 31.18085,-29.58019 31.18075,-29.5803 31.18063,-29.58042 31.1805,-29.58048 31.18043,-29.58052 31.18032,-29.58064 31.18032,-29.58064 31.18027,-29.58074 31.18019,-29.5809 31.18014,-29.58101 31.18003,-29.58124 31.17986,-29.58162 31.17975,-29.58188 31.17965,-29.58207 31.17958,-29.58221 31.17949,-29.58241 31.17936,-29.58265 31.17933,-29.5827 31.17918,-29.5829 31.17902,-29.58306 31.17884,-29.5832 31.17881,-29.58323 31.17866,-29.58332 31.17843,-29.58353 31.17843,-29.58353 31.17825,-29.58371 31.17825,-29.58371 31.17803,-29.58391 31.17789,-29.58405 31.17777,-29.58418 31.17751,-29.58442 31.17751,-29.58442 31.17729,-29.58458 31.17711,-29.58468 31.17708,-29.5847 31.17703,-29.58473 31.17695,-29.58478 31.17683,-29.58492 31.17683,-29.58492 31.17679,-29.58499 31.1767,-29.58513 31.17652,-29.5854 31.17652,-29.5854 31.17652,-29.5854 31.17636,-29.58559 31.17627,-29.5857 31.1762,-29.58579 31.17609,-29.58595 31.17609,-29.58595 31.17597,-29.58609 31.17597,-29.58609 31.1758,-29.58635 31.1758,-29.58635 31.1757,-29.58648 31.17557,-29.58671 31.17552,-29.58677 31.17546,-29.58685 31.17541,-29.58692 31.17536,-29.58698 31.1752,-29.58709 31.17503,-29.58723 31.17503,-29.58723 31.17502,-29.58724 31.17484,-29.58742 31.17474,-29.58758 31.17472,-29.58761 31.17467,-29.58772 31.17464,-29.58779 31.17462,-29.58782 31.17454,-29.58797 31.17441,-29.58819 31.17439,-29.58822 31.17439,-29.58822 31.17421,-29.58848 31.17406,-29.58869 31.17406,-29.58869 31.17385,-29.58896 31.17378,-29.58907 31.17371,-29.5892 31.17362,-29.58935 31.17355,-29.58947 31.17331,-29.58975 31.17331,-29.58975 31.17331,-29.58975 31.17308,-29.59003 31.17287,-29.59029 31.17287,-29.59029 31.17262,-29.59052 31.17235,-29.59078 31.17235,-29.59078 31.17214,-29.591 31.17192,-29.59125 31.17172,-29.59155 31.17167,-29.59166 31.17161,-29.5918 31.1715,-29.59212 31.17146,-29.59231 31.17142,-29.59246 31.17141,-29.59259 31.17139,-29.59275 31.17135,-29.59302 31.17134,-29.59313 31.17133,-29.59318 31.17129,-29.59336 31.17115,-29.59363 31.17101,-29.59387 31.17088,-29.59405 31.1708,-29.59415 31.17058,-29.5944 31.17058,-29.5944 31.17057,-29.59441 31.17042,-29.59458 31.17039,-29.59464 31.17038,-29.59465 31.17038,-29.59472 31.17037,-29.59483 31.1703,-29.595 31.17027,-29.59505 31.17026,-29.59507 31.17023,-29.59515 31.17021,-29.59525 31.1702,-29.59529 31.17018,-29.59535 31.17016,-29.5954 31.17012,-29.59549 31.17008,-29.59558 31.16998,-29.59569 31.16996,-29.59573 31.16993,-29.5958 31.1699,-29.59589 31.16989,-29.5959 31.16981,-29.59601 31.16978,-29.59606 31.16973,-29.59615 31.16971,-29.59618 31.16969,-29.5962 31.16961,-29.59628 31.16961,-29.59628 31.16956,-29.59634 31.16956,-29.59634 31.16952,-29.5964 31.16948,-29.59647 31.16945,-29.59655 31.16942,-29.59659 31.16939,-29.59663 31.16918,-29.59698 31.16913,-29.59709 31.16909,-29.59721 31.16899,-29.59731 31.16898,-29.59732 31.16891,-29.59741 31.1689,-29.59742 31.1689,-29.59742 31.16889,-29.59743 31.16885,-29.5975 31.16885,-29.5975 31.16884,-29.59755 31.16884,-29.59759 31.16883,-29.59765 31.16878,-29.59772 31.16874,-29.59778 31.16862,-29.598 31.1686,-29.59809 31.1685,-29.5983 31.16847,-29.59835 31.1684,-29.59849 31.16831,-29.59865 31.16825,-29.59875 31.16819,-29.59883 31.16815,-29.5989 31.1681,-29.59899 31.16807,-29.59907 31.16781,-29.59947 31.16746,-29.59982 31.16745,-29.59987 31.16724,-29.60031 31.16716,-29.6005 31.167,-29.60083 31.16688,-29.60111 31.16669,-29.60139 31.16649,-29.60174 31.16624,-29.60211 31.16595,-29.60256 31.16569,-29.60294 31.16538,-29.60335 31.16516,-29.60363 31.16489,-29.60397 31.16458,-29.60434 31.16429,-29.60476 31.16399,-29.60514 31.16366,-29.60559 31.16317,-29.60616 31.16264,-29.60678 31.16215,-29.60739 31.16174,-29.60781 31.16152,-29.60807 31.16129,-29.60841 31.16105,-29.60885 31.16088,-29.60923 31.16066,-29.60974 31.16048,-29.61019 31.16025,-29.61071 31.15993,-29.61124 31.15966,-29.61174 31.15942,-29.61223 31.15924,-29.6126 31.15913,-29.6128 31.159,-29.61297 31.15873,-29.61319 31.1584,-29.61343 31.15803,-29.61371 31.15774,-29.61401 31.15747,-29.61433 31.15716,-29.61475 31.15689,-29.61506 31.15648,-29.61549 31.15623,-29.61578 31.1558,-29.61619 31.15547,-29.61658 31.15527,-29.61686 31.155,-29.61726 31.15467,-29.61782 31.15445,-29.61823 31.15414,-29.61876 31.15387,-29.61914 31.15378,-29.61927 31.15339,-29.61969 31.15305,-29.62004 31.15272,-29.6204 31.15241,-29.62075 31.15196,-29.6213 31.15153,-29.62182 31.15117,-29.62223 31.1508,-29.62264 31.15047,-29.62298 31.15007,-29.62332 31.14972,-29.62359 31.14952,-29.62387 31.1494,-29.62402 31.14922,-29.6242 31.14898,-29.62454 31.14873,-29.62476 31.14821,-29.62527 31.1481,-29.62538 31.14808,-29.62553 31.148,-29.62575 31.14791,-29.62593 31.14777,-29.62613 31.14764,-29.62635 31.14748,-29.62657 31.14725,-29.62681 31.14705,-29.62703 31.1468,-29.62731 31.14661,-29.62757 31.14637,-29.62786 31.14614,-29.62814 31.14592,-29.62847 31.14574,-29.62878 31.14557,-29.62908 31.14545,-29.62934 31.1453,-29.62962 31.1451,-29.62993 31.14485,-29.63025 31.1445,-29.63059 31.14424,-29.63088 31.14392,-29.63121 31.14357,-29.6316 31.14319,-29.63198 31.14291,-29.63225 31.14264,-29.63254 31.14223,-29.63308 31.14193,-29.63351 31.14161,-29.63397 31.14133,-29.6344 31.14105,-29.63482 31.14076,-29.63525 31.14051,-29.63564 31.14014,-29.63609 31.13984,-29.63663 31.13964,-29.63693 31.13938,-29.63728 31.13917,-29.6376 31.13897,-29.63787 31.13875,-29.63827 31.1386,-29.63853 31.1382,-29.63915 31.13798,-29.63947 31.13778,-29.6398 31.13755,-29.64015 31.1373,-29.64053 31.13706,-29.64092 31.13684,-29.64123 31.13655,-29.6416 31.13625,-29.64193 31.1358,-29.64237 31.13545,-29.64271 31.13514,-29.643 31.13473,-29.64343 31.13419,-29.64403 31.13384,-29.64454 31.13354,-29.645 31.13311,-29.64561 31.13259,-29.64625 31.13219,-29.64688 31.13177,-29.6476 31.13127,-29.64829 31.13088,-29.64918 31.13078,-29.64969 31.13059,-29.65009 31.13035,-29.65037 31.13002,-29.65035 31.12987,-29.65059 31.12974,-29.65081 31.12962,-29.65102 31.12953,-29.65118 31.12939,-29.65141 31.12927,-29.65161 31.12914,-29.65183 31.12899,-29.65205 31.12887,-29.65221 31.12874,-29.6524 31.12861,-29.6526 31.1285,-29.65277 31.12837,-29.65292 31.12832,-29.65309 31.12822,-29.65324 31.12814,-29.65337 31.12802,-29.65358 31.12796,-29.65374 31.12784,-29.65396 31.12777,-29.65413 31.12764,-29.65447 31.12755,-29.65471 31.12741,-29.65509 31.12734,-29.65533 31.12722,-29.65565 31.12713,-29.65598 31.12695,-29.65646 31.12683,-29.65674 31.12674,-29.65696 31.12666,-29.65713 31.12653,-29.65744 31.1264,-29.65778 31.12624,-29.6582 31.12609,-29.65848 31.12594,-29.65877 31.12572,-29.65917 31.12558,-29.65937 31.1254,-29.65969 31.12523,-29.65993 31.12507,-29.6601 31.12491,-29.66029 31.12473,-29.66053 31.12471,-29.66068 31.12466,-29.66101 31.12458,-29.66118 31.12452,-29.66134 31.1245,-29.66148 31.12449,-29.6618 31.12437,-29.66209 31.12431,-29.6623 31.12423,-29.66249 31.12417,-29.66263 31.12411,-29.6628 31.12412,-29.66296 31.12414,-29.66311 31.12411,-29.66332 31.12406,-29.66355 31.12401,-29.6638 31.12397,-29.66403 31.12395,-29.66417 31.12392,-29.66431 31.12383,-29.66445 31.12373,-29.6646 31.12363,-29.66472 31.12352,-29.66486 31.12344,-29.66498 31.12334,-29.66512 31.12322,-29.66538 31.12317,-29.66551 31.12317,-29.66564 31.12315,-29.66589 31.12311,-29.66617 31.12305,-29.66631 31.12285,-29.66655 31.1227,-29.66666 31.12251,-29.66675 31.12232,-29.66685 31.12217,-29.66695 31.122,-29.66708 31.12183,-29.66722 31.12167,-29.66737 31.12155,-29.66751 31.12144,-29.66765 31.12132,-29.6678 31.12111,-29.66812 31.12096,-29.66835 31.12083,-29.66853 31.1207,-29.66875 31.12055,-29.66896 31.12049,-29.66905 31.12044,-29.66916 31.12034,-29.66933 31.12022,-29.6695 31.12009,-29.66968 31.11987,-29.66989 31.11976,-29.67 31.11962,-29.67017 31.11946,-29.67035 31.11937,-29.67046 31.11918,-29.67066 31.11899,-29.67087 31.11887,-29.67099 31.11876,-29.67113 31.1186,-29.67132 31.11847,-29.67147 31.11831,-29.67172 31.11819,-29.67191 31.11808,-29.67205 31.11795,-29.67225 31.11782,-29.67242 31.11769,-29.67261 31.11759,-29.67276 31.11746,-29.67296 31.11728,-29.67336 31.11718,-29.67355 31.11706,-29.67372 31.11693,-29.67395 31.11684,-29.67411 31.11677,-29.67423 31.11661,-29.67453 31.11645,-29.67491 31.11635,-29.67508 31.11628,-29.67533 31.11627,-29.6755 31.11621,-29.67608 31.11597,-29.67755 31.11523,-29.67888 31.11461,-29.68011 31.11379,-29.68145 31.11351,-29.68234 31.11289,-29.68381 31.11284,-29.68387 31.1123,-29.68453 31.11156,-29.68518 31.11093,-29.68583 31.11066,-29.68629 31.11041,-29.68664 31.11016,-29.68696 31.10987,-29.6874 31.10978,-29.6875 31.10973,-29.68756 31.10972,-29.68765 31.10967,-29.68776 31.10961,-29.68783 31.10955,-29.68791 31.1095,-29.68799 31.10942,-29.68816 31.10929,-29.6884 31.10925,-29.68852 31.10921,-29.68861 31.10917,-29.68868 31.10904,-29.68889 31.10898,-29.68899 31.10892,-29.6891 31.10887,-29.68925 31.10876,-29.6895 31.10875,-29.68956 31.1087,-29.68967 31.10862,-29.68977 31.10854,-29.68991 31.10848,-29.69002 31.10834,-29.6902 31.10817,-29.69062 31.10815,-29.69066 31.10811,-29.69077 31.10807,-29.69091 31.10802,-29.69101 31.10797,-29.6911 31.10795,-29.6912 31.10785,-29.69139 31.10776,-29.6915 31.10762,-29.69182 31.10759,-29.69195 31.10753,-29.69207 31.10735,-29.69234 31.10685,-29.69362 31.10653,-29.69473 31.10606,-29.69608 31.10569,-29.69681 31.10491,-29.69772 31.10437,-29.6984 31.10382,-29.6991 31.10378,-29.69913 31.10375,-29.69916 31.10374,-29.69919 31.10372,-29.69926 31.10371,-29.69933 31.10367,-29.69939 31.10361,-29.69947 31.10356,-29.69953 31.1035,-29.69959 31.10346,-29.69961 31.1034,-29.69965 31.10321,-29.69987 31.10317,-29.69991 31.10309,-29.7 31.10303,-29.70011 31.10295,-29.70025 31.1026,-29.70078 31.10252,-29.70094 31.10244,-29.70102 31.10238,-29.70111 31.10227,-29.70124 31.10194,-29.7019 31.10189,-29.70195 31.10181,-29.70205 31.10174,-29.70221 31.10167,-29.70233 31.10161,-29.7024 31.10154,-29.70252 31.10145,-29.70272 31.10143,-29.70274 31.10131,-29.70295 31.10127,-29.70301 31.10119,-29.70326 31.10112,-29.70342 31.10098,-29.7036 31.10087,-29.70368 31.10075,-29.70379 31.10074,-29.7038 31.10056,-29.70396 31.10041,-29.70422 31.1004,-29.70425 31.10034,-29.70437 31.10031,-29.70447 31.10021,-29.70468 31.10011,-29.70485 31.09988,-29.70531 31.09987,-29.70535 31.09981,-29.70542 31.09979,-29.70549 31.09971,-29.70562 31.09962,-29.70577 31.09957,-29.70584 31.09944,-29.70613 31.0994,-29.70624 31.09933,-29.70636 31.09915,-29.70669 31.09912,-29.70681 31.09907,-29.7069 31.099,-29.7071 31.09889,-29.70719 31.09874,-29.70739 31.09864,-29.70748 31.09861,-29.70751 31.0986,-29.70754 31.09858,-29.70757 31.09857,-29.70759 31.09856,-29.70764 31.09855,-29.70767 31.09854,-29.70771 31.09852,-29.70775 31.09849,-29.7078 31.09846,-29.70788 31.09845,-29.70791 31.09843,-29.70797 31.09839,-29.708 31.09837,-29.70803 31.09833,-29.70808 31.09834,-29.70811 31.09835,-29.70813 31.09839,-29.70818 31.09834,-29.70824 31.09834,-29.70831 31.09838,-29.70837 31.09834,-29.70842 31.09824,-29.70846 31.0982,-29.70848 31.0981,-29.70856 31.09805,-29.70864 31.09802,-29.70872 31.09794,-29.70889 31.09786,-29.70895 31.0978,-29.70897 31.09775,-29.709 31.09771,-29.70905 31.09765,-29.70912 31.09761,-29.70918 31.09756,-29.70924 31.09751,-29.70931 31.09747,-29.70943 31.09734,-29.70961 31.09734,-29.70964 31.09733,-29.70973 31.09729,-29.7098 31.0972,-29.70993 31.09719,-29.70995 31.09714,-29.71007 31.09697,-29.71024 31.09692,-29.71033 31.09686,-29.7104 31.09679,-29.7105 31.09677,-29.71053 31.09673,-29.71064 31.09671,-29.71072 31.09669,-29.7108 31.09661,-29.71087 31.09658,-29.71089 31.09654,-29.71091 31.09652,-29.71094 31.09652,-29.71097 31.09653,-29.71105 31.09653,-29.71113 31.09649,-29.71129 31.09644,-29.71135 31.09639,-29.71142 31.09631,-29.7115 31.0962,-29.71153 31.0961,-29.71159 31.09604,-29.71164 31.09603,-29.71167 31.09601,-29.7118 31.09599,-29.71187 31.09597,-29.71202 31.09593,-29.71216 31.0959,-29.71222 31.09587,-29.71227 31.09581,-29.71234 31.09577,-29.71242 31.09562,-29.71269 31.09559,-29.71273 31.09555,-29.7128 31.09548,-29.71289 31.09533,-29.71305 31.09525,-29.71317 31.09521,-29.71324 31.09517,-29.71336 31.09511,-29.71344 31.09505,-29.71359 31.09505,-29.71364 31.09504,-29.71371 31.095,-29.71378 31.09496,-29.71384 31.09492,-29.71392 31.09489,-29.714 31.09489,-29.71415 31.09478,-29.71439 31.0946,-29.71472 31.09437,-29.71521 31.09404,-29.71592 31.09377,-29.71656 31.09354,-29.71713 31.09327,-29.71765 31.09306,-29.71817 31.0928,-29.71871 31.0926,-29.71918 31.09232,-29.7197 31.09203,-29.72025 31.09178,-29.72083 31.09159,-29.72132 31.09144,-29.72172 31.09141,-29.72179 31.09125,-29.72223 31.09108,-29.72262 31.09095,-29.72296 31.09083,-29.72328 31.09069,-29.7236 31.09056,-29.72389 31.09039,-29.7243 31.09022,-29.72467 31.09008,-29.72508 31.08998,-29.72533 31.08984,-29.72561 31.08977,-29.72583 31.08968,-29.72614 31.08959,-29.7264 31.08949,-29.7267 31.08935,-29.72703 31.0892,-29.72729 31.08905,-29.72753 31.0889,-29.72783 31.08881,-29.72806 31.08854,-29.72846 31.08829,-29.72865 31.088,-29.72892 31.08782,-29.72919 31.08752,-29.72961 31.08741,-29.72974 31.08737,-29.72987 31.08732,-29.72998 31.08727,-29.73008 31.08719,-29.73025 31.08701,-29.73057 31.08694,-29.73064 31.08688,-29.73074 31.08688,-29.7308 31.08683,-29.7309 31.08679,-29.73101 31.08677,-29.73112 31.08669,-29.73128 31.08641,-29.73175 31.08634,-29.73189 31.08626,-29.732 31.08616,-29.73211 31.08612,-29.7322 31.08608,-29.73228 31.08599,-29.73245 31.08591,-29.73252 31.0858,-29.73261 31.08574,-29.73269 31.08571,-29.73286 31.08575,-29.73295 31.08575,-29.73304 31.08571,-29.73308 31.08565,-29.73312 31.08558,-29.73315 31.08555,-29.73317 31.08548,-29.73332 31.08544,-29.73333 31.08536,-29.73341 31.08528,-29.73351 31.08514,-29.73362 31.08497,-29.7339 31.0848,-29.73413 31.08475,-29.7342 31.08473,-29.73427 31.08469,-29.73433 31.08464,-29.7344 31.08454,-29.73452 31.08451,-29.73456 31.08445,-29.73462 31.08427,-29.73483 31.08424,-29.73487 31.0842,-29.73493 31.08418,-29.73498 31.08415,-29.73503 31.08414,-29.73508 31.08413,-29.73515 31.08404,-29.73525 31.08394,-29.73539 31.08385,-29.73551 31.08381,-29.73557 31.08372,-29.73577 31.0837,-29.73582 31.08366,-29.73585 31.08364,-29.73589 31.08355,-29.73598 31.08352,-29.73604 31.08351,-29.73609 31.08348,-29.73617 31.08344,-29.73622 31.08341,-29.73626 31.08337,-29.7363 31.08336,-29.73637 31.08336,-29.7364 31.08331,-29.73651 31.08322,-29.73665 31.08321,-29.7367 31.08313,-29.73686 31.08307,-29.73695 31.08301,-29.73703 31.08297,-29.73707 31.08294,-29.73711 31.08289,-29.73715 31.08284,-29.7372 31.0828,-29.73725 31.08273,-29.73745 31.08263,-29.73764 31.08255,-29.73782 31.08245,-29.73793 31.08227,-29.73818 31.08199,-29.73859 31.08173,-29.73898 31.08144,-29.73935 31.08124,-29.73966 31.08097,-29.74007 31.08058,-29.74075 31.08037,-29.74111 31.08004,-29.7417 31.07978,-29.74217 31.07954,-29.7426 31.07875,-29.74378 31.07853,-29.74417 31.07823,-29.74454 31.07793,-29.74486 31.0776,-29.74525 31.07714,-29.74586 31.07681,-29.74631 31.07655,-29.74669 31.07641,-29.74702 31.07639,-29.74706 31.07609,-29.74766 31.07568,-29.74827 31.07525,-29.74892 31.0749,-29.74939 31.07471,-29.7495 31.07472,-29.74964 31.0746,-29.7499 31.07451,-29.75004 31.07442,-29.75021 31.07433,-29.75034 31.07399,-29.75079 31.07376,-29.75105 31.07357,-29.75125 31.07337,-29.75148 31.07315,-29.75171 31.07296,-29.75193 31.0728,-29.75212 31.07261,-29.75234 31.07244,-29.75256 31.07228,-29.75276 31.07213,-29.753 31.072,-29.75323 31.0719,-29.75343 31.0718,-29.75367 31.07168,-29.75389 31.07154,-29.75415 31.07134,-29.75444 31.07111,-29.75472 31.07088,-29.75502 31.07061,-29.75533 31.07036,-29.75564 31.07008,-29.75596 31.06981,-29.75628 31.06955,-29.75661 31.06926,-29.75698 31.06901,-29.75736 31.0687,-29.75781 31.0684,-29.75828 31.06809,-29.75873 31.06782,-29.75911 31.06747,-29.75959 31.06683,-29.76046 31.06665,-29.76071 31.06652,-29.76085 31.0665,-29.76088 31.06602,-29.76161 31.06584,-29.76194 31.06528,-29.7628 31.06479,-29.76342 31.06453,-29.76389 31.06417,-29.76441 31.06378,-29.76496 31.06331,-29.76571 31.06316,-29.766 31.06303,-29.7662 31.06289,-29.76636 31.06272,-29.76656 31.06257,-29.76676 31.06241,-29.76701 31.06217,-29.76742 31.06199,-29.76767 31.06183,-29.76797 31.06167,-29.76825 31.06147,-29.76858 31.06135,-29.76883 31.06118,-29.76903 31.06097,-29.76935 31.06081,-29.76962 31.0608,-29.76968 31.06067,-29.76994 31.06054,-29.77018 31.06053,-29.77025 31.06051,-29.77029 31.06041,-29.77051 31.06029,-29.77067 31.0601,-29.77081 31.05992,-29.771 31.05983,-29.77122 31.05972,-29.77146 31.05963,-29.77168 31.05946,-29.772 31.05936,-29.77217 31.05924,-29.77239 31.05909,-29.77261 31.05882,-29.77309 31.05858,-29.77344 31.0584,-29.77374 31.05818,-29.7742 31.05806,-29.77447 31.05785,-29.77479 31.05774,-29.77501 31.0576,-29.77527 31.05751,-29.77544 31.0574,-29.77567 31.05728,-29.77587 31.0571,-29.77615 31.057,-29.77627 31.0568,-29.77653 31.05663,-29.77687 31.0565,-29.77723 31.05638,-29.7776 31.05627,-29.77795 31.05619,-29.77816 31.05605,-29.77839 31.05589,-29.77867 31.05567,-29.77901 31.05554,-29.77929 31.05548,-29.77938 31.05533,-29.77964 31.05515,-29.78002 31.05503,-29.7802 31.0549,-29.78044 31.0548,-29.78064 31.05465,-29.78091 31.05461,-29.78096 31.05436,-29.78139 31.05415,-29.78178 31.05395,-29.78213 31.05377,-29.78247 31.05363,-29.78279 31.05352,-29.78301 31.0534,-29.78327 31.05319,-29.78366 31.05301,-29.78408 31.05287,-29.78455 31.05269,-29.78495 31.05241,-29.78543 31.05019,-29.7897 31.05013,-29.7898 31.04965,-29.79083 31.04941,-29.79128 31.04914,-29.79174 31.04895,-29.79205 31.04871,-29.79252 31.04857,-29.79286 31.04847,-29.79304 31.04842,-29.79321 31.04835,-29.79338 31.04819,-29.79377 31.04806,-29.79405 31.04794,-29.79428 31.04784,-29.79451 31.04771,-29.79477 31.04762,-29.79498 31.04752,-29.7952 31.04743,-29.79541 31.04731,-29.79567 31.04728,-29.79574 31.04718,-29.79595 31.04717,-29.79598 31.04705,-29.79626 31.04691,-29.79668 31.04674,-29.79709 31.04664,-29.79738 31.04652,-29.79775 31.04635,-29.7982 31.04621,-29.79868 31.04608,-29.79906 31.04592,-29.79951 31.04573,-29.80004 31.04553,-29.80055 31.04495,-29.80197 31.04487,-29.80231 31.04478,-29.80264 31.04467,-29.80292 31.04444,-29.80339 31.04441,-29.80346 31.04423,-29.80385 31.04401,-29.80436 31.04386,-29.8048 31.0437,-29.80531 31.0436,-29.80565 31.04351,-29.80596 31.04345,-29.80623 31.04338,-29.80646 31.04332,-29.80668 31.04325,-29.80689 31.04324,-29.80693 31.04316,-29.80717 31.0431,-29.80763 31.04306,-29.80778 31.04294,-29.80831 31.04285,-29.80874 31.04283,-29.80881 31.04275,-29.80921 31.04262,-29.80975 31.0425,-29.81023 31.04235,-29.81075 31.04217,-29.81119 31.0421,-29.81153 31.04208,-29.81164 31.04205,-29.8118 31.04199,-29.81211 31.04189,-29.81242 31.04173,-29.81279 31.0417,-29.81283 31.04142,-29.81343 31.04126,-29.81393 31.04097,-29.81464 31.04082,-29.81522 31.04073,-29.81561 31.04065,-29.81587 31.04056,-29.81605 31.0405,-29.81621 31.04048,-29.81625 31.04045,-29.8163 31.04022,-29.81696 31.04013,-29.81744 31.04013,-29.8175 31.04008,-29.81767 31.04003,-29.81783 31.03986,-29.81834 31.03974,-29.81874 31.03968,-29.8189 31.03965,-29.81903 31.0396,-29.8192 31.03956,-29.81935 31.03953,-29.81949 31.03948,-29.81964 31.03942,-29.81985 31.03939,-29.81999 31.03935,-29.82015 31.03931,-29.82032 31.03924,-29.82048 31.03915,-29.82064 31.03902,-29.82088 31.03894,-29.82101 31.03888,-29.82118 31.03886,-29.82137 31.03881,-29.82158 31.03879,-29.82172 31.03871,-29.82196 31.03861,-29.82225 31.03857,-29.82238 31.03848,-29.82279 31.03845,-29.82294 31.03843,-29.82308 31.03841,-29.82323 31.03841,-29.82337 31.0384,-29.82352 31.0384,-29.8238 31.03839,-29.82398 31.0384,-29.82415 31.03837,-29.82431 31.03832,-29.82447 31.03833,-29.82464 31.03826,-29.82486 31.03819,-29.82506 31.03817,-29.82521 31.03814,-29.82537 31.03809,-29.82551 31.03802,-29.82571 31.03795,-29.826 31.03791,-29.82614 31.03787,-29.8263 31.03783,-29.82648 31.03777,-29.82667 31.03767,-29.82695 31.0376,-29.82732 31.03757,-29.82754 31.03755,-29.82773 31.03752,-29.82793 31.03747,-29.82813 31.03744,-29.82831 31.03743,-29.82849 31.03743,-29.82885 31.03748,-29.82901 31.03747,-29.82918 31.03746,-29.82934 31.03745,-29.82953 31.03744,-29.82971 31.0374,-29.82989 31.03738,-29.83004 31.03736,-29.83025 31.0374,-29.83053 31.03741,-29.83074 31.03739,-29.83095 31.03737,-29.8311 31.03735,-29.83124 31.03733,-29.8314 31.03727,-29.83159 31.03723,-29.83175 31.0372,-29.83192 31.03715,-29.83211 31.03712,-29.83232 31.03709,-29.8325 31.03705,-29.83268 31.03704,-29.83286 31.03701,-29.83301 31.03695,-29.83319 31.03689,-29.83351 31.03688,-29.8337 31.03688,-29.83388 31.03686,-29.83408 31.03685,-29.83425 31.03682,-29.83447 31.03684,-29.83461 31.03685,-29.83476 31.0369,-29.83477 31.03704,-29.83479 31.03718,-29.83497 31.0372,-29.83522 31.03721,-29.83537 31.03723,-29.83551 31.03723,-29.83567 31.03724,-29.83581 31.03724,-29.83598 31.03727,-29.83617 31.03729,-29.83637 31.03731,-29.83656 31.03732,-29.83678 31.03733,-29.83706 31.03735,-29.83729 31.03736,-29.83748 31.03736,-29.83764 31.03735,-29.83781 31.03736,-29.83802 31.03737,-29.83822 31.03738,-29.83841 31.03739,-29.83861 31.03739,-29.83885 31.03738,-29.83906 31.03737,-29.83921 31.0374,-29.8394 31.03743,-29.83952 31.03746,-29.83963 31.03749,-29.83988 31.0375,-29.83991 31.03752,-29.84002 31.03757,-29.84026 31.03761,-29.84042 31.03763,-29.84056 31.03762,-29.84071 31.03762,-29.84087 31.03761,-29.84102 31.03761,-29.84121 31.03762,-29.84135 31.03766,-29.84148 31.03773,-29.84163 31.03779,-29.84177 31.03786,-29.84192 31.03788,-29.84209 31.03791,-29.84223 31.03794,-29.84239 31.03797,-29.84252 31.03798,-29.84266 31.03799,-29.84295 31.03803,-29.84345 31.03806,-29.84359 31.03807,-29.84364 31.03809,-29.84371 31.0381,-29.84375 31.03806,-29.84408 31.03824,-29.84449 31.03832,-29.84465 31.03841,-29.84492 31.0387,-29.84548 31.03887,-29.84642 31.03888,-29.8468 31.03884,-29.84739 31.03865,-29.84827 31.03874,-29.8484 31.03881,-29.84854 31.03885,-29.84867 31.03892,-29.8488 31.039,-29.84896 31.03906,-29.8491 31.03911,-29.84938 31.03914,-29.84952 31.03916,-29.84967 31.03924,-29.84995 31.03929,-29.8501 31.03933,-29.85024 31.03939,-29.85038 31.03945,-29.85059 31.03956,-29.85092 31.03959,-29.85107 31.03966,-29.85131 31.03977,-29.85155 31.03985,-29.8517 31.03989,-29.85188 31.03995,-29.85214 31.04003,-29.85226 31.04015,-29.85253 31.04022,-29.85267 31.04028,-29.85289 31.04037,-29.85312 31.04046,-29.85332 31.04054,-29.85358 31.04061,-29.85381 31.04065,-29.85397 31.0407,-29.85411 31.04073,-29.85428 31.04075,-29.85438 31.04077,-29.8545 31.04082,-29.85471 31.04081,-29.85489 31.04095,-29.85514 31.04114,-29.85534 31.04115,-29.85549 31.0412,-29.85552 31.04154,-29.85575 31.04166,-29.85587 31.04177,-29.85603 31.04178,-29.85606 31.04187,-29.85625 31.04196,-29.85643 31.0421,-29.85679 31.04213,-29.857 31.04209,-29.85714 31.04208,-29.8573 31.04222,-29.85748 31.04232,-29.85765 31.04242,-29.85779 31.0425,-29.85795 31.04259,-29.85807 31.04267,-29.85822 31.04277,-29.85845 31.04282,-29.85862 31.04289,-29.85887 31.04295,-29.85906 31.04296,-29.85909 31.04301,-29.85923 31.04305,-29.85941 31.04311,-29.85958 31.04324,-29.85993 31.04337,-29.86017 31.04352,-29.86045 31.04367,-29.86068 31.0439,-29.86108 31.04403,-29.86122 31.04412,-29.8614 31.04422,-29.86162 31.0443,-29.86176 31.0444,-29.86193 31.04472,-29.86235 31.04487,-29.8626 31.04495,-29.86273 31.04513,-29.86292 31.04523,-29.86302 31.04545,-29.86326 31.04555,-29.86338 31.04562,-29.86352 31.04566,-29.86359 31.04569,-29.86365 31.04576,-29.86379 31.04578,-29.86383 31.04583,-29.86394 31.04588,-29.86409 31.0459,-29.86412 31.04592,-29.86416 31.04598,-29.86424 31.04607,-29.8644 31.04617,-29.86456 31.04625,-29.86471 31.04634,-29.86485 31.04643,-29.86497 31.04652,-29.86511 31.04662,-29.86528 31.04669,-29.86541 31.04683,-29.86554 31.04696,-29.86566 31.04707,-29.86576 31.04721,-29.86589 31.04737,-29.86601 31.04752,-29.86613 31.04765,-29.86622 31.04776,-29.86633 31.04797,-29.86651 31.04809,-29.8666 31.04823,-29.86671 31.04835,-29.86682 31.04859,-29.86698 31.04875,-29.86707 31.0489,-29.86718 31.04922,-29.86742 31.04943,-29.86749 31.04974,-29.86751 31.04995,-29.86755 31.0502,-29.86762 31.05044,-29.86772 31.05064,-29.86784 31.05067,-29.86786 31.05077,-29.868 31.05087,-29.86815 31.05103,-29.86825 31.05118,-29.86839 31.05129,-29.8685 31.05136,-29.86854 31.05143,-29.86856 31.05151,-29.86861 31.05164,-29.86868 31.05174,-29.86872 31.05182,-29.86876 31.05193,-29.86878 31.05199,-29.86878 31.05205,-29.86881 31.0521,-29.86886 31.05229,-29.86892 31.05234,-29.86895 31.05238,-29.86898 31.05245,-29.86902 31.0525,-29.86905 31.05254,-29.86908 31.05257,-29.86909 31.05262,-29.86911 31.0527,-29.86914 31.05278,-29.86919 31.05284,-29.8692 31.05295,-29.86923 31.05302,-29.86927 31.05306,-29.86931 31.05313,-29.86934 31.05321,-29.86937 31.05325,-29.86939 31.05335,-29.86944 31.05342,-29.86948 31.05345,-29.8695 31.05353,-29.86952 31.05368,-29.86953 31.05375,-29.86955 31.05387,-29.86961 31.05397,-29.86962 31.05405,-29.86961 31.05411,-29.86966 31.05415,-29.8697 31.05421,-29.86973 31.05429,-29.86978 31.0545,-29.86986 31.05456,-29.86987 31.05467,-29.8699 31.05479,-29.8699 31.05496,-29.86989 31.05499,-29.86988 31.05508,-29.86988 31.05515,-29.86995 31.05513,-29.86999 31.05514,-29.87002 31.05518,-29.87004 31.05523,-29.87005 31.05529,-29.87007 31.05533,-29.8701 31.05541,-29.87012 31.0555,-29.87012 31.05567,-29.87003 31.05575,-29.86989 31.05577,-29.86983 31.05578,-29.86977 31.05578,-29.86972 31.05581,-29.86967 31.05585,-29.86966 31.05597,-29.86966 31.05602,-29.8697 31.05606,-29.86972 31.05611,-29.86972 31.05614,-29.86968 31.05614,-29.86963 31.05616,-29.86949 31.05621,-29.86936 31.05633,-29.86919 31.05647,-29.86906 31.05662,-29.86897 31.05688,-29.86887 31.05703,-29.86885 31.05907,-29.86637 31.05913,-29.86641 31.06379,-29.86538 31.06384,-29.86536 31.06388,-29.86536 31.06391,-29.86535 31.06401,-29.86542 31.06377,-29.86562 31.06299,-29.86619 31.06286,-29.86628 31.0628,-29.86632 31.06249,-29.86656 31.062,-29.86698 31.0616,-29.86738 31.06093,-29.86815 31.06068,-29.86847 31.06045,-29.86879 31.06045,-29.86907 31.06049,-29.8694 31.0605,-29.86949 31.06051,-29.86992 31.06047,-29.87036 31.06043,-29.87083 31.06044,-29.87091 31.06041,-29.8711 31.06048,-29.87146 31.06061,-29.87181 31.06073,-29.87206 31.06088,-29.87243 31.06097,-29.87267 31.06108,-29.87291 31.06123,-29.87313 31.06134,-29.8732 31.0615,-29.87324 31.06158,-29.87332 31.06161,-29.87343 31.06155,-29.87348 31.06139,-29.87352 31.06123,-29.87353 31.06123,-29.87361 31.06129,-29.87382 31.06146,-29.87408 31.06144,-29.87429 31.0613,-29.87453 31.06128,-29.87481 31.06131,-29.8751 31.06131,-29.87541 31.06133,-29.87554 31.06136,-29.87569 31.06141,-29.87586 31.06142,-29.87598 31.06132,-29.87617 31.06119,-29.87636 31.06102,-29.87657 31.0609,-29.87674 31.06081,-29.87691 31.06074,-29.87708 31.06069,-29.87721 31.0606,-29.87744 31.06049,-29.87766 31.06038,-29.87782 31.06029,-29.87797 31.06018,-29.87816 31.06009,-29.87832 31.05999,-29.87852 31.05991,-29.87867 31.05983,-29.87881 31.05975,-29.87897 31.05971,-29.87904 31.05969,-29.87908 31.05969,-29.87933 31.05968,-29.87942 31.05965,-29.87951 31.05954,-29.87959 31.05947,-29.87963 31.05942,-29.87967 31.05932,-29.87973 31.05928,-29.87978 31.0592,-29.87985 31.05918,-29.87987 31.0591,-29.87998 31.05899,-29.88008 31.05884,-29.88021 31.05862,-29.88035 31.05849,-29.88043 31.0583,-29.8806 31.05812,-29.88075 31.05798,-29.8809 31.05792,-29.88096 31.05781,-29.88111 31.05777,-29.88122 31.05774,-29.88131 31.05771,-29.88135 31.05768,-29.88149 31.05756,-29.88173 31.05743,-29.88192 31.05717,-29.88221 31.057,-29.88246 31.05683,-29.88268 31.05667,-29.88285 31.05648,-29.88306 31.05626,-29.8833 31.05604,-29.88355 31.05589,-29.88371 31.05576,-29.88386 31.05567,-29.88398 31.05557,-29.88408 31.05546,-29.88423 31.05537,-29.88436 31.05531,-29.88447 31.05509,-29.88493 31.05491,-29.88517 31.05469,-29.88539 31.0545,-29.88559 31.0544,-29.88572 31.05429,-29.88583 31.0542,-29.88593 31.0541,-29.88605 31.05408,-29.88607 31.05395,-29.88623 31.05389,-29.88634 31.05385,-29.88644 31.05375,-29.88659 31.05367,-29.88668 31.05354,-29.88684 31.05342,-29.88699 31.05325,-29.88718 31.05308,-29.88734 31.0529,-29.88752 31.0528,-29.88759 31.05261,-29.88773 31.05246,-29.88786 31.05222,-29.88807 31.05196,-29.88831 31.05164,-29.88859 31.0515,-29.88872 31.05133,-29.88889 31.05124,-29.88899 31.05108,-29.88915 31.05093,-29.88933 31.05065,-29.88975 31.05046,-29.88996 31.05032,-29.89012 31.05021,-29.89027 31.05013,-29.89044 31.05005,-29.89058 31.04995,-29.89071 31.04986,-29.89084 31.04978,-29.89098 31.04967,-29.89113 31.04957,-29.89125 31.04946,-29.89139 31.04942,-29.89145 31.04938,-29.89152 31.04926,-29.89171 31.04912,-29.89187 31.04895,-29.89207 31.04879,-29.89226 31.04862,-29.89248 31.04846,-29.89264 31.04832,-29.89281 31.04819,-29.893 31.04805,-29.89317 31.04792,-29.89331 31.04787,-29.89339 31.04783,-29.89347 31.04776,-29.89358 31.04764,-29.89366 31.04746,-29.89385 31.04728,-29.89403 31.04711,-29.89421 31.04695,-29.89443 31.04679,-29.89461 31.04653,-29.89482 31.04635,-29.89501 31.046,-29.89536 31.04581,-29.8956 31.04564,-29.89577 31.04541,-29.89598 31.04525,-29.89619 31.04513,-29.89636 31.04493,-29.89654 31.04472,-29.89672 31.04453,-29.8969 31.04432,-29.8971 31.04419,-29.89727 31.0441,-29.89738 31.04408,-29.89743 31.04407,-29.89746 31.04389,-29.89769 31.04375,-29.89785 31.04369,-29.8979 31.04363,-29.89797 31.04356,-29.89807 31.04342,-29.89822 31.04332,-29.89838 31.04321,-29.89853 31.0431,-29.89869 31.04294,-29.89884 31.04282,-29.89903 31.04271,-29.89919 31.0426,-29.89932 31.04249,-29.89943 31.04239,-29.89956 31.0423,-29.89969 31.04225,-29.89984 31.04219,-29.90001 31.04208,-29.90017 31.04197,-29.9003 31.04184,-29.90043 31.04178,-29.90052 31.04169,-29.90066 31.0416,-29.90077 31.04153,-29.90084 31.04145,-29.90095 31.04136,-29.90107 31.0413,-29.90119 31.04125,-29.9013 31.04119,-29.90141 31.04115,-29.90149 31.04115,-29.90152 31.04108,-29.90166 31.04101,-29.90184 31.0409,-29.90197 31.04084,-29.90216 31.04074,-29.90235 31.04069,-29.90243 31.04067,-29.90252 31.04064,-29.90267 31.04059,-29.90283 31.04048,-29.90298 31.04036,-29.90315 31.04021,-29.90331 31.0401,-29.90351 31.03997,-29.90369 31.03973,-29.90392 31.03961,-29.90406 31.03944,-29.90425 31.0392,-29.90445 31.03904,-29.90463 31.03885,-29.9048 31.03858,-29.90505 31.03835,-29.90523 31.03811,-29.90553 31.03795,-29.90576 31.03783,-29.90594 31.03769,-29.90618 31.03751,-29.90637 31.03726,-29.90653 31.03704,-29.90668 31.03689,-29.90692 31.03688,-29.90695 31.03681,-29.90711 31.0367,-29.90737 31.03647,-29.90763 31.03628,-29.90788 31.03607,-29.90813 31.0359,-29.90838 31.03578,-29.90865 31.03555,-29.90886 31.03533,-29.90915 31.03479,-29.90967 31.03458,-29.90993 31.03428,-29.9102 31.03396,-29.91049 31.03369,-29.91074 31.03347,-29.91102 31.03306,-29.91143 31.03287,-29.91175 31.03281,-29.91181 31.03274,-29.91187 31.03259,-29.91201 31.03247,-29.91218 31.03231,-29.91239 31.03215,-29.91256 31.032,-29.91268 31.03184,-29.91286 31.0317,-29.91303 31.0315,-29.91325 31.03136,-29.91338 31.03112,-29.91362 31.03087,-29.91383 31.03063,-29.91405 31.03056,-29.91412 31.03041,-29.91425 31.0302,-29.91446 31.02999,-29.91472 31.02981,-29.9149 31.02956,-29.91511 31.02929,-29.9153 31.02894,-29.91555 31.02875,-29.91576 31.02868,-29.91588 31.02859,-29.91595 31.02847,-29.91604 31.02839,-29.91612 31.02825,-29.91629 31.02814,-29.91646 31.02803,-29.91661 31.02784,-29.91673 31.02765,-29.91689 31.02747,-29.91703 31.02723,-29.91722 31.02703,-29.91736 31.02686,-29.9175 31.02672,-29.9176 31.02653,-29.91773 31.02638,-29.91787 31.02624,-29.918 31.02609,-29.91812 31.02593,-29.91827 31.0258,-29.91839 31.02566,-29.91853 31.02556,-29.91864 31.02547,-29.91877 31.02536,-29.91888 31.02528,-29.91898 31.0252,-29.9191 31.02509,-29.91923 31.02497,-29.91932 31.02477,-29.91944 31.02466,-29.91952 31.02458,-29.91957 31.02422,-29.91975 31.02387,-29.91999 31.02361,-29.92025 31.02338,-29.92046 31.02324,-29.92057 31.02303,-29.92079 31.02268,-29.92107 31.02235,-29.9213 31.02211,-29.92153 31.02188,-29.92182 31.02157,-29.9221 31.02128,-29.92237 31.02112,-29.92261 31.02095,-29.92285 31.02078,-29.92311 31.02059,-29.92337 31.0203,-29.92368 31.02002,-29.92401 31.01972,-29.92437 31.01944,-29.92465 31.01921,-29.92495 31.01919,-29.92499 31.01909,-29.92516 31.01894,-29.92531 31.01883,-29.92554 31.01866,-29.92573 31.01844,-29.92595 31.01823,-29.92615 31.01809,-29.92639 31.01794,-29.92663 31.01775,-29.92684 31.01754,-29.92706 31.01728,-29.92733 31.01701,-29.9276 31.01675,-29.92787 31.0165,-29.92814 31.01635,-29.92839 31.0163,-29.92847 31.01628,-29.92851 31.01622,-29.92857 31.0162,-29.92862 31.01615,-29.92867 31.01611,-29.92873 31.01608,-29.92879 31.01604,-29.92884 31.01601,-29.92888 31.01596,-29.92893 31.01593,-29.92897 31.01589,-29.92901 31.01587,-29.92905 31.01581,-29.92911 31.01578,-29.92916 31.01574,-29.9292 31.01571,-29.92924 31.01567,-29.92927 31.01562,-29.92933 31.01557,-29.92936 31.01549,-29.92944 31.01544,-29.92948 31.01521,-29.92963 31.01504,-29.92983 31.01497,-29.92991 31.0148,-29.93016 31.01459,-29.93039 31.0144,-29.93058 31.01427,-29.93084 31.01406,-29.93118 31.01395,-29.9315 31.01383,-29.93182 31.01372,-29.93213 31.01381,-29.9324 31.01368,-29.93278 31.01351,-29.9331 31.01338,-29.93344 31.01304,-29.93368 31.01297,-29.93372 31.01256,-29.93399 31.0125,-29.93401 31.01223,-29.93425 31.01183,-29.93446 31.01148,-29.93465 31.01114,-29.93492 31.01081,-29.93517 31.01053,-29.93539 31.01028,-29.93565 31.01006,-29.93596 31.00976,-29.93628 31.00951,-29.93666 31.00926,-29.93708 31.00896,-29.93746 31.00873,-29.9378 31.00851,-29.93815 31.00819,-29.9385 31.00802,-29.93875 31.00799,-29.93877 31.00786,-29.93893 31.00765,-29.93909 31.00755,-29.93927 31.00746,-29.93945 31.00723,-29.93966 31.00707,-29.93987 31.00687,-29.94004 31.00663,-29.94029 31.00643,-29.9405 31.00614,-29.94076 31.00588,-29.94102 31.00567,-29.94122 31.00539,-29.94143 31.00508,-29.94168 31.00472,-29.94196 31.00445,-29.94219 31.00414,-29.9424 31.00385,-29.94261 31.00358,-29.94279 31.00334,-29.94301 31.0033,-29.94305 31.00313,-29.94319 31.00306,-29.94325 31.00297,-29.94333 31.00286,-29.94341 31.0028,-29.94346 31.00273,-29.94352 31.00268,-29.94357 31.00262,-29.94362 31.00252,-29.94376 31.0024,-29.9439 31.00235,-29.94397 31.00232,-29.94401 31.0023,-29.94404 31.00225,-29.94412 31.00219,-29.9442 31.00212,-29.94429 31.00207,-29.94436 31.00202,-29.94442 31.00195,-29.94452 31.00187,-29.94461 31.00182,-29.94469 31.00176,-29.94474 31.00173,-29.94477 31.00175,-29.94484 31.00174,-29.94488 31.00171,-29.9449 31.00167,-29.94493 31.00165,-29.94495 31.00162,-29.94499 31.0016,-29.94503 31.00158,-29.94505 31.00156,-29.94508 31.00151,-29.94513 31.00142,-29.94519 31.0014,-29.94522 31.00133,-29.94526 31.00131,-29.94528 31.00127,-29.94529 31.00125,-29.94531 31.00121,-29.94532 31.0011,-29.94543 31.00106,-29.94545 31.00104,-29.94548 31.00099,-29.94553 31.00095,-29.94561 31.00092,-29.94564 31.00083,-29.94567 31.0008,-29.94571 31.00074,-29.94576 31.00071,-29.94581 31.00065,-29.94585 31.00061,-29.9459 31.00056,-29.94594 31.00043,-29.94607 31.0004,-29.94612 31.00038,-29.94614 31.00035,-29.94614 31.00033,-29.94616 31.00031,-29.94619 31.00022,-29.94624 31.00019,-29.94625 31.00015,-29.94627 31.00012,-29.94631 31.00009,-29.94633 31,-29.94642 30.9999,-29.94649 30.99988,-29.94651 30.99985,-29.94655 30.99983,-29.94658 30.99979,-29.94661 30.99976,-29.94664 30.99971,-29.94666 30.99968,-29.9467 30.99955,-29.94679 30.9995,-29.94683 30.99947,-29.94684 30.99939,-29.94689 30.99936,-29.94693 30.99931,-29.94698 30.99929,-29.94705 30.99923,-29.94713 30.99918,-29.94718 30.99915,-29.94719 30.9991,-29.94721 30.99904,-29.94726 30.99901,-29.94728 30.99886,-29.94743 30.99876,-29.94756 30.99872,-29.94758 30.99869,-29.9476 30.99865,-29.94763 30.99856,-29.9477 30.99851,-29.94775 30.99842,-29.94785 30.99835,-29.94794 30.99828,-29.94801 30.99824,-29.94804 30.99819,-29.94808 30.99815,-29.94813 30.99807,-29.94817 30.9979,-29.94834 30.99784,-29.94839 30.99777,-29.94844 30.99772,-29.94849 30.99767,-29.94853 30.99764,-29.94857 30.99746,-29.9487 30.99741,-29.94875 30.99734,-29.94878 30.99729,-29.94883 30.99727,-29.94889 30.99721,-29.94896 30.99714,-29.94903 30.99709,-29.94907 30.99706,-29.94911 30.99704,-29.94917 30.99697,-29.94927 30.99687,-29.9494 30.99672,-29.9496 30.9967,-29.94965 30.99664,-29.94974 30.9966,-29.94982 30.99653,-29.94991 30.99643,-29.94998 30.99636,-29.95002 30.99633,-29.95004 30.99629,-29.9501 30.99626,-29.95013 30.99624,-29.95016 30.99621,-29.95023 30.99618,-29.95027 30.99613,-29.95029 30.99609,-29.95032 30.99605,-29.95039 30.99601,-29.95045 30.99591,-29.95055 30.99588,-29.95061 30.99585,-29.95064 30.99583,-29.95067 30.99571,-29.95073 30.99569,-29.95075 30.99566,-29.95079 30.99564,-29.95083 30.99563,-29.95087 30.99561,-29.95091 30.9956,-29.95097 30.99558,-29.95101 30.99556,-29.95107 30.99553,-29.95111 30.9955,-29.95112 30.99547,-29.95114 30.99543,-29.95118 30.99537,-29.95122 30.99535,-29.95124 30.99526,-29.95134 30.99523,-29.95138 30.99519,-29.95142 30.99515,-29.95145 30.99512,-29.95149 30.99505,-29.95154 30.99496,-29.95166 30.9949,-29.95176 30.99489,-29.9518 30.99486,-29.95185 30.9948,-29.9519 30.9947,-29.952 30.99465,-29.95204 30.99461,-29.95209 30.99456,-29.95215 30.99444,-29.95231 30.99422,-29.95255 30.99418,-29.9526 30.99411,-29.95266 30.99407,-29.95269 30.99399,-29.95274 30.99391,-29.95284 30.99382,-29.9529 30.99378,-29.95294 30.99371,-29.95303 30.99367,-29.95308 30.99362,-29.95311 30.99357,-29.95317 30.99339,-29.95328 30.99334,-29.95334 30.99329,-29.95339 30.99325,-29.95344 30.99317,-29.95349 30.99298,-29.95367 30.99292,-29.95371 30.99277,-29.95392 30.99271,-29.95398 30.99269,-29.95401 30.99263,-29.95405 30.99259,-29.95409 30.99256,-29.95413 30.99253,-29.95415 30.99248,-29.95425 30.99244,-29.95427 30.99241,-29.95429 30.99234,-29.95434 30.99224,-29.95438 30.99208,-29.95454 30.99204,-29.95457 30.99202,-29.9546 30.99195,-29.95465 30.9919,-29.95469 30.99181,-29.95478 30.99178,-29.95487 30.99176,-29.95497 30.9917,-29.95503 30.99168,-29.95507 30.99163,-29.95507 30.9916,-29.95508 30.99157,-29.95507 30.99152,-29.95509 30.9915,-29.95511 30.99146,-29.95513 30.99144,-29.95516 30.99133,-29.95526 30.99126,-29.95533 30.99099,-29.95557 30.99089,-29.95582 30.99088,-29.95603 30.99056,-29.95615 30.99038,-29.9563 30.99017,-29.95658 30.98998,-29.95679 30.98965,-29.95717 30.98949,-29.95745 30.98931,-29.95779 30.98909,-29.95801 30.98876,-29.9582 30.98858,-29.95838 30.98848,-29.95863 30.98844,-29.95882 30.98858,-29.95901 30.98875,-29.95912 30.98889,-29.95904 30.98883,-29.95919 30.98882,-29.95928 30.98873,-29.95935 30.98875,-29.95941 30.98864,-29.95946 30.9886,-29.95956 30.98842,-29.95973 30.98818,-29.95982 30.98824,-29.95966 30.98819,-29.95947 30.988,-29.95958 30.98787,-29.95976 30.98782,-29.95997 30.98778,-29.96016 30.98751,-29.96032 30.98718,-29.96053 30.98695,-29.96079 30.98673,-29.96102 30.98667,-29.96105 30.98664,-29.96107 30.9864,-29.96122 30.98608,-29.96148 30.98581,-29.96171 30.98546,-29.962 30.98515,-29.96229 30.98481,-29.96261 30.9845,-29.96289 30.98415,-29.96322 30.98396,-29.96351 30.9837,-29.96377 30.98342,-29.96397 30.98321,-29.96417 30.98316,-29.96423 30.98308,-29.96429 30.98291,-29.96448 30.98274,-29.9648 30.98256,-29.96514 30.98227,-29.96531 30.98194,-29.96557 30.98189,-29.96562 30.98181,-29.96571 30.98173,-29.96582 30.98164,-29.96595 30.98157,-29.96612 30.98146,-29.96628 30.98124,-29.96662 30.98114,-29.96675 30.981,-29.96689 30.98086,-29.96707 30.9806,-29.96739 30.98045,-29.96754 30.98033,-29.96765 30.98026,-29.96771 30.98017,-29.96777 30.98005,-29.96786 30.98002,-29.96794 30.97995,-29.96804 30.97989,-29.96811 30.97983,-29.9682 30.97978,-29.96826 30.97971,-29.96832 30.97964,-29.96837 30.97958,-29.96841 30.97951,-29.96845 30.97946,-29.96847 30.97934,-29.96858 30.97916,-29.96875 30.97902,-29.96893 30.97897,-29.969 30.97892,-29.96904 30.97885,-29.96912 30.9788,-29.96916 30.97874,-29.96923 30.97866,-29.96931 30.97852,-29.96949 30.97843,-29.96959 30.97839,-29.96964 30.97834,-29.96972 30.97828,-29.96979 30.9782,-29.96988 30.97808,-29.97008 30.97768,-29.97048 30.97743,-29.97071 30.97576,-29.9727 30.9751,-29.97331 30.97308,-29.9759 30.97266,-29.97659 30.97157,-29.97785 30.97121,-29.97853 30.96898,-29.98094 30.96897,-29.981 30.96902,-29.98111 30.96906,-29.98115 30.96904,-29.98123 30.96901,-29.98128 30.96897,-29.98134 30.96892,-29.98136 30.96889,-29.98136 30.96885,-29.98131 30.9688,-29.98129 30.96867,-29.98129 30.96859,-29.9813 30.96852,-29.98133 30.96849,-29.98138 30.96846,-29.98148 30.96849,-29.98158 30.96853,-29.98164 30.96861,-29.98169 30.96863,-29.98172 30.96863,-29.98183 30.96857,-29.98212 30.96852,-29.98233 30.96838,-29.98244 30.96823,-29.98253 30.96798,-29.98267 30.96776,-29.98269 30.96776,-29.98254 30.96774,-29.98252 30.96771,-29.98251 30.96769,-29.98253 30.96767,-29.98257 30.9675,-29.98274 30.96754,-29.98282 30.96761,-29.98288 30.96764,-29.9829 30.96764,-29.983 30.96757,-29.98326 30.96741,-29.98342 30.96738,-29.98346 30.96732,-29.98346 30.96726,-29.98344 30.96721,-29.9834 30.96717,-29.98337 30.96712,-29.98336 30.96706,-29.98337 30.96699,-29.98339 30.96694,-29.98341 30.96667,-29.98358 30.9665,-29.9837 30.96649,-29.98377 30.96647,-29.98384 30.96644,-29.98387 30.96641,-29.98389 30.96637,-29.98391 30.96632,-29.98392 30.96629,-29.98392 30.96629,-29.9841 30.96605,-29.9843 30.96582,-29.98448 30.96573,-29.98451 30.9657,-29.98451 30.96589,-29.98437 30.9659,-29.98434 30.96587,-29.98433 30.96584,-29.98434 30.96582,-29.98438 30.96573,-29.98442 30.96563,-29.98444 30.96536,-29.98462 30.96509,-29.98474 30.96489,-29.985 30.96465,-29.98562 30.96455,-29.9858 30.96432,-29.98596 30.96427,-29.98609 30.96416,-29.9863 30.96408,-29.98644 30.96397,-29.98655 30.96377,-29.98672 30.96357,-29.98683 30.96331,-29.98692 30.96289,-29.98699 30.96272,-29.98706 30.96253,-29.98704 30.96244,-29.98701 30.96126,-29.98755 30.96062,-29.98799 30.96014,-29.98828 30.95983,-29.98858 30.95918,-29.98892 30.95859,-29.98924 30.95786,-29.98973 30.95634,-29.99097 30.95579,-29.99136 30.95511,-29.99185 30.95452,-29.99232 30.95359,-29.99305 30.9521,-29.99437 30.95185,-29.99464 30.95167,-29.99492 30.95146,-29.99513 30.95138,-29.99531 30.95137,-29.99542 30.95145,-29.99542 30.95145,-29.99557 30.95153,-29.9956 30.95157,-29.99555 30.95161,-29.99549 30.95167,-29.99546 30.95169,-29.99556 30.95162,-29.99577 30.95154,-29.99584 30.95154,-29.996 30.95147,-29.99636 30.95143,-29.99645 30.95116,-29.99697 30.95087,-29.99736 30.95084,-29.9974 30.95067,-29.99757 30.9505,-29.99771 30.95036,-29.99785 30.95022,-29.99795 30.95004,-29.99809 30.94972,-29.99829 30.94961,-29.99842 30.94943,-29.99866 30.94932,-29.9989 30.94925,-29.99903 30.9491,-29.99922 30.94894,-29.99939 30.94875,-29.99954 30.94862,-29.99965 30.94851,-29.99974 30.94836,-29.99988 30.94806,-30.00002 30.94783,-30.00009 30.94763,-30.00014 30.94754,-30.00029 30.94737,-30.00056 30.94724,-30.00074 30.9471,-30.00089 30.94695,-30.00106 30.94681,-30.00121 30.94668,-30.00135 30.94656,-30.00149 30.94642,-30.00162 30.94628,-30.00176 30.94615,-30.00188 30.94603,-30.00202 30.94588,-30.0022 30.94572,-30.00239 30.94556,-30.00257 30.94542,-30.00273 30.94522,-30.00295 30.94511,-30.00307 30.94489,-30.00333 30.94474,-30.0035 30.94461,-30.00363 30.94448,-30.00374 30.94434,-30.00386 30.94418,-30.00401 30.94407,-30.00411 30.94384,-30.00437 30.94373,-30.00451 30.94359,-30.00469 30.9435,-30.00486 30.94339,-30.00503 30.94329,-30.00521 30.94315,-30.00537 30.9428,-30.00557 30.94263,-30.00561 30.94237,-30.0057 30.94211,-30.0058 30.94188,-30.00591 30.94163,-30.00603 30.94138,-30.00616 30.94111,-30.00634 30.94085,-30.00652 30.94055,-30.00668 30.94037,-30.00679 30.94022,-30.00694 30.93998,-30.00716 30.93977,-30.00736 30.93962,-30.00748 30.9394,-30.00765 30.93917,-30.00785 30.939,-30.00799 30.93888,-30.00812 30.93867,-30.00832 30.93846,-30.00851 30.9383,-30.00863 30.93814,-30.00877 30.93793,-30.00893 30.93747,-30.00932 30.93724,-30.00952 30.93709,-30.00966 30.93688,-30.00986 30.93674,-30.01001 30.93656,-30.01021 30.9364,-30.01039 30.93624,-30.01055 30.9361,-30.01073 30.93595,-30.01093 30.9357,-30.01109 30.93548,-30.01124 30.93525,-30.0114 30.9351,-30.01148 30.93468,-30.01186 30.93448,-30.01203 30.93425,-30.01217 30.93403,-30.01232 30.93386,-30.01241 30.93369,-30.01244 30.93365,-30.01245 30.93351,-30.01256 30.93337,-30.01264 30.93321,-30.01273 30.93271,-30.01278 30.93252,-30.01284 30.93232,-30.01291 30.93189,-30.01316 30.93164,-30.01337 30.9313,-30.01364 30.93101,-30.01389 30.93074,-30.01414 30.93039,-30.01443 30.93013,-30.01467 30.92983,-30.0149 30.92956,-30.01509 30.92928,-30.01533 30.92898,-30.01558 30.92863,-30.01583 30.92847,-30.01593 30.92843,-30.016 30.9284,-30.01604 30.92837,-30.01607 30.92832,-30.01611 30.92827,-30.01613 30.92819,-30.01619 30.92816,-30.01622 30.92812,-30.01624 30.9281,-30.01627 30.92807,-30.0163 30.92801,-30.01634 30.92789,-30.01647 30.92786,-30.0165 30.92782,-30.01653 30.92778,-30.01658 30.92775,-30.01663 30.92771,-30.01668 30.92768,-30.01671 30.92756,-30.0168 30.92754,-30.01682 30.92751,-30.01685 30.92749,-30.01688 30.92746,-30.0169 30.92744,-30.01692 30.92738,-30.01697 30.92735,-30.01698 30.92732,-30.017 30.92729,-30.017 30.92726,-30.01702 30.92722,-30.01703 30.9272,-30.01707 30.92718,-30.01712 30.92716,-30.01716 30.92713,-30.01718 30.92709,-30.01721 30.92702,-30.01726 30.92699,-30.01729 30.92696,-30.0173 30.92692,-30.01734 30.92689,-30.01736 30.92686,-30.01739 30.92681,-30.01741 30.92678,-30.01744 30.92672,-30.01747 30.92669,-30.01747 30.92666,-30.01748 30.92659,-30.01751 30.92656,-30.01753 30.9265,-30.01756 30.92642,-30.01759 30.92641,-30.01764 30.92638,-30.0177 30.92633,-30.01773 30.92631,-30.01776 30.92629,-30.01779 30.92626,-30.01781 30.92622,-30.01784 30.92619,-30.01787 30.92613,-30.01789 30.92611,-30.01791 30.92607,-30.01792 30.92599,-30.01796 30.92596,-30.01798 30.92593,-30.01801 30.9259,-30.01804 30.92587,-30.01805 30.92584,-30.01805 30.92579,-30.01809 30.92577,-30.01813 30.92575,-30.01817 30.92571,-30.01819 30.92568,-30.01821 30.92559,-30.01824 30.9255,-30.01828 30.92546,-30.0183 30.92543,-30.01832 30.92539,-30.01834 30.92533,-30.01839 30.92531,-30.01843 30.92527,-30.01848 30.92529,-30.01853 30.92526,-30.01855 30.92518,-30.01859 30.92514,-30.0186 30.92509,-30.01865 30.92505,-30.01867 30.92503,-30.0187 30.92499,-30.01874 30.92494,-30.01878 30.92492,-30.0188 30.92491,-30.01883 30.92489,-30.01885 30.92487,-30.01889 30.92482,-30.01894 30.92474,-30.01905 30.92472,-30.01907 30.92467,-30.01908 30.92462,-30.0191 30.92458,-30.01913 30.92454,-30.01916 30.92451,-30.01918 30.92449,-30.0192 30.92447,-30.01923 30.92446,-30.01927 30.92445,-30.0193 30.92443,-30.01932 30.92441,-30.01935 30.92436,-30.01937 30.92427,-30.01937 30.92424,-30.01939 30.92423,-30.01944 30.92421,-30.01946 30.92418,-30.01947 30.92414,-30.01948 30.92407,-30.01951 30.92403,-30.01953 30.92399,-30.01958 30.92396,-30.01961 30.92395,-30.01966 30.92394,-30.0197 30.92395,-30.01973 30.92395,-30.01976 30.92392,-30.01977 30.92391,-30.0198 30.92388,-30.01982 30.92385,-30.01983 30.92381,-30.01983 30.92374,-30.01984 30.9237,-30.01987 30.92366,-30.01991 30.92363,-30.01992 30.92361,-30.01998 30.9236,-30.02 30.92357,-30.02003 30.92355,-30.02005 30.92352,-30.02008 30.92349,-30.0201 30.92347,-30.02013 30.92343,-30.02015 30.9234,-30.02013 30.92337,-30.02015 30.92334,-30.02017 30.92331,-30.02021 30.9232,-30.02031 30.92313,-30.02034 30.92308,-30.02036 30.92301,-30.02036 30.92299,-30.02039 30.923,-30.02042 30.92299,-30.02046 30.92298,-30.02049 30.9229,-30.02057 30.92287,-30.02058 30.92281,-30.02063 30.92277,-30.02065 30.92274,-30.02066 30.92269,-30.02071 30.92266,-30.02073 30.92257,-30.02077 30.92253,-30.02079 30.92244,-30.02088 30.92234,-30.02095 30.92231,-30.021 30.9223,-30.02103 30.92225,-30.0211 30.92224,-30.02115 30.92223,-30.02119 30.92221,-30.02121 30.92218,-30.02124 30.92214,-30.02126 30.9221,-30.02128 30.92207,-30.02131 30.92204,-30.02134 30.92197,-30.02136 30.92194,-30.0214 30.92192,-30.02142 30.92189,-30.02144 30.92187,-30.02146 30.92185,-30.0215 30.92185,-30.02156 30.92183,-30.02158 30.92179,-30.02161 30.92176,-30.02164 30.92173,-30.02167 30.92165,-30.02167 30.92159,-30.02168 30.92158,-30.02171 30.92154,-30.02175 30.92148,-30.02179 30.92145,-30.02182 30.92143,-30.02186 30.92142,-30.02191 30.92137,-30.02196 30.92135,-30.02199 30.92134,-30.02202 30.92133,-30.02206 30.92126,-30.02207 30.92123,-30.02208 30.92122,-30.02212 30.92119,-30.02214 30.92115,-30.02216 30.92112,-30.02221 30.92107,-30.02222 30.92103,-30.02223 30.92098,-30.02225 30.92096,-30.02227 30.92094,-30.02229 30.92094,-30.02233 30.92092,-30.02236 30.92089,-30.02238 30.92086,-30.02242 30.92086,-30.02245 30.92081,-30.02248 30.92078,-30.02249 30.92077,-30.02253 30.92076,-30.02256 30.92073,-30.02259 30.9207,-30.02263 30.92067,-30.02266 30.92064,-30.02267 30.92062,-30.02269 30.92059,-30.0227 30.92057,-30.02272 30.92051,-30.02276 30.92044,-30.02283 30.9204,-30.02285 30.92038,-30.02288 30.92037,-30.02291 30.92036,-30.02293 30.92034,-30.02296 30.9203,-30.02297 30.92024,-30.02302 30.9202,-30.02306 30.92019,-30.02311 30.92014,-30.02314 30.92011,-30.02317 30.92011,-30.0232 30.92008,-30.02322 30.92006,-30.02328 30.92005,-30.02331 30.92003,-30.02333 30.91997,-30.0234 30.91991,-30.02344 30.91986,-30.02349 30.91982,-30.02352 30.9198,-30.02355 30.91976,-30.02356 30.91972,-30.02358 30.91966,-30.02362 30.91964,-30.02366 30.91959,-30.02368 30.91954,-30.02369 30.91951,-30.0237 30.91947,-30.02372 30.91944,-30.02375 30.9194,-30.02375 30.91937,-30.02376 30.91926,-30.02376 30.91917,-30.0238 30.91914,-30.0238 30.91908,-30.02382 30.91905,-30.02385 30.91903,-30.02387 30.91901,-30.02389 30.91897,-30.02394 30.91894,-30.02396 30.9189,-30.02397 30.91888,-30.02399 30.91888,-30.02402 30.91886,-30.02404 30.91882,-30.02407 30.91879,-30.02408 30.91878,-30.0241 30.91877,-30.02415 30.9187,-30.02418 30.91867,-30.0242 30.91864,-30.02423 30.91861,-30.02424 30.91861,-30.02427 30.91859,-30.0243 30.91858,-30.02434 30.91855,-30.02436 30.91852,-30.02439 30.91848,-30.02439 30.91841,-30.02443 30.91843,-30.02447 30.91845,-30.02449 30.91843,-30.02451 30.91839,-30.02452 30.91836,-30.02453 30.91834,-30.02455 30.91828,-30.02456 30.91825,-30.02458 30.91824,-30.02461 30.91822,-30.02463 30.91818,-30.02467 30.91815,-30.02469 30.9181,-30.02473 30.91807,-30.02474 30.91803,-30.02478 30.918,-30.02479 30.91791,-30.02483 30.91787,-30.02483 30.91785,-30.02486 30.91783,-30.02491 30.91783,-30.02495 30.91776,-30.02495 30.91777,-30.02493 30.91777,-30.02489 30.91776,-30.02486 30.91774,-30.02483 30.91772,-30.02481 30.91767,-30.02481 30.91765,-30.02483 30.91765,-30.02486 30.91763,-30.02489 30.91762,-30.02494 30.9176,-30.02498 30.9176,-30.02502 30.91758,-30.02506 30.91758,-30.02509 30.91755,-30.02512 30.91751,-30.02514 30.91748,-30.02515 30.91746,-30.02517 30.91741,-30.0252 30.91735,-30.02526 30.91729,-30.02538 30.91717,-30.02546 30.91714,-30.02547 30.91709,-30.02551 30.91703,-30.02557 30.917,-30.02563 30.91698,-30.02565 30.91693,-30.02568 30.9169,-30.02571 30.91687,-30.02579 30.91685,-30.02581 30.91682,-30.02584 30.91678,-30.02585 30.91676,-30.02589 30.91674,-30.02591 30.91672,-30.02593 30.91668,-30.02595 30.91663,-30.02595 30.91662,-30.02598 30.91661,-30.02602 30.91655,-30.02607 30.9165,-30.0261 30.91647,-30.02612 30.91645,-30.02615 30.9164,-30.02621 30.91638,-30.02625 30.91635,-30.02628 30.91632,-30.02632 30.9163,-30.02634 30.91624,-30.02636 30.91621,-30.02639 30.91617,-30.02639 30.91613,-30.02642 30.91608,-30.02649 30.91604,-30.02652 30.91597,-30.02659 30.91592,-30.02662 30.91591,-30.02666 30.9159,-30.02669 30.91586,-30.02673 30.91583,-30.02675 30.9158,-30.02678 30.91577,-30.02681 30.91572,-30.02686 30.91569,-30.02689 30.91563,-30.0269 30.91561,-30.02694 30.91557,-30.02698 30.91555,-30.027 30.91554,-30.02703 30.91551,-30.02704 30.91547,-30.02709 30.91545,-30.02712 30.91543,-30.02715 30.91542,-30.02719 30.91537,-30.02722 30.91532,-30.02726 30.91528,-30.02727 30.91525,-30.02732 30.91522,-30.02734 30.91519,-30.02736 30.91516,-30.02742 30.91512,-30.02743 30.91509,-30.02744 30.91509,-30.02747 30.91505,-30.0275 30.91502,-30.02754 30.91497,-30.02758 30.91492,-30.02764 30.9149,-30.02766 30.91486,-30.02767 30.91483,-30.02768 30.91482,-30.02771 30.91479,-30.02774 30.91475,-30.02777 30.91472,-30.02778 30.91468,-30.02781 30.91462,-30.02784 30.91458,-30.02788 30.91454,-30.0279 30.91449,-30.02793 30.91446,-30.02797 30.91443,-30.02801 30.91438,-30.02804 30.91435,-30.02805 30.91431,-30.02807 30.9143,-30.02813 30.91425,-30.02813 30.91424,-30.02817 30.91419,-30.02822 30.91416,-30.02826 30.91412,-30.02829 30.9141,-30.02831 30.91401,-30.02841 30.91397,-30.02843 30.91376,-30.02864 30.91367,-30.02872 30.91362,-30.02877 30.91356,-30.02885 30.91343,-30.02896 30.9134,-30.02899 30.91337,-30.02903 30.91336,-30.02908 30.91328,-30.02912 30.91321,-30.02916 30.91317,-30.02917 30.9131,-30.02924 30.91306,-30.02926 30.91299,-30.02931 30.91298,-30.02939 30.91295,-30.02943 30.9129,-30.02947 30.91285,-30.02949 30.91281,-30.02952 30.91277,-30.02953 30.91274,-30.02957 30.91263,-30.02966 30.91244,-30.02978 30.91232,-30.02986 30.91224,-30.02994 30.91221,-30.03 30.91218,-30.03004 30.91216,-30.03007 30.91214,-30.03009 30.91212,-30.03013 30.9121,-30.03015 30.91205,-30.03018 30.91202,-30.0302 30.91195,-30.03023 30.91193,-30.03027 30.9119,-30.0303 30.91189,-30.03032 30.91187,-30.03036 30.91185,-30.0304 30.91181,-30.03042 30.91178,-30.03046 30.91177,-30.0305 30.91173,-30.03053 30.9117,-30.03056 30.91165,-30.03059 30.91159,-30.03062 30.91157,-30.03064 30.91153,-30.03065 30.91149,-30.03067 30.91145,-30.03068 30.91141,-30.03072 30.9114,-30.03075 30.91137,-30.03079 30.91133,-30.03082 30.9113,-30.03085 30.91128,-30.03086 30.91122,-30.0309 30.91118,-30.03092 30.91115,-30.03094 30.91112,-30.03095 30.91106,-30.03097 30.91103,-30.03099 30.91101,-30.03102 30.911,-30.03109 30.91096,-30.03112 30.91089,-30.03116 30.91085,-30.03117 30.91081,-30.0312 30.91078,-30.03124 30.91077,-30.03126 30.91076,-30.0313 30.91075,-30.03132 30.91073,-30.03135 30.9107,-30.0314 30.91066,-30.03148 30.91065,-30.03151 30.91058,-30.03158 30.91056,-30.03163 30.91053,-30.03167 30.91049,-30.0317 30.91045,-30.03175 30.91042,-30.03177 30.91038,-30.03179 30.91031,-30.03183 30.91026,-30.03186 30.91023,-30.03186 30.91019,-30.03187 30.91019,-30.0319 30.91016,-30.03192 30.91012,-30.03195 30.91009,-30.03197 30.91007,-30.032 30.91002,-30.03204 30.90997,-30.03211 30.90993,-30.03214 30.90989,-30.03216 30.90986,-30.03218 30.90981,-30.03222 30.90978,-30.03224 30.90973,-30.03227 30.9097,-30.0323 30.90964,-30.03235 30.90963,-30.03237 30.9096,-30.03239 30.90957,-30.03242 30.90954,-30.03244 30.90949,-30.03248 30.90947,-30.0325 30.90942,-30.0325 30.9094,-30.03253 30.90935,-30.03255 30.90928,-30.03261 30.90924,-30.03264 30.90919,-30.03269 30.90913,-30.03276 30.90909,-30.03277 30.90904,-30.03279 30.90902,-30.03281 30.90897,-30.03283 30.9089,-30.03283 30.90885,-30.03285 30.90883,-30.03288 30.9088,-30.03289 30.90878,-30.03293 30.90875,-30.03295 30.90872,-30.03299 30.90871,-30.03302 30.90871,-30.03306 30.90864,-30.03313 30.90861,-30.03315 30.9086,-30.03318 30.90863,-30.03321 30.90863,-30.03324 30.90862,-30.03327 30.90858,-30.03331 30.90854,-30.03335 30.9085,-30.03338 30.90846,-30.03341 30.90841,-30.03341 30.90838,-30.03342 30.90835,-30.03345 30.90832,-30.03345 30.9083,-30.03348 30.90822,-30.03354 30.90819,-30.03355 30.90816,-30.03358 30.90815,-30.03363 30.90812,-30.03365 30.9081,-30.03367 30.90809,-30.03371 30.90807,-30.03373 30.90806,-30.03376 30.90801,-30.03381 30.90798,-30.03383 30.90794,-30.03387 30.9079,-30.03389 30.90786,-30.03392 30.90777,-30.03392 30.90774,-30.03394 30.90774,-30.03397 30.90766,-30.03404 30.90763,-30.03405 30.90761,-30.03406 30.90757,-30.03409 30.90753,-30.03414 30.9075,-30.03416 30.90748,-30.03418 30.90745,-30.03419 30.90743,-30.03421 30.90742,-30.03423 30.90742,-30.03426 30.90744,-30.03429 30.90741,-30.03431 30.90739,-30.03433 30.90735,-30.03435 30.90732,-30.03434 30.90728,-30.03436 30.90728,-30.0344 30.90726,-30.03445 30.90722,-30.0345 30.90719,-30.03452 30.90713,-30.03458 30.9071,-30.03459 30.90707,-30.03461 30.90701,-30.03467 30.90697,-30.03469 30.90693,-30.03471 30.9069,-30.03472 30.90688,-30.03475 30.90686,-30.0348 30.90683,-30.03483 30.9068,-30.03484 30.90678,-30.03485 30.90676,-30.03487 30.90672,-30.03489 30.90669,-30.03493 30.90666,-30.03494 30.90664,-30.03496 30.90663,-30.03499 30.90661,-30.03502 30.90657,-30.03502 30.90652,-30.03504 30.90649,-30.03506 30.90643,-30.03508 30.90641,-30.0351 30.90635,-30.03514 30.90632,-30.0352 30.90632,-30.03524 30.90631,-30.03528 30.90625,-30.03535 30.90622,-30.03537 30.9062,-30.03539 30.90618,-30.03541 30.90611,-30.03545 30.90609,-30.03546 30.90607,-30.03548 30.90604,-30.03549 30.90597,-30.03556 30.90593,-30.03559 30.90582,-30.03566 30.90574,-30.03571 30.90572,-30.03573 30.90569,-30.03575 30.90564,-30.03578 30.90555,-30.03585 30.90552,-30.03586 30.90549,-30.03589 30.90543,-30.03593 30.9054,-30.03595 30.90537,-30.03598 30.90534,-30.03603 30.90531,-30.03607 30.90527,-30.03607 30.90524,-30.03609 30.90521,-30.03612 30.90512,-30.0362 30.90507,-30.03623 30.90504,-30.03625 30.90502,-30.03627 30.90498,-30.0363 30.90492,-30.03634 30.90489,-30.03636 30.90483,-30.03643 30.9048,-30.03647 30.90477,-30.03652 30.90471,-30.03657 30.90468,-30.03658 30.90465,-30.03661 30.90463,-30.03663 30.90461,-30.03666 30.90457,-30.03669 30.90452,-30.03675 30.90446,-30.03679 30.90442,-30.03681 30.9044,-30.03683 30.90437,-30.03687 30.90434,-30.03691 30.90432,-30.03693 30.90429,-30.03698 30.90424,-30.037 30.90421,-30.03701 30.90419,-30.03703 30.90418,-30.03706 30.90414,-30.03711 30.90413,-30.03715 30.90411,-30.03719 30.90408,-30.0372 30.90406,-30.03722 30.90404,-30.03724 30.904,-30.03727 30.90398,-30.03729 30.90395,-30.03731 30.90391,-30.03734 30.90389,-30.03737 30.90386,-30.03738 30.90384,-30.0374 30.90382,-30.03745 30.90378,-30.0375 30.90375,-30.03752 30.90373,-30.03754 30.9037,-30.03759 30.90368,-30.03761 30.90364,-30.03764 30.90357,-30.03769 30.90356,-30.03772 30.90354,-30.03775 30.90351,-30.03776 30.90347,-30.03778 30.90344,-30.0378 30.90337,-30.03783 30.90335,-30.03785 30.90332,-30.03787 30.90329,-30.03789 30.90325,-30.03791 30.90322,-30.03792 30.90318,-30.03793 30.90313,-30.03794 30.90311,-30.03795 30.90307,-30.03797 30.90305,-30.03798 30.90303,-30.038 30.90296,-30.03804 30.90293,-30.03806 30.90291,-30.03808 30.90288,-30.03811 30.90283,-30.03816 30.90279,-30.03819 30.90268,-30.03831 30.90268,-30.03839 30.90266,-30.03841 30.90264,-30.03846 30.90261,-30.03847 30.90258,-30.0385 30.90254,-30.03852 30.90252,-30.03855 30.90248,-30.03856 30.90243,-30.03857 30.90241,-30.03859 30.90238,-30.0386 30.90235,-30.03862 30.90233,-30.03864 30.90229,-30.03866 30.90223,-30.03868 30.90215,-30.03871 30.90212,-30.03874 30.90208,-30.03876 30.90206,-30.03878 30.90205,-30.03881 30.90204,-30.03884 30.90201,-30.03886 30.90197,-30.03887 30.90194,-30.03887 30.90189,-30.03888 30.90186,-30.03891 30.90181,-30.03894 30.90178,-30.03898 30.9017,-30.03907 30.90167,-30.03909 30.9016,-30.03916 30.90155,-30.03919 30.90148,-30.03924 30.90144,-30.03927 30.90142,-30.03929 30.90136,-30.03933 30.90134,-30.03935 30.90133,-30.0394 30.90133,-30.03944 30.90129,-30.03946 30.90127,-30.03948 30.90124,-30.0395 30.90122,-30.03952 30.90119,-30.03953 30.90115,-30.03955 30.90113,-30.03957 30.90111,-30.0396 30.90109,-30.03964 30.90107,-30.03966 30.90104,-30.03967 30.90102,-30.03969 30.90102,-30.03972 30.90098,-30.0398 30.90096,-30.03984 30.90092,-30.03988 30.90088,-30.03992 30.90087,-30.03996 30.90085,-30.03999 30.90084,-30.04002 30.90076,-30.04017 30.90074,-30.04022 30.90074,-30.0403 30.90076,-30.04035 30.90076,-30.0404 30.90075,-30.04044 30.90069,-30.04052 30.90066,-30.04056 30.90064,-30.04059 30.90061,-30.04062 30.90057,-30.04065 30.90054,-30.04068 30.90045,-30.04078 30.90039,-30.04082 30.90035,-30.04086 30.90031,-30.04088 30.90026,-30.04089 30.90022,-30.0409 30.90019,-30.04093 30.90011,-30.04101 30.90006,-30.04103 30.90002,-30.04106 30.89998,-30.04106 30.89993,-30.04108 30.89989,-30.0411 30.89982,-30.04113 30.89976,-30.04114 30.89972,-30.04117 30.89968,-30.04119 30.89958,-30.04126 30.89956,-30.04127 30.89952,-30.04128 30.89949,-30.04129 30.89945,-30.04131 30.89942,-30.04131 30.89938,-30.04132 30.89934,-30.04135 30.89927,-30.0414 30.89922,-30.04143 30.89918,-30.04145 30.89915,-30.04148 30.89909,-30.04153 30.89903,-30.04154 30.899,-30.04155 30.89894,-30.04156 30.8989,-30.04157 30.89887,-30.04159 30.89884,-30.04161 30.89881,-30.04162 30.89878,-30.04163 30.89876,-30.04165 30.89874,-30.04168 30.89871,-30.04169 30.89868,-30.04172 30.89867,-30.04175 30.89865,-30.04178 30.89863,-30.04182 30.89859,-30.04189 30.89858,-30.04193 30.89858,-30.04197 30.89857,-30.04199 30.89854,-30.04204 30.89849,-30.04208 30.89845,-30.04209 30.89841,-30.0421 30.89838,-30.04211 30.89835,-30.04214 30.89831,-30.04216 30.89829,-30.04218 30.89825,-30.0422 30.89824,-30.04223 30.8982,-30.04225 30.89817,-30.04228 30.89814,-30.04229 30.89812,-30.04231 30.89812,-30.04235 30.89811,-30.0424 30.89809,-30.04244 30.89806,-30.04247 30.89803,-30.04247 30.89797,-30.0425 30.89794,-30.04252 30.8979,-30.04254 30.89786,-30.04256 30.89783,-30.04256 30.89777,-30.04258 30.89774,-30.0426 30.89759,-30.04275 30.89759,-30.04278 30.89756,-30.04287 30.89753,-30.0429 30.89751,-30.04293 30.89748,-30.04299 30.89749,-30.04305 30.89745,-30.04312 30.89742,-30.04316 30.89742,-30.04324 30.89739,-30.04328 30.89737,-30.04337 30.89737,-30.04343 30.89738,-30.04346 30.89737,-30.04349 30.89736,-30.04352 30.89733,-30.04357 30.89731,-30.04361 30.89728,-30.04364 30.89723,-30.04368 30.89711,-30.04377 30.89709,-30.04379 30.89706,-30.0438 30.89702,-30.04384 30.89686,-30.04393 30.89684,-30.04395 30.89672,-30.04403 30.89667,-30.04408 30.89652,-30.04414 30.89647,-30.04415 30.89644,-30.04416 30.8964,-30.04419 30.89637,-30.0442 30.89634,-30.04423 30.89624,-30.04428 30.8962,-30.04432 30.89618,-30.04435 30.89616,-30.0444 30.89609,-30.04448 30.89606,-30.0445 30.89604,-30.04454 30.89599,-30.04457 30.89593,-30.0446 30.89591,-30.04462 30.89584,-30.04466 30.8958,-30.04469 30.89572,-30.04478 30.89569,-30.0448 30.89566,-30.04483 30.89563,-30.04485 30.89558,-30.04492 30.89555,-30.04496 30.89553,-30.04501 30.89551,-30.04503 30.89549,-30.04508 30.89546,-30.04511 30.89543,-30.04515 30.89539,-30.04517 30.89534,-30.04522 30.89531,-30.04523 30.89529,-30.04525 30.89526,-30.04529 30.89525,-30.04531 30.89523,-30.04533 30.89516,-30.04538 30.89511,-30.04542 30.89504,-30.04548 30.895,-30.04551 30.89495,-30.04555 30.89491,-30.04557 30.89489,-30.04559 30.89487,-30.04565 30.89488,-30.04568 30.8949,-30.04573 30.89494,-30.04579 30.89493,-30.04582 30.89489,-30.04585 30.89486,-30.04586 30.89481,-30.0459 30.89478,-30.04591 30.89477,-30.04594 30.89472,-30.04599 30.89471,-30.04603 30.89469,-30.04606 30.89466,-30.04613 30.89463,-30.04617 30.89461,-30.0462 30.89458,-30.04624 30.89454,-30.04629 30.89451,-30.04634 30.89449,-30.04637 30.89448,-30.0464 30.89444,-30.04646 30.89441,-30.04649 30.89437,-30.04654 30.89433,-30.04659 30.89427,-30.04664 30.89424,-30.04667 30.89424,-30.0467 30.89414,-30.0468 30.89412,-30.04682 30.89412,-30.04685 30.8941,-30.04688 30.89407,-30.04692 30.89404,-30.04697 30.89401,-30.047 30.89397,-30.04705 30.89396,-30.04707 30.89395,-30.04716 30.89393,-30.04719 30.89391,-30.04722 30.89384,-30.0473 30.89381,-30.04733 30.89379,-30.04735 30.89376,-30.04738 30.89372,-30.0474 30.8937,-30.04743 30.89369,-30.04746 30.89366,-30.04747 30.89362,-30.04749 30.89358,-30.04753 30.89357,-30.04755 30.89355,-30.04759 30.89354,-30.04761 30.89351,-30.04763 30.89349,-30.04763 30.89346,-30.04764 30.89343,-30.04771 30.89339,-30.04778 30.89337,-30.04783 30.89328,-30.04793 30.89325,-30.04798 30.89324,-30.04802 30.89322,-30.04805 30.89319,-30.04808 30.89317,-30.04814 30.89316,-30.04817 30.89314,-30.04819 30.89311,-30.04821 30.89308,-30.04822 30.89305,-30.04825 30.89301,-30.04827 30.89293,-30.04832 30.8929,-30.04834 30.89288,-30.04838 30.89286,-30.04841 30.89284,-30.04846 30.89279,-30.04851 30.89277,-30.04854 30.89275,-30.04857 30.89272,-30.0486 30.89269,-30.04864 30.89262,-30.04867 30.89258,-30.0487 30.89255,-30.04873 30.89253,-30.04876 30.89251,-30.04878 30.89248,-30.04879 30.89236,-30.04885 30.89233,-30.04888 30.89229,-30.0489 30.89224,-30.04895 30.89221,-30.04896 30.89218,-30.04898 30.89213,-30.049 30.89208,-30.04905 30.89208,-30.04909 30.89205,-30.04914 30.89198,-30.0492 30.89171,-30.04955 30.89163,-30.04984 30.89161,-30.05001 30.89158,-30.05027 30.8916,-30.05057 30.8916,-30.05092 30.89162,-30.05114 30.89164,-30.0513 30.89161,-30.05149 30.89148,-30.05169 30.89131,-30.05182 30.89114,-30.05192 30.89089,-30.05206 30.8908,-30.05209 30.89058,-30.05235 30.89055,-30.05238 30.89052,-30.0524 30.89049,-30.05241 30.89035,-30.05255 30.89032,-30.05256 30.89031,-30.05259 30.89027,-30.05263 30.89023,-30.05268 30.8902,-30.05272 30.89014,-30.05276 30.89009,-30.05279 30.89006,-30.05283 30.89002,-30.05286 30.88998,-30.0529 30.88995,-30.05294 30.88993,-30.05296 30.88991,-30.05298 30.88988,-30.05299 30.88985,-30.05302 30.88983,-30.05304 30.88979,-30.05305 30.88978,-30.05309 30.88978,-30.05313 30.88977,-30.05316 30.88975,-30.05319 30.88973,-30.05322 30.88971,-30.05326 30.88968,-30.05329 30.88965,-30.05331 30.8896,-30.05334 30.88957,-30.05336 30.88952,-30.0534 30.88946,-30.05342 30.88943,-30.05343 30.88941,-30.05345 30.88939,-30.05347 30.88936,-30.05349 30.88932,-30.05351 30.88925,-30.05353 30.8892,-30.05356 30.88916,-30.05359 30.88913,-30.05361 30.88911,-30.05365 30.88907,-30.05367 30.88905,-30.05375 30.88901,-30.05378 30.88898,-30.05381 30.88896,-30.05385 30.88895,-30.05388 30.88892,-30.05392 30.88888,-30.05395 30.88885,-30.05398 30.88879,-30.05401 30.88876,-30.05402 30.88872,-30.05405 30.88866,-30.0541 30.88859,-30.05411 30.88847,-30.05412 30.88844,-30.05414 30.8884,-30.05417 30.88838,-30.05421 30.88836,-30.05424 30.88826,-30.05434 30.88821,-30.05437 30.88818,-30.05442 30.88815,-30.05444 30.88813,-30.05447 30.8881,-30.05449 30.88808,-30.05451 30.88806,-30.05455 30.88802,-30.05461 30.88799,-30.05465 30.88798,-30.05473 30.88795,-30.05474 30.88788,-30.05477 30.88784,-30.05479 30.88782,-30.05485 30.88781,-30.05488 30.88775,-30.0549 30.88772,-30.05494 30.88767,-30.05499 30.88764,-30.05501 30.8876,-30.05506 30.88758,-30.0551 30.88756,-30.05517 30.88753,-30.0552 30.88749,-30.05523 30.88746,-30.05527 30.88743,-30.05531 30.88742,-30.05535 30.88739,-30.05544 30.88736,-30.0555 30.88735,-30.05556 30.88732,-30.05559 30.88728,-30.05564 30.88726,-30.05567 30.88725,-30.0557 30.88719,-30.05576 30.88716,-30.0558 30.88712,-30.05581 30.8871,-30.05583 30.88708,-30.05585 30.88705,-30.05588 30.88705,-30.05591 30.88701,-30.05595 30.887,-30.05598 30.88695,-30.05601 30.88692,-30.05603 30.88686,-30.05606 30.88683,-30.05608 30.88682,-30.05612 30.8868,-30.05614 30.88677,-30.05618 30.88675,-30.05623 30.88671,-30.05627 30.88671,-30.05632 30.88668,-30.05635 30.88659,-30.05645 30.88656,-30.05649 30.88655,-30.05653 30.88654,-30.05657 30.88652,-30.05663 30.88649,-30.05666 30.88646,-30.05668 30.88639,-30.05672 30.88636,-30.05677 30.88632,-30.0568 30.8863,-30.05683 30.88628,-30.05688 30.88624,-30.05692 30.88619,-30.05698 30.88615,-30.05702 30.88612,-30.05704 30.8861,-30.05707 30.88607,-30.0571 30.88603,-30.05717 30.886,-30.05721 30.88597,-30.05724 30.88595,-30.05729 30.88586,-30.05732 30.88582,-30.05734 30.8858,-30.05737 30.88579,-30.05742 30.88578,-30.05745 30.88578,-30.05749 30.88576,-30.05751 30.88573,-30.05753 30.88566,-30.05755 30.88562,-30.05758 30.88561,-30.05762 30.8856,-30.05765 30.88559,-30.05769 30.88557,-30.05774 30.88554,-30.05777 30.88551,-30.05778 30.88547,-30.05782 30.88541,-30.05785 30.88537,-30.05796 30.88536,-30.05799 30.88534,-30.05802 30.88532,-30.05804 30.88528,-30.05806 30.88523,-30.05808 30.88506,-30.05822 30.88503,-30.05825 30.88501,-30.05829 30.88493,-30.05837 30.88492,-30.0584 30.88488,-30.05844 30.88486,-30.05849 30.88482,-30.05857 30.88479,-30.05859 30.88476,-30.05864 30.88474,-30.0587 30.88473,-30.05874 30.88471,-30.05878 30.8847,-30.05882 30.88466,-30.05886 30.88464,-30.05891 30.88463,-30.05896 30.88462,-30.059 30.8846,-30.05906 30.88456,-30.05911 30.88455,-30.05916 30.88453,-30.05922 30.8845,-30.05924 30.88446,-30.05927 30.88441,-30.05933 30.88438,-30.05937 30.88437,-30.0594 30.88436,-30.05944 30.88434,-30.05947 30.88434,-30.0595 30.88432,-30.05953 30.88428,-30.05957 30.88423,-30.05962 30.88421,-30.05964 30.88418,-30.05968 30.88417,-30.05971 30.88414,-30.05975 30.88412,-30.05979 30.88407,-30.05984 30.88404,-30.05986 30.88402,-30.05988 30.88397,-30.05992 30.88394,-30.05994 30.88392,-30.05996 30.8839,-30.06 30.88386,-30.06003 30.88379,-30.06014 30.88378,-30.06017 30.88375,-30.06023 30.88373,-30.06026 30.88368,-30.06035 30.88365,-30.06045 30.88364,-30.06059 30.88358,-30.06065 30.88357,-30.06068 30.88357,-30.06071 30.88358,-30.06074 30.88358,-30.06077 30.8836,-30.06082 30.88361,-30.06086 30.88364,-30.06089 30.88363,-30.06092 30.88363,-30.06095 30.88362,-30.06098 30.88352,-30.06108 30.88348,-30.06113 30.88347,-30.06117 30.88347,-30.0612 30.88348,-30.06125 30.88349,-30.06128 30.88349,-30.06132 30.88347,-30.06137 30.88343,-30.06141 30.88338,-30.06147 30.88331,-30.06148 30.88326,-30.06148 30.88322,-30.06152 30.88318,-30.06166 30.88314,-30.06182 30.8831,-30.06201 30.88307,-30.06217 30.88298,-30.06244 30.8829,-30.06269 30.88291,-30.06284 30.88286,-30.06308 30.88282,-30.06322 30.88274,-30.06339 30.88267,-30.06356 30.88262,-30.06371 30.88248,-30.06398 30.88242,-30.06414 30.88235,-30.06428 30.88228,-30.06443 30.88213,-30.06467 30.88199,-30.06489 30.88193,-30.06502 30.88184,-30.06515 30.88167,-30.06541 30.88157,-30.06552 30.88144,-30.06565 30.8813,-30.06576 30.88116,-30.06588 30.88095,-30.06612 30.88087,-30.06624 30.88065,-30.06646 30.8805,-30.06663 30.88036,-30.06685 30.88028,-30.06698 30.88016,-30.06716 30.88007,-30.0673 30.87997,-30.06741 30.87981,-30.0676 30.87969,-30.06774 30.87959,-30.06788 30.87947,-30.06803 30.87934,-30.06819 30.87922,-30.06831 30.87911,-30.06844 30.87899,-30.06855 30.87888,-30.06866 30.87873,-30.0688 30.8786,-30.06892 30.87837,-30.06911 30.87813,-30.06936 30.87802,-30.06948 30.87792,-30.06963 30.8779,-30.06967 30.87774,-30.07008 30.87747,-30.07044 30.87715,-30.07084 30.87678,-30.07129 30.87647,-30.07167 30.87614,-30.07203 30.87594,-30.07224 30.8759,-30.07229 30.87584,-30.07245 30.87581,-30.07248 30.87579,-30.07252 30.87578,-30.07255 30.87576,-30.07263 30.87576,-30.07268 30.87575,-30.07273 30.87567,-30.07296 30.87566,-30.07299 30.87564,-30.07306 30.87563,-30.07309 30.8756,-30.07312 30.87558,-30.07316 30.87548,-30.07324 30.87546,-30.07326 30.87543,-30.07331 30.87541,-30.07335 30.87538,-30.07339 30.87534,-30.07345 30.87531,-30.07348 30.87525,-30.07353 30.87523,-30.07355 30.8752,-30.0736 30.87512,-30.07368 30.87508,-30.07373 30.87504,-30.07378 30.875,-30.07383 30.87494,-30.07393 30.87492,-30.07398 30.87491,-30.07402 30.8749,-30.07405 30.87489,-30.07409 30.87487,-30.07415 30.87484,-30.0742 30.87481,-30.07421 30.87476,-30.07427 30.87473,-30.07431 30.87468,-30.07437 30.8746,-30.07445 30.87455,-30.07456 30.87452,-30.07459 30.8745,-30.07462 30.87444,-30.07468 30.87435,-30.07484 30.87434,-30.07489 30.87433,-30.07496 30.87431,-30.07502 30.87431,-30.07531 30.87427,-30.07538 30.87425,-30.07544 30.87423,-30.07548 30.8742,-30.07552 30.87416,-30.07556 30.87413,-30.07561 30.874,-30.07574 30.87386,-30.07594 30.87384,-30.07598 30.87382,-30.07605 30.87379,-30.0761 30.87375,-30.07615 30.87373,-30.07619 30.87369,-30.07624 30.87367,-30.07628 30.87365,-30.0763 30.87365,-30.07634 30.87363,-30.07637 30.8736,-30.07643 30.87356,-30.07653 30.87354,-30.07662 30.87354,-30.07666 30.87353,-30.0767 30.87351,-30.07675 30.8735,-30.0768 30.87346,-30.07685 30.8734,-30.07695 30.8734,-30.07698 30.87337,-30.07705 30.87335,-30.07712 30.87334,-30.07716 30.87331,-30.07727 30.87331,-30.07732 30.8733,-30.07737 30.87327,-30.07743 30.87325,-30.07746 30.87325,-30.07752 30.87327,-30.07756 30.87328,-30.07759 30.87326,-30.07765 30.87323,-30.07773 30.87323,-30.0778 30.87324,-30.07786 30.87328,-30.07789 30.8733,-30.07791 30.87332,-30.07795 30.87334,-30.07797 30.87334,-30.078 30.87332,-30.07804 30.87332,-30.07807 30.87334,-30.07813 30.87338,-30.07814 30.87343,-30.07815 30.87348,-30.07815 30.8735,-30.07817 30.87349,-30.07821 30.87345,-30.07823 30.87335,-30.07829 30.87332,-30.07832 30.87329,-30.07833 30.87324,-30.07834 30.8732,-30.07835 30.8732,-30.07849 30.87313,-30.07874 30.8729,-30.07903 30.87265,-30.07929 30.87232,-30.07962 30.87192,-30.08001 30.87164,-30.08033 30.87135,-30.08069 30.87108,-30.08109 30.87079,-30.08151 30.87054,-30.08186 30.87027,-30.08229 30.86965,-30.08333 30.86899,-30.0842 30.86878,-30.08452 30.86826,-30.08536 30.86786,-30.08579 30.86749,-30.08623 30.86715,-30.08666 30.86687,-30.0871 30.86664,-30.08747 30.86649,-30.08782 30.86638,-30.08799 30.86628,-30.0882 30.86618,-30.08839 30.86606,-30.0886 30.86593,-30.08881 30.86574,-30.08909 30.8657,-30.08918 30.86569,-30.08922 30.86568,-30.08928 30.86567,-30.08932 30.86566,-30.08935 30.86563,-30.08946 30.86561,-30.0895 30.8656,-30.08955 30.86558,-30.08959 30.86548,-30.08969 30.86545,-30.08971 30.86538,-30.08977 30.86535,-30.08979 30.86532,-30.08982 30.8653,-30.08987 30.86531,-30.08996 30.8653,-30.09002 30.86529,-30.09006 30.86525,-30.09019 30.86524,-30.09023 30.86521,-30.09026 30.86518,-30.09032 30.86516,-30.09034 30.86514,-30.09036 30.86511,-30.09038 30.86508,-30.09041 30.86501,-30.09049 30.86495,-30.09055 30.86495,-30.09058 30.86492,-30.09061 30.8649,-30.09065 30.86486,-30.09069 30.86485,-30.09072 30.86484,-30.09075 30.86481,-30.09079 30.86479,-30.0908 30.86477,-30.09085 30.86475,-30.0909 30.86473,-30.09096 30.86472,-30.091 30.86469,-30.09106 30.86469,-30.09109 30.86468,-30.09112 30.86467,-30.09115 30.86465,-30.0912 30.86465,-30.09123 30.86463,-30.09125 30.86461,-30.09127 30.86459,-30.0913 30.86458,-30.09133 30.86458,-30.09138 30.86455,-30.09146 30.86454,-30.09149 30.86452,-30.09154 30.86448,-30.0916 30.86444,-30.09162 30.86442,-30.09163 30.86441,-30.09168 30.86439,-30.0917 30.86438,-30.09173 30.86435,-30.09176 30.86434,-30.09179 30.8643,-30.09183 30.86428,-30.09184 30.86426,-30.09188 30.86426,-30.09194 30.86421,-30.09195 30.86418,-30.09199 30.86418,-30.09202 30.86414,-30.09208 30.86407,-30.09215 30.86405,-30.09221 30.86403,-30.09225 30.864,-30.09228 30.86396,-30.0923 30.86393,-30.09234 30.86392,-30.09239 30.86394,-30.09241 30.86394,-30.09245 30.86389,-30.09255 30.86386,-30.09259 30.86384,-30.09262 30.86383,-30.09269 30.86382,-30.09273 30.86378,-30.09277 30.86376,-30.09279 30.86374,-30.09281 30.86372,-30.09284 30.86372,-30.09288 30.86371,-30.09291 30.86369,-30.09296 30.86367,-30.09298 30.86367,-30.09302 30.86365,-30.09305 30.86361,-30.09311 30.86359,-30.09314 30.86356,-30.09315 30.86354,-30.09318 30.86352,-30.09322 30.86347,-30.09328 30.86344,-30.09331 30.86342,-30.09336 30.86339,-30.09338 30.86336,-30.09341 30.86335,-30.09345 30.86332,-30.09348 30.86328,-30.09351 30.86325,-30.09353 30.86322,-30.09362 30.8632,-30.09368 30.8632,-30.09375 30.86316,-30.09383 30.86316,-30.09386 30.86314,-30.0939 30.86311,-30.09394 30.86301,-30.09404 30.863,-30.09407 30.86298,-30.09409 30.86297,-30.09412 30.86296,-30.09418 30.86295,-30.09421 30.86293,-30.09425 30.86291,-30.09428 30.86286,-30.09442 30.86287,-30.09445 30.86289,-30.09448 30.86288,-30.09452 30.86287,-30.09454 30.86287,-30.09457 30.86289,-30.0946 30.86292,-30.09463 30.86294,-30.09463 30.86295,-30.09467 30.86294,-30.0947 30.8629,-30.09473 30.86279,-30.09484 30.86277,-30.09488 30.86273,-30.09494 30.86272,-30.09498 30.8627,-30.09504 30.8627,-30.09508 30.86269,-30.09528 30.86267,-30.09533 30.86266,-30.09539 30.86264,-30.09544 30.86265,-30.0955 30.86278,-30.09562 30.86296,-30.09568 30.86314,-30.09571 30.86336,-30.09582 30.8635,-30.09594 30.8636,-30.09641 30.86359,-30.09656 30.86352,-30.09675 30.86331,-30.09689 30.86281,-30.09713 30.86263,-30.09719 30.86255,-30.09732 30.86248,-30.09747 30.86241,-30.09763 30.86229,-30.09785 30.86225,-30.09799 30.86219,-30.09819 30.86209,-30.09842 30.86191,-30.09869 30.86178,-30.09883 30.86163,-30.09903 30.86151,-30.0993 30.86149,-30.09947 30.86146,-30.09979 30.86145,-30.09994 30.86138,-30.10018 30.86129,-30.10032 30.86108,-30.10044 30.86074,-30.10077 30.86041,-30.10115 30.86008,-30.10152 30.85983,-30.10187 30.85957,-30.10228 30.85954,-30.10234 30.85954,-30.10242 30.85953,-30.10245 30.8595,-30.10253 30.85948,-30.10256 30.85947,-30.10259 30.85943,-30.10264 30.8594,-30.10267 30.85936,-30.10269 30.85931,-30.10274 30.8593,-30.10278 30.8593,-30.10284 30.85929,-30.10288 30.85932,-30.1029 30.85932,-30.10295 30.85932,-30.10303 30.85927,-30.10308 30.85925,-30.10312 30.85923,-30.10316 30.85922,-30.10321 30.8592,-30.10323 30.8592,-30.10329 30.85915,-30.10335 30.85913,-30.10339 30.85914,-30.10342 30.85915,-30.10346 30.85913,-30.10349 30.85911,-30.10352 30.8591,-30.10357 30.85908,-30.10366 30.85907,-30.1037 30.85903,-30.10372 30.85899,-30.10375 30.85897,-30.10377 30.85897,-30.10382 30.85895,-30.10386 30.85894,-30.1039 30.85895,-30.10393 30.85895,-30.10397 30.85893,-30.10409 30.85888,-30.10415 30.85887,-30.10418 30.85886,-30.10422 30.85881,-30.10428 30.85878,-30.10432 30.85876,-30.10435 30.85872,-30.10442 30.85863,-30.10469 30.85859,-30.10479 30.85858,-30.10484 30.85855,-30.10491 30.85853,-30.10496 30.85853,-30.105 30.85851,-30.10518 30.85851,-30.10525 30.85848,-30.10531 30.85845,-30.10535 30.85841,-30.10536 30.85836,-30.10538 30.8583,-30.10543 30.85815,-30.10565 30.85815,-30.10569 30.85814,-30.10573 30.85813,-30.10576 30.85811,-30.10579 30.85808,-30.10588 30.85807,-30.10594 30.85807,-30.10598 30.85802,-30.10605 30.85792,-30.10629 30.8579,-30.10634 30.85791,-30.10648 30.8579,-30.10653 30.85791,-30.10656 30.85791,-30.1066 30.85792,-30.10665 30.8579,-30.10672 30.85786,-30.10684 30.85784,-30.10687 30.85781,-30.10689 30.85781,-30.10699 30.85782,-30.10704 30.85782,-30.10716 30.8578,-30.10719 30.85775,-30.10721 30.85772,-30.10721 30.85769,-30.10723 30.85766,-30.10727 30.85765,-30.1073 30.85765,-30.10734 30.85767,-30.10738 30.85768,-30.10741 30.85766,-30.10744 30.85763,-30.10746 30.85759,-30.1075 30.85755,-30.10761 30.85755,-30.10766 30.85757,-30.10769 30.85753,-30.10772 30.85751,-30.10774 30.8575,-30.10777 30.85744,-30.10781 30.85742,-30.10784 30.85743,-30.1079 30.85745,-30.10795 30.85743,-30.10801 30.8574,-30.10805 30.85737,-30.10808 30.85734,-30.10811 30.85731,-30.10813 30.85725,-30.10819 30.85722,-30.10825 30.8572,-30.10829 30.8572,-30.10832 30.85715,-30.10837 30.85714,-30.10841 30.85714,-30.10846 30.85712,-30.1085 30.8571,-30.10852 30.85707,-30.10856 30.85706,-30.10866 30.85704,-30.1087 30.85701,-30.10871 30.857,-30.10875 30.857,-30.10879 30.85698,-30.10885 30.85698,-30.10889 30.85694,-30.10894 30.85692,-30.10897 30.85691,-30.109 30.8569,-30.10904 30.85687,-30.1091 30.85686,-30.10916 30.85684,-30.1092 30.85683,-30.10925 30.85678,-30.10929 30.85677,-30.10932 30.85671,-30.10936 30.85666,-30.10944 30.85662,-30.10958 30.85661,-30.10962 30.8566,-30.10967 30.8566,-30.10983 30.85662,-30.10988 30.85666,-30.10997 30.8567,-30.11003 30.85669,-30.11006 30.85665,-30.11014 30.85665,-30.11026 30.85668,-30.11032 30.85671,-30.11036 30.85674,-30.11039 30.85675,-30.11042 30.85677,-30.11045 30.85674,-30.11051 30.85671,-30.11053 30.85669,-30.11056 30.85669,-30.11066 30.85667,-30.1107 30.85667,-30.11073 30.85664,-30.11076 30.85662,-30.1108 30.85661,-30.11086 30.85662,-30.11089 30.85664,-30.11091 30.85664,-30.11095 30.8566,-30.11096 30.85654,-30.11099 30.85645,-30.11105 30.85637,-30.11113 30.85633,-30.11121 30.85631,-30.11123 30.8563,-30.11129 30.8563,-30.11134 30.85631,-30.11139 30.8563,-30.11142 30.85627,-30.11145 30.85617,-30.11157 30.85614,-30.11162 30.85609,-30.11165 30.85593,-30.11181 30.85591,-30.11184 30.85589,-30.11186 30.85584,-30.1119 30.85582,-30.11192 30.8558,-30.11194 30.85576,-30.11195 30.85572,-30.11202 30.8557,-30.1121 30.85567,-30.11213 30.85563,-30.11214 30.8556,-30.11215 30.85558,-30.11218 30.85557,-30.11222 30.85554,-30.11226 30.85551,-30.11233 30.8555,-30.11235 30.85548,-30.11237 30.85546,-30.1124 30.85543,-30.11243 30.85536,-30.11252 30.85531,-30.11257 30.85527,-30.1126 30.85523,-30.11264 30.85522,-30.11267 30.85522,-30.1127 30.85524,-30.11273 30.85528,-30.11278 30.85531,-30.11282 30.8553,-30.11287 30.85537,-30.11289 30.85543,-30.1129 30.85542,-30.11294 30.85541,-30.11299 30.85537,-30.11312 30.85535,-30.11319 30.85533,-30.11324 30.85532,-30.11329 30.85529,-30.11334 30.85529,-30.1134 30.85526,-30.11343 30.85523,-30.11347 30.85523,-30.1135 30.85521,-30.11353 30.8552,-30.11357 30.85518,-30.11361 30.85515,-30.11365 30.85512,-30.11372 30.8551,-30.11377 30.85509,-30.1138 30.85509,-30.11384 30.85508,-30.11387 30.85505,-30.1139 30.85504,-30.11393 30.85502,-30.11398 30.85496,-30.1141 30.85495,-30.11413 30.8549,-30.1142 30.85484,-30.11426 30.85482,-30.11428 30.85481,-30.11432 30.85476,-30.11439 30.85474,-30.11441 30.85458,-30.11457 30.85455,-30.11459 30.85453,-30.11462 30.85452,-30.11465 30.85449,-30.11466 30.85447,-30.11471 30.8544,-30.11479 30.85438,-30.11482 30.85437,-30.11485 30.85434,-30.11491 30.85426,-30.11503 30.85422,-30.11504 30.85419,-30.11504 30.85416,-30.11505 30.85412,-30.11506 30.85409,-30.11509 30.85407,-30.11512 30.85405,-30.11516 30.85403,-30.11519 30.85402,-30.11522 30.854,-30.11525 30.85398,-30.11531 30.85395,-30.11542 30.85395,-30.11548 30.85392,-30.11552 30.85389,-30.11555 30.85387,-30.11559 30.85381,-30.11565 30.85379,-30.11569 30.85377,-30.11572 30.85375,-30.11576 30.85374,-30.1158 30.8537,-30.11584 30.85368,-30.11588 30.85367,-30.11592 30.85364,-30.11596 30.85361,-30.11604 30.85359,-30.11608 30.85358,-30.11612 30.85355,-30.11618 30.8535,-30.11619 30.85348,-30.11621 30.85346,-30.11624 30.85339,-30.11641 30.85338,-30.11644 30.85337,-30.11648 30.85334,-30.11652 30.85333,-30.11656 30.85332,-30.1166 30.85327,-30.11671 30.85327,-30.11688 30.85326,-30.11691 30.85317,-30.117 30.85314,-30.11704 30.8531,-30.11709 30.85307,-30.11711 30.85303,-30.11715 30.85299,-30.11722 30.85297,-30.11726 30.85296,-30.11729 30.85292,-30.11735 30.85291,-30.11738 30.85291,-30.11742 30.8529,-30.11745 30.85289,-30.11749 30.85289,-30.11752 30.85288,-30.11768 30.85287,-30.11772 30.85289,-30.11782 30.85289,-30.11786 30.85288,-30.1179 30.85288,-30.11793 30.85286,-30.11801 30.85285,-30.11805 30.85284,-30.1181 30.85283,-30.11813 30.85283,-30.11818 30.85281,-30.11829 30.8528,-30.11834 30.8528,-30.11837 30.85277,-30.11844 30.85277,-30.11851 30.85276,-30.11855 30.85275,-30.1186 30.85275,-30.11863 30.85272,-30.1187 30.8527,-30.11881 30.85268,-30.11885 30.85268,-30.1189 30.85267,-30.11893 30.85266,-30.11895 30.85266,-30.11899 30.85264,-30.11902 30.85264,-30.11906 30.85262,-30.1191 30.85262,-30.11915 30.85261,-30.11919 30.8526,-30.11925 30.85259,-30.11929 30.85259,-30.11932 30.85257,-30.11936 30.85257,-30.11944 30.85255,-30.11952 30.8525,-30.11957 30.85247,-30.1196 30.85246,-30.11968 30.85245,-30.11971 30.85243,-30.11975 30.8524,-30.11983 30.85236,-30.11992 30.85235,-30.11996 30.85232,-30.12003 30.85231,-30.12006 30.85228,-30.12012 30.85221,-30.12017 30.85215,-30.12024 30.85214,-30.12029 30.85214,-30.12034 30.85213,-30.12037 30.85211,-30.1204 30.85207,-30.12042 30.85205,-30.12045 30.85202,-30.12049 30.852,-30.12051 30.85199,-30.12054 30.85199,-30.12062 30.85194,-30.12071 30.85188,-30.12074 30.85186,-30.12076 30.85182,-30.12078 30.85179,-30.12081 30.85176,-30.12082 30.85167,-30.12089 30.85159,-30.12096 30.85156,-30.12099 30.85148,-30.12109 30.85146,-30.12117 30.85144,-30.12119 30.8514,-30.12123 30.85139,-30.12125 30.85138,-30.12129 30.85137,-30.12132 30.85136,-30.12137 30.85135,-30.12139 30.85132,-30.12142 30.8513,-30.12143 30.85128,-30.12146 30.85126,-30.12151 30.85123,-30.12153 30.85123,-30.12162 30.85122,-30.12165 30.85119,-30.12168 30.85116,-30.12172 30.85113,-30.12174 30.85108,-30.1218 30.85102,-30.12187 30.85102,-30.12195 30.85101,-30.122 30.85101,-30.12209 30.851,-30.12216 30.85098,-30.12218 30.85098,-30.12222 30.85099,-30.12227 30.85097,-30.1223 30.85093,-30.12235 30.8509,-30.1224 30.85088,-30.12242 30.85085,-30.12246 30.85081,-30.12253 30.8508,-30.12256 30.8508,-30.12261 30.85078,-30.12265 30.85076,-30.12267 30.85074,-30.1227 30.85067,-30.12278 30.85064,-30.12282 30.85061,-30.12299 30.85061,-30.12302 30.8506,-30.12306 30.85059,-30.12311 30.85058,-30.12316 30.85049,-30.12326 30.85047,-30.12329 30.85046,-30.12332 30.85045,-30.12336 30.85045,-30.12345 30.85046,-30.12348 30.85046,-30.12353 30.85042,-30.12365 30.85041,-30.12369 30.85039,-30.12375 30.85036,-30.12379 30.85034,-30.12387 30.85033,-30.12392 30.85031,-30.12399 30.85026,-30.12404 30.85024,-30.12407 30.85023,-30.1241 30.85022,-30.12416 30.85022,-30.12426 30.85023,-30.1243 30.85022,-30.12439 30.85024,-30.12443 30.85026,-30.12446 30.85027,-30.12454 30.85025,-30.1246 30.85025,-30.12464 30.85023,-30.12467 30.85022,-30.12473 30.85022,-30.12481 30.85023,-30.12485 30.85023,-30.12492 30.85025,-30.12498 30.85025,-30.12505 30.85023,-30.12513 30.85022,-30.12521 30.85021,-30.12524 30.85021,-30.12533 30.85018,-30.12537 30.85014,-30.12545 30.85014,-30.12548 30.85013,-30.12552 30.85011,-30.12561 30.85007,-30.12573 30.85005,-30.12578 30.85002,-30.12582 30.84999,-30.12586 30.84996,-30.12587 30.84989,-30.1259 30.8498,-30.12594 30.84979,-30.12603 30.84982,-30.12609 30.84987,-30.12614 30.84987,-30.12624 30.84983,-30.12636 30.8498,-30.1264 30.84977,-30.12643 30.84975,-30.12647 30.84973,-30.12652 30.84971,-30.12656 30.84969,-30.12658 30.84969,-30.12661 30.84966,-30.12665 30.84964,-30.1267 30.84961,-30.12673 30.84957,-30.12679 30.84956,-30.12682 30.84954,-30.12685 30.8495,-30.12694 30.84948,-30.12696 30.84947,-30.12701 30.84944,-30.12704 30.84941,-30.12708 30.84938,-30.12709 30.84936,-30.12712 30.84934,-30.12715 30.84933,-30.12718 30.84931,-30.12723 30.8493,-30.12725 30.84927,-30.12729 30.84926,-30.12733 30.84924,-30.12735 30.84921,-30.1274 30.8492,-30.12743 30.84918,-30.12745 30.84915,-30.1275 30.84914,-30.12753 30.84912,-30.12756 30.84909,-30.1276 30.84907,-30.12766 30.84901,-30.12778 30.84899,-30.12784 30.84897,-30.12786 30.84896,-30.12794 30.84894,-30.12799 30.84892,-30.12801 30.84889,-30.12804 30.84887,-30.12806 30.84887,-30.12815 30.84885,-30.12818 30.84885,-30.12823 30.84886,-30.12826 30.84887,-30.12829 30.84884,-30.12835 30.84879,-30.12841 30.84877,-30.12847 30.84875,-30.1285 30.84874,-30.12853 30.84872,-30.12855 30.84869,-30.12857 30.84865,-30.12864 30.84863,-30.1287 30.84861,-30.12872 30.8486,-30.12875 30.84858,-30.12878 30.84856,-30.12882 30.84855,-30.12885 30.84853,-30.12892 30.84852,-30.12898 30.84849,-30.12901 30.84846,-30.12902 30.84841,-30.12905 30.84838,-30.12909 30.84838,-30.12914 30.84836,-30.12923 30.84836,-30.12928 30.84833,-30.12931 30.84831,-30.12934 30.84829,-30.12938 30.84828,-30.12941 30.84827,-30.12946 30.84827,-30.1295 30.84822,-30.12954 30.84816,-30.12963 30.84813,-30.12965 30.84811,-30.12968 30.84808,-30.12971 30.84807,-30.12974 30.84804,-30.12979 30.84799,-30.12987 30.84797,-30.1299 30.84795,-30.12996 30.84788,-30.13004 30.84783,-30.13008 30.84779,-30.13012 30.84774,-30.13019 30.84773,-30.13023 30.84772,-30.1303 30.84771,-30.13035 30.8477,-30.13038 30.84768,-30.13041 30.84764,-30.13046 30.84759,-30.1305 30.84753,-30.13057 30.84752,-30.1306 30.8475,-30.13063 30.84748,-30.13068 30.84745,-30.13071 30.84742,-30.13075 30.8474,-30.1308 30.84738,-30.13082 30.84737,-30.13086 30.84735,-30.13089 30.84734,-30.13092 30.84733,-30.13096 30.84731,-30.131 30.84731,-30.13104 30.84729,-30.1311 30.84729,-30.13119 30.84726,-30.13124 30.84722,-30.1313 30.84719,-30.13133 30.84718,-30.13137 30.84714,-30.13143 30.84708,-30.13144 30.84704,-30.13145 30.84695,-30.13166 30.84694,-30.13169 30.84682,-30.13197 30.84678,-30.13206 30.84664,-30.13238 30.84533,-30.13419 30.84091,-30.13858 30.83657,-30.14396 30.83223,-30.15039 30.83004,-30.15554 30.82832,-30.15866 30.82663,-30.16099 30.82606,-30.16177 30.82209,-30.16726 30.81944,-30.17155 30.8169,-30.17678 30.81463,-30.1816 30.81245,-30.1855 30.81113,-30.18782 30.81063,-30.18978 30.81062,-30.18983 30.81068,-30.18997 30.81084,-30.19012 30.81089,-30.19023 30.81091,-30.19037 30.81089,-30.19045 30.81089,-30.19058 30.8108,-30.19069 30.81064,-30.19083 30.81046,-30.19097 30.81024,-30.19111 30.80994,-30.19143 30.80957,-30.19189 30.80955,-30.19191 30.80953,-30.19193 30.8095,-30.19197 30.80948,-30.192 30.80945,-30.19201 30.80942,-30.19204 30.80939,-30.19208 30.80938,-30.19212 30.80935,-30.19215 30.80932,-30.19221 30.8093,-30.19223 30.80924,-30.19232 30.80922,-30.19238 30.8092,-30.19242 30.8092,-30.19245 30.80919,-30.19248 30.80915,-30.19252 30.80912,-30.19254 30.80909,-30.1926 30.80908,-30.19264 30.80907,-30.19267 30.80906,-30.19269 30.80905,-30.19272 30.80903,-30.19274 30.80902,-30.19277 30.809,-30.1928 30.809,-30.19284 30.80898,-30.19286 30.80895,-30.1929 30.80893,-30.19294 30.80893,-30.193 30.80892,-30.19305 30.80891,-30.1931 30.80888,-30.19315 30.80888,-30.19325 30.80886,-30.19334 30.80885,-30.19337 30.80885,-30.19343 30.80884,-30.19346 30.80883,-30.19349 30.80881,-30.19355 30.80879,-30.19357 30.80877,-30.19362 30.80877,-30.19366 30.80873,-30.19368 30.8087,-30.19372 30.80867,-30.19375 30.80862,-30.19379 30.80859,-30.1938 30.80853,-30.19383 30.80849,-30.19385 30.80847,-30.19387 30.80844,-30.19388 30.80842,-30.1939 30.80839,-30.19391 30.80835,-30.19394 30.80825,-30.19405 30.80824,-30.19408 30.80819,-30.19413 30.80814,-30.19415 30.8081,-30.19415 30.80807,-30.19416 30.80805,-30.19418 30.80801,-30.1942 30.80799,-30.19425 30.80796,-30.19429 30.80793,-30.19432 30.80788,-30.19437 30.80784,-30.19439 30.80778,-30.1944 30.80776,-30.19442 30.80774,-30.19448 30.80771,-30.1945 30.80765,-30.19456 30.80762,-30.19462 30.80761,-30.19465 30.80754,-30.19466 30.80752,-30.19467 30.80751,-30.1947 30.8075,-30.19473 30.80746,-30.19477 30.80744,-30.19481 30.80742,-30.19484 30.80739,-30.19489 30.80737,-30.19492 30.80737,-30.19495 30.80734,-30.195 30.80733,-30.19503 30.80732,-30.19507 30.8073,-30.19512 30.80727,-30.19515 30.80725,-30.19518 30.8072,-30.19522 30.8071,-30.19525 30.80707,-30.19531 30.80699,-30.19547 30.80698,-30.1955 30.80695,-30.19553 30.80693,-30.19556 30.8069,-30.19561 30.80687,-30.19569 30.80686,-30.19574 30.80686,-30.19582 30.80687,-30.19591 30.80688,-30.19595 30.80688,-30.196 30.80689,-30.19606 30.80695,-30.19617 30.80696,-30.1962 30.80695,-30.19626 30.80695,-30.19632 30.80692,-30.1964 30.80691,-30.19644 30.8069,-30.1965 30.80688,-30.19657 30.80687,-30.19663 30.80684,-30.1967 30.8068,-30.19682 30.80677,-30.19685 30.80671,-30.19689 30.80665,-30.1969 30.80652,-30.19695 30.80648,-30.19695 30.80646,-30.19697 30.80639,-30.19698 30.80631,-30.197 30.80627,-30.19702 30.8062,-30.19709 30.80618,-30.19712 30.80616,-30.19718 30.80611,-30.19723 30.80603,-30.19727 30.80599,-30.19732 30.80597,-30.19734 30.80593,-30.19736 30.80589,-30.19741 30.80583,-30.19744 30.80581,-30.19747 30.80578,-30.19748 30.80576,-30.19754 30.80573,-30.19757 30.8057,-30.19761 30.80563,-30.19767 30.80557,-30.1978 30.80555,-30.19784 30.80554,-30.19791 30.80551,-30.19794 30.80547,-30.19798 30.80541,-30.19806 30.80536,-30.19811 30.80532,-30.19814 30.80529,-30.19817 30.80524,-30.19821 30.8052,-30.19824 30.80516,-30.19832 30.80512,-30.19846 30.8051,-30.19851 30.80506,-30.19858 30.80504,-30.19866 30.80502,-30.1987 30.80498,-30.19874 30.80493,-30.19893 30.80493,-30.19908 30.80496,-30.19914 30.80496,-30.19921 30.80494,-30.19925 30.80488,-30.19933 30.80485,-30.19936 30.80482,-30.19942 30.80477,-30.19947 30.80478,-30.19953 30.80478,-30.19957 30.80474,-30.19969 30.80473,-30.19973 30.80469,-30.19983 30.80462,-30.19994 30.80461,-30.20001 30.8046,-30.20006 30.80459,-30.20012 30.80458,-30.20023 30.80456,-30.20039 30.80454,-30.20046 30.80454,-30.20056 30.80453,-30.20066 30.80453,-30.20078 30.80455,-30.2009 30.80455,-30.20099 30.80456,-30.20113 30.80452,-30.20121 30.80446,-30.2013 30.80442,-30.20133 30.80436,-30.2014 30.80433,-30.20145 30.80425,-30.20157 30.8042,-30.20161 30.80417,-30.20165 30.80412,-30.20172 30.80404,-30.20188 30.80403,-30.20192 30.804,-30.20196 30.80398,-30.20199 30.80395,-30.20203 30.80387,-30.20207 30.80382,-30.20207 30.8038,-30.20207 30.80376,-30.20208 30.80368,-30.20208 30.80363,-30.20209 30.80343,-30.20209 30.80339,-30.20212 30.80337,-30.20216 30.80335,-30.20219 30.80336,-30.20225 30.80336,-30.20233 30.8034,-30.20249 30.80343,-30.20256 30.80344,-30.20265 30.80346,-30.2027 30.80352,-30.20276 30.80355,-30.2028 30.80357,-30.20283 30.80361,-30.20292 30.80364,-30.20297 30.80366,-30.20301 30.80371,-30.20307 30.80373,-30.20311 30.80377,-30.20317 30.80378,-30.20321 30.80377,-30.20324 30.80374,-30.20337 30.80372,-30.20343 30.8037,-30.20347 30.80368,-30.20354 30.80365,-30.20361 30.80363,-30.20366 30.80362,-30.20372 30.8036,-30.20376 30.8036,-30.20382 30.80356,-30.20386 30.80354,-30.20391 30.80351,-30.20394 30.80348,-30.20396 30.8034,-30.20399 30.80337,-30.20402 30.80333,-30.20408 30.80329,-30.20411 30.80324,-30.20416 30.80323,-30.20419 30.80313,-30.20439 30.8031,-30.20444 30.80308,-30.20447 30.80307,-30.2045 30.80307,-30.20455 30.80309,-30.20466 30.80308,-30.20471 30.80304,-30.20479 30.80303,-30.20484 30.80299,-30.20491 30.80296,-30.20497 30.80294,-30.20501 30.80291,-30.20503 30.80289,-30.20507 30.80289,-30.20511 30.8029,-30.20514 30.80298,-30.20514 30.80301,-30.20512 30.80306,-30.20512 30.8031,-30.20514 30.80314,-30.20518 30.80319,-30.20523 30.80319,-30.20539 30.80317,-30.20542 30.80315,-30.20548 30.80312,-30.20555 30.80307,-30.20575 30.80307,-30.2058 30.80308,-30.20588 30.80309,-30.20591 30.80311,-30.20595 30.8031,-30.20599 30.80308,-30.20606 30.80308,-30.20615 30.80306,-30.2062 30.80301,-30.20623 30.80295,-30.20625 30.8029,-30.20627 30.80282,-30.20629 30.80266,-30.20642 30.80264,-30.20645 30.80262,-30.2065 30.80257,-30.20656 30.80256,-30.2066 30.80252,-30.20663 30.80247,-30.20668 30.80243,-30.20669 30.80241,-30.20671 30.80238,-30.20673 30.80236,-30.20676 30.80233,-30.20678 30.80231,-30.2068 30.80228,-30.20682 30.80225,-30.20685 30.80223,-30.2069 30.80219,-30.20694 30.80215,-30.20697 30.80212,-30.20704 30.80209,-30.20713 30.80207,-30.20717 30.80204,-30.20721 30.80201,-30.20725 30.80198,-30.20728 30.80195,-30.20732 30.80193,-30.20736 30.80187,-30.20742 30.80184,-30.20744 30.80182,-30.20748 30.80177,-30.20753 30.80177,-30.20758 30.80179,-30.20762 30.80178,-30.20766 30.80176,-30.20768 30.80171,-30.20772 30.80167,-30.2078 30.80164,-30.20784 30.80162,-30.20786 30.8016,-30.20789 30.80155,-30.20792 30.80152,-30.20795 30.8015,-30.20798 30.8015,-30.20802 30.80149,-30.20806 30.80147,-30.2081 30.80146,-30.20814 30.80144,-30.20817 30.80143,-30.20822 30.80139,-30.20825 30.80136,-30.20829 30.80135,-30.20833 30.80133,-30.20836 30.80129,-30.2084 30.80126,-30.20845 30.80122,-30.20849 30.80122,-30.20855 30.80123,-30.20857 30.80123,-30.2086 30.80118,-30.20863 30.80122,-30.20867 30.80125,-30.20869 30.80125,-30.20872 30.80123,-30.20874 30.80117,-30.20874 30.80114,-30.20881 30.80114,-30.20901 30.80109,-30.20909 30.80106,-30.20913 30.80104,-30.20917 30.80102,-30.20922 30.801,-30.20926 30.801,-30.20932 30.80099,-30.20936 30.80098,-30.20941 30.80095,-30.20946 30.80089,-30.20952 30.80083,-30.20964 30.80076,-30.20974 30.80074,-30.20979 30.80067,-30.20986 30.80065,-30.20989 30.80063,-30.20994 30.80058,-30.21004 30.80055,-30.21008 30.80053,-30.21013 30.80041,-30.21031 30.80039,-30.21035 30.80034,-30.21038 30.80028,-30.21046 30.80024,-30.2105 30.80019,-30.21057 30.80017,-30.2106 30.80015,-30.21064 30.80013,-30.21069 30.80006,-30.21082 30.80003,-30.21087 30.8,-30.21091 30.79996,-30.21098 30.79993,-30.21106 30.79989,-30.21114 30.79986,-30.21119 30.7998,-30.21133 30.79978,-30.21136 30.79983,-30.21139 30.79986,-30.21141 30.79985,-30.21144 30.79982,-30.21156 30.7998,-30.2116 30.79978,-30.21165 30.79976,-30.21168 30.79976,-30.21173 30.79973,-30.21176 30.79967,-30.2118 30.79966,-30.21184 30.79968,-30.2119 30.79966,-30.21194 30.79962,-30.212 30.79959,-30.21203 30.79957,-30.21209 30.79954,-30.21212 30.79953,-30.21216 30.79951,-30.2122 30.79951,-30.21223 30.79948,-30.21228 30.79942,-30.21236 30.7994,-30.21241 30.79941,-30.21247 30.79949,-30.21248 30.79961,-30.21245 30.79964,-30.21245 30.79965,-30.2125 30.79964,-30.21253 30.79959,-30.21258 30.79953,-30.21262 30.79949,-30.21263 30.79948,-30.21274 30.79948,-30.21279 30.7995,-30.21283 30.79951,-30.21286 30.79952,-30.2129 30.79951,-30.21293 30.79949,-30.21297 30.79949,-30.21301 30.79947,-30.21309 30.79942,-30.21319 30.79938,-30.21325 30.79936,-30.21329 30.79932,-30.21333 30.7993,-30.21337 30.79928,-30.2134 30.79927,-30.21343 30.79924,-30.21349 30.79923,-30.21355 30.7992,-30.21359 30.79919,-30.21363 30.79915,-30.21373 30.79914,-30.21379 30.79912,-30.21382 30.79909,-30.21388 30.79908,-30.21394 30.79908,-30.21397 30.79906,-30.21399 30.79906,-30.21402 30.79904,-30.21408 30.79901,-30.2142 30.79899,-30.21424 30.79898,-30.21429 30.79898,-30.21432 30.79897,-30.21436 30.79895,-30.21442 30.79893,-30.21447 30.7989,-30.21457 30.79888,-30.2146 30.79886,-30.21464 30.7988,-30.2147 30.79877,-30.21472 30.79875,-30.21476 30.79872,-30.2148 30.7987,-30.21484 30.79861,-30.21493 30.79859,-30.21496 30.79859,-30.215 30.79856,-30.21519 30.79856,-30.21522 30.79857,-30.21526 30.79857,-30.21529 30.7986,-30.21535 30.79865,-30.21539 30.79869,-30.21543 30.79873,-30.21546 30.79875,-30.21549 30.79876,-30.21552 30.79873,-30.21555 30.79871,-30.2156 30.7987,-30.21566 30.79868,-30.21571 30.79867,-30.21575 30.79865,-30.21578 30.79864,-30.21583 30.79861,-30.21589 30.79859,-30.21593 30.79859,-30.21607 30.79856,-30.2161 30.79855,-30.21613 30.79855,-30.2162 30.79853,-30.21631 30.79852,-30.21635 30.79851,-30.21638 30.79847,-30.21639 30.79844,-30.21642 30.79836,-30.21645 30.79832,-30.21645 30.79828,-30.21644 30.79825,-30.21641 30.79821,-30.21643 30.79818,-30.21646 30.79817,-30.21652 30.79817,-30.21656 30.79818,-30.21661 30.7982,-30.21663 30.79826,-30.21678 30.79829,-30.21682 30.7983,-30.21689 30.79831,-30.21694 30.79833,-30.217 30.79834,-30.21706 30.7983,-30.21709 30.79823,-30.2171 30.79824,-30.21715 30.79826,-30.2172 30.79828,-30.21724 30.7983,-30.21727 30.79833,-30.21729 30.79838,-30.2173 30.79841,-30.21732 30.79843,-30.21736 30.79842,-30.2174 30.79844,-30.21742 30.79847,-30.21742 30.79848,-30.21745 30.79846,-30.21748 30.79841,-30.21746 30.79834,-30.21747 30.79834,-30.21752 30.79838,-30.21754 30.79845,-30.21754 30.79848,-30.21757 30.7985,-30.21759 30.79847,-30.21762 30.79843,-30.21763 30.79839,-30.21764 30.79835,-30.21767 30.79834,-30.2177 30.79836,-30.21774 30.79835,-30.21777 30.79832,-30.21779 30.7983,-30.21782 30.7983,-30.21787 30.79829,-30.2179 30.79829,-30.21793 30.79828,-30.21799 30.79827,-30.21802 30.79827,-30.21806 30.79826,-30.21813 30.79826,-30.21819 30.79827,-30.21822 30.79829,-30.21825 30.79833,-30.21829 30.79837,-30.2183 30.79838,-30.21836 30.79838,-30.21846 30.79837,-30.2185 30.79836,-30.21855 30.79834,-30.21866 30.79834,-30.2187 30.79835,-30.21875 30.79834,-30.21881 30.79834,-30.21885 30.79833,-30.2189 30.79833,-30.21896 30.79834,-30.219 30.79838,-30.21904 30.79841,-30.21909 30.79842,-30.21912 30.79844,-30.21925 30.79843,-30.21929 30.79843,-30.21937 30.79841,-30.21945 30.79842,-30.21949 30.79842,-30.21953 30.79842,-30.2196 30.79845,-30.21964 30.79843,-30.21968 30.79842,-30.21972 30.79839,-30.21971 30.79838,-30.21977 30.79841,-30.21979 30.79844,-30.2198 30.79846,-30.21982 30.79843,-30.21985 30.7984,-30.21988 30.7984,-30.21993 30.79843,-30.21993 30.79847,-30.2199 30.79851,-30.21989 30.79855,-30.21992 30.79857,-30.21994 30.79856,-30.21997 30.79853,-30.22 30.79851,-30.22003 30.7985,-30.2201 30.79849,-30.22014 30.79847,-30.22017 30.79846,-30.2202 30.79846,-30.22036 30.79845,-30.2204 30.79843,-30.22044 30.79843,-30.22049 30.79841,-30.22053 30.79839,-30.22057 30.79841,-30.22062 30.79841,-30.22068 30.79842,-30.22073 30.79842,-30.22077 30.79843,-30.2208 30.79845,-30.22086 30.79846,-30.22096 30.79845,-30.22099 30.79846,-30.22105 30.79846,-30.2211 30.79847,-30.22114 30.79844,-30.22117 30.79842,-30.22122 30.7984,-30.22125 30.79838,-30.22128 30.79837,-30.22131 30.79837,-30.22138 30.7984,-30.22145 30.79838,-30.2215 30.79836,-30.22154 30.79834,-30.22157 30.79831,-30.22161 30.79828,-30.22162 30.79826,-30.22166 30.79818,-30.22171 30.79815,-30.22173 30.79812,-30.22174 30.7981,-30.22176 30.79809,-30.22179 30.79809,-30.2219 30.79805,-30.22192 30.79797,-30.22193 30.79794,-30.22191 30.79788,-30.22192 30.79783,-30.22193 30.7978,-30.22196 30.79779,-30.22199 30.79779,-30.22202 30.79776,-30.22208 30.79773,-30.22211 30.79771,-30.22214 30.79768,-30.22216 30.79763,-30.22216 30.79759,-30.22219 30.79757,-30.22222 30.79755,-30.22227 30.79755,-30.22234 30.79755,-30.22236 30.79757,-30.22239 30.79761,-30.2224 30.79765,-30.2224 30.79766,-30.22244 30.79759,-30.22244 30.79753,-30.22243 30.79749,-30.22244 30.79745,-30.22246 30.79744,-30.22249 30.79741,-30.22251 30.79736,-30.22252 30.79734,-30.22255 30.79731,-30.22257 30.7973,-30.22252 30.79726,-30.22254 30.79722,-30.22256 30.79715,-30.22254 30.79717,-30.22258 30.7972,-30.22258 30.79724,-30.2226 30.79726,-30.22263 30.7973,-30.22266 30.79733,-30.22267 30.79734,-30.22272 30.79729,-30.22277 30.79725,-30.22279 30.79721,-30.22283 30.79719,-30.22285 30.79714,-30.22287 30.79711,-30.22289 30.79705,-30.22292 30.79696,-30.22297 30.79693,-30.22298 30.79691,-30.22302 30.79688,-30.22305 30.79686,-30.22309 30.79684,-30.22311 30.79683,-30.22314 30.79681,-30.22316 30.79676,-30.22317 30.79666,-30.22322 30.79663,-30.22324 30.79659,-30.22325 30.79657,-30.22327 30.79655,-30.2233 30.79652,-30.22333 30.79647,-30.22334 30.79642,-30.22341 30.79636,-30.22344 30.79633,-30.22348 30.79631,-30.22352 30.7963,-30.22355 30.79628,-30.2236 30.79627,-30.22365 30.79625,-30.2237 30.79616,-30.22374 30.79608,-30.2238 30.79602,-30.22384 30.79597,-30.2239 30.79595,-30.22393 30.79594,-30.22399 30.79596,-30.22402 30.79597,-30.22407 30.79596,-30.22411 30.79591,-30.22415 30.79585,-30.22417 30.79577,-30.22418 30.7957,-30.2242 30.79566,-30.22419 30.79562,-30.22421 30.79558,-30.22421 30.79547,-30.22432 30.79544,-30.22436 30.79543,-30.22439 30.79541,-30.22442 30.79532,-30.22454 30.7953,-30.22457 30.79522,-30.22465 30.7952,-30.22469 30.79518,-30.22471 30.79514,-30.22473 30.7951,-30.22476 30.79505,-30.22477 30.795,-30.2248 30.79495,-30.22484 30.79492,-30.22486 30.79488,-30.2249 30.79485,-30.22492 30.79483,-30.22495 30.79481,-30.22499 30.79473,-30.22503 30.79465,-30.22511 30.79462,-30.22515 30.79459,-30.22518 30.79449,-30.22526 30.79446,-30.22528 30.79443,-30.22532 30.79439,-30.22534 30.79436,-30.22537 30.79433,-30.22539 30.7943,-30.22545 30.79426,-30.22551 30.79416,-30.22559 30.79411,-30.22564 30.79409,-30.22567 30.79406,-30.2257 30.79404,-30.22575 30.79402,-30.22579 30.79401,-30.22582 30.79399,-30.22587 30.79393,-30.22593 30.79387,-30.22594 30.79384,-30.22595 30.7938,-30.22598 30.79378,-30.226 30.79375,-30.22604 30.79374,-30.22607 30.79365,-30.22614 30.79362,-30.22616 30.79359,-30.22619 30.79356,-30.22623 30.79353,-30.22626 30.79349,-30.22631 30.79347,-30.22635 30.79341,-30.22641 30.79337,-30.22644 30.79331,-30.22648 30.79326,-30.22653 30.79322,-30.22656 30.79316,-30.2266 30.79311,-30.22662 30.79309,-30.22664 30.79306,-30.22665 30.79303,-30.22668 30.79301,-30.22672 30.79298,-30.22674 30.7929,-30.22683 30.79288,-30.22686 30.79285,-30.22688 30.79281,-30.22693 30.7928,-30.22697 30.79278,-30.22699 30.79275,-30.22704 30.79271,-30.22706 30.79268,-30.22709 30.79267,-30.22712 30.79262,-30.22717 30.7926,-30.22721 30.79255,-30.22725 30.79253,-30.22727 30.79249,-30.2273 30.79246,-30.22734 30.79242,-30.22737 30.79239,-30.2274 30.79234,-30.22747 30.79225,-30.22751 30.79219,-30.22754 30.79212,-30.22755 30.79205,-30.22759 30.79203,-30.22761 30.792,-30.22767 30.7919,-30.2278 30.79188,-30.22784 30.79182,-30.22792 30.79178,-30.22796 30.79173,-30.22803 30.79172,-30.2281 30.79171,-30.22813 30.79168,-30.22817 30.79161,-30.22822 30.79159,-30.22826 30.79155,-30.22832 30.79152,-30.22836 30.79149,-30.22839 30.79145,-30.22841 30.79142,-30.22845 30.79139,-30.22848 30.79136,-30.22857 30.79135,-30.22862 30.79132,-30.22865 30.79131,-30.22868 30.79129,-30.22872 30.79125,-30.22878 30.79123,-30.22882 30.79119,-30.22887 30.79117,-30.22889 30.79114,-30.22894 30.79107,-30.22901 30.79105,-30.22904 30.79105,-30.2291 30.79103,-30.22913 30.79102,-30.22917 30.791,-30.22919 30.79099,-30.22923 30.79097,-30.22927 30.79095,-30.22932 30.79092,-30.22937 30.79089,-30.22941 30.79084,-30.2295 30.79081,-30.22953 30.79077,-30.22956 30.79073,-30.22962 30.79067,-30.22966 30.79065,-30.22973 30.79064,-30.22977 30.79061,-30.22979 30.79056,-30.22982 30.79053,-30.22985 30.79051,-30.22987 30.7905,-30.22992 30.79047,-30.22995 30.79042,-30.22999 30.79037,-30.23005 30.79036,-30.23009 30.79034,-30.23012 30.79027,-30.23023 30.79025,-30.23026 30.79023,-30.2303 30.79021,-30.23032 30.79019,-30.23036 30.79015,-30.23041 30.79012,-30.23045 30.79012,-30.2305 30.7901,-30.23053 30.79002,-30.23061 30.78999,-30.23065 30.78996,-30.23067 30.78994,-30.23071 30.78993,-30.23076 30.78991,-30.23082 30.78989,-30.23084 30.78987,-30.2309 30.78984,-30.23097 30.78988,-30.231 30.78991,-30.23103 30.78991,-30.23105 30.78985,-30.23109 30.78981,-30.23113 30.78981,-30.23117 30.78982,-30.23122 30.78983,-30.23127 30.7898,-30.23128 30.78976,-30.23132 30.78977,-30.23135 30.78975,-30.23137 30.78974,-30.2314 30.78973,-30.23143 30.7897,-30.23147 30.78967,-30.2315 30.78964,-30.23154 30.78962,-30.23159 30.78961,-30.23163 30.7896,-30.23168 30.78956,-30.23171 30.78953,-30.23176 30.78952,-30.2318 30.78949,-30.23183 30.78947,-30.23187 30.78946,-30.23191 30.78939,-30.232 30.78936,-30.23203 30.78932,-30.23209 30.78932,-30.23232 30.78933,-30.23235 30.78934,-30.23241 30.78935,-30.23255 30.78935,-30.2326 30.78934,-30.23265 30.78933,-30.23269 30.78932,-30.23272 30.78932,-30.23281 30.78934,-30.23285 30.78934,-30.23293 30.78933,-30.23296 30.7893,-30.23301 30.78926,-30.23304 30.78926,-30.23313 30.78929,-30.23322 30.78927,-30.23326 30.78925,-30.23334 30.78925,-30.23342 30.78922,-30.23349 30.78922,-30.2336 30.78924,-30.23364 30.78924,-30.23371 30.7892,-30.23377 30.78916,-30.23384 30.78913,-30.23387 30.78911,-30.2339 30.78906,-30.23394 30.78906,-30.23402 30.78908,-30.23407 30.78908,-30.23413 30.78905,-30.23416 30.78904,-30.2342 30.78904,-30.23452 30.78901,-30.23461 30.789,-30.23465 30.78898,-30.23467 30.78898,-30.23476 30.78893,-30.23481 30.78889,-30.23484 30.78886,-30.23486 30.78883,-30.23487 30.78879,-30.2349 30.78877,-30.23494 30.78873,-30.23506 30.78869,-30.23511 30.78867,-30.23514 30.78865,-30.23519 30.78863,-30.23523 30.78862,-30.23527 30.7886,-30.23531 30.78857,-30.23546 30.78853,-30.23552 30.78851,-30.23554 30.78847,-30.23557 30.78845,-30.23562 30.78842,-30.23567 30.78839,-30.2357 30.78837,-30.23574 30.78837,-30.23582 30.78832,-30.23597 30.78832,-30.23601 30.78833,-30.23606 30.78833,-30.23612 30.78832,-30.23616 30.7883,-30.23619 30.78828,-30.23627 30.78825,-30.23632 30.78823,-30.23636 30.78821,-30.23638 30.78813,-30.2364 30.7881,-30.23642 30.78807,-30.23643 30.78804,-30.23646 30.78802,-30.2365 30.78802,-30.23654 30.788,-30.23663 30.788,-30.23667 30.78801,-30.2367 30.78801,-30.23674 30.78798,-30.23681 30.78797,-30.23687 30.78796,-30.2369 30.7879,-30.23694 30.78788,-30.23697 30.7879,-30.23703 30.78789,-30.23706 30.78786,-30.23708 30.78783,-30.23712 30.78782,-30.23716 30.78781,-30.23719 30.78781,-30.23722 30.7878,-30.23726 30.78778,-30.2373 30.78774,-30.23728 30.78773,-30.23726 30.78769,-30.23726 30.78764,-30.23731 30.7876,-30.2373 30.78757,-30.2373 30.78755,-30.23733 30.78755,-30.23738 30.78757,-30.2374 30.78757,-30.23743 30.78755,-30.23746 30.78752,-30.23745 30.7875,-30.23742 30.78748,-30.23739 30.78746,-30.23737 30.78742,-30.23734 30.78738,-30.23734 30.78732,-30.23736 30.78727,-30.23736 30.78723,-30.2374 30.78725,-30.23745 30.78726,-30.23748 30.78726,-30.23751 30.78724,-30.23753 30.7872,-30.23755 30.78718,-30.23757 30.78716,-30.2376 30.78717,-30.23764 30.78721,-30.23766 30.78725,-30.23767 30.78728,-30.23768 30.78729,-30.23771 30.78729,-30.23777 30.78728,-30.2378 30.78724,-30.23783 30.78715,-30.23785 30.78715,-30.2379 30.78713,-30.23792 30.7871,-30.23792 30.78707,-30.23791 30.78702,-30.23794 30.78699,-30.23795 30.78695,-30.23798 30.78697,-30.23801 30.78701,-30.23801 30.78704,-30.23804 30.78703,-30.23807 30.78696,-30.23806 30.78691,-30.23806 30.78689,-30.23808 30.78686,-30.23809 30.78682,-30.23812 30.78679,-30.23819 30.7868,-30.23822 30.78682,-30.23825 30.78683,-30.23828 30.78679,-30.23829 30.78674,-30.23825 30.78671,-30.23826 30.78671,-30.23832 30.78667,-30.23835 30.78664,-30.2384 30.78659,-30.23843 30.78656,-30.23846 30.78653,-30.23852 30.78656,-30.23856 30.78661,-30.23858 30.78664,-30.23861 30.78667,-30.23867 30.78667,-30.23871 30.7866,-30.23878 30.78657,-30.23879 30.78653,-30.23881 30.78649,-30.23885 30.78648,-30.23889 30.78647,-30.23892 30.78646,-30.23897 30.78639,-30.2389 30.78639,-30.23882 30.78634,-30.23882 30.78631,-30.23883 30.78627,-30.23885 30.78622,-30.2389 30.78618,-30.23891 30.78616,-30.23894 30.7861,-30.23896 30.78607,-30.23897 30.78607,-30.23902 30.78605,-30.23904 30.78602,-30.23905 30.78599,-30.23908 30.78603,-30.2391 30.78606,-30.23914 30.78609,-30.2392 30.7861,-30.23924 30.78608,-30.23927 30.78602,-30.23932 30.78597,-30.23935 30.78594,-30.23937 30.7859,-30.23937 30.78589,-30.23941 30.78587,-30.23943 30.78584,-30.23947 30.78581,-30.2395 30.78579,-30.23951 30.78577,-30.23953 30.78574,-30.23954 30.78571,-30.23955 30.78564,-30.23957 30.78562,-30.2396 30.78563,-30.23964 30.78565,-30.23967 30.78569,-30.23968 30.78571,-30.2397 30.78569,-30.23972 30.78566,-30.23973 30.78564,-30.23975 30.78562,-30.23977 30.78561,-30.23979 30.78558,-30.23985 30.78554,-30.23988 30.7855,-30.23989 30.78547,-30.23991 30.78546,-30.23993 30.78545,-30.23996 30.78542,-30.23998 30.7854,-30.24 30.78537,-30.24001 30.78534,-30.24004 30.78531,-30.24008 30.78527,-30.24011 30.78521,-30.24014 30.78519,-30.24019 30.78517,-30.24022 30.78514,-30.24024 30.78512,-30.24028 30.78509,-30.24031 30.78506,-30.24033 30.78502,-30.24035 30.78498,-30.24039 30.78497,-30.24042 30.78495,-30.24044 30.78493,-30.24046 30.78491,-30.24048 30.78487,-30.2405 30.78485,-30.24053 30.78483,-30.24056 30.7848,-30.24058 30.78479,-30.2406 30.78478,-30.24063 30.78475,-30.24067 30.78475,-30.24077 30.78473,-30.24081 30.78472,-30.24084 30.7847,-30.24088 30.78468,-30.2409 30.78467,-30.24093 30.78463,-30.24097 30.7846,-30.24096 30.78457,-30.2409 30.78454,-30.24088 30.78449,-30.24095 30.78448,-30.24098 30.78448,-30.24101 30.78442,-30.24107 30.78441,-30.2411 30.78438,-30.24113 30.78437,-30.24118 30.78427,-30.2412 30.78422,-30.24124 30.78421,-30.24129 30.78417,-30.24131 30.78414,-30.24134 30.78412,-30.24138 30.78411,-30.24142 30.78408,-30.24143 30.78403,-30.24146 30.78399,-30.24149 30.78397,-30.24154 30.78395,-30.24156 30.7839,-30.2416 30.78389,-30.24165 30.78386,-30.24167 30.78383,-30.24168 30.78381,-30.2417 30.7838,-30.24173 30.78376,-30.24175 30.78374,-30.24179 30.78372,-30.24183 30.78369,-30.24186 30.78369,-30.24189 30.78366,-30.24194 30.78363,-30.24195 30.78359,-30.24199 30.78358,-30.24202 30.78358,-30.24205 30.78357,-30.24208 30.78351,-30.24217 30.78346,-30.24221 30.78344,-30.24224 30.78341,-30.24227 30.7834,-30.2423 30.7834,-30.24233 30.78337,-30.24235 30.78334,-30.24238 30.78332,-30.24241 30.7833,-30.24245 30.78329,-30.24249 30.78327,-30.24254 30.78325,-30.24259 30.78323,-30.24263 30.7832,-30.24267 30.78317,-30.2427 30.78312,-30.24275 30.78312,-30.24279 30.78308,-30.24283 30.78307,-30.24289 30.78306,-30.24294 30.78304,-30.24297 30.78301,-30.24303 30.783,-30.24306 30.78298,-30.24308 30.78297,-30.24311 30.78293,-30.24315 30.78292,-30.24318 30.78288,-30.24324 30.78284,-30.24332 30.78276,-30.2434 30.78272,-30.24342 30.78269,-30.24347 30.78269,-30.24354 30.78267,-30.2436 30.78264,-30.24363 30.78262,-30.24367 30.78261,-30.2437 30.78258,-30.24374 30.78255,-30.24376 30.78253,-30.24378 30.78252,-30.24381 30.7825,-30.24384 30.78248,-30.24388 30.78247,-30.24391 30.78245,-30.24395 30.78243,-30.244 30.78241,-30.24403 30.78238,-30.24406 30.78237,-30.24408 30.78236,-30.24412 30.78234,-30.24414 30.78232,-30.24417 30.78228,-30.24419 30.78226,-30.24421 30.78224,-30.24424 30.78223,-30.24426 30.78222,-30.24429 30.78221,-30.24432 30.78219,-30.24434 30.78216,-30.24435 30.7821,-30.24447 30.78209,-30.24452 30.78207,-30.24457 30.78206,-30.24461 30.78204,-30.24465 30.78203,-30.24468 30.782,-30.24473 30.78197,-30.24476 30.78194,-30.24481 30.78191,-30.24483 30.78188,-30.24488 30.78185,-30.24492 30.78184,-30.24497 30.78182,-30.24502 30.78181,-30.24506 30.78177,-30.2451 30.78175,-30.24513 30.78171,-30.24516 30.7817,-30.2452 30.78168,-30.24524 30.78168,-30.24532 30.78167,-30.24536 30.78162,-30.2454 30.78159,-30.24544 30.78155,-30.24551 30.78152,-30.24558 30.78148,-30.2457 30.78138,-30.24594 30.78137,-30.24598 30.78135,-30.24603 30.78134,-30.24607 30.78133,-30.24611 30.78133,-30.24615 30.78135,-30.24618 30.78125,-30.24628 30.78128,-30.24629 30.78129,-30.24632 30.78131,-30.24635 30.78131,-30.24642 30.78134,-30.24646 30.78131,-30.24649 30.78129,-30.24651 30.78128,-30.24655 30.78129,-30.24658 30.7813,-30.24662 30.7813,-30.24666 30.78134,-30.2467 30.78134,-30.24677 30.78132,-30.2468 30.78132,-30.24688 30.78136,-30.24693 30.78142,-30.24699 30.78143,-30.24704 30.78142,-30.2471 30.78145,-30.24725 30.78145,-30.24742 30.78153,-30.2475 30.7815,-30.24753 30.78144,-30.2475 30.7814,-30.24747 30.78136,-30.24747 30.78136,-30.24757 30.78138,-30.24759 30.78138,-30.24763 30.78137,-30.24767 30.78134,-30.24773 30.78131,-30.24784 30.78126,-30.24789 30.78124,-30.24797 30.7812,-30.24803 30.78115,-30.24808 30.78115,-30.24814 30.78116,-30.2482 30.78118,-30.24826 30.78124,-30.24831 30.78129,-30.2484 30.78143,-30.24857 30.78151,-30.24866 30.78159,-30.24874 30.78161,-30.24881 30.78162,-30.24884 30.78166,-30.24887 30.78169,-30.24888 30.78171,-30.24892 30.78173,-30.24894 30.78177,-30.24896 30.78179,-30.24899 30.78179,-30.24906 30.78181,-30.24909 30.78185,-30.24913 30.78189,-30.2492 30.78189,-30.24929 30.78191,-30.24933 30.78194,-30.24938 30.78198,-30.24943 30.78201,-30.24946 30.78202,-30.24949 30.78205,-30.24962 30.78206,-30.24968 30.78206,-30.24977 30.78207,-30.24984 30.78201,-30.24993 30.78199,-30.25012 30.78188,-30.25041 30.78178,-30.25061 30.78166,-30.25073 30.78152,-30.25083 30.78141,-30.25094 30.78114,-30.25106 30.77986,-30.25145 30.77978,-30.25152 30.77929,-30.25192 30.77924,-30.25196 30.7792,-30.25202 30.7791,-30.25209 30.77897,-30.25221 30.77886,-30.25232 30.77881,-30.25238 30.77873,-30.25252 30.77872,-30.25255 30.77868,-30.25263 30.77865,-30.25266 30.77853,-30.25275 30.77846,-30.25281 30.77842,-30.25285 30.77838,-30.25291 30.77834,-30.25299 30.77833,-30.25302 30.7783,-30.25305 30.77827,-30.25307 30.77825,-30.25311 30.77819,-30.25317 30.77817,-30.25323 30.77814,-30.25325 30.77809,-30.25329 30.77807,-30.25331 30.77804,-30.25335 30.77801,-30.25337 30.77795,-30.25345 30.77789,-30.25352 30.77782,-30.2536 30.77776,-30.25363 30.77769,-30.25366 30.77767,-30.25368 30.77764,-30.25372 30.7776,-30.25376 30.77756,-30.25378 30.77752,-30.25381 30.7775,-30.25383 30.77745,-30.25385 30.7774,-30.2539 30.77736,-30.25393 30.77725,-30.25404 30.77722,-30.25406 30.77719,-30.25408 30.77716,-30.25411 30.77715,-30.25417 30.77709,-30.25422 30.77707,-30.25424 30.77704,-30.25426 30.77692,-30.25438 30.77689,-30.25445 30.77687,-30.25447 30.77681,-30.25451 30.77678,-30.25452 30.77674,-30.25454 30.77668,-30.25454 30.77661,-30.25459 30.77655,-30.25463 30.77653,-30.25465 30.7765,-30.25466 30.77646,-30.25469 30.77643,-30.25471 30.77641,-30.25475 30.77638,-30.25479 30.77636,-30.25482 30.77632,-30.25486 30.77622,-30.25497 30.77621,-30.25502 30.7762,-30.25507 30.77619,-30.25511 30.77617,-30.25514 30.77614,-30.25517 30.77613,-30.2552 30.77611,-30.25523 30.77607,-30.25525 30.77604,-30.25529 30.776,-30.25533 30.77599,-30.25537 30.77597,-30.2554 30.77595,-30.25545 30.77589,-30.25551 30.77586,-30.25556 30.77582,-30.25561 30.77579,-30.25562 30.77575,-30.25568 30.77572,-30.25572 30.7757,-30.25577 30.77569,-30.2558 30.77566,-30.25583 30.77556,-30.2559 30.77552,-30.25593 30.7755,-30.25595 30.77546,-30.25601 30.77543,-30.25607 30.77542,-30.25611 30.7754,-30.25616 30.77538,-30.25618 30.77534,-30.25623 30.77531,-30.25627 30.7753,-30.2563 30.77525,-30.25635 30.77523,-30.25641 30.77523,-30.2565 30.77519,-30.25654 30.77512,-30.25663 30.77509,-30.25662 30.77503,-30.25661 30.775,-30.25662 30.775,-30.25668 30.77502,-30.2567 30.77508,-30.2567 30.77511,-30.25671 30.77515,-30.25674 30.77515,-30.25678 30.77513,-30.25681 30.7751,-30.25683 30.77505,-30.25685 30.77502,-30.25686 30.775,-30.25689 30.77501,-30.25693 30.77504,-30.25696 30.77507,-30.25699 30.77501,-30.25709 30.77484,-30.25732 30.77481,-30.25734 30.77479,-30.25736 30.77476,-30.25738 30.77474,-30.25742 30.77472,-30.25745 30.77465,-30.25752 30.77461,-30.25755 30.77458,-30.25758 30.77452,-30.25767 30.77448,-30.25772 30.77437,-30.25788 30.77434,-30.25792 30.77428,-30.25796 30.77427,-30.258 30.77424,-30.25806 30.7742,-30.25809 30.77413,-30.25817 30.77407,-30.2582 30.77401,-30.25826 30.77388,-30.25835 30.77382,-30.25838 30.77377,-30.25841 30.77374,-30.25843 30.7737,-30.25845 30.77367,-30.25846 30.77364,-30.25848 30.77357,-30.25851 30.7735,-30.25855 30.77346,-30.25858 30.77344,-30.25864 30.7734,-30.25868 30.77335,-30.25876 30.77331,-30.2588 30.77325,-30.2588 30.77321,-30.25882 30.77317,-30.25886 30.77313,-30.25888 30.7731,-30.25891 30.77302,-30.25897 30.77294,-30.25906 30.77292,-30.25908 30.77288,-30.25914 30.77286,-30.25918 30.77282,-30.25923 30.77279,-30.25926 30.77275,-30.25929 30.77273,-30.25931 30.7727,-30.25935 30.77267,-30.25938 30.77265,-30.25941 30.77265,-30.25944 30.77263,-30.2595 30.77259,-30.25955 30.77255,-30.25958 30.77253,-30.2596 30.7725,-30.25964 30.7724,-30.25971 30.77236,-30.25973 30.77234,-30.25976 30.77231,-30.25978 30.77227,-30.25981 30.77224,-30.25984 30.77221,-30.25986 30.77218,-30.25987 30.77214,-30.25988 30.77211,-30.25989 30.77205,-30.25993 30.77203,-30.25995 30.77199,-30.26003 30.77195,-30.26006 30.77193,-30.26009 30.7719,-30.26011 30.77185,-30.26015 30.77184,-30.26019 30.77184,-30.26026 30.77182,-30.2603 30.77178,-30.26033 30.77175,-30.26035 30.77171,-30.26038 30.77165,-30.26043 30.77152,-30.26056 30.77148,-30.26057 30.77143,-30.26059 30.77134,-30.26062 30.7713,-30.26068 30.7713,-30.26075 30.77128,-30.26079 30.77126,-30.26081 30.77121,-30.26083 30.77107,-30.2609 30.77103,-30.26094 30.77099,-30.26095 30.77095,-30.26095 30.7709,-30.261 30.77085,-30.26107 30.77082,-30.26111 30.77079,-30.26113 30.77075,-30.26116 30.77071,-30.26118 30.77069,-30.2612 30.77067,-30.26123 30.7706,-30.26137 30.77056,-30.26141 30.7705,-30.2615 30.77046,-30.26154 30.77043,-30.2616 30.7704,-30.26164 30.77038,-30.26166 30.77035,-30.26172 30.77032,-30.26177 30.77029,-30.26179 30.77025,-30.26186 30.77024,-30.2619 30.77022,-30.26193 30.77018,-30.26195 30.77016,-30.26197 30.77014,-30.262 30.7701,-30.26203 30.77007,-30.26206 30.77004,-30.26211 30.76998,-30.26219 30.76993,-30.26226 30.76989,-30.26233 30.76986,-30.26236 30.76981,-30.26242 30.76975,-30.26249 30.76972,-30.26252 30.76969,-30.26253 30.76968,-30.26256 30.76966,-30.26266 30.76964,-30.26272 30.76964,-30.26275 30.76962,-30.26279 30.76959,-30.26283 30.76957,-30.26286 30.76954,-30.2629 30.76952,-30.26294 30.7695,-30.26296 30.76946,-30.26299 30.76943,-30.26299 30.76936,-30.26302 30.7693,-30.26307 30.76919,-30.26318 30.76913,-30.26323 30.7691,-30.26326 30.76906,-30.26328 30.76903,-30.2633 30.76899,-30.26332 30.76897,-30.26335 30.76895,-30.26337 30.76893,-30.26343 30.7689,-30.26346 30.76885,-30.26348 30.76883,-30.2635 30.7688,-30.26354 30.76877,-30.26356 30.76874,-30.26357 30.76871,-30.26359 30.76865,-30.26365 30.76863,-30.26368 30.76858,-30.26376 30.76851,-30.26382 30.76849,-30.26386 30.76845,-30.26389 30.76844,-30.26392 30.76842,-30.26395 30.76839,-30.26398 30.76837,-30.26402 30.76834,-30.26405 30.76827,-30.26412 30.76821,-30.26415 30.76817,-30.26415 30.76815,-30.26418 30.76813,-30.26422 30.76809,-30.26428 30.76805,-30.26432 30.76803,-30.26435 30.76801,-30.26437 30.76799,-30.2644 30.76793,-30.26446 30.76792,-30.26449 30.7679,-30.26453 30.76788,-30.26458 30.76787,-30.26461 30.76784,-30.26466 30.76782,-30.2647 30.76779,-30.26473 30.76776,-30.26473 30.76772,-30.26475 30.76769,-30.2648 30.76767,-30.26484 30.76764,-30.26487 30.76762,-30.26491 30.7676,-30.26494 30.76756,-30.26498 30.76752,-30.26502 30.76748,-30.2651 30.76744,-30.26513 30.76742,-30.26515 30.76737,-30.26518 30.7673,-30.26522 30.76727,-30.26523 30.76724,-30.26525 30.7672,-30.26529 30.76715,-30.26536 30.76712,-30.26543 30.7671,-30.26545 30.76707,-30.26547 30.76704,-30.2655 30.76704,-30.26553 30.76701,-30.26556 30.7669,-30.26568 30.76688,-30.26572 30.76687,-30.26576 30.76687,-30.26581 30.76684,-30.26586 30.76682,-30.26588 30.76679,-30.2659 30.76676,-30.26593 30.76674,-30.26597 30.76674,-30.26601 30.76673,-30.26605 30.76669,-30.26609 30.76668,-30.26612 30.76666,-30.26616 30.76662,-30.26622 30.76658,-30.26629 30.76653,-30.26637 30.76651,-30.26639 30.7665,-30.26643 30.76646,-30.26646 30.76643,-30.26648 30.76641,-30.2665 30.76639,-30.26652 30.76636,-30.26659 30.76633,-30.2666 30.76627,-30.26662 30.76622,-30.26666 30.76624,-30.26672 30.76623,-30.26674 30.7662,-30.26677 30.76616,-30.2668 30.76614,-30.26684 30.76611,-30.26689 30.76607,-30.26699 30.76605,-30.26703 30.76602,-30.26708 30.76596,-30.26715 30.76595,-30.2672 30.76589,-30.26726 30.76584,-30.26729 30.76578,-30.26739 30.76575,-30.26747 30.76572,-30.26751 30.7657,-30.26756 30.76567,-30.2676 30.76564,-30.26762 30.76561,-30.26765 30.76559,-30.26769 30.76556,-30.26774 30.76554,-30.26777 30.76552,-30.26781 30.76549,-30.26784 30.76545,-30.26787 30.76543,-30.26789 30.76538,-30.26791 30.76534,-30.26793 30.76531,-30.26802 30.7653,-30.26806 30.76527,-30.26809 30.76524,-30.26811 30.76519,-30.26815 30.76516,-30.26817 30.76511,-30.2682 30.76508,-30.26827 30.76507,-30.26832 30.76505,-30.26836 30.76501,-30.26844 30.76498,-30.26848 30.76494,-30.26853 30.7649,-30.2686 30.7649,-30.26864 30.76489,-30.26869 30.76488,-30.26872 30.76488,-30.26876 30.76487,-30.26878 30.76334,-30.26772 30.76329,-30.2677 30.76326,-30.26768 30.76321,-30.26767 30.76317,-30.26766 30.76314,-30.26765 30.7631,-30.26764 30.76307,-30.26763 30.763,-30.26761 30.76297,-30.26759 30.76289,-30.2677 30.76279,-30.26788 30.76244,-30.26857 30.76244,-30.26846 30.76238,-30.2684 30.76234,-30.26835 30.76229,-30.26825 30.76219,-30.26823 30.76207,-30.26815 30.76192,-30.26808 30.76171,-30.26779 30.76164,-30.26764 30.76148,-30.26733 30.76141,-30.2671 30.76127,-30.26665 30.76123,-30.2665 30.76117,-30.2663 30.76115,-30.26605 30.76118,-30.26587 30.7612,-30.2657 30.76131,-30.26555 30.76144,-30.26539 30.76165,-30.26511 30.76168,-30.26501 30.76159,-30.26487 30.76148,-30.26475 30.76145,-30.26477 30.7614,-30.26483 30.76086,-30.26538 30.76035,-30.2659 30.76028,-30.26597 30.76028,-30.26596 30.75993,-30.26525 30.75968,-30.26512 30.75931,-30.26514 30.75884,-30.26515 30.75858,-30.26532 30.75808,-30.26569 30.75777,-30.26574 30.75727,-30.26634 30.75671,-30.26702 30.75615,-30.2677 30.75541,-30.26581 30.75428,-30.26295 30.7507,-30.25358 30.75068,-30.25354 30.7504,-30.25273 30.7498,-30.25099 30.74962,-30.25046 30.74699,-30.24383 30.74114,-30.23658 30.73536,-30.22941 30.73365,-30.22818 30.73351,-30.22808 30.73313,-30.2278 30.73245,-30.22732 30.73121,-30.22644 30.73049,-30.22592 30.72968,-30.22534 30.72772,-30.22393 30.72759,-30.22383 30.72708,-30.22345 30.72645,-30.223 30.72101,-30.2191 30.71379,-30.21394 30.71375,-30.21391 30.70643,-30.20868 30.70633,-30.20861 30.70591,-30.2083 30.70232,-30.20571 30.70138,-30.20503 30.70041,-30.20433 30.69771,-30.20237 30.69725,-30.20204 30.69485,-30.20031 30.69479,-30.20026 30.69243,-30.19855 30.69382,-30.19714 30.69385,-30.19711 30.6952,-30.19573 30.69656,-30.19435 30.69937,-30.19149 30.70078,-30.19006 30.70301,-30.18779 30.69631,-30.18212 30.69459,-30.16777 30.69453,-30.16724 30.6945,-30.16706 30.69476,-30.16719 30.69523,-30.16746 30.69572,-30.16771 30.69608,-30.16792 30.6966,-30.16822 30.69709,-30.16842 30.69756,-30.16866 30.698,-30.16878 30.69823,-30.16883 30.6988,-30.16889 30.69918,-30.16899 30.69954,-30.16913 30.69987,-30.16924 30.70014,-30.16938 30.70043,-30.16953 30.70073,-30.16969 30.70108,-30.16987 30.70145,-30.16999 30.70191,-30.17015 30.70253,-30.17033 30.70317,-30.17044 30.704,-30.17056 30.7049,-30.17063 30.70558,-30.17068 30.70631,-30.17068 30.70678,-30.17067 30.70752,-30.17063 30.70822,-30.17059 30.70882,-30.17045 30.7093,-30.17033 30.70975,-30.17022 30.71023,-30.17003 30.71043,-30.16997 30.7107,-30.16982 30.71093,-30.16971 30.71109,-30.16954 30.71127,-30.16935 30.71133,-30.16916 30.71133,-30.16905 30.71131,-30.16897 30.71123,-30.16887 30.71109,-30.16876 30.71087,-30.16864 30.71067,-30.16853 30.71047,-30.1684 30.71038,-30.16833 30.71029,-30.1682 30.71023,-30.16807 30.71019,-30.16794 30.71017,-30.16772 30.71017,-30.16753 30.71019,-30.16736 30.71026,-30.16717 30.71044,-30.16677 30.7106,-30.16641 30.71079,-30.16606 30.71097,-30.16574 30.71116,-30.16531 30.71128,-30.16505 30.7114,-30.16472 30.71148,-30.1644 30.71154,-30.16411 30.71157,-30.16389 30.71165,-30.16365 30.71185,-30.16326 30.71202,-30.16288 30.71224,-30.16238 30.71245,-30.16194 30.71262,-30.16158 30.71285,-30.16119 30.71304,-30.16084 30.71329,-30.16039 30.71351,-30.16007 30.71389,-30.15961 30.71421,-30.15919 30.71458,-30.15883 30.71487,-30.15858 30.71511,-30.15846 30.71536,-30.15842 30.71563,-30.15841 30.71593,-30.15844 30.71629,-30.15856 30.71633,-30.15858 30.71645,-30.15867 30.71657,-30.15876 30.7169,-30.15906 30.71718,-30.15937 30.71749,-30.15971 30.71774,-30.16006 30.71795,-30.16036 30.7182,-30.16079 30.7184,-30.16111 30.71854,-30.16143 30.71869,-30.16172 30.71878,-30.16198 30.71878,-30.16219 30.71872,-30.16275 30.71863,-30.16326 30.71849,-30.16379 30.71835,-30.1642 30.71822,-30.16462 30.71815,-30.16499 30.71814,-30.16538 30.7182,-30.16599 30.71832,-30.16648 30.71848,-30.16693 30.71866,-30.16724 30.71895,-30.16763 30.71932,-30.16806 30.71956,-30.16846 30.71981,-30.16894 30.7201,-30.16968 30.72027,-30.17019 30.72051,-30.17077 30.72073,-30.1711 30.7211,-30.17148 30.72138,-30.17172 30.7219,-30.17191 30.72237,-30.172 30.72273,-30.17205 30.72327,-30.17204 30.72374,-30.17201 30.72449,-30.17198 30.7248,-30.17195 30.72525,-30.17199 30.7258,-30.17199 30.72617,-30.17205 30.72663,-30.17219 30.72703,-30.1723 30.72734,-30.17244 30.72768,-30.17254 30.72815,-30.17272 30.72855,-30.17287 30.72894,-30.1731 30.72938,-30.17334 30.72984,-30.17358 30.7303,-30.17386 30.7307,-30.1741 30.73102,-30.17431 30.73138,-30.17458 30.73178,-30.17495 30.73216,-30.1753 30.73242,-30.17554 30.73285,-30.17594 30.73325,-30.17629 30.73362,-30.1767 30.73411,-30.17711 30.73462,-30.17742 30.73512,-30.17758 30.73559,-30.17769 30.73589,-30.17776 30.73616,-30.17779 30.73658,-30.17773 30.73711,-30.17749 30.73754,-30.17717 30.73791,-30.17692 30.73849,-30.17651 30.73912,-30.17615 30.73962,-30.17586 30.74009,-30.17555 30.74044,-30.1752 30.74084,-30.17473 30.74125,-30.1744 30.74148,-30.17426 30.74171,-30.17413 30.74196,-30.174 30.74237,-30.17386 30.74286,-30.17368 30.74325,-30.17353 30.74359,-30.17344 30.74392,-30.17339 30.74446,-30.17333 30.74492,-30.17331 30.74548,-30.17333 30.74594,-30.17337 30.74642,-30.17344 30.74674,-30.1735 30.74701,-30.17357 30.74717,-30.17372 30.74726,-30.17374 30.74731,-30.17376 30.74734,-30.17377 30.74743,-30.17379 30.74753,-30.17384 30.74761,-30.17387 30.74769,-30.17391 30.74774,-30.17393 30.75336,-30.169 30.75153,-30.16561 30.75038,-30.16195 30.74986,-30.15934 30.74981,-30.15929 30.74839,-30.15792 30.74639,-30.15755 30.74455,-30.15796 30.74333,-30.15896 30.742,-30.15794 30.74123,-30.15736 30.73987,-30.15675 30.73897,-30.15635 30.73813,-30.15587 30.73545,-30.15433 30.73325,-30.15131 30.73204,-30.15102 30.72978,-30.15048 30.72695,-30.14819 30.72558,-30.14663 30.72291,-30.14646 30.72253,-30.14644 30.72121,-30.14683 30.71819,-30.14773 30.71842,-30.14391 30.71928,-30.144 30.75603,-30.14764 30.76609,-30.14864 30.77349,-30.14937 30.77402,-30.14825 30.77403,-30.14825 30.78814,-30.1188 30.78861,-30.11911 30.7887,-30.11947 30.78974,-30.1198 30.78976,-30.11983 30.78982,-30.1199 30.78991,-30.11997 30.78999,-30.12 30.79003,-30.12004 30.79007,-30.12009 30.79017,-30.12015 30.79023,-30.12019 30.79031,-30.12026 30.79037,-30.12031 30.79044,-30.12037 30.79064,-30.12055 30.79078,-30.12067 30.79089,-30.12072 30.79097,-30.12074 30.79106,-30.12079 30.79111,-30.12082 30.79117,-30.12086 30.79123,-30.12087 30.79125,-30.12089 30.79131,-30.12092 30.79142,-30.12094 30.79153,-30.12093 30.79159,-30.12091 30.79164,-30.12092 30.79174,-30.12091 30.79182,-30.12087 30.79187,-30.12085 30.79189,-30.12081 30.79189,-30.12077 30.79188,-30.12071 30.79182,-30.12058 30.79176,-30.12044 30.79173,-30.12038 30.79164,-30.12033 30.79156,-30.1203 30.7915,-30.12024 30.79145,-30.12014 30.79143,-30.12006 30.79143,-30.11999 30.79146,-30.11993 30.79152,-30.11989 30.7916,-30.11986 30.7917,-30.11984 30.79182,-30.11983 30.79202,-30.11983 30.79209,-30.11985 30.79215,-30.11988 30.7922,-30.1199 30.79226,-30.11992 30.7923,-30.11992 30.79237,-30.11993 30.79243,-30.11994 30.7925,-30.11995 30.79259,-30.11995 30.79269,-30.11996 30.79277,-30.11997 30.79282,-30.11998 30.79289,-30.11999 30.79295,-30.12 30.793,-30.12002 30.79307,-30.12004 30.79312,-30.12006 30.79322,-30.12007 30.79329,-30.12008 30.79334,-30.12009 30.79341,-30.1201 30.79345,-30.1201 30.79351,-30.12012 30.79358,-30.12012 30.79369,-30.12011 30.79377,-30.12013 30.79383,-30.12014 30.79387,-30.12015 30.79393,-30.12018 30.79398,-30.12018 30.79401,-30.12018 30.79403,-30.12021 30.79403,-30.12032 30.79405,-30.12036 30.79409,-30.12043 30.79416,-30.12052 30.79421,-30.12058 30.79424,-30.12064 30.79427,-30.12076 30.79431,-30.12084 30.79435,-30.12096 30.79436,-30.12104 30.79436,-30.12113 30.79435,-30.12123 30.79434,-30.12135 30.7943,-30.12145 30.79428,-30.12153 30.79428,-30.1216 30.79431,-30.12171 30.79433,-30.12184 30.79436,-30.12199 30.79439,-30.12208 30.79444,-30.12213 30.79447,-30.1222 30.79446,-30.12229 30.79444,-30.12236 30.79443,-30.12239 30.79442,-30.12244 30.79442,-30.12253 30.79445,-30.12262 30.79446,-30.12271 30.79449,-30.12282 30.79451,-30.12289 30.79453,-30.12294 30.7946,-30.12299 30.79464,-30.12302 30.79475,-30.12307 30.79485,-30.12307 30.79497,-30.12309 30.79508,-30.1231 30.79517,-30.12307 30.79527,-30.12303 30.79535,-30.12298 30.79544,-30.12293 30.79555,-30.12288 30.79565,-30.12282 30.79574,-30.12278 30.79584,-30.12275 30.79597,-30.12272 30.79607,-30.12269 30.7962,-30.12266 30.7963,-30.12264 30.79652,-30.12258 30.79658,-30.12256 30.79662,-30.12254 30.79666,-30.12251 30.79672,-30.12243 30.79676,-30.12237 30.7968,-30.12232 30.79685,-30.12228 30.79691,-30.12223 30.79695,-30.12215 30.79697,-30.1221 30.79698,-30.12203 30.79698,-30.12195 30.797,-30.12186 30.79704,-30.12172 30.7971,-30.12163 30.79714,-30.12158 30.7972,-30.12151 30.79723,-30.12146 30.79724,-30.12142 30.79723,-30.12137 30.79722,-30.12133 30.7972,-30.12128 30.79717,-30.12121 30.79714,-30.12119 30.79709,-30.12115 30.79705,-30.12107 30.797,-30.12099 30.79699,-30.12093 30.79699,-30.12084 30.797,-30.1208 30.79702,-30.12075 30.79711,-30.12066 30.79718,-30.12063 30.79723,-30.1206 30.79733,-30.12057 30.7974,-30.12055 30.79746,-30.12051 30.7975,-30.12044 30.79761,-30.12034 30.79768,-30.12029 30.79778,-30.12021 30.7979,-30.12014 30.79799,-30.1201 30.79811,-30.12005 30.79819,-30.12002 30.79826,-30.11998 30.79835,-30.11996 30.79843,-30.11994 30.79857,-30.11992 30.79864,-30.11989 30.79869,-30.11988 30.7989,-30.11988 30.79901,-30.11987 30.79909,-30.11986 30.79914,-30.11984 30.79921,-30.1198 30.79937,-30.11964 30.79941,-30.11956 30.79945,-30.11949 30.79948,-30.11943 30.79954,-30.11934 30.79957,-30.11931 30.79963,-30.11928 30.79968,-30.11924 30.79971,-30.11919 30.79975,-30.11916 30.79978,-30.11912 30.79984,-30.1191 30.80005,-30.1191 30.80024,-30.11912 30.80038,-30.11915 30.80046,-30.11917 30.80054,-30.1192 30.80059,-30.11917 30.80066,-30.11913 30.80074,-30.11913 30.80079,-30.11914 30.80084,-30.11919 30.80088,-30.11922 30.80093,-30.11925 30.80097,-30.11926 30.801,-30.11928 30.80102,-30.11932 30.80105,-30.11939 30.8011,-30.11944 30.80118,-30.11947 30.80124,-30.11951 30.80128,-30.11956 30.80134,-30.11963 30.80138,-30.11968 30.80143,-30.11975 30.80148,-30.11981 30.80151,-30.11985 30.80152,-30.1199 30.80152,-30.11995 30.80153,-30.11998 30.80156,-30.12001 30.80159,-30.12005 30.8016,-30.1201 30.80163,-30.12015 30.80168,-30.12019 30.80175,-30.12023 30.80183,-30.12026 30.80189,-30.12028 30.80194,-30.12026 30.80207,-30.12013 30.80212,-30.12004 30.8022,-30.11993 30.80226,-30.11984 30.80231,-30.11976 30.80238,-30.1197 30.80242,-30.11965 30.80251,-30.11961 30.80256,-30.11957 30.80262,-30.1195 30.80269,-30.11941 30.80273,-30.11934 30.80276,-30.11934 30.80279,-30.11933 30.80281,-30.1193 30.80282,-30.11927 30.8029,-30.11919 30.80293,-30.11914 30.80298,-30.11906 30.80303,-30.11899 30.80312,-30.11881 30.80314,-30.11876 30.80321,-30.11862 30.80327,-30.11859 30.80331,-30.11856 30.8034,-30.11853 30.80348,-30.1185 30.80357,-30.11847 30.80364,-30.11843 30.80368,-30.11839 30.80375,-30.11838 30.8038,-30.11838 30.80384,-30.11839 30.80387,-30.11837 30.8039,-30.11838 30.80395,-30.11838 30.804,-30.11836 30.80436,-30.11836 30.80448,-30.11835 30.80708,-30.11478 30.80729,-30.11449 30.81309,-30.10648 30.81345,-30.10599 30.81317,-30.10491 30.81353,-30.10432 30.81371,-30.10268 30.81471,-30.10107 30.81636,-30.1 30.81697,-30.09994 30.81733,-30.10036 30.819,-30.09834 30.81998,-30.09725 30.82034,-30.09654 30.82028,-30.09646 30.82024,-30.09642 30.82014,-30.09645 30.8201,-30.09636 30.82008,-30.09622 30.82006,-30.09609 30.82005,-30.09599 30.82002,-30.09588 30.82001,-30.09583 30.81989,-30.09571 30.81982,-30.09567 30.81972,-30.09563 30.81964,-30.09557 30.8196,-30.09556 30.81955,-30.0955 30.81955,-30.09544 30.81958,-30.09535 30.81963,-30.09529 30.81967,-30.09523 30.8197,-30.09516 30.8197,-30.0951 30.81969,-30.09504 30.81967,-30.09497 30.81961,-30.09483 30.81961,-30.09474 30.81962,-30.09468 30.81965,-30.09463 30.81966,-30.09454 30.81966,-30.09441 30.81968,-30.09434 30.81972,-30.09425 30.81976,-30.09412 30.81978,-30.094 30.81979,-30.09393 30.81982,-30.09385 30.81986,-30.09378 30.81993,-30.09366 30.82002,-30.09348 30.82007,-30.0934 30.82013,-30.0933 30.82012,-30.09326 30.8201,-30.0932 30.82009,-30.09315 30.82011,-30.09308 30.82012,-30.09303 30.82012,-30.09298 30.8201,-30.09292 30.8201,-30.09286 30.82011,-30.09278 30.82013,-30.09272 30.82017,-30.09263 30.82021,-30.09256 30.82026,-30.09252 30.82033,-30.09247 30.82048,-30.09241 30.82058,-30.09238 30.82069,-30.09235 30.82077,-30.09232 30.82083,-30.09227 30.82091,-30.09218 30.82098,-30.09211 30.82105,-30.09206 30.82112,-30.09198 30.82113,-30.0919 30.82116,-30.09182 30.82119,-30.09177 30.82124,-30.09174 30.82134,-30.09171 30.82144,-30.09169 30.82155,-30.09168 30.82165,-30.0917 30.82176,-30.09171 30.82185,-30.09169 30.82197,-30.09167 30.82211,-30.09165 30.82225,-30.09161 30.82241,-30.09156 30.82252,-30.09152 30.82263,-30.09147 30.82271,-30.09143 30.8228,-30.09136 30.82294,-30.09124 30.82311,-30.09107 30.8232,-30.09094 30.8233,-30.09082 30.82345,-30.09059 30.82355,-30.09044 30.82365,-30.09027 30.82375,-30.09015 30.82387,-30.09003 30.82398,-30.08994 30.8241,-30.08988 30.8242,-30.08981 30.82423,-30.08975 30.82427,-30.08971 30.82431,-30.08968 30.82437,-30.08963 30.82447,-30.08955 30.82459,-30.08949 30.82467,-30.08943 30.82475,-30.08933 30.82487,-30.08921 30.82501,-30.08903 30.82513,-30.08886 30.82525,-30.08873 30.82543,-30.08857 30.82579,-30.08821 30.82593,-30.08809 30.82613,-30.08789 30.82632,-30.08772 30.82644,-30.08759 30.82651,-30.08749 30.82658,-30.08742 30.82671,-30.08731 30.82693,-30.08705 30.82708,-30.08684 30.82717,-30.08667 30.82718,-30.08664 30.82725,-30.08649 30.82733,-30.08632 30.82742,-30.08615 30.82752,-30.08596 30.82763,-30.08579 30.82775,-30.08559 30.82788,-30.08527 30.82807,-30.08482 30.82817,-30.08435 30.82819,-30.08408 30.8282,-30.08392 30.82822,-30.08378 30.82826,-30.08367 30.82828,-30.0836 30.82833,-30.08351 30.82843,-30.08336 30.82849,-30.08318 30.82849,-30.08284 30.82852,-30.08277 30.82857,-30.08266 30.82861,-30.08261 30.82863,-30.08254 30.82865,-30.08236 30.82867,-30.08228 30.82867,-30.08224 30.8287,-30.08213 30.82871,-30.08206 30.82871,-30.08201 30.8287,-30.08193 30.82869,-30.08186 30.82868,-30.0818 30.82867,-30.08172 30.82863,-30.08166 30.82859,-30.08157 30.82855,-30.08145 30.82852,-30.08137 30.82851,-30.0813 30.82849,-30.0812 30.82847,-30.08111 30.82845,-30.081 30.82839,-30.08084 30.82835,-30.08075 30.8283,-30.08068 30.82822,-30.08057 30.82813,-30.08048 30.82798,-30.08034 30.82784,-30.08018 30.82772,-30.08007 30.82758,-30.07995 30.82745,-30.07978 30.82733,-30.07962 30.82724,-30.07951 30.82712,-30.07935 30.82701,-30.07923 30.82691,-30.07916 30.82685,-30.0791 30.8267,-30.07893 30.82662,-30.07882 30.82652,-30.07869 30.82641,-30.07857 30.8263,-30.07851 30.82617,-30.07848 30.82594,-30.07848 30.82582,-30.07847 30.82571,-30.07845 30.82562,-30.07841 30.82554,-30.07838 30.82548,-30.07835 30.8254,-30.07829 30.82536,-30.07825 30.82531,-30.07819 30.82525,-30.07807 30.82511,-30.07785 30.82503,-30.07772 30.82495,-30.07761 30.82486,-30.0775 30.82479,-30.07743 30.82471,-30.07733 30.8246,-30.07723 30.8245,-30.07715 30.82441,-30.07709 30.82421,-30.07695 30.82413,-30.07691 30.82404,-30.07686 30.82395,-30.0768 30.82388,-30.07676 30.8238,-30.07669 30.82363,-30.0767 30.82353,-30.07659 30.82351,-30.07657 30.82347,-30.07652 30.82342,-30.07647 30.8234,-30.07645 30.82338,-30.07642 30.82333,-30.07637 30.82326,-30.07631 30.82323,-30.07628 30.81588,-30.06721 30.80928,-30.05907 30.80926,-30.05905 30.80919,-30.05895 30.80834,-30.05777 30.80753,-30.05665 30.80607,-30.05462 30.80572,-30.05414 30.80564,-30.05402 30.80524,-30.05346 30.80379,-30.05146 30.80356,-30.05113 30.80156,-30.04836 30.80152,-30.0483 30.80149,-30.04826 30.80111,-30.04774 30.8,-30.04619 30.79837,-30.04392 30.79797,-30.04336 30.79591,-30.04051 30.78952,-30.03164 30.78604,-30.0268 30.78502,-30.02538 30.78348,-30.02324 30.78275,-30.02222 30.78217,-30.02142 30.78183,-30.02094 30.78176,-30.02093 30.77986,-30.02137 30.77788,-30.02183 30.77774,-30.02186 30.77758,-30.02163 30.77752,-30.02151 30.77745,-30.02135 30.77737,-30.02121 30.77734,-30.02113 30.77734,-30.02107 30.77731,-30.021 30.77725,-30.0209 30.77718,-30.0208 30.77714,-30.02072 30.77708,-30.02061 30.77699,-30.02046 30.77692,-30.02033 30.77686,-30.02022 30.77681,-30.02012 30.77677,-30.02002 30.77674,-30.01995 30.77672,-30.01989 30.77673,-30.01985 30.77673,-30.0198 30.77666,-30.01973 30.77665,-30.01967 30.77664,-30.01962 30.77664,-30.01952 30.77661,-30.01939 30.7766,-30.01923 30.7766,-30.01879 30.77663,-30.01859 30.77665,-30.01844 30.77666,-30.01829 30.77665,-30.01817 30.77664,-30.01809 30.7766,-30.01793 30.77658,-30.01784 30.77656,-30.01778 30.77655,-30.01771 30.77654,-30.01763 30.77651,-30.0175 30.77648,-30.01738 30.77645,-30.01727 30.77645,-30.01718 30.77644,-30.01704 30.77646,-30.01688 30.77647,-30.01671 30.77653,-30.01649 30.77656,-30.01636 30.77656,-30.01616 30.77657,-30.01607 30.7766,-30.01597 30.77665,-30.0159 30.77671,-30.01579 30.77681,-30.01571 30.7769,-30.01565 30.777,-30.01559 30.7771,-30.01554 30.77719,-30.0155 30.77728,-30.01545 30.77738,-30.01539 30.77748,-30.0153 30.77757,-30.01521 30.77762,-30.01513 30.77767,-30.01507 30.77773,-30.01503 30.77778,-30.01501 30.77787,-30.01499 30.77794,-30.01496 30.77803,-30.01487 30.77809,-30.01479 30.77813,-30.0147 30.77815,-30.01464 30.77824,-30.01443 30.77827,-30.01434 30.77828,-30.01425 30.77827,-30.01416 30.77825,-30.01404 30.7782,-30.01393 30.77811,-30.01384 30.77791,-30.01375 30.77772,-30.01368 30.77756,-30.01361 30.77745,-30.01358 30.77739,-30.01357 30.77716,-30.0135 30.777,-30.01347 30.77682,-30.01343 30.77652,-30.01341 30.77633,-30.01341 30.77616,-30.01342 30.77601,-30.01346 30.77591,-30.0135 30.77586,-30.01354 30.7758,-30.01359 30.77577,-30.01366 30.77574,-30.01371 30.77574,-30.01379 30.77578,-30.01394 30.77579,-30.01405 30.77582,-30.01416 30.77586,-30.01431 30.7759,-30.01443 30.77593,-30.0145 30.77595,-30.01456 30.77598,-30.01462 30.776,-30.01468 30.776,-30.01474 30.77599,-30.01483 30.77597,-30.01489 30.77596,-30.01494 30.77596,-30.01498 30.77597,-30.01504 30.77596,-30.01512 30.77594,-30.01524 30.77591,-30.01545 30.77589,-30.01553 30.77587,-30.01558 30.77584,-30.0156 30.77577,-30.01565 30.77568,-30.01569 30.7756,-30.01575 30.77553,-30.01578 30.77548,-30.01581 30.7754,-30.01584 30.77533,-30.01586 30.77501,-30.01586 30.77486,-30.01587 30.77475,-30.01586 30.77459,-30.01585 30.77444,-30.01582 30.77431,-30.0158 30.77419,-30.01579 30.77409,-30.01577 30.77389,-30.01571 30.77382,-30.01568 30.77375,-30.01567 30.77366,-30.01565 30.7735,-30.01563 30.7734,-30.01561 30.7733,-30.0156 30.77319,-30.01559 30.77308,-30.01557 30.77299,-30.01555 30.77286,-30.01556 30.77277,-30.01558 30.77265,-30.01558 30.77256,-30.01556 30.77248,-30.01555 30.77233,-30.01553 30.77201,-30.01547 30.77188,-30.01545 30.77174,-30.01543 30.77158,-30.01541 30.77143,-30.01539 30.77125,-30.01537 30.77107,-30.01534 30.77094,-30.01531 30.77079,-30.01528 30.77067,-30.01525 30.77056,-30.01521 30.77047,-30.01517 30.77036,-30.01511 30.77021,-30.01503 30.77001,-30.01495 30.7699,-30.01492 30.76978,-30.01488 30.76971,-30.01484 30.76963,-30.01478 30.76955,-30.01473 30.76948,-30.01471 30.7694,-30.0147 30.76922,-30.01468 30.7691,-30.01463 30.76899,-30.01461 30.76883,-30.01459 30.7687,-30.01458 30.76852,-30.01456 30.7684,-30.01454 30.76823,-30.0145 30.76811,-30.01449 30.76804,-30.01447 30.76796,-30.01444 30.76787,-30.0144 30.76778,-30.01437 30.76774,-30.01434 30.7677,-30.01432 30.76766,-30.01428 30.76762,-30.01426 30.76756,-30.01424 30.76751,-30.01423 30.76743,-30.01424 30.76733,-30.01425 30.76726,-30.01425 30.7672,-30.01424 30.76713,-30.01421 30.76702,-30.01414 30.76691,-30.01405 30.76678,-30.01395 30.76664,-30.01382 30.76653,-30.01372 30.76644,-30.0136 30.76624,-30.01335 30.7662,-30.01332 30.76616,-30.01329 30.76608,-30.01319 30.76595,-30.01301 30.76589,-30.0129 30.76577,-30.01266 30.76571,-30.01259 30.76566,-30.01253 30.76561,-30.01249 30.76557,-30.01246 30.76556,-30.01242 30.76555,-30.01236 30.76552,-30.0123 30.76546,-30.01224 30.76536,-30.01216 30.7652,-30.01205 30.7651,-30.01199 30.76503,-30.01195 30.76491,-30.01188 30.76487,-30.01184 30.76481,-30.01179 30.7648,-30.01175 30.76473,-30.01169 30.76463,-30.01164 30.76454,-30.01161 30.76447,-30.01161 30.76439,-30.01163 30.76429,-30.01164 30.76419,-30.01168 30.76405,-30.01172 30.76389,-30.01175 30.76374,-30.01179 30.76358,-30.01186 30.76343,-30.01194 30.76305,-30.01212 30.7629,-30.01221 30.76277,-30.0123 30.76266,-30.0124 30.76258,-30.01245 30.76248,-30.01251 30.76238,-30.01256 30.76228,-30.0126 30.7622,-30.01262 30.76214,-30.01263 30.762,-30.01263 30.76193,-30.01265 30.76179,-30.01273 30.76166,-30.01278 30.76155,-30.01281 30.76142,-30.01283 30.76127,-30.01287 30.76115,-30.01291 30.76105,-30.01292 30.76095,-30.01296 30.76091,-30.01299 30.7609,-30.01304 30.76056,-30.01338 30.76045,-30.01345 30.76039,-30.01349 30.76031,-30.01357 30.76024,-30.01362 30.76009,-30.0137 30.76003,-30.01376 30.75998,-30.01381 30.7599,-30.01385 30.75979,-30.01391 30.75969,-30.01398 30.75962,-30.01401 30.75954,-30.01402 30.75944,-30.01407 30.75936,-30.01412 30.75931,-30.01417 30.75926,-30.01424 30.75919,-30.01431 30.75912,-30.01435 30.75902,-30.0144 30.75893,-30.01442 30.75881,-30.01445 30.75875,-30.01446 30.75867,-30.01449 30.75859,-30.01451 30.7585,-30.01452 30.75832,-30.01452 30.75821,-30.01453 30.75808,-30.01456 30.75784,-30.01462 30.75759,-30.01469 30.75745,-30.01474 30.75736,-30.01477 30.75721,-30.01483 30.75712,-30.01485 30.75698,-30.01488 30.7568,-30.01494 30.75664,-30.01501 30.75628,-30.01517 30.75617,-30.01521 30.75612,-30.01525 30.75606,-30.0153 30.756,-30.01533 30.75592,-30.01538 30.75587,-30.01545 30.75583,-30.01549 30.75575,-30.01554 30.75569,-30.01559 30.75564,-30.01565 30.75556,-30.01572 30.75548,-30.01581 30.75537,-30.0159 30.75526,-30.01602 30.75521,-30.01609 30.75515,-30.01614 30.75508,-30.01617 30.755,-30.01622 30.75489,-30.01632 30.75471,-30.01648 30.75465,-30.01653 30.75451,-30.01663 30.75443,-30.01669 30.75433,-30.01673 30.75421,-30.01676 30.75404,-30.01681 30.75383,-30.01686 30.75349,-30.0169 30.75332,-30.01689 30.7532,-30.01687 30.75306,-30.01684 30.75291,-30.01682 30.75275,-30.01679 30.75259,-30.01675 30.7524,-30.01674 30.75226,-30.01671 30.75211,-30.0167 30.75196,-30.01668 30.75184,-30.01664 30.7517,-30.01662 30.7516,-30.01661 30.75152,-30.01659 30.75141,-30.01656 30.75131,-30.01653 30.75118,-30.01649 30.75106,-30.01645 30.75096,-30.0164 30.75089,-30.01635 30.75083,-30.0163 30.75076,-30.01626 30.7507,-30.01621 30.75063,-30.01614 30.75053,-30.01608 30.7504,-30.01599 30.75026,-30.01588 30.75019,-30.01582 30.75015,-30.01577 30.75011,-30.01571 30.75008,-30.01563 30.75004,-30.01554 30.75001,-30.01546 30.74994,-30.01536 30.74988,-30.01524 30.74981,-30.01513 30.74974,-30.01501 30.74968,-30.01481 30.74964,-30.01477 30.74962,-30.01471 30.74961,-30.01461 30.74958,-30.01452 30.74956,-30.0144 30.74953,-30.0143 30.74949,-30.0142 30.74946,-30.01411 30.74945,-30.014 30.74943,-30.0139 30.74938,-30.01377 30.74933,-30.01365 30.74931,-30.01353 30.74928,-30.01342 30.74927,-30.01332 30.74929,-30.01325 30.74934,-30.01316 30.74937,-30.01305 30.74939,-30.01299 30.74939,-30.01293 30.74938,-30.01283 30.74936,-30.01274 30.7493,-30.01263 30.74925,-30.01256 30.74923,-30.01248 30.74919,-30.01239 30.74916,-30.01232 30.74908,-30.01227 30.74896,-30.01221 30.74888,-30.01214 30.74882,-30.01208 30.74881,-30.01201 30.74881,-30.01195 30.74877,-30.01192 30.7487,-30.0119 30.74859,-30.01188 30.7484,-30.01183 30.74812,-30.0118 30.74802,-30.01183 30.74779,-30.01188 30.74756,-30.01194 30.74736,-30.01198 30.74486,-30.0127 30.74276,-30.01103 30.73472,-30.01381 30.73323,-30.01785 30.73255,-30.0197 30.73038,-30.02557 30.72309,-30.03553 30.72437,-30.0401 30.7267,-30.04102 30.73046,-30.04648 30.73361,-30.0459 30.73444,-30.04742 30.73434,-30.04911 30.73432,-30.04951 30.73179,-30.04976 30.7293,-30.04983 30.72791,-30.04694 30.72778,-30.04598 30.72681,-30.04772 30.72534,-30.04805 30.72457,-30.04556 30.72214,-30.04499 30.72186,-30.03883 30.71844,-30.03736 30.71668,-30.036 30.71419,-30.03623 30.71224,-30.03753 30.71032,-30.03491 30.70785,-30.03612 30.70764,-30.03622 30.70421,-30.03453 30.69729,-30.03338 30.69498,-30.03155 30.69008,-30.03121 30.68365,-30.03083 30.68272,-30.02619 30.6823,-30.02598 30.68149,-30.02557 30.67839,-30.02681 30.67746,-30.02433 30.67499,-30.02433 30.67344,-30.02743 30.67168,-30.02711 30.67003,-30.02681 30.66663,-30.02526 30.66333,-30.01638 30.66331,-30.01633 30.66261,-30.01443 30.66372,-30.01319 30.66402,-30.01273 30.66432,-30.01228 30.66462,-30.01182 30.66491,-30.01137 30.66521,-30.01091 30.66585,-30.00995 30.66618,-30.00943 30.66686,-30.00929 30.66719,-30.00922 30.66753,-30.00915 30.66787,-30.00907 30.66821,-30.009 30.66854,-30.00893 30.66888,-30.00886 30.66922,-30.00878 30.66955,-30.00871 30.67343,-30.00621 30.67649,-30.00558 30.67917,-30.00315 30.67926,-30.0031 30.68334,-30.00051 30.69294,-29.99989 30.70036,-29.99184 30.69882,-29.98813 30.70074,-29.98675 30.70077,-29.98673 30.70098,-29.98658 30.70057,-29.98625 30.70055,-29.98631 30.70048,-29.98656 30.69866,-29.98501 30.6952,-29.98205 30.69387,-29.98101 30.68918,-29.97825 30.6884,-29.97801 30.68507,-29.97959 30.68326,-29.98053 30.68308,-29.98053 30.68272,-29.9807 30.68227,-29.98053 30.67874,-29.98053 30.66927,-29.98527 30.66837,-29.98524 30.66818,-29.98534 30.66006,-29.98534 30.65989,-29.98534 30.65765,-29.98534 30.65652,-29.98466 30.65372,-29.97914 30.65369,-29.97907 30.65336,-29.97446 30.65328,-29.97334 30.65558,-29.96799 30.65982,-29.95813 30.66646,-29.94271 30.6672,-29.94098 30.67525,-29.92222 30.66619,-29.92474 30.65855,-29.92172 30.66321,-29.91277 30.6633,-29.91259 30.66331,-29.91258 30.66412,-29.91102 30.65661,-29.90828 30.65661,-29.90378 30.65794,-29.8951 30.65013,-29.89316 30.64824,-29.89839 30.64776,-29.89972 30.64607,-29.90443 30.63637,-29.90089 30.63635,-29.90088 30.62138,-29.88514 30.62033,-29.8812 30.61985,-29.87939 30.61986,-29.87931 30.61987,-29.87915 30.61988,-29.87891 30.61989,-29.87864 30.61989,-29.87848 30.61985,-29.87837 30.61979,-29.87824 30.61972,-29.87809 30.61967,-29.87798 30.61961,-29.87783 30.61953,-29.87766 30.61954,-29.87758 30.61958,-29.8775 30.61958,-29.87742 30.61957,-29.87734 30.61956,-29.87725 30.61947,-29.87713 30.61945,-29.87703 30.61945,-29.87697 30.61949,-29.87689 30.61955,-29.87671 30.61959,-29.87665 30.61963,-29.87658 30.61967,-29.87647 30.61973,-29.87639 30.61984,-29.87628 30.61992,-29.87618 30.62001,-29.8761 30.62013,-29.87594 30.62018,-29.87586 30.62024,-29.87577 30.62029,-29.87569 30.62039,-29.87556 30.62056,-29.87539 30.62065,-29.87532 30.62076,-29.87525 30.6208,-29.8752 30.6208,-29.87511 30.62073,-29.87504 30.62069,-29.87496 30.62067,-29.87486 30.62069,-29.87477 30.62079,-29.87461 30.6208,-29.87453 30.62083,-29.87446 30.62089,-29.8744 30.62098,-29.87437 30.62104,-29.87434 30.62117,-29.8743 30.62134,-29.87425 30.62148,-29.8742 30.6216,-29.87413 30.62168,-29.87405 30.62174,-29.87398 30.6218,-29.8739 30.62187,-29.8738 30.62199,-29.87369 30.62212,-29.87356 30.62223,-29.8734 30.62227,-29.87333 30.6223,-29.87329 30.62226,-29.87316 30.62221,-29.87307 30.6222,-29.87297 30.62224,-29.87287 30.62234,-29.87279 30.62245,-29.8727 30.62257,-29.8726 30.62268,-29.87243 30.62275,-29.87229 30.62285,-29.87211 30.62291,-29.8719 30.62297,-29.87178 30.623,-29.87164 30.62306,-29.87153 30.62309,-29.87143 30.62315,-29.87132 30.62324,-29.87124 30.62338,-29.87116 30.62352,-29.8711 30.62366,-29.87105 30.62375,-29.87101 30.62383,-29.87096 30.62399,-29.8709 30.62412,-29.87085 30.62423,-29.87078 30.62435,-29.87071 30.62445,-29.87064 30.62448,-29.87058 30.62453,-29.87047 30.62453,-29.87037 30.62454,-29.87028 30.62458,-29.87016 30.62461,-29.87004 30.62464,-29.86989 30.62466,-29.86976 30.62471,-29.86968 30.62478,-29.86954 30.62488,-29.86943 30.62495,-29.86932 30.62497,-29.86924 30.62498,-29.86913 30.62494,-29.869 30.62491,-29.86893 30.62485,-29.86883 30.62484,-29.8687 30.62485,-29.86857 30.62486,-29.86843 30.62488,-29.86829 30.62489,-29.86818 30.62488,-29.86807 30.62486,-29.86799 30.62484,-29.86794 30.62479,-29.86789 30.62477,-29.86782 30.62475,-29.86774 30.62474,-29.86765 30.62474,-29.86751 30.62473,-29.86741 30.6247,-29.86731 30.62469,-29.86723 30.62467,-29.86711 30.62468,-29.86698 30.62464,-29.86683 30.62458,-29.8667 30.62451,-29.86663 30.62441,-29.86657 30.62429,-29.8665 30.62425,-29.86643 30.62419,-29.86628 30.62416,-29.8662 30.62411,-29.86614 30.62407,-29.86608 30.62405,-29.86599 30.62405,-29.86592 30.62408,-29.86584 30.62411,-29.86575 30.62411,-29.86571 30.6241,-29.86567 30.62404,-29.8656 30.62392,-29.86549 30.62385,-29.86544 30.62379,-29.86534 30.62375,-29.86527 30.6237,-29.86521 30.62365,-29.86512 30.62364,-29.86504 30.62364,-29.86475 30.6236,-29.86462 30.62355,-29.86451 30.6235,-29.86444 30.62344,-29.86438 30.62339,-29.86435 30.62333,-29.8643 30.62322,-29.86423 30.62312,-29.86421 30.62301,-29.86415 30.62287,-29.86406 30.62279,-29.86398 30.62261,-29.86381 30.62253,-29.86368 30.62249,-29.86355 30.62245,-29.86338 30.62242,-29.86324 30.62238,-29.86307 30.62233,-29.86293 30.62228,-29.8627 30.62226,-29.86254 30.62221,-29.86239 30.62211,-29.86218 30.62202,-29.86203 30.62194,-29.86189 30.62188,-29.86174 30.6218,-29.8616 30.62173,-29.86153 30.62168,-29.86145 30.62164,-29.86139 30.62165,-29.86134 30.62166,-29.86126 30.62165,-29.86118 30.62163,-29.86112 30.62161,-29.861 30.62162,-29.86095 30.62159,-29.86089 30.62157,-29.86083 30.62155,-29.86079 30.62157,-29.86073 30.62158,-29.86069 30.62161,-29.86066 30.62159,-29.86056 30.62158,-29.86046 30.62156,-29.86034 30.62152,-29.86023 30.62151,-29.86017 30.62152,-29.86012 30.62151,-29.86001 30.62151,-29.8599 30.62152,-29.85979 30.62151,-29.85966 30.62149,-29.85961 30.62146,-29.85953 30.62142,-29.85943 30.62141,-29.85933 30.62139,-29.85925 30.62139,-29.85912 30.62137,-29.85904 30.62136,-29.85899 30.62136,-29.85895 30.62138,-29.85888 30.62138,-29.8587 30.62139,-29.8586 30.6214,-29.85854 30.62143,-29.85846 30.62147,-29.85839 30.6215,-29.85836 30.62152,-29.85831 30.62152,-29.85828 30.62162,-29.85823 30.62163,-29.85819 30.62166,-29.85816 30.6217,-29.85809 30.62174,-29.85805 30.62174,-29.85801 30.62175,-29.85793 30.62178,-29.85782 30.62178,-29.85778 30.62179,-29.85769 30.62178,-29.85758 30.62179,-29.8575 30.62179,-29.85743 30.62178,-29.85738 30.62177,-29.85731 30.62178,-29.85725 30.62178,-29.85722 30.62181,-29.8572 30.62182,-29.85712 30.62183,-29.85707 30.62183,-29.85701 30.62186,-29.85697 30.62186,-29.85683 30.62187,-29.85678 30.62189,-29.85668 30.62189,-29.85658 30.6219,-29.8565 30.62192,-29.85643 30.62192,-29.8564 30.6219,-29.85634 30.62188,-29.85629 30.62188,-29.85626 30.62189,-29.85621 30.62188,-29.85615 30.62188,-29.85583 30.62187,-29.8558 30.62186,-29.85567 30.62185,-29.85557 30.62185,-29.85532 30.62184,-29.85522 30.62183,-29.85506 30.6218,-29.85496 30.62177,-29.85489 30.62171,-29.85473 30.62166,-29.85466 30.6216,-29.8546 30.62154,-29.85455 30.62138,-29.85439 30.62132,-29.85434 30.62124,-29.85426 30.62117,-29.85421 30.6211,-29.85415 30.62105,-29.8541 30.62101,-29.85404 30.621,-29.85397 30.62099,-29.85393 30.62099,-29.85388 30.62098,-29.85383 30.62098,-29.85372 30.62096,-29.85368 30.62096,-29.85363 30.62097,-29.8536 30.62099,-29.85355 30.621,-29.85352 30.621,-29.85347 30.62103,-29.85336 30.62103,-29.85329 30.62101,-29.85321 30.62097,-29.85314 30.62092,-29.85307 30.62089,-29.85304 30.62085,-29.85301 30.62078,-29.85295 30.62071,-29.8529 30.62063,-29.85282 30.6206,-29.8528 30.62055,-29.85278 30.6205,-29.85275 30.62042,-29.85272 30.62036,-29.85269 30.62032,-29.85269 30.62027,-29.85268 30.62021,-29.85267 30.62015,-29.85265 30.62008,-29.85262 30.62003,-29.85261 30.61993,-29.85262 30.61986,-29.85263 30.6198,-29.85263 30.61973,-29.85261 30.61965,-29.85257 30.61951,-29.85252 30.61936,-29.85244 30.61927,-29.85256 30.61923,-29.85262 30.61915,-29.85272 30.61899,-29.85291 30.6189,-29.85301 30.61882,-29.8531 30.61871,-29.8532 30.6186,-29.85329 30.61849,-29.85334 30.6184,-29.85337 30.61829,-29.8534 30.61818,-29.85344 30.61809,-29.85348 30.618,-29.8535 30.61789,-29.85351 30.61776,-29.85353 30.61767,-29.85355 30.6176,-29.85357 30.61753,-29.8536 30.61747,-29.85361 30.61736,-29.85361 30.61727,-29.8536 30.61718,-29.85358 30.61706,-29.85356 30.61692,-29.85354 30.6168,-29.85355 30.61669,-29.85357 30.61661,-29.85358 30.61647,-29.85358 30.61632,-29.85357 30.61614,-29.85355 30.61602,-29.85354 30.61586,-29.8535 30.61568,-29.85343 30.61555,-29.85336 30.61545,-29.85333 30.61537,-29.85328 30.61537,-29.85322 30.61538,-29.85317 30.61538,-29.85313 30.61536,-29.85305 30.61531,-29.85294 30.61526,-29.85284 30.61521,-29.85273 30.61502,-29.85235 30.61499,-29.85224 30.61494,-29.85215 30.61486,-29.85206 30.61479,-29.852 30.61476,-29.85195 30.61472,-29.85182 30.61468,-29.85172 30.61462,-29.85162 30.61458,-29.85157 30.61455,-29.85147 30.61451,-29.85138 30.61449,-29.85129 30.61448,-29.85123 30.61446,-29.85113 30.61445,-29.851 30.61441,-29.85089 30.61435,-29.85082 30.61425,-29.85072 30.61419,-29.85059 30.61413,-29.85048 30.61409,-29.85028 30.61404,-29.85012 30.614,-29.85002 30.61395,-29.84985 30.61391,-29.84968 30.61388,-29.84944 30.61385,-29.84924 30.6138,-29.84898 30.61377,-29.8488 30.61375,-29.84858 30.61372,-29.84842 30.61367,-29.8482 30.61365,-29.84798 30.61362,-29.84781 30.61359,-29.84763 30.61357,-29.8475 30.61355,-29.84735 30.61352,-29.84721 30.6135,-29.84697 30.61347,-29.84687 30.61346,-29.8467 30.61346,-29.84662 30.61347,-29.84657 30.61348,-29.84649 30.61353,-29.8464 30.61361,-29.84627 30.61367,-29.84618 30.61374,-29.84608 30.61378,-29.84599 30.61382,-29.84591 30.61385,-29.84582 30.61391,-29.84569 30.61397,-29.84553 30.61403,-29.84539 30.61406,-29.84531 30.6142,-29.8451 30.61421,-29.84502 30.6142,-29.84494 30.61417,-29.84467 30.61416,-29.84454 30.61414,-29.8443 30.61413,-29.84412 30.61411,-29.84402 30.6141,-29.84394 30.61411,-29.84387 30.61411,-29.84376 30.6141,-29.8437 30.61407,-29.84363 30.61403,-29.84358 30.61399,-29.84352 30.61396,-29.84347 30.61395,-29.84337 30.61389,-29.84325 30.61384,-29.84313 30.61378,-29.84306 30.61373,-29.84298 30.61369,-29.84288 30.61364,-29.84275 30.61357,-29.84255 30.6135,-29.8424 30.61344,-29.84229 30.61338,-29.84219 30.61332,-29.84206 30.61329,-29.84195 30.61323,-29.84182 30.61317,-29.84172 30.61312,-29.84165 30.6131,-29.84159 30.61308,-29.84156 30.61305,-29.84152 30.61298,-29.84146 30.61292,-29.84139 30.61282,-29.84129 30.61274,-29.84119 30.61267,-29.84111 30.61261,-29.84099 30.61254,-29.84088 30.61243,-29.84066 30.61232,-29.84052 30.61223,-29.84042 30.61216,-29.84036 30.61205,-29.8403 30.61199,-29.84024 30.61194,-29.84018 30.6119,-29.84012 30.61179,-29.84005 30.61165,-29.83996 30.61159,-29.83992 30.61147,-29.83986 30.61135,-29.83979 30.61125,-29.83974 30.61109,-29.83967 30.61089,-29.83958 30.6107,-29.83949 30.61059,-29.83946 30.61042,-29.83942 30.61028,-29.8394 30.61018,-29.8394 30.61005,-29.83941 30.60996,-29.83943 30.60985,-29.83945 30.60973,-29.83949 30.60967,-29.83952 30.60959,-29.83957 30.60953,-29.83963 30.60947,-29.8397 30.60944,-29.83976 30.60942,-29.83979 30.6094,-29.83981 30.60933,-29.83982 30.60924,-29.83985 30.60915,-29.83985 30.60911,-29.83983 30.60905,-29.83981 30.60899,-29.83977 30.60892,-29.83972 30.6088,-29.8396 30.60876,-29.83951 30.60872,-29.83943 30.6087,-29.83938 30.60869,-29.83935 30.6087,-29.83927 30.6087,-29.83921 30.60869,-29.83913 30.60867,-29.83905 30.60863,-29.83896 30.6086,-29.83886 30.60857,-29.83875 30.60857,-29.83864 30.6086,-29.83855 30.60864,-29.83845 30.60867,-29.83836 30.60869,-29.83828 30.60871,-29.83815 30.60871,-29.83803 30.60872,-29.83788 30.60872,-29.83769 30.60874,-29.83758 30.60879,-29.83743 30.60883,-29.83727 30.60885,-29.83711 30.60888,-29.83686 30.60892,-29.83661 30.60896,-29.83643 30.60898,-29.83633 30.60906,-29.83613 30.6091,-29.836 30.60912,-29.83592 30.60912,-29.83583 30.6091,-29.83572 30.60907,-29.83556 30.60905,-29.83551 30.609,-29.83539 30.6089,-29.83519 30.60881,-29.83502 30.60871,-29.83488 30.6086,-29.83473 30.60843,-29.83456 30.6082,-29.83437 30.60806,-29.83427 30.60778,-29.83412 30.60754,-29.83404 30.60722,-29.83398 30.60697,-29.83395 30.60676,-29.83394 30.6063,-29.83397 30.60613,-29.83398 30.60595,-29.834 30.60579,-29.83401 30.60556,-29.83405 30.60536,-29.83408 30.605,-29.83408 30.60486,-29.83406 30.60475,-29.83406 30.60466,-29.83407 30.60452,-29.83409 30.60439,-29.83411 30.6043,-29.83413 30.6041,-29.83417 30.60398,-29.83419 30.60382,-29.83421 30.60352,-29.83433 30.60342,-29.83439 30.60334,-29.83446 30.60329,-29.83453 30.60323,-29.8346 30.60318,-29.83466 30.60316,-29.83469 30.60315,-29.83473 30.60313,-29.8348 30.60309,-29.83488 30.60308,-29.83495 30.60304,-29.83511 30.60303,-29.8352 30.60302,-29.8353 30.60296,-29.83556 30.60293,-29.83567 30.60291,-29.83575 30.6029,-29.83581 30.6029,-29.8359 30.60292,-29.83599 30.60292,-29.83607 30.60289,-29.83613 30.60284,-29.83619 30.60272,-29.83628 30.60254,-29.83645 30.60231,-29.83663 30.60215,-29.83677 30.60201,-29.83688 30.60192,-29.83693 30.60184,-29.83694 30.60163,-29.83694 30.60151,-29.83695 30.60096,-29.83695 30.60082,-29.83694 30.60067,-29.83692 30.6005,-29.83689 30.60036,-29.83686 30.60017,-29.83682 30.59999,-29.8368 30.59979,-29.83678 30.59964,-29.83676 30.59947,-29.83673 30.59932,-29.83669 30.59915,-29.83663 30.59899,-29.83659 30.59882,-29.83655 30.59865,-29.83653 30.5985,-29.83651 30.59805,-29.83651 30.59798,-29.83653 30.59791,-29.83657 30.59782,-29.83665 30.59776,-29.8367 30.59771,-29.83675 30.59766,-29.83682 30.59756,-29.83688 30.59751,-29.83692 30.59744,-29.83694 30.59735,-29.83696 30.59722,-29.83696 30.59709,-29.83695 30.59677,-29.83687 30.59662,-29.83685 30.59651,-29.83683 30.59636,-29.83679 30.59624,-29.83676 30.59613,-29.83674 30.59601,-29.83669 30.5958,-29.83662 30.59569,-29.83657 30.59559,-29.83651 30.59548,-29.83646 30.59539,-29.83641 30.59532,-29.83637 30.59525,-29.83632 30.59516,-29.83624 30.5951,-29.83619 30.59503,-29.83614 30.59496,-29.83608 30.59488,-29.83602 30.59478,-29.83593 30.59464,-29.83579 30.59456,-29.83573 30.59452,-29.83571 30.59412,-29.83595 30.58679,-29.84025 30.57488,-29.84723 30.5758,-29.83415 30.57597,-29.83175 30.57598,-29.83166 30.576,-29.8315 30.57635,-29.82976 30.57735,-29.8249 30.57762,-29.82356 30.57799,-29.82177 30.57907,-29.81653 30.57947,-29.81453 30.58124,-29.8059 30.5813,-29.80558 30.58408,-29.79202 30.58471,-29.78894 30.58566,-29.78427 30.58569,-29.78415 30.58521,-29.78098 30.58647,-29.78073 30.5859,-29.77457 30.58575,-29.77297 30.58564,-29.77181 30.58544,-29.76972 30.58522,-29.76732 30.58448,-29.75941 30.58446,-29.7592 30.58418,-29.75924 30.58197,-29.75954 30.58147,-29.75629 30.58142,-29.7559 30.58141,-29.7558 30.58061,-29.75062 30.57651,-29.75103 30.57617,-29.75107 30.57612,-29.74935 30.57601,-29.74613 30.57036,-29.74607 30.56572,-29.74602 30.56751,-29.73894 30.56795,-29.73723 30.56901,-29.73313 30.56924,-29.73224 30.56934,-29.73185 30.56939,-29.73165 30.56813,-29.73136 30.56627,-29.73093 30.56554,-29.73077 30.56507,-29.73064 30.56453,-29.73051 30.5639,-29.73041 30.56314,-29.73002 30.5622,-29.72933 30.56173,-29.72899 30.56158,-29.72888 30.56104,-29.72856 30.56048,-29.72836 30.56021,-29.72831 30.56,-29.72829 30.56008,-29.72814 30.56015,-29.72803 30.56137,-29.72589 30.5626,-29.72375 30.56382,-29.72161 30.56505,-29.71947 30.5657,-29.71833 30.56572,-29.71829 30.56627,-29.71732 30.5675,-29.71518 30.56872,-29.71304 30.56995,-29.7109 30.57117,-29.70876 30.5724,-29.70661 30.57412,-29.69961 30.57499,-29.69612 30.57585,-29.69262 30.57645,-29.69021 30.57668,-29.68926 30.57757,-29.68562 30.57843,-29.68212 30.5793,-29.67862 30.58016,-29.67512 30.58102,-29.6718 30.58528,-29.65439 30.58531,-29.6544 30.62205,-29.6683 30.62217,-29.66835 30.62244,-29.66787 30.63626,-29.64337 30.63645,-29.64365 30.63659,-29.64378 30.63665,-29.64392 30.63676,-29.64409 30.63681,-29.64421 30.63687,-29.64435 30.63695,-29.64452 30.63701,-29.64473 30.63706,-29.6449 30.63708,-29.64505 30.63709,-29.64523 30.63708,-29.64542 30.63706,-29.64574 30.63704,-29.64594 30.63702,-29.64618 30.63703,-29.64644 30.63704,-29.64673 30.63702,-29.6469 30.63701,-29.64713 30.63698,-29.64735 30.63694,-29.64756 30.63686,-29.64774 30.63679,-29.64792 30.6367,-29.64808 30.63662,-29.64822 30.63655,-29.64837 30.63646,-29.64856 30.63634,-29.64877 30.63632,-29.64885 30.63626,-29.64898 30.63624,-29.6492 30.63625,-29.64937 30.63626,-29.64955 30.63628,-29.64976 30.6363,-29.64988 30.63638,-29.64999 30.63651,-29.65014 30.63659,-29.65032 30.63666,-29.65046 30.63673,-29.65058 30.63678,-29.65071 30.63681,-29.65088 30.63686,-29.65111 30.63689,-29.65127 30.6369,-29.65144 30.63692,-29.65163 30.63692,-29.65183 30.6369,-29.65206 30.63688,-29.65227 30.63686,-29.65252 30.63683,-29.65276 30.63678,-29.65299 30.63675,-29.65321 30.63672,-29.65344 30.63668,-29.65359 30.63662,-29.65374 30.63659,-29.65387 30.63658,-29.65399 30.63657,-29.65417 30.63654,-29.65451 30.6365,-29.65463 30.63646,-29.6547 30.63645,-29.65482 30.63648,-29.65498 30.63651,-29.65512 30.63649,-29.65527 30.63646,-29.65547 30.63643,-29.65572 30.6364,-29.65595 30.63635,-29.65621 30.63629,-29.65648 30.63623,-29.65672 30.63618,-29.65691 30.63613,-29.65708 30.63606,-29.65729 30.63595,-29.65752 30.63581,-29.65774 30.63568,-29.65787 30.63563,-29.65803 30.6355,-29.65827 30.63533,-29.65855 30.63514,-29.65887 30.63498,-29.65913 30.63487,-29.65931 30.63479,-29.65954 30.63467,-29.65986 30.63461,-29.66014 30.63456,-29.66037 30.63455,-29.66066 30.63456,-29.6608 30.6346,-29.66092 30.63469,-29.66105 30.63477,-29.66114 30.63487,-29.66124 30.635,-29.66128 30.6351,-29.66128 30.63524,-29.66126 30.63536,-29.66122 30.63546,-29.66121 30.6356,-29.66123 30.63587,-29.66125 30.63609,-29.66128 30.63626,-29.66127 30.63627,-29.66127 30.63631,-29.66127 30.63636,-29.66126 30.63644,-29.66126 30.6365,-29.66129 30.63653,-29.66132 30.63654,-29.66138 30.63656,-29.66142 30.63657,-29.66146 30.6366,-29.66151 30.63666,-29.66156 30.63672,-29.66158 30.6368,-29.66159 30.63695,-29.66161 30.63708,-29.6616 30.63724,-29.66159 30.63778,-29.66157 30.63804,-29.66155 30.63826,-29.66154 30.63839,-29.66154 30.63853,-29.66153 30.63872,-29.66147 30.63892,-29.66141 30.63911,-29.66133 30.63926,-29.66129 30.63942,-29.66126 30.63958,-29.66124 30.63977,-29.66124 30.63994,-29.66125 30.64004,-29.66126 30.64026,-29.66132 30.64046,-29.66137 30.64068,-29.66144 30.64091,-29.66152 30.64109,-29.66161 30.6412,-29.6617 30.64142,-29.66185 30.64165,-29.662 30.64185,-29.66214 30.64212,-29.66233 30.64233,-29.66248 30.64256,-29.66262 30.64287,-29.66285 30.64302,-29.66298 30.64315,-29.66314 30.6433,-29.66324 30.64344,-29.66332 30.64349,-29.66334 30.64358,-29.66337 30.64376,-29.66344 30.64393,-29.66351 30.64396,-29.66353 30.64414,-29.66365 30.64438,-29.66383 30.64462,-29.66408 30.64476,-29.66426 30.64486,-29.66438 30.64504,-29.66456 30.64516,-29.66462 30.64517,-29.66462 30.64529,-29.66466 30.64547,-29.66467 30.64566,-29.66464 30.64595,-29.66456 30.64626,-29.66445 30.64648,-29.66439 30.64673,-29.66435 30.64694,-29.66431 30.64716,-29.66422 30.64736,-29.66411 30.64742,-29.66401 30.64742,-29.66386 30.64736,-29.6637 30.64726,-29.66353 30.64718,-29.66333 30.64713,-29.66311 30.64712,-29.66292 30.64716,-29.66275 30.6472,-29.66255 30.64725,-29.66231 30.64729,-29.66207 30.64729,-29.66186 30.64728,-29.66167 30.64723,-29.66152 30.64715,-29.66141 30.64713,-29.66125 30.64713,-29.6611 30.64716,-29.66089 30.64723,-29.66077 30.64733,-29.66069 30.64755,-29.66061 30.6477,-29.6606 30.64791,-29.6606 30.64815,-29.66058 30.64832,-29.66052 30.6485,-29.66046 30.64859,-29.66039 30.64875,-29.66033 30.64892,-29.66027 30.64906,-29.66018 30.64921,-29.66014 30.64938,-29.66013 30.6496,-29.66017 30.64978,-29.66023 30.64999,-29.66035 30.65017,-29.66047 30.65037,-29.66053 30.65066,-29.66059 30.65086,-29.66059 30.65112,-29.66058 30.65133,-29.66054 30.65151,-29.66046 30.65169,-29.66028 30.65184,-29.66011 30.65205,-29.65993 30.65222,-29.65976 30.65223,-29.65965 30.65219,-29.65954 30.65205,-29.65944 30.65183,-29.65935 30.65161,-29.6592 30.65142,-29.65903 30.6513,-29.65888 30.65119,-29.65879 30.65103,-29.65865 30.65076,-29.65848 30.65059,-29.65836 30.65047,-29.65824 30.65029,-29.6581 30.65013,-29.65803 30.64996,-29.658 30.64974,-29.65796 30.64948,-29.65786 30.64921,-29.65776 30.64893,-29.65765 30.64872,-29.65758 30.64841,-29.65745 30.64819,-29.65734 30.64803,-29.65722 30.64785,-29.65707 30.6477,-29.65694 30.64749,-29.65681 30.64722,-29.65664 30.64703,-29.65652 30.64686,-29.65637 30.64675,-29.65624 30.64664,-29.65616 30.64646,-29.65607 30.64631,-29.65595 30.64618,-29.6558 30.64602,-29.65567 30.64584,-29.65553 30.64561,-29.65539 30.64537,-29.65518 30.64512,-29.65498 30.64467,-29.65453 30.64458,-29.65434 30.64452,-29.65415 30.64453,-29.65401 30.64455,-29.65379 30.64457,-29.6535 30.64461,-29.6532 30.64466,-29.65295 30.64472,-29.65261 30.64481,-29.65225 30.64488,-29.65189 30.6449,-29.6516 30.64497,-29.65122 30.64502,-29.65103 30.6451,-29.65082 30.64518,-29.65058 30.64526,-29.65035 30.64533,-29.65017 30.64545,-29.64996 30.64558,-29.64976 30.64574,-29.64952 30.64587,-29.64933 30.64602,-29.6492 30.6462,-29.64895 30.64641,-29.64876 30.64663,-29.64854 30.6468,-29.64834 30.64696,-29.64817 30.64715,-29.64793 30.64732,-29.6477 30.64744,-29.64758 30.64765,-29.64747 30.64784,-29.64734 30.64795,-29.64724 30.6481,-29.64704 30.64824,-29.64686 30.64841,-29.64668 30.64854,-29.64651 30.64873,-29.64635 30.64897,-29.64616 30.64917,-29.64599 30.64928,-29.64585 30.64937,-29.64568 30.64942,-29.64552 30.64946,-29.6454 30.64955,-29.64521 30.64962,-29.64504 30.64967,-29.64486 30.6497,-29.64467 30.64973,-29.64443 30.64976,-29.64423 30.64976,-29.64411 30.64978,-29.64403 30.64984,-29.64389 30.64994,-29.64371 30.65,-29.64361 30.65015,-29.64335 30.65028,-29.6432 30.65047,-29.64303 30.65059,-29.64295 30.65081,-29.64281 30.65096,-29.64272 30.65116,-29.64263 30.65136,-29.64255 30.65154,-29.64249 30.65179,-29.64242 30.65212,-29.64233 30.65237,-29.6423 30.65265,-29.64227 30.65288,-29.6422 30.65307,-29.64212 30.65321,-29.64209 30.65347,-29.64201 30.65371,-29.64194 30.65392,-29.64187 30.65428,-29.64181 30.65441,-29.64174 30.65461,-29.64169 30.65516,-29.64169 30.65546,-29.64173 30.65561,-29.64172 30.65589,-29.64173 30.65617,-29.64169 30.65639,-29.64165 30.65664,-29.64162 30.65685,-29.64159 30.65711,-29.64159 30.65744,-29.64163 30.6578,-29.6417 30.65819,-29.64183 30.65846,-29.64197 30.65863,-29.64209 30.65887,-29.64226 30.65931,-29.64262 30.65958,-29.64279 30.65985,-29.64302 30.66001,-29.64315 30.66019,-29.64332 30.66034,-29.64346 30.66052,-29.64361 30.66074,-29.6438 30.66088,-29.6439 30.66103,-29.64399 30.66113,-29.64407 30.66124,-29.64416 30.66124,-29.64431 30.66126,-29.6444 30.66132,-29.64444 30.66144,-29.64448 30.66158,-29.64448 30.66179,-29.64451 30.66198,-29.6446 30.66223,-29.64478 30.6625,-29.64492 30.66272,-29.64505 30.66296,-29.64517 30.66312,-29.64529 30.66327,-29.64541 30.6635,-29.64563 30.66392,-29.64607 30.6641,-29.64628 30.66427,-29.64645 30.66446,-29.64661 30.66467,-29.64675 30.66486,-29.64686 30.66508,-29.64704 30.66524,-29.64718 30.66536,-29.64727 30.66558,-29.64734 30.66577,-29.6474 30.66602,-29.64749 30.66633,-29.64758 30.66658,-29.64768 30.66675,-29.64777 30.66692,-29.64788 30.66709,-29.64794 30.66722,-29.64797 30.66752,-29.64803 30.66776,-29.64806 30.66808,-29.64812 30.6685,-29.64817 30.669,-29.64826 30.66953,-29.6483 30.66977,-29.64831 30.67,-29.64831 30.67026,-29.6483 30.67052,-29.64828 30.67077,-29.64823 30.67086,-29.64819 30.67092,-29.64816 30.67111,-29.64801 30.67118,-29.64784 30.67121,-29.6477 30.67121,-29.64753 30.67116,-29.64739 30.67106,-29.64723 30.67089,-29.64705 30.6707,-29.64691 30.67054,-29.64681 30.67037,-29.64675 30.67019,-29.64671 30.66994,-29.64665 30.66975,-29.64662 30.66948,-29.64652 30.66927,-29.64642 30.66904,-29.64634 30.66879,-29.64627 30.66858,-29.64621 30.66835,-29.64612 30.66815,-29.64597 30.6679,-29.64581 30.66773,-29.64565 30.66761,-29.64547 30.66749,-29.64527 30.66737,-29.64505 30.66726,-29.64478 30.66724,-29.64462 30.66726,-29.64444 30.66731,-29.64418 30.66743,-29.64394 30.66751,-29.64376 30.66757,-29.64354 30.66762,-29.64332 30.66762,-29.64315 30.66766,-29.64296 30.66779,-29.64272 30.66785,-29.64244 30.66794,-29.64211 30.66802,-29.64179 30.66808,-29.64161 30.66816,-29.64132 30.66827,-29.64102 30.66834,-29.64083 30.66836,-29.64071 30.66835,-29.64053 30.66833,-29.6403 30.6683,-29.64011 30.66826,-29.63985 30.6682,-29.63965 30.66813,-29.63946 30.66802,-29.63928 30.66784,-29.63906 30.66766,-29.63892 30.66748,-29.63875 30.66731,-29.6386 30.6671,-29.63846 30.66692,-29.63832 30.66665,-29.63816 30.66639,-29.638 30.66621,-29.63786 30.66594,-29.63771 30.66565,-29.63754 30.66549,-29.63744 30.66539,-29.63732 30.66534,-29.63719 30.66528,-29.63713 30.6652,-29.6371 30.66505,-29.6371 30.66489,-29.63707 30.66474,-29.63701 30.66456,-29.6369 30.66444,-29.63673 30.66433,-29.63664 30.66409,-29.63648 30.66383,-29.63632 30.66359,-29.63623 30.66339,-29.63612 30.66323,-29.63608 30.66307,-29.63607 30.6629,-29.63607 30.66274,-29.63611 30.66264,-29.63616 30.66258,-29.63624 30.66256,-29.63634 30.66253,-29.63643 30.66254,-29.63664 30.66252,-29.6368 30.66248,-29.63697 30.66239,-29.63712 30.66225,-29.63728 30.66202,-29.63747 30.6618,-29.63764 30.66164,-29.63778 30.66148,-29.63791 30.66129,-29.6381 30.66113,-29.63827 30.66092,-29.63842 30.66077,-29.63849 30.66049,-29.63853 30.65994,-29.63853 30.65967,-29.63855 30.65929,-29.63857 30.65906,-29.63858 30.65875,-29.63861 30.65838,-29.63866 30.658,-29.63872 30.65764,-29.63877 30.65721,-29.63881 30.65673,-29.63886 30.65624,-29.6389 30.65569,-29.6389 30.6554,-29.63885 30.65516,-29.63877 30.65493,-29.63865 30.65478,-29.63856 30.65458,-29.63849 30.65426,-29.63846 30.65405,-29.63845 30.65391,-29.63844 30.65376,-29.6384 30.65364,-29.63838 30.65327,-29.63838 30.65319,-29.63841 30.65311,-29.63848 30.65302,-29.63859 30.65295,-29.6387 30.65285,-29.63879 30.65275,-29.63887 30.65262,-29.63891 30.65252,-29.6389 30.65231,-29.63889 30.652,-29.63886 30.65186,-29.63884 30.65175,-29.63883 30.65152,-29.63882 30.65095,-29.63882 30.6507,-29.63884 30.65036,-29.6389 30.65015,-29.63894 30.6499,-29.63899 30.64962,-29.63904 30.64935,-29.63907 30.64909,-29.6391 30.64884,-29.63909 30.64862,-29.63906 30.64841,-29.63904 30.64823,-29.639 30.64805,-29.63894 30.64789,-29.63884 30.64771,-29.63873 30.64757,-29.63863 30.64737,-29.63849 30.64723,-29.63835 30.64701,-29.63818 30.64686,-29.63801 30.64669,-29.63777 30.64655,-29.63751 30.6464,-29.63725 30.6463,-29.63693 30.64624,-29.6367 30.64615,-29.63643 30.64598,-29.63604 30.64579,-29.63571 30.64568,-29.63549 30.64556,-29.63523 30.64545,-29.63499 30.64528,-29.63467 30.64515,-29.63443 30.64503,-29.63419 30.64489,-29.63397 30.64473,-29.63374 30.6447,-29.63369 30.64455,-29.63342 30.6445,-29.63325 30.64444,-29.63311 30.64437,-29.63293 30.64431,-29.63275 30.64425,-29.63255 30.64426,-29.63236 30.64425,-29.63217 30.64426,-29.63204 30.64426,-29.6318 30.64428,-29.6317 30.64436,-29.6316 30.64446,-29.63156 30.64453,-29.63153 30.64468,-29.63153 30.64483,-29.63154 30.64505,-29.63158 30.64529,-29.63166 30.64546,-29.63177 30.64562,-29.63184 30.64583,-29.63193 30.64601,-29.63201 30.64621,-29.63207 30.64638,-29.63211 30.64657,-29.63219 30.64673,-29.63229 30.64697,-29.63243 30.64714,-29.63257 30.6472,-29.63263 30.64731,-29.63273 30.64738,-29.63282 30.64743,-29.63292 30.64748,-29.633 30.64751,-29.63307 30.64756,-29.63311 30.6476,-29.63312 30.64781,-29.63312 30.64799,-29.63314 30.64817,-29.63318 30.64838,-29.63323 30.64852,-29.63326 30.64866,-29.6333 30.64901,-29.6333 30.64921,-29.63322 30.64944,-29.6331 30.64955,-29.63305 30.64969,-29.63302 30.64985,-29.63299 30.65,-29.63299 30.65016,-29.63302 30.65031,-29.63303 30.65047,-29.633 30.6507,-29.63292 30.65095,-29.63278 30.65114,-29.63266 30.65146,-29.63252 30.65168,-29.63241 30.65188,-29.63229 30.65213,-29.63218 30.65225,-29.6321 30.65241,-29.63202 30.65253,-29.63192 30.65266,-29.63186 30.65278,-29.63181 30.65294,-29.63174 30.65309,-29.63169 30.65327,-29.63165 30.65343,-29.63165 30.65358,-29.63166 30.65374,-29.63169 30.65394,-29.63171 30.6541,-29.63171 30.65429,-29.63172 30.65478,-29.63172 30.65492,-29.63175 30.65501,-29.63177 30.65522,-29.63182 30.65537,-29.63189 30.65551,-29.63196 30.65559,-29.63203 30.65573,-29.63218 30.65585,-29.63229 30.65603,-29.63237 30.65626,-29.63246 30.65655,-29.63259 30.65682,-29.63271 30.65705,-29.63285 30.65727,-29.633 30.65745,-29.63311 30.65762,-29.63326 30.65795,-29.63341 30.6582,-29.63354 30.65843,-29.63362 30.65864,-29.63364 30.65887,-29.63366 30.65908,-29.63366 30.65926,-29.63363 30.65941,-29.63358 30.65959,-29.63348 30.65977,-29.63339 30.65993,-29.63334 30.66014,-29.6333 30.66038,-29.63329 30.66071,-29.63326 30.66102,-29.63319 30.66134,-29.6331 30.66173,-29.63296 30.66205,-29.63287 30.66236,-29.63281 30.66261,-29.63273 30.66296,-29.63264 30.66335,-29.63249 30.66361,-29.63242 30.66404,-29.63229 30.66446,-29.63216 30.66487,-29.632 30.66527,-29.63187 30.66556,-29.63176 30.66585,-29.63161 30.66606,-29.63151 30.66625,-29.6314 30.66646,-29.63127 30.66671,-29.63117 30.66685,-29.63113 30.66718,-29.63102 30.66734,-29.63094 30.66751,-29.63087 30.66767,-29.63078 30.66788,-29.63064 30.66805,-29.63051 30.66821,-29.6304 30.66838,-29.63031 30.66857,-29.63022 30.66873,-29.63015 30.66884,-29.63008 30.66897,-29.62996 30.66913,-29.62981 30.66927,-29.62969 30.66943,-29.62958 30.66964,-29.62942 30.66987,-29.62927 30.66999,-29.62918 30.67012,-29.62903 30.67022,-29.62883 30.67031,-29.62864 30.67032,-29.62846 30.67034,-29.62836 30.67038,-29.62825 30.67047,-29.62806 30.67056,-29.62788 30.67067,-29.62769 30.67082,-29.62752 30.67098,-29.62728 30.67111,-29.62702 30.67124,-29.62673 30.67134,-29.62647 30.6714,-29.62611 30.67141,-29.62597 30.67145,-29.62583 30.67155,-29.62565 30.67166,-29.62549 30.67178,-29.62531 30.67187,-29.62518 30.67196,-29.62507 30.67207,-29.62493 30.67217,-29.62481 30.67229,-29.62462 30.67235,-29.62448 30.67243,-29.62426 30.67249,-29.62408 30.67255,-29.62392 30.67266,-29.62372 30.67279,-29.6235 30.67283,-29.62336 30.67288,-29.62328 30.67294,-29.62323 30.67299,-29.62316 30.67308,-29.623 30.67317,-29.6228 30.67321,-29.62271 30.67331,-29.62261 30.6734,-29.62251 30.67343,-29.62245 30.67357,-29.62224 30.67368,-29.62214 30.67379,-29.62207 30.67405,-29.62195 30.6742,-29.62188 30.67433,-29.62181 30.67445,-29.62171 30.67455,-29.62161 30.67467,-29.62148 30.6748,-29.62134 30.67491,-29.62121 30.67503,-29.6211 30.67511,-29.62104 30.67521,-29.62098 30.67534,-29.62094 30.67553,-29.62089 30.67573,-29.62084 30.67593,-29.62077 30.6761,-29.62066 30.67615,-29.62053 30.67614,-29.62046 30.67614,-29.62037 30.67606,-29.62023 30.67594,-29.62015 30.67575,-29.62004 30.67564,-29.61998 30.67553,-29.61985 30.67541,-29.61978 30.67523,-29.61972 30.67502,-29.61971 30.67469,-29.61975 30.67442,-29.61977 30.67421,-29.61982 30.67402,-29.61984 30.67388,-29.61988 30.67375,-29.6199 30.67375,-29.61987 30.67372,-29.6198 30.67369,-29.61973 30.67367,-29.6197 30.67361,-29.61958 30.67349,-29.61942 30.67339,-29.6194 30.67327,-29.61934 30.6732,-29.61925 30.67316,-29.61907 30.67319,-29.61897 30.67325,-29.61889 30.67331,-29.6188 30.67337,-29.61852 30.67323,-29.61818 30.67318,-29.61801 30.67316,-29.61779 30.67325,-29.6173 30.67343,-29.61666 30.6734,-29.61624 30.67345,-29.61569 30.67354,-29.61555 30.67377,-29.61533 30.67403,-29.61492 30.6742,-29.61464 30.6743,-29.61441 30.6744,-29.6143 30.67451,-29.61404 30.67461,-29.61385 30.67462,-29.61366 30.67457,-29.6134 30.67456,-29.61315 30.67466,-29.61291 30.67472,-29.61267 30.67507,-29.61189 30.67536,-29.6103 30.67346,-29.60664 30.67413,-29.60466 30.67772,-29.60299 30.67875,-29.6027 30.68181,-29.60133 30.68333,-29.60066 30.68396,-29.60042 30.68617,-29.60069 30.69209,-29.60292 30.69852,-29.6029 30.70419,-29.60417 30.70437,-29.60421 30.70915,-29.60478 30.71421,-29.60509 30.71608,-29.60601 30.71567,-29.60678 30.71569,-29.60679 30.71571,-29.60679 30.71603,-29.60686 30.71649,-29.60684 30.71673,-29.60687 30.71693,-29.60694 30.71722,-29.60699 30.71775,-29.60699 30.71802,-29.60696 30.71837,-29.60691 30.71916,-29.60668 30.71941,-29.60661 30.71968,-29.60653 30.71995,-29.6065 30.72026,-29.60644 30.72054,-29.60639 30.72088,-29.60635 30.72115,-29.60633 30.72135,-29.60629 30.72151,-29.60631 30.72172,-29.60639 30.72195,-29.60647 30.72246,-29.60655 30.72266,-29.60659 30.72286,-29.60667 30.72312,-29.60675 30.72343,-29.60681 30.72369,-29.60683 30.72388,-29.60682 30.72418,-29.60675 30.72435,-29.60661 30.72446,-29.60647 30.72467,-29.60634 30.7248,-29.6062 30.72497,-29.60612 30.72515,-29.60604 30.72546,-29.60603 30.7258,-29.60603 30.72609,-29.60604 30.72628,-29.60598 30.72637,-29.60591 30.72646,-29.60574 30.72653,-29.6056 30.72675,-29.60544 30.72693,-29.60537 30.72737,-29.60502 30.72758,-29.60489 30.72774,-29.60476 30.72792,-29.60467 30.72812,-29.60454 30.72834,-29.60441 30.72852,-29.60428 30.72862,-29.60418 30.72876,-29.60262 30.7288,-29.60219 30.72881,-29.60215 30.72836,-29.60214 30.72823,-29.60215 30.72811,-29.60215 30.72789,-29.60209 30.7278,-29.60208 30.72774,-29.60207 30.72761,-29.60202 30.72746,-29.60198 30.72731,-29.60193 30.72716,-29.60189 30.72702,-29.60186 30.72692,-29.60184 30.72683,-29.60177 30.72679,-29.60173 30.72673,-29.60166 30.72667,-29.6016 30.7266,-29.60154 30.72647,-29.60151 30.72639,-29.60147 30.7263,-29.60143 30.72622,-29.6014 30.72612,-29.60137 30.72605,-29.60134 30.72581,-29.60134 30.72572,-29.60131 30.72563,-29.6013 30.72551,-29.60127 30.72538,-29.60121 30.72529,-29.60116 30.72518,-29.60105 30.7251,-29.60095 30.72499,-29.60082 30.7249,-29.60067 30.72482,-29.60053 30.72471,-29.60032 30.72466,-29.60018 30.72466,-29.60007 30.72467,-29.59995 30.72471,-29.59987 30.72476,-29.59979 30.72484,-29.59971 30.72492,-29.59966 30.72498,-29.59962 30.72505,-29.59957 30.72515,-29.59952 30.72528,-29.59945 30.72537,-29.5994 30.72547,-29.59937 30.72557,-29.59932 30.72569,-29.5993 30.72585,-29.59927 30.72598,-29.59926 30.72613,-29.59927 30.72622,-29.59929 30.72626,-29.5993 30.72633,-29.59932 30.72641,-29.59935 30.72644,-29.59936 30.72648,-29.59939 30.72653,-29.5994 30.72658,-29.59939 30.72662,-29.59937 30.72665,-29.59933 30.72668,-29.5993 30.72669,-29.59926 30.72674,-29.59914 30.72679,-29.59905 30.72686,-29.599 30.72693,-29.59896 30.72703,-29.59895 30.72711,-29.59892 30.72721,-29.59887 30.7273,-29.5988 30.72749,-29.59874 30.7276,-29.59869 30.72773,-29.59859 30.72781,-29.59853 30.72785,-29.59847 30.72788,-29.5984 30.72792,-29.59835 30.72802,-29.59827 30.72808,-29.59823 30.72818,-29.59809 30.72824,-29.59802 30.72833,-29.59797 30.7284,-29.59794 30.7285,-29.59791 30.72857,-29.59788 30.7286,-29.59785 30.72868,-29.59774 30.7287,-29.59766 30.72874,-29.59755 30.72875,-29.59747 30.72876,-29.59737 30.72877,-29.59726 30.72877,-29.59708 30.72876,-29.59699 30.72876,-29.59687 30.72873,-29.59672 30.72871,-29.59655 30.72868,-29.59638 30.72866,-29.59627 30.72862,-29.5962 30.72858,-29.59616 30.72855,-29.59609 30.72855,-29.59593 30.72854,-29.59587 30.72852,-29.59582 30.72849,-29.59577 30.72844,-29.59572 30.72842,-29.59569 30.72836,-29.59562 30.72828,-29.59554 30.72823,-29.59546 30.72819,-29.59539 30.72817,-29.59531 30.72816,-29.59526 30.72812,-29.59514 30.72808,-29.59508 30.72802,-29.59502 30.72797,-29.59496 30.72793,-29.59489 30.72788,-29.5948 30.72784,-29.59472 30.72782,-29.59469 30.72778,-29.59462 30.72777,-29.59459 30.72771,-29.5945 30.72767,-29.59445 30.72762,-29.59442 30.7276,-29.59438 30.72756,-29.59428 30.72754,-29.5942 30.72744,-29.59402 30.72736,-29.59394 30.72729,-29.5938 30.72721,-29.59369 30.7271,-29.5935 30.72705,-29.59341 30.72701,-29.59333 30.72693,-29.59321 30.72686,-29.59314 30.72682,-29.59307 30.72682,-29.59303 30.72679,-29.59291 30.72678,-29.59283 30.72675,-29.59273 30.72672,-29.59266 30.72668,-29.5926 30.72661,-29.5925 30.72655,-29.59243 30.72639,-29.59227 30.72635,-29.59222 30.72633,-29.59213 30.72628,-29.59206 30.72622,-29.59199 30.72615,-29.59192 30.72609,-29.59187 30.72598,-29.59179 30.72591,-29.5917 30.72586,-29.5916 30.7258,-29.59152 30.72576,-29.59145 30.72575,-29.59138 30.72573,-29.59129 30.72571,-29.59117 30.72568,-29.59104 30.72564,-29.59094 30.72558,-29.59078 30.72557,-29.59071 30.72557,-29.59054 30.72559,-29.59046 30.72559,-29.59031 30.72561,-29.59025 30.72563,-29.59023 30.72564,-29.5902 30.72568,-29.59017 30.7257,-29.59013 30.72569,-29.59008 30.72563,-29.59 30.72557,-29.58989 30.72551,-29.58975 30.72544,-29.58963 30.72539,-29.58953 30.72535,-29.58938 30.72525,-29.58924 30.72517,-29.58911 30.72516,-29.58908 30.7251,-29.58895 30.72503,-29.5888 30.72496,-29.58871 30.72494,-29.58869 30.72487,-29.58861 30.72479,-29.58854 30.72472,-29.58845 30.7247,-29.58839 30.7247,-29.5883 30.72473,-29.58805 30.7248,-29.58792 30.72485,-29.58783 30.72491,-29.58772 30.72499,-29.5876 30.72514,-29.5875 30.72521,-29.58745 30.72529,-29.58742 30.72542,-29.58736 30.72549,-29.58731 30.72555,-29.58728 30.72561,-29.58726 30.7257,-29.58726 30.72578,-29.58724 30.72584,-29.58722 30.72587,-29.58717 30.7259,-29.58713 30.72596,-29.58706 30.726,-29.58701 30.72602,-29.58696 30.72603,-29.5869 30.72603,-29.58673 30.72607,-29.58659 30.72607,-29.58655 30.72609,-29.58651 30.72615,-29.58647 30.72619,-29.5864 30.72622,-29.58631 30.72621,-29.58621 30.7262,-29.5861 30.72617,-29.58589 30.72618,-29.58576 30.72621,-29.58563 30.72621,-29.58524 30.7262,-29.58515 30.7262,-29.58508 30.72619,-29.58497 30.72618,-29.58489 30.72618,-29.58483 30.72616,-29.58476 30.72611,-29.58472 30.72598,-29.58459 30.72584,-29.58451 30.72575,-29.58447 30.72568,-29.58441 30.72562,-29.58436 30.72557,-29.58429 30.72551,-29.58422 30.72548,-29.58419 30.7254,-29.58409 30.72537,-29.58406 30.7253,-29.58402 30.72522,-29.58399 30.72513,-29.58393 30.72498,-29.58386 30.72492,-29.58382 30.72485,-29.58377 30.72479,-29.58371 30.72473,-29.58367 30.72466,-29.58359 30.7246,-29.58355 30.72443,-29.58338 30.72441,-29.58335 30.72437,-29.58327 30.72436,-29.58323 30.72433,-29.58314 30.72429,-29.58303 30.72426,-29.58297 30.7242,-29.58288 30.72415,-29.58279 30.72413,-29.58275 30.72413,-29.58249 30.7241,-29.58242 30.72408,-29.58239 30.72407,-29.58229 30.72404,-29.58218 30.72398,-29.58207 30.72394,-29.58201 30.72391,-29.58195 30.7239,-29.58187 30.72391,-29.58181 30.72391,-29.58171 30.72392,-29.58163 30.72395,-29.58153 30.72395,-29.58138 30.72393,-29.5813 30.72391,-29.58125 30.72388,-29.58123 30.72375,-29.5811 30.72372,-29.58106 30.72372,-29.58096 30.72371,-29.58092 30.7237,-29.58087 30.72369,-29.5808 30.72369,-29.58076 30.72368,-29.58072 30.72368,-29.58053 30.7237,-29.58043 30.72371,-29.58034 30.72372,-29.58031 30.72373,-29.58025 30.72379,-29.58013 30.72388,-29.58001 30.72394,-29.57994 30.72402,-29.57985 30.72407,-29.57981 30.72413,-29.57975 30.72422,-29.57967 30.72429,-29.57963 30.72435,-29.57959 30.72441,-29.57958 30.72445,-29.57954 30.72453,-29.57948 30.72459,-29.57943 30.72463,-29.57939 30.72466,-29.57937 30.7247,-29.57935 30.72475,-29.57926 30.72479,-29.57922 30.72486,-29.57917 30.72492,-29.57911 30.72494,-29.57906 30.72496,-29.57901 30.72499,-29.57895 30.72504,-29.57884 30.72506,-29.57873 30.72506,-29.57847 30.72508,-29.57839 30.72509,-29.5783 30.72511,-29.57816 30.7251,-29.57803 30.72509,-29.57791 30.72506,-29.57778 30.72503,-29.5777 30.725,-29.57763 30.72497,-29.57753 30.72495,-29.57743 30.72493,-29.57732 30.7249,-29.57721 30.72487,-29.57716 30.72481,-29.57708 30.72469,-29.57693 30.7246,-29.57684 30.72453,-29.57676 30.72448,-29.57667 30.72445,-29.57659 30.72446,-29.57653 30.72446,-29.57649 30.72449,-29.5764 30.72452,-29.57634 30.72454,-29.57628 30.72455,-29.57622 30.72456,-29.57613 30.72456,-29.57606 30.72455,-29.57601 30.72453,-29.57594 30.72452,-29.57588 30.72451,-29.57582 30.72449,-29.57573 30.72447,-29.57567 30.72444,-29.57561 30.72439,-29.57556 30.72434,-29.57549 30.7243,-29.57543 30.72429,-29.57539 30.72429,-29.5752 30.72428,-29.57512 30.72427,-29.57505 30.72425,-29.575 30.72424,-29.57497 30.72423,-29.57491 30.72423,-29.57488 30.7242,-29.5748 30.72418,-29.57473 30.72418,-29.5746 30.72421,-29.57455 30.72423,-29.57449 30.72423,-29.57445 30.72424,-29.57435 30.72425,-29.57429 30.72427,-29.57423 30.72431,-29.57415 30.72435,-29.57405 30.72438,-29.57395 30.72442,-29.57383 30.72444,-29.57373 30.72444,-29.57364 30.72445,-29.57357 30.72447,-29.57349 30.7245,-29.57342 30.72454,-29.57332 30.72459,-29.57322 30.72467,-29.57317 30.72469,-29.57314 30.72473,-29.5731 30.72479,-29.573 30.72486,-29.57294 30.7249,-29.5729 30.72497,-29.57285 30.72512,-29.5727 30.72525,-29.57257 30.72536,-29.57244 30.72545,-29.57237 30.72554,-29.5723 30.72568,-29.57216 30.72577,-29.57208 30.72579,-29.57205 30.72584,-29.57192 30.72587,-29.57183 30.72592,-29.57173 30.72596,-29.57166 30.72602,-29.5716 30.72605,-29.57155 30.72609,-29.5715 30.72615,-29.57145 30.72625,-29.57143 30.72636,-29.57141 30.72645,-29.57138 30.72659,-29.57131 30.72669,-29.57125 30.72674,-29.57121 30.72681,-29.57118 30.72692,-29.57115 30.72701,-29.57114 30.72708,-29.57109 30.72711,-29.57106 30.72717,-29.57097 30.72718,-29.57094 30.7272,-29.57089 30.72722,-29.57077 30.72722,-29.57069 30.72721,-29.57061 30.72719,-29.57055 30.72717,-29.57045 30.72714,-29.57035 30.72712,-29.57028 30.72708,-29.5702 30.72705,-29.57012 30.72701,-29.57002 30.72695,-29.56992 30.72693,-29.56985 30.72693,-29.56981 30.72694,-29.56976 30.72694,-29.56971 30.72689,-29.56961 30.72686,-29.56954 30.72684,-29.5695 30.72684,-29.56947 30.72682,-29.56936 30.7268,-29.56924 30.72676,-29.56914 30.72674,-29.56907 30.7267,-29.56894 30.72667,-29.56887 30.72662,-29.56872 30.7266,-29.56863 30.72648,-29.56836 30.72644,-29.56828 30.72638,-29.56817 30.72634,-29.56806 30.72628,-29.56798 30.72619,-29.5678 30.72616,-29.56768 30.72608,-29.56754 30.72603,-29.56746 30.72599,-29.5674 30.72594,-29.56733 30.72592,-29.56723 30.72592,-29.5672 30.72591,-29.56714 30.72583,-29.56705 30.72576,-29.56691 30.72575,-29.56685 30.72577,-29.5668 30.72577,-29.56673 30.72576,-29.56667 30.72576,-29.56655 30.72575,-29.56651 30.72571,-29.56645 30.72571,-29.56632 30.72724,-29.56683 30.72866,-29.56722 30.7301,-29.56766 30.73157,-29.5673 30.73278,-29.56652 30.73412,-29.56719 30.73535,-29.56792 30.73674,-29.56844 30.73827,-29.56837 30.73954,-29.56764 30.74091,-29.56731 30.74225,-29.56724 30.74379,-29.56712 30.74532,-29.56693 30.74638,-29.56765 30.74653,-29.56775 30.74766,-29.56732 30.74886,-29.56651 30.7502,-29.56593 30.75052,-29.56588 30.7512,-29.56577 30.75241,-29.5666 30.75393,-29.56673 30.7554,-29.56698 30.75679,-29.5667 30.75813,-29.5667 30.75965,-29.56657 30.76103,-29.56625 30.76274,-29.5667 30.76326,-29.56772 30.76459,-29.56797 30.76606,-29.56762 30.76753,-29.5678 30.76903,-29.568 30.76939,-29.56798 30.77016,-29.5691 30.77133,-29.5699 30.77272,-29.57045 30.77322,-29.57112 30.77474,-29.57127 30.77547,-29.5724 30.77576,-29.5732 30.77653,-29.57307 30.77691,-29.57437 30.77814,-29.57513 30.77958,-29.57519 30.78107,-29.57492 30.78243,-29.57447 30.7837,-29.57502 30.78466,-29.57499 30.78563,-29.57395 30.78686,-29.57318 30.78814,-29.57252 30.78845,-29.57243 30.78895,-29.57117 30.78932,-29.56993 30.78952,-29.56859 30.78921,-29.5674 30.78889,-29.56618 30.7888,-29.56527 30.78939,-29.56574 30.78988,-29.56616 30.79059,-29.56692 30.79083,-29.56717 30.79154,-29.56827 30.7921,-29.56937 30.79226,-29.57063 30.79203,-29.57196 30.79206,-29.5732 30.79237,-29.57447 30.79322,-29.5755 30.79435,-29.57625 30.79545,-29.57689 30.79653,-29.57762 30.79753,-29.57863 30.79824,-29.5798 30.79911,-29.58074 30.79993,-29.58189 30.80075,-29.58277 30.80082,-29.58285 30.80172,-29.58393 30.80258,-29.58491 30.80323,-29.58889 30.80321,-29.58896 30.8032,-29.589 30.80256,-29.59176 30.80518,-29.59695 30.80852,-29.59812 30.8086,-29.6024 30.80857,-29.60265 30.80857,-29.60283 30.8086,-29.6029 30.80862,-29.60296 30.80868,-29.60306 30.80873,-29.60313 30.80881,-29.60327 30.80886,-29.60336 30.80886,-29.60384 30.80887,-29.60397 30.80887,-29.60401 30.80889,-29.60412 30.80892,-29.60423 30.80892,-29.60435 30.80895,-29.60458 30.809,-29.60487 30.809,-29.60502 30.80902,-29.60513 30.80905,-29.60524 30.80908,-29.60539 30.8091,-29.60549 30.80911,-29.60553 30.80912,-29.60556 30.80913,-29.60565 30.80913,-29.60581 30.80911,-29.60587 30.80908,-29.60604 30.80905,-29.60611 30.80905,-29.60623 30.80903,-29.6063 30.80903,-29.60685 30.80908,-29.60696 30.80911,-29.60699 30.80916,-29.60715 30.80919,-29.60727 30.80924,-29.6074 30.80927,-29.60748 30.80929,-29.60756 30.80931,-29.6076 30.80932,-29.60763 30.80935,-29.60774 30.80937,-29.60781 30.8094,-29.60784 30.80943,-29.60791 30.80945,-29.60797 30.80945,-29.608 30.80948,-29.60816 30.80951,-29.60823 30.80951,-29.60834 30.80953,-29.60848 30.80956,-29.60859 30.80959,-29.60878 30.80966,-29.6089 30.80974,-29.60903 30.8098,-29.60914 30.80985,-29.60928 30.80988,-29.60935 30.80993,-29.60946 30.81001,-29.60967 30.81006,-29.60979 30.81011,-29.60988 30.81014,-29.60996 30.81022,-29.61006 30.81027,-29.61015 30.81033,-29.61024 30.81038,-29.61031 30.81046,-29.61043 30.81048,-29.61052 30.81051,-29.61054 30.81054,-29.61063 30.81056,-29.6107 30.81062,-29.61075 30.81067,-29.61085 30.81075,-29.61095 30.8108,-29.61102 30.81088,-29.61114 30.81095,-29.6112 30.81097,-29.61124 30.81104,-29.61134 30.81117,-29.61158 30.81125,-29.61174 30.8113,-29.61185 30.81135,-29.61193 30.81141,-29.61203 30.81141,-29.6121 30.81143,-29.61219 30.81149,-29.61226 30.81149,-29.61229 30.81151,-29.61238 30.81154,-29.61247 30.81159,-29.61258 30.81161,-29.61263 30.81162,-29.61266 30.81167,-29.61277 30.81167,-29.61281 30.8117,-29.6129 30.81172,-29.61295 30.81172,-29.613 30.81178,-29.61313 30.8118,-29.61325 30.81183,-29.61336 30.81183,-29.61355 30.81186,-29.61366 30.81188,-29.61378 30.81191,-29.6139 30.81193,-29.61394 30.81194,-29.61403 30.81194,-29.6144 30.81191,-29.61449 30.81189,-29.61456 30.81189,-29.61504 30.81186,-29.61518 30.81184,-29.61527 30.81181,-29.61534 30.81181,-29.61543 30.81178,-29.61552 30.81176,-29.61562 30.81173,-29.61568 30.81173,-29.61571 30.81171,-29.61578 30.81167,-29.61586 30.81166,-29.61591 30.81163,-29.616 30.8116,-29.61617 30.81155,-29.61622 30.8115,-29.61635 30.81146,-29.61648 30.81145,-29.61651 30.81145,-29.61665 30.81137,-29.61687 30.81132,-29.61704 30.8113,-29.61706 30.81129,-29.61709 30.81127,-29.61711 30.81126,-29.61716 30.8112,-29.61728 30.81119,-29.61732 30.81111,-29.61745 30.81108,-29.6175 30.81104,-29.61758 30.81102,-29.61762 30.811,-29.61764 30.81097,-29.61768 30.81092,-29.61777 30.8109,-29.6178 30.81085,-29.61784 30.81078,-29.6179 30.81128,-29.61851 30.81435,-29.62228 30.81435,-29.62262 30.81435,-29.62344 30.82086,-29.62526 30.82107,-29.62532 30.82846,-29.62738 30.82918,-29.62759 30.82782,-29.62592 30.82746,-29.62475 30.82542,-29.61813 30.82782,-29.61723 30.82932,-29.61573 30.82974,-29.61567 30.83011,-29.61562 30.83142,-29.61543 30.83621,-29.61753 30.83891,-29.62082 30.83981,-29.62142 30.83951,-29.62292 30.84251,-29.62562 30.84251,-29.62322 30.84427,-29.62455 30.84467,-29.62581 30.84522,-29.62705 30.84583,-29.62711 30.84687,-29.62624 30.84695,-29.62491 30.84782,-29.62382 30.84907,-29.62304 30.8503,-29.62232 30.85177,-29.62197 30.85324,-29.62165 30.85453,-29.62096 30.85599,-29.62068 30.85733,-29.62003 30.85831,-29.61899 30.85974,-29.61851 30.86108,-29.61788 30.86249,-29.61739 30.86392,-29.61696 30.86535,-29.61667 30.86679,-29.61658 30.86827,-29.61673 30.86977,-29.61685 30.87124,-29.61688 30.87266,-29.61704 30.87392,-29.61776 30.87441,-29.61773 30.87462,-29.61772 30.87473,-29.61646 30.8744,-29.61515 30.87517,-29.61398 30.87527,-29.61265 30.87526,-29.61135 30.87544,-29.61003 30.87502,-29.60874 30.87504,-29.6075 30.87572,-29.60631 30.87671,-29.60527 30.87731,-29.60403 30.87807,-29.6029 30.87782,-29.60159 30.87703,-29.60049 30.87751,-29.59929 30.87884,-29.5987 30.88018,-29.59821 30.88091,-29.59704 30.88159,-29.59584 30.8825,-29.5948 30.88402,-29.59459 30.88518,-29.59539 30.88647,-29.59612 30.88776,-29.59604 30.88862,-29.59492 30.88993,-29.59423 30.89138,-29.59397 30.89289,-29.59385 30.89393,-29.59345 30.89356,-29.59288 30.89176,-29.59012 30.8914,-29.58957 30.89265,-29.58793 30.89274,-29.58792 30.89285,-29.58791 30.89293,-29.58791 30.89303,-29.5879 30.89313,-29.5879 30.89326,-29.58791 30.89336,-29.58793 30.8935,-29.58796 30.89359,-29.58797 30.8937,-29.58798 30.89379,-29.58798 30.8939,-29.588 30.894,-29.58802 30.89416,-29.58802 30.89426,-29.58801 30.89437,-29.58802 30.89451,-29.58802 30.89471,-29.58801 30.89488,-29.58799 30.89501,-29.58798 30.89517,-29.58797 30.89536,-29.58796 30.89547,-29.58794 30.89558,-29.58791 30.89567,-29.58789 30.89574,-29.58789 30.89583,-29.5879 30.89592,-29.58792 30.89657,-29.58792 30.89676,-29.5879 30.89684,-29.5879 30.89695,-29.58791 30.89708,-29.58792 30.89714,-29.58792 30.8972,-29.58793 30.89728,-29.58793 30.89737,-29.58791 30.89744,-29.58789 30.8975,-29.58788 30.89758,-29.58784 30.89769,-29.58784 30.89775,-29.58785 30.89784,-29.58785 30.89801,-29.58786 30.89813,-29.58785 30.89822,-29.58785 30.89835,-29.58783 30.89846,-29.58781 30.8986,-29.58779 30.89877,-29.58776 30.89895,-29.58773 30.89911,-29.58771 30.89931,-29.5877 30.89955,-29.58767 30.89976,-29.58763 30.9,-29.5876 30.9002,-29.58757 30.90043,-29.58756 30.90061,-29.58754 30.90078,-29.58752 30.90087,-29.5875 30.90107,-29.58745 30.90128,-29.58741 30.9015,-29.58739 30.90163,-29.58737 30.90186,-29.58736 30.90216,-29.58731 30.90232,-29.5873 30.90261,-29.5873 30.9028,-29.58729 30.9029,-29.58726 30.90312,-29.5872 30.90322,-29.58717 30.90329,-29.58715 30.90336,-29.58714 30.90362,-29.58714 30.90373,-29.58711 30.90381,-29.58706 30.90386,-29.58705 30.90399,-29.58702 30.90423,-29.587 30.90451,-29.58696 30.90485,-29.58693 30.90512,-29.58688 30.90536,-29.58684 30.90564,-29.58679 30.9059,-29.58674 30.90602,-29.5867 30.9061,-29.58668 30.90619,-29.58666 30.90646,-29.58666 30.90662,-29.58667 30.90674,-29.58667 30.90688,-29.58668 30.90703,-29.58669 30.90717,-29.58672 30.90728,-29.58674 30.90739,-29.58677 30.90748,-29.58681 30.90757,-29.58688 30.90764,-29.58696 30.9077,-29.58706 30.90775,-29.58717 30.9078,-29.5873 30.90784,-29.58737 30.90788,-29.58743 30.90795,-29.58752 30.90802,-29.5876 30.90809,-29.58765 30.90816,-29.58771 30.90819,-29.58781 30.90819,-29.58832 30.9082,-29.5884 30.90821,-29.5885 30.9082,-29.58859 30.90816,-29.58867 30.9081,-29.58876 30.90803,-29.58887 30.90798,-29.58893 30.90795,-29.58899 30.90792,-29.58907 30.90788,-29.58917 30.90781,-29.58929 30.90774,-29.58938 30.90764,-29.58952 30.90753,-29.58967 30.90745,-29.58974 30.90735,-29.58982 30.90729,-29.58989 30.90715,-29.59003 30.90706,-29.59011 30.90695,-29.59022 30.90683,-29.59033 30.90673,-29.59039 30.90665,-29.59045 30.90657,-29.59053 30.90648,-29.59061 30.90642,-29.59068 30.90635,-29.59074 30.90631,-29.59077 30.90621,-29.59082 30.90612,-29.59087 30.90608,-29.5909 30.90605,-29.59093 30.90601,-29.59101 30.906,-29.59109 30.90598,-29.59115 30.90595,-29.5912 30.90591,-29.59126 30.90585,-29.5913 30.90579,-29.59135 30.90571,-29.59142 30.90567,-29.59149 30.90565,-29.59155 30.90562,-29.59162 30.90557,-29.59168 30.90547,-29.59178 30.90541,-29.59189 30.90536,-29.59194 30.90526,-29.592 30.90518,-29.5921 30.90512,-29.5922 30.90506,-29.59228 30.90499,-29.59238 30.9049,-29.59248 30.90481,-29.59257 30.90463,-29.59271 30.90453,-29.59279 30.90441,-29.59288 30.90433,-29.59296 30.90427,-29.59303 30.9042,-29.59311 30.90413,-29.59325 30.90407,-29.59329 30.90397,-29.59334 30.90388,-29.59339 30.90368,-29.59349 30.90353,-29.59357 30.90339,-29.59365 30.90324,-29.59374 30.90312,-29.59381 30.90302,-29.59388 30.90294,-29.59395 30.90275,-29.59414 30.90258,-29.5943 30.90241,-29.59445 30.90222,-29.59461 30.90187,-29.59491 30.90177,-29.59502 30.90166,-29.59513 30.90157,-29.59523 30.90147,-29.5953 30.90139,-29.59538 30.90127,-29.59549 30.90119,-29.59561 30.90112,-29.59571 30.90104,-29.59582 30.90094,-29.59593 30.9008,-29.59606 30.90065,-29.59621 30.90053,-29.59634 30.90043,-29.59647 30.90031,-29.59659 30.90017,-29.59672 30.90007,-29.59685 30.89997,-29.59699 30.89991,-29.59707 30.89983,-29.59716 30.89974,-29.59726 30.89967,-29.59734 30.89961,-29.59742 30.89957,-29.59749 30.89956,-29.59755 30.89956,-29.59758 30.89955,-29.59764 30.89955,-29.5977 30.89956,-29.59778 30.89957,-29.59782 30.89958,-29.59787 30.89961,-29.59791 30.89965,-29.59793 30.8997,-29.59798 30.89972,-29.59806 30.89974,-29.59816 30.89975,-29.59826 30.89977,-29.59835 30.89976,-29.59845 30.89976,-29.59855 30.89977,-29.59863 30.89978,-29.59874 30.8998,-29.59881 30.89981,-29.59885 30.89985,-29.59897 30.89991,-29.59906 30.89997,-29.59913 30.90029,-29.59945 30.90032,-29.59947 30.90041,-29.59957 30.9005,-29.59966 30.90057,-29.59971 30.9007,-29.5998 30.90087,-29.59989 30.90105,-29.59998 30.90117,-29.60003 30.90128,-29.60006 30.90136,-29.60007 30.90142,-29.6001 30.90149,-29.60017 30.90163,-29.60036 30.90165,-29.6004 30.90173,-29.60047 30.90181,-29.60059 30.90187,-29.60065 30.90207,-29.60075 30.90216,-29.60081 30.90238,-29.60099 30.90248,-29.60105 30.90265,-29.60116 30.90281,-29.60123 30.90302,-29.60133 30.90322,-29.60144 30.90337,-29.60154 30.90351,-29.60162 30.90363,-29.60171 30.90377,-29.6018 30.90388,-29.60187 30.904,-29.60193 30.90408,-29.60199 30.90417,-29.60205 30.90427,-29.60212 30.90436,-29.6022 30.90443,-29.60227 30.90453,-29.60238 30.90466,-29.60253 30.90478,-29.60265 30.90487,-29.60271 30.90499,-29.6028 30.9051,-29.60287 30.90523,-29.60296 30.90531,-29.60299 30.90545,-29.60307 30.90577,-29.60319 30.90595,-29.60325 30.90612,-29.60329 30.90625,-29.60331 30.90644,-29.60334 30.90666,-29.60337 30.9068,-29.60338 30.907,-29.60339 30.90715,-29.60338 30.9073,-29.60335 30.90741,-29.60331 30.90755,-29.60327 30.90766,-29.6032 30.90781,-29.60314 30.90789,-29.60309 30.90796,-29.60306 30.9081,-29.60301 30.90824,-29.603 30.90837,-29.60296 30.90849,-29.60292 30.90866,-29.60288 30.90882,-29.60283 30.90895,-29.6028 30.90909,-29.60279 30.90922,-29.60278 30.90942,-29.60278 30.90958,-29.60276 30.90968,-29.60274 30.9098,-29.6027 30.90991,-29.60265 30.91002,-29.60262 30.91013,-29.6026 30.91025,-29.60258 30.91037,-29.60257 30.91049,-29.60255 30.91081,-29.60257 30.91094,-29.60258 30.91113,-29.6026 30.9113,-29.60263 30.91145,-29.60265 30.91164,-29.6027 30.91171,-29.60273 30.91178,-29.60277 30.91184,-29.60282 30.91192,-29.60287 30.91202,-29.60291 30.91216,-29.60296 30.91222,-29.60298 30.9123,-29.603 30.91237,-29.60301 30.91246,-29.603 30.91254,-29.60299 30.91265,-29.603 30.91292,-29.603 30.91301,-29.60297 30.91308,-29.60292 30.91316,-29.60289 30.91324,-29.60287 30.91333,-29.60285 30.91351,-29.60283 30.9136,-29.60281 30.91384,-29.60275 30.91396,-29.60273 30.91406,-29.60272 30.91421,-29.6027 30.91434,-29.6027 30.91448,-29.60271 30.91458,-29.60272 30.91485,-29.60272 30.915,-29.60273 30.91541,-29.60273 30.91554,-29.60271 30.91564,-29.60271 30.91576,-29.60269 30.91617,-29.60269 30.91633,-29.6027 30.91645,-29.60271 30.91658,-29.60272 30.91669,-29.60272 30.91695,-29.6027 30.9171,-29.60267 30.9173,-29.60262 30.91743,-29.6026 30.91755,-29.60257 30.91777,-29.60253 30.91794,-29.60252 30.91809,-29.60249 30.91822,-29.60248 30.91852,-29.60248 30.9186,-29.60249 30.91871,-29.60252 30.91881,-29.60253 30.91889,-29.60253 30.91894,-29.60256 30.91895,-29.60258 30.91898,-29.6026 30.91903,-29.60261 30.9191,-29.60261 30.91919,-29.60259 30.91929,-29.60256 30.91939,-29.6025 30.91952,-29.60244 30.91961,-29.60241 30.91975,-29.60236 30.91992,-29.60231 30.92007,-29.60226 30.92018,-29.60222 30.92028,-29.6022 30.9204,-29.60217 30.92059,-29.60214 30.92069,-29.60213 30.92078,-29.60212 30.92092,-29.60211 30.92105,-29.6021 30.92115,-29.60209 30.92126,-29.60208 30.92141,-29.60207 30.92148,-29.60205 30.92157,-29.60203 30.92167,-29.60201 30.92182,-29.60197 30.92194,-29.60193 30.92206,-29.60188 30.92216,-29.60183 30.92231,-29.60177 30.92242,-29.60174 30.92255,-29.6017 30.92266,-29.60167 30.92277,-29.60162 30.92286,-29.60158 30.92294,-29.60152 30.92298,-29.60147 30.92299,-29.60141 30.92299,-29.60135 30.92301,-29.60129 30.92304,-29.60123 30.92315,-29.60112 30.92322,-29.60106 30.92329,-29.60098 30.92335,-29.60091 30.92344,-29.60086 30.92349,-29.6008 30.92357,-29.60066 30.92365,-29.60042 30.92373,-29.60016 30.9238,-29.59983 30.92382,-29.59977 30.92392,-29.59937 30.92403,-29.59902 30.92407,-29.59864 30.92396,-29.59829 30.9238,-29.59795 30.92354,-29.59762 30.9232,-29.59727 30.92279,-29.59696 30.9221,-29.59665 30.9216,-29.59642 30.92131,-29.59632 30.92109,-29.59628 30.92098,-29.59625 30.92086,-29.5962 30.92073,-29.59612 30.92059,-29.59603 30.92049,-29.59596 30.92035,-29.59589 30.92024,-29.59582 30.92011,-29.59577 30.92001,-29.59572 30.91986,-29.59569 30.91966,-29.59564 30.91944,-29.59555 30.91926,-29.59549 30.91905,-29.59544 30.91888,-29.59538 30.91877,-29.59535 30.91864,-29.59531 30.9185,-29.59528 30.91835,-29.59524 30.91819,-29.59521 30.91803,-29.5952 30.91789,-29.59517 30.91775,-29.59509 30.91759,-29.59501 30.91736,-29.59488 30.91716,-29.59474 30.91703,-29.59466 30.91694,-29.59465 30.91685,-29.59463 30.91678,-29.5946 30.91674,-29.59452 30.91671,-29.59444 30.9167,-29.59437 30.91669,-29.59428 30.91671,-29.59421 30.91675,-29.59413 30.91677,-29.59406 30.91679,-29.594 30.91682,-29.59394 30.91689,-29.59388 30.91702,-29.59373 30.91713,-29.59357 30.91726,-29.59341 30.9174,-29.5932 30.91748,-29.5931 30.91754,-29.59299 30.91758,-29.59291 30.91762,-29.59278 30.91765,-29.59271 30.91773,-29.59258 30.91786,-29.59241 30.91795,-29.5923 30.91808,-29.59215 30.91819,-29.592 30.91831,-29.59187 30.91847,-29.59167 30.91867,-29.59152 30.91878,-29.59144 30.91892,-29.59135 30.91907,-29.59121 30.91922,-29.5911 30.91931,-29.59104 30.91936,-29.591 30.91944,-29.59097 30.91949,-29.59093 30.91954,-29.59086 30.91957,-29.59081 30.91962,-29.59072 30.91966,-29.59064 30.91971,-29.59057 30.91977,-29.5905 30.91985,-29.59041 30.91989,-29.59035 30.92001,-29.59025 30.92009,-29.59018 30.92012,-29.59012 30.92012,-29.59006 30.92013,-29.59002 30.92016,-29.58999 30.92024,-29.58996 30.92028,-29.58991 30.92034,-29.58985 30.92043,-29.58979 30.92052,-29.58971 30.92065,-29.58961 30.92077,-29.58952 30.92117,-29.58912 30.92126,-29.58901 30.92135,-29.58894 30.92148,-29.58889 30.92155,-29.58886 30.92166,-29.58881 30.92174,-29.58878 30.9218,-29.58875 30.9219,-29.58867 30.92196,-29.58863 30.92202,-29.58862 30.92206,-29.58863 30.92214,-29.58866 30.92222,-29.58872 30.92227,-29.58878 30.92232,-29.58887 30.92236,-29.58895 30.92245,-29.58903 30.92252,-29.5891 30.9227,-29.58922 30.92278,-29.58929 30.92283,-29.58935 30.92285,-29.58941 30.92289,-29.58948 30.9229,-29.58954 30.92292,-29.58961 30.92293,-29.5897 30.92297,-29.58981 30.92306,-29.59 30.92316,-29.59018 30.92319,-29.59027 30.92322,-29.59038 30.92325,-29.59051 30.92331,-29.59058 30.92336,-29.59061 30.92345,-29.59064 30.92353,-29.59066 30.92367,-29.5907 30.92371,-29.59073 30.92377,-29.59082 30.92382,-29.59088 30.9239,-29.59093 30.92397,-29.59102 30.92401,-29.5911 30.92408,-29.59117 30.92413,-29.59123 30.9242,-29.59129 30.92425,-29.59134 30.92445,-29.59144 30.92452,-29.59149 30.92464,-29.59157 30.92469,-29.59163 30.92478,-29.59172 30.92487,-29.59182 30.92501,-29.59204 30.92507,-29.59213 30.92516,-29.59223 30.92526,-29.5923 30.92535,-29.59237 30.9254,-29.59241 30.92542,-29.59246 30.92546,-29.59253 30.92548,-29.5926 30.92551,-29.5927 30.92556,-29.59279 30.92564,-29.59288 30.9257,-29.59299 30.92575,-29.59308 30.92581,-29.59318 30.92589,-29.5933 30.92595,-29.59341 30.92602,-29.59351 30.9261,-29.59363 30.9262,-29.59376 30.92629,-29.59389 30.9264,-29.59402 30.92649,-29.59413 30.92662,-29.59431 30.92667,-29.59442 30.92674,-29.59451 30.92683,-29.59459 30.92695,-29.59468 30.92703,-29.59472 30.92713,-29.59479 30.92721,-29.59486 30.92732,-29.5949 30.92744,-29.59493 30.92765,-29.59498 30.9278,-29.59502 30.92793,-29.59505 30.92806,-29.59511 30.92813,-29.59514 30.92841,-29.59524 30.92857,-29.59529 30.92874,-29.59534 30.92896,-29.59539 30.92909,-29.59545 30.9292,-29.59547 30.92931,-29.59547 30.9294,-29.59545 30.92947,-29.59543 30.92955,-29.59542 30.92963,-29.59539 30.92972,-29.59538 30.92977,-29.59538 30.92984,-29.59539 30.9299,-29.59538 30.92997,-29.59535 30.93003,-29.59532 30.93008,-29.59531 30.93013,-29.59532 30.9302,-29.59531 30.93025,-29.59525 30.93031,-29.5952 30.93037,-29.59518 30.93044,-29.59516 30.93055,-29.59515 30.93064,-29.59515 30.93075,-29.59516 30.93085,-29.59516 30.93095,-29.59515 30.93106,-29.59515 30.93115,-29.59514 30.93123,-29.59513 30.93139,-29.59509 30.93149,-29.59506 30.9316,-29.59504 30.93173,-29.59501 30.93187,-29.59495 30.93199,-29.5949 30.93217,-29.59484 30.93235,-29.59474 30.93251,-29.59466 30.93265,-29.59457 30.93282,-29.59447 30.93297,-29.59437 30.93307,-29.59431 30.93315,-29.59424 30.93326,-29.59413 30.93334,-29.59403 30.9336,-29.59381 30.93371,-29.59372 30.93378,-29.59368 30.93384,-29.59363 30.93389,-29.59355 30.93397,-29.59346 30.93404,-29.59341 30.93412,-29.59335 30.93422,-29.59328 30.93427,-29.59322 30.93431,-29.59318 30.93437,-29.59314 30.93449,-29.59309 30.93464,-29.59304 30.93479,-29.59301 30.935,-29.59299 30.93513,-29.59298 30.93528,-29.59298 30.93542,-29.59297 30.93557,-29.59294 30.93572,-29.59293 30.93583,-29.59292 30.93596,-29.59289 30.93618,-29.59281 30.93627,-29.59278 30.93638,-29.59275 30.9365,-29.59273 30.93673,-29.59273 30.93689,-29.59275 30.93702,-29.59277 30.93718,-29.59277 30.93739,-29.59276 30.93752,-29.59274 30.93764,-29.59273 30.93774,-29.59273 30.93784,-29.59274 30.93799,-29.59277 30.93803,-29.59278 30.93808,-29.59279 30.93811,-29.5928 30.93814,-29.5928 30.9382,-29.59281 30.93839,-29.59281 30.93848,-29.59279 30.93858,-29.59276 30.9387,-29.59275 30.93896,-29.59269 30.9391,-29.59264 30.9392,-29.5926 30.93936,-29.59254 30.93949,-29.59249 30.93957,-29.59245 30.93969,-29.59242 30.93979,-29.5924 30.93988,-29.59237 30.94,-29.59232 30.94022,-29.59224 30.94034,-29.5922 30.94047,-29.59215 30.94059,-29.59209 30.94075,-29.59203 30.94089,-29.59197 30.94103,-29.59192 30.94116,-29.59187 30.94127,-29.59181 30.94138,-29.59176 30.9415,-29.59171 30.94161,-29.59167 30.94173,-29.59165 30.94186,-29.59163 30.94197,-29.5916 30.9421,-29.59157 30.9422,-29.59154 30.94231,-29.59151 30.94248,-29.59147 30.94263,-29.59142 30.94274,-29.5914 30.94288,-29.59138 30.94301,-29.59136 30.94316,-29.59134 30.9433,-29.59132 30.94343,-29.59129 30.94359,-29.59124 30.94369,-29.5912 30.94377,-29.59117 30.94387,-29.5911 30.94395,-29.59105 30.9441,-29.59098 30.94419,-29.59095 30.94424,-29.59091 30.9443,-29.59087 30.94434,-29.59081 30.94439,-29.59075 30.94443,-29.5907 30.94449,-29.59067 30.94459,-29.59065 30.9447,-29.59062 30.94484,-29.59057 30.94495,-29.59052 30.94508,-29.59047 30.94528,-29.59041 30.94537,-29.5904 30.94547,-29.59038 30.94556,-29.59038 30.94571,-29.59035 30.94586,-29.59033 30.94602,-29.5903 30.94613,-29.59027 30.94625,-29.59022 30.94633,-29.59022 30.94643,-29.59021 30.94664,-29.59017 30.94681,-29.59013 30.947,-29.59009 30.94716,-29.59006 30.94728,-29.59004 30.94742,-29.59002 30.94762,-29.58999 30.94776,-29.58995 30.9479,-29.58993 30.94801,-29.58991 30.94811,-29.58989 30.94823,-29.58989 30.94837,-29.5899 30.94847,-29.5899 30.94859,-29.58992 30.94869,-29.58994 30.94878,-29.58995 30.94886,-29.58995 30.94894,-29.58994 30.94906,-29.58991 30.94919,-29.5899 30.94931,-29.58988 30.94946,-29.58984 30.94961,-29.58982 30.94973,-29.58977 30.94983,-29.58974 30.94993,-29.5897 30.95004,-29.58965 30.95017,-29.58961 30.95029,-29.58954 30.95045,-29.58948 30.95059,-29.58942 30.95071,-29.58934 30.95079,-29.58926 30.95083,-29.58918 30.95083,-29.58908 30.95081,-29.58901 30.95073,-29.58892 30.95067,-29.58886 30.95062,-29.5888 30.95058,-29.58875 30.95054,-29.58868 30.95051,-29.58861 30.95047,-29.58852 30.95043,-29.58842 30.95041,-29.58833 30.95039,-29.58822 30.95039,-29.58809 30.95041,-29.58797 30.95042,-29.58784 30.95044,-29.58769 30.95046,-29.58753 30.95045,-29.58741 30.95046,-29.58727 30.95046,-29.58716 30.95047,-29.58704 30.9505,-29.58688 30.95053,-29.58677 30.95054,-29.58666 30.95054,-29.58649 30.95053,-29.58639 30.95053,-29.58631 30.95054,-29.58622 30.95055,-29.58616 30.95061,-29.58607 30.95067,-29.58602 30.95077,-29.58598 30.95088,-29.58593 30.95103,-29.58589 30.95113,-29.58584 30.95126,-29.58575 30.95141,-29.58565 30.95153,-29.58554 30.95161,-29.58545 30.95171,-29.58534 30.9518,-29.58525 30.95188,-29.58518 30.952,-29.58509 30.95214,-29.58502 30.95229,-29.58494 30.95265,-29.5847 30.95286,-29.58461 30.953,-29.58453 30.95319,-29.58443 30.95341,-29.58435 30.95355,-29.5843 30.95368,-29.58423 30.95385,-29.58413 30.95401,-29.58405 30.95416,-29.58397 30.95439,-29.58385 30.95453,-29.58379 30.95468,-29.58372 30.95478,-29.58368 30.95491,-29.58366 30.95511,-29.58364 30.95531,-29.58364 30.95546,-29.58365 30.95562,-29.58365 30.95591,-29.58368 30.95608,-29.58368 30.95622,-29.58371 30.95641,-29.58376 30.95657,-29.5838 30.95686,-29.58384 30.95703,-29.58387 30.95719,-29.5839 30.95737,-29.58396 30.95756,-29.58402 30.95784,-29.5841 30.95807,-29.58418 30.95834,-29.5843 30.95853,-29.5844 30.95872,-29.58451 30.95889,-29.58461 30.95901,-29.58471 30.95916,-29.58487 30.95928,-29.58501 30.9596,-29.58533 30.95981,-29.5855 30.95997,-29.58562 30.96016,-29.58579 30.96028,-29.58589 30.96038,-29.58597 30.96049,-29.58605 30.9606,-29.58612 30.96076,-29.58621 30.96088,-29.58627 30.96104,-29.58634 30.96121,-29.58638 30.96136,-29.58641 30.96153,-29.58644 30.96171,-29.58645 30.9621,-29.58645 30.96229,-29.58646 30.96276,-29.58646 30.96298,-29.58644 30.96315,-29.58644 30.96324,-29.58643 30.96332,-29.58644 30.96357,-29.58644 30.96371,-29.58646 30.964,-29.58646 30.96428,-29.58648 30.96446,-29.58649 30.96464,-29.58648 30.96489,-29.58646 30.96507,-29.58644 30.96525,-29.58641 30.96557,-29.58637 30.96578,-29.58634 30.96603,-29.58631 30.96625,-29.5863 30.96639,-29.58629 30.96661,-29.58628 30.96678,-29.58627 30.9671,-29.58627 30.96726,-29.58628 30.96834,-29.58628 30.96851,-29.58629 30.96874,-29.58629 30.96896,-29.58631 30.96907,-29.58634 30.96916,-29.5864 30.96928,-29.5865 30.9694,-29.58664 30.96969,-29.58702 30.96979,-29.58715 30.96989,-29.58729 30.96998,-29.58744 30.97006,-29.58757 30.97012,-29.58771 30.97021,-29.58794 30.97029,-29.5881 30.97039,-29.58828 30.9705,-29.58846 30.97061,-29.58863 30.97085,-29.58887 30.97099,-29.58905 30.97112,-29.58924 30.9712,-29.58938 30.9713,-29.58956 30.9714,-29.58968 30.9715,-29.58977 30.97163,-29.58986 30.97175,-29.58996 30.97188,-29.59006 30.97203,-29.59015 30.97214,-29.59021 30.97227,-29.59024 30.9724,-29.59025 30.97256,-29.59026 30.97275,-29.59029 30.97303,-29.59031 30.97323,-29.59031 30.97354,-29.5903 30.97376,-29.59027 30.97397,-29.59027 30.9741,-29.59026 30.97426,-29.59024 30.97453,-29.59021 30.97467,-29.59019 30.97477,-29.59018 30.97486,-29.59018 30.97501,-29.59019 30.97513,-29.59019 30.97527,-29.59018 30.97579,-29.59018 30.97607,-29.59016 30.97669,-29.59016 30.97689,-29.59017 30.97727,-29.59019 30.97754,-29.5902 30.9777,-29.59021 30.97789,-29.59023 30.97825,-29.59028 30.97839,-29.59031 30.97857,-29.59035 30.97877,-29.59039 30.9789,-29.59045 30.97904,-29.59051 30.97914,-29.59057 30.97924,-29.59061 30.97935,-29.59065 30.97953,-29.5907 30.9797,-29.59076 30.97987,-29.59084 30.98019,-29.59099 30.9805,-29.59114 30.98082,-29.59125 30.98106,-29.59133 30.98135,-29.5914 30.98155,-29.59144 30.98172,-29.59147 30.98184,-29.5915 30.98189,-29.59152 30.98195,-29.59154 30.98222,-29.59167 30.98232,-29.59171 30.98244,-29.59175 30.98254,-29.5918 30.98264,-29.59182 30.98273,-29.59184 30.98281,-29.59186 30.98293,-29.59188 30.983,-29.59189 30.98315,-29.5919 30.98329,-29.59188 30.98336,-29.59183 30.98341,-29.59178 30.98345,-29.59171 30.98347,-29.59164 30.98348,-29.59159 30.98348,-29.59148 30.98347,-29.59137 30.98346,-29.59125 30.98343,-29.59115 30.98341,-29.59104 30.98336,-29.5909 30.98333,-29.59078 30.9833,-29.59067 30.98327,-29.59053 30.98319,-29.59037 30.98313,-29.59021 30.98309,-29.5901 30.98301,-29.58995 30.98295,-29.58983 30.9828,-29.58968 30.98271,-29.58964 30.98259,-29.58956 30.98242,-29.58949 30.98219,-29.58937 30.98195,-29.58929 30.98172,-29.58923 30.9815,-29.58916 30.98131,-29.58911 30.98111,-29.58902 30.98086,-29.58891 30.98058,-29.58876 30.98042,-29.58866 30.98033,-29.58861 30.98018,-29.58853 30.98007,-29.58848 30.97991,-29.5884 30.97965,-29.5883 30.97953,-29.58826 30.97943,-29.5882 30.9793,-29.58813 30.97918,-29.58806 30.97908,-29.588 30.97899,-29.58795 30.9789,-29.58789 30.97881,-29.58784 30.97873,-29.5878 30.97855,-29.5877 30.97845,-29.58765 30.97831,-29.58755 30.9782,-29.58749 30.97807,-29.58742 30.97796,-29.58736 30.97786,-29.58732 30.97775,-29.58726 30.9776,-29.58718 30.97742,-29.58703 30.97735,-29.58693 30.97733,-29.58686 30.97728,-29.58673 30.97725,-29.58664 30.97721,-29.58654 30.97717,-29.58641 30.97714,-29.58626 30.97709,-29.58614 30.97704,-29.586 30.97697,-29.58582 30.9769,-29.58566 30.97686,-29.58555 30.9768,-29.58542 30.97676,-29.58529 30.97672,-29.58517 30.97668,-29.58506 30.9766,-29.58492 30.97649,-29.58474 30.97642,-29.58456 30.97636,-29.58444 30.97629,-29.58431 30.97621,-29.58416 30.97616,-29.58405 30.97607,-29.5839 30.97603,-29.5838 30.97601,-29.58372 30.97596,-29.58361 30.97594,-29.58352 30.97592,-29.58341 30.97592,-29.58311 30.97596,-29.58296 30.97597,-29.58283 30.97601,-29.58269 30.97607,-29.5826 30.97617,-29.58251 30.97629,-29.58242 30.97641,-29.58232 30.97651,-29.58225 30.97666,-29.58216 30.97673,-29.58213 30.97683,-29.58208 30.97689,-29.58207 30.97698,-29.58205 30.97714,-29.58202 30.97726,-29.58201 30.97764,-29.58203 30.97769,-29.58204 30.97783,-29.58206 30.97796,-29.58206 30.97813,-29.58208 30.97824,-29.58207 30.97837,-29.58206 30.9785,-29.58207 30.97862,-29.58208 30.97878,-29.58209 30.97897,-29.5821 30.97915,-29.58209 30.97934,-29.58211 30.97956,-29.58215 30.97967,-29.58218 30.9798,-29.5822 30.97992,-29.58221 30.98013,-29.58225 30.98031,-29.58228 30.98048,-29.5823 30.98068,-29.58234 30.9808,-29.58237 30.98092,-29.58241 30.98104,-29.58248 30.98116,-29.58256 30.98131,-29.58265 30.98143,-29.5827 30.98182,-29.58283 30.98198,-29.5829 30.98221,-29.58299 30.98239,-29.58306 30.98258,-29.58313 30.9828,-29.58321 30.98295,-29.58326 30.98315,-29.58334 30.98325,-29.5834 30.98339,-29.58348 30.98351,-29.58354 30.98367,-29.58363 30.98379,-29.58368 30.98396,-29.58373 30.98408,-29.58376 30.98425,-29.5838 30.98446,-29.58384 30.98461,-29.58386 30.98479,-29.5839 30.98501,-29.58394 30.98528,-29.58399 30.98546,-29.58403 30.98561,-29.58404 30.98577,-29.58407 30.98596,-29.5841 30.98619,-29.58413 30.98641,-29.58415 30.98653,-29.58415 30.98667,-29.58417 30.98682,-29.58421 30.987,-29.58425 30.98714,-29.58429 30.98732,-29.58434 30.98746,-29.58438 30.98761,-29.58445 30.98772,-29.5845 30.98778,-29.58452 30.98791,-29.58458 30.98807,-29.58472 30.98814,-29.58482 30.98816,-29.58489 30.98817,-29.58498 30.98817,-29.58507 30.98819,-29.58519 30.9882,-29.5853 30.98821,-29.58542 30.98819,-29.58553 30.98817,-29.58561 30.98814,-29.58569 30.9881,-29.58582 30.98808,-29.58596 30.98803,-29.58606 30.98798,-29.58615 30.98792,-29.58625 30.98786,-29.58636 30.98775,-29.5865 30.98766,-29.58661 30.98756,-29.5867 30.98746,-29.58681 30.98736,-29.58695 30.98725,-29.5871 30.9872,-29.58717 30.98714,-29.58724 30.98708,-29.58732 30.98703,-29.58738 30.98696,-29.58746 30.98693,-29.58753 30.98691,-29.58759 30.98688,-29.58764 30.98684,-29.58771 30.9868,-29.58776 30.98678,-29.58783 30.98675,-29.5879 30.98669,-29.58797 30.98662,-29.58802 30.98654,-29.58811 30.98644,-29.58821 30.9864,-29.58829 30.98637,-29.58839 30.98635,-29.58849 30.98634,-29.58861 30.98634,-29.58872 30.98633,-29.58888 30.98631,-29.58918 30.98628,-29.58932 30.98626,-29.58944 30.98624,-29.58954 30.98624,-29.5897 30.98626,-29.58985 30.98627,-29.58999 30.98629,-29.59019 30.98631,-29.5903 30.98633,-29.59037 30.98633,-29.59054 30.98635,-29.59062 30.98638,-29.59067 30.98645,-29.59075 30.98654,-29.59082 30.98666,-29.5909 30.98674,-29.59097 30.98684,-29.59108 30.98692,-29.59115 30.98705,-29.59122 30.98714,-29.59127 30.98727,-29.59132 30.98739,-29.59135 30.98753,-29.59139 30.98765,-29.5914 30.9878,-29.59143 30.98798,-29.59143 30.98812,-29.59144 30.98828,-29.59146 30.98849,-29.5915 30.98867,-29.59153 30.98887,-29.59156 30.98908,-29.5916 30.98931,-29.59164 30.98963,-29.59168 30.98981,-29.59167 30.99002,-29.59166 30.99018,-29.59162 30.99033,-29.59161 30.99044,-29.59158 30.99054,-29.59156 30.99066,-29.59152 30.99085,-29.59145 30.99096,-29.59141 30.9911,-29.59137 30.99126,-29.59132 30.9914,-29.59127 30.99152,-29.59124 30.99166,-29.5912 30.99186,-29.59114 30.99207,-29.59106 30.99222,-29.59101 30.99233,-29.59096 30.99243,-29.59092 30.99254,-29.59087 30.99265,-29.5908 30.99275,-29.59072 30.99285,-29.59063 30.99295,-29.59051 30.99306,-29.59044 30.99315,-29.5904 30.99323,-29.59036 30.99329,-29.59032 30.99335,-29.59026 30.9934,-29.59016 30.99347,-29.59006 30.99358,-29.58995 30.99369,-29.58983 30.99374,-29.58974 30.99375,-29.58966 30.99377,-29.58959 30.99382,-29.58953 30.99387,-29.58949 30.99399,-29.58944 30.9941,-29.58939 30.99421,-29.58931 30.99428,-29.58924 30.9944,-29.58908 30.99452,-29.5889 30.99464,-29.58877 30.9948,-29.5886 30.9949,-29.58846 30.99499,-29.58833 30.99506,-29.58823 30.99524,-29.58796 30.99531,-29.58787 30.99536,-29.58783 30.99545,-29.58777 30.99558,-29.58767 30.9958,-29.58751 30.99587,-29.58746 30.99594,-29.58742 30.99601,-29.58737 30.99612,-29.5873 30.9962,-29.58726 30.99629,-29.58723 30.99637,-29.58721 30.99652,-29.58718 30.9967,-29.58714 30.99683,-29.58713 30.99701,-29.58713 30.9972,-29.58712 30.9974,-29.58716 30.99756,-29.58719 30.99784,-29.58727 30.99808,-29.58731 30.9983,-29.58734 30.99858,-29.58736 30.99875,-29.58737 30.99894,-29.58741 30.99919,-29.58746 30.99944,-29.58752 30.99963,-29.58758 30.9998,-29.58763 30.9999,-29.58768 31.00002,-29.58773 31.00015,-29.58779 31.00024,-29.58784 31.00037,-29.58795 31.00047,-29.58807 31.00055,-29.58818 31.00061,-29.58832 31.00066,-29.58843 31.00071,-29.58859 31.00075,-29.5887 31.0008,-29.58882 31.00087,-29.58895 31.00096,-29.58907 31.00104,-29.5892 31.00112,-29.58931 31.00116,-29.58942 31.00126,-29.5896 31.00127,-29.58963 31.0013,-29.58972 31.00132,-29.58981 31.0014,-29.58993 31.00141,-29.58996 31.00145,-29.59008 31.00147,-29.59016 31.00147,-29.59022 31.00146,-29.59032 31.00143,-29.59042 31.00139,-29.59055 31.00139,-29.59066 31.00138,-29.59076 31.00137,-29.59088 31.00135,-29.59105 31.00133,-29.59125 31.00133,-29.59164 31.00131,-29.59181 31.00131,-29.59226 31.00129,-29.59237 31.00127,-29.59245 31.00126,-29.59251 31.00125,-29.59259 31.00121,-29.59269 31.00118,-29.59281 31.00114,-29.59293 31.00111,-29.59305 31.00107,-29.59314 31.00105,-29.59316 31.001,-29.59324 31.00091,-29.59342 31.00086,-29.5935 31.00083,-29.59361 31.00079,-29.59373 31.00075,-29.59391 31.00073,-29.59401 31.00073,-29.59431 31.00075,-29.5944 31.00075,-29.59449 31.00069,-29.59473 31.00093,-29.59459 31.00106,-29.5945 31.00129,-29.59436 31.00607,-29.59143 31.00781,-29.58419 31.00801,-29.58336 31.01202,-29.56671 31.0123,-29.56555 31.01298,-29.56273 31.01724,-29.55901 31.01834,-29.55804 31.02019,-29.55641 31.02067,-29.55599 31.02069,-29.55598 31.0252,-29.55378 31.02843,-29.5522 31.03082,-29.55103 31.03375,-29.5496 31.03402,-29.54947 31.03483,-29.54907 31.03486,-29.54906 31.04071,-29.54695 31.04609,-29.54731 31.05114,-29.54764 31.05796,-29.54809 31.06467,-29.54853 31.06479,-29.54854 31.06676,-29.54867 31.06831,-29.54877 31.09357,-29.53843 31.09441,-29.53809 31.09447,-29.5382 31.09455,-29.53834 31.09462,-29.53849 31.09467,-29.53857 31.09474,-29.53866 31.0948,-29.53873 31.09486,-29.53881 31.09491,-29.53888 31.09502,-29.53902 31.09508,-29.53908 31.09513,-29.53914 31.09518,-29.53918 31.09521,-29.53919 31.09526,-29.53918 31.09532,-29.53918 31.09534,-29.53923 31.09536,-29.53926 31.09539,-29.53931 31.09544,-29.53934 31.09551,-29.53939 31.09556,-29.53944 31.0956,-29.53949 31.09562,-29.53954 31.09564,-29.53957 31.09566,-29.53959 31.09572,-29.53962 31.09576,-29.53963 31.09582,-29.53964 31.09585,-29.53965 31.09587,-29.53968 31.09591,-29.53971 31.09598,-29.53974 31.09604,-29.53977 31.09614,-29.53981 31.0962,-29.53983 31.09625,-29.53985 31.09631,-29.53989 31.0964,-29.53994 31.09652,-29.54 31.09664,-29.54005 31.09677,-29.54009 31.09687,-29.5401 31.09694,-29.54013 31.097,-29.54017 31.09704,-29.54023 31.09707,-29.54028 31.09712,-29.5403 31.09716,-29.54031 31.09721,-29.54032 31.09726,-29.54034 31.09729,-29.54037 31.09735,-29.54041 31.09743,-29.54044 31.09753,-29.54047 31.09771,-29.54049 31.09778,-29.54049 31.09783,-29.54048 31.09788,-29.54046 31.09793,-29.54045 31.09799,-29.54044 31.09806,-29.54047 31.09817,-29.54051 31.09835,-29.54057 31.09848,-29.5406 31.09862,-29.54062 31.09874,-29.54065 31.09883,-29.54067 31.09892,-29.54067 31.09901,-29.54069 31.09911,-29.54071 31.09922,-29.54075 31.09938,-29.54081 31.09952,-29.54087 31.09964,-29.54092 31.09975,-29.54097 31.09995,-29.54107 31.10002,-29.54111 31.10015,-29.54115 31.10026,-29.5412 31.10035,-29.54124 31.1004,-29.54128 31.10047,-29.54132 31.10052,-29.54136 31.10056,-29.5414 31.10058,-29.54143 31.10061,-29.54147 31.10065,-29.5415 31.10073,-29.54153 31.10081,-29.54155 31.10088,-29.54157 31.10094,-29.5416 31.10099,-29.54164 31.10109,-29.54171 31.10136,-29.54189 31.10149,-29.54197 31.10156,-29.54201 31.10163,-29.54208 31.10172,-29.54214 31.10184,-29.5422 31.10205,-29.54229 31.10215,-29.54234 31.10223,-29.54239 31.10228,-29.54243 31.10235,-29.54249 31.10241,-29.54256 31.10252,-29.54262 31.10256,-29.54265 31.10265,-29.54269 31.10276,-29.54274 31.10286,-29.54278 31.10299,-29.5428 31.10312,-29.54285 31.10324,-29.54288 31.10338,-29.54291 31.1035,-29.54293 31.1036,-29.54292 31.1038,-29.54294 31.10387,-29.54295 31.10392,-29.54296 31.10398,-29.54299 31.10403,-29.54302 31.1041,-29.54307 31.10417,-29.54309 31.10425,-29.5431 31.10432,-29.54309 31.10438,-29.54307 31.10447,-29.54307 31.10455,-29.54308 31.1046,-29.54309 31.10464,-29.5431 31.10469,-29.54312 31.10473,-29.54315 31.10483,-29.54317 31.10494,-29.54317 31.10501,-29.54316 31.10508,-29.54314 31.10515,-29.54314 31.10521,-29.54315 31.10525,-29.54316 31.10527,-29.54319 31.10536,-29.54321 31.10546,-29.54323 31.10557,-29.54324 31.10575,-29.54324 31.10584,-29.54323 31.10617,-29.54323 31.10625,-29.54324 31.10656,-29.54324 31.10667,-29.54322 31.10679,-29.54321 31.10695,-29.54321 31.10709,-29.5432 31.10722,-29.54321 31.10736,-29.54322 31.10746,-29.54323 31.10754,-29.54326 31.10761,-29.54331 31.10766,-29.54334 31.1077,-29.54335 31.10774,-29.54335 31.10792,-29.54331 31.108,-29.54329 31.10806,-29.54328 31.10816,-29.54325 31.10824,-29.54323 31.1083,-29.5432 31.10835,-29.54318 31.10837,-29.54315 31.10838,-29.5431 31.1084,-29.54307 31.10844,-29.54304 31.10847,-29.54303 31.10851,-29.543 31.10854,-29.54295 31.10858,-29.54291 31.10861,-29.54286 31.10865,-29.54281 31.10869,-29.54275 31.10872,-29.54268 31.10875,-29.54262 31.10876,-29.54255 31.10878,-29.54245 31.1088,-29.54229 31.10879,-29.54223 31.10875,-29.54217 31.10872,-29.54214 31.10869,-29.54209 31.10867,-29.54204 31.10867,-29.54199 31.10865,-29.54187 31.10865,-29.54184 31.10869,-29.54171 31.1087,-29.54166 31.1087,-29.54162 31.10869,-29.54157 31.10868,-29.54151 31.10867,-29.54143 31.10868,-29.54136 31.1087,-29.54134 31.10873,-29.5413 31.10876,-29.54122 31.10877,-29.54117 31.10876,-29.5411 31.10876,-29.54103 31.10877,-29.54093 31.10879,-29.54086 31.10881,-29.54082 31.10882,-29.54077 31.10882,-29.54071 31.10884,-29.54051 31.10884,-29.54042 31.10885,-29.54035 31.10886,-29.54025 31.10887,-29.54014 31.10889,-29.54006 31.1089,-29.53998 31.10892,-29.53991 31.10896,-29.53983 31.10901,-29.53975 31.10906,-29.5397 31.1091,-29.53963 31.10913,-29.53959 31.10916,-29.53957 31.10919,-29.53951 31.10922,-29.53947 31.10926,-29.53945 31.10932,-29.53943 31.10936,-29.5394 31.10938,-29.53938 31.10942,-29.53933 31.10944,-29.53928 31.10947,-29.53925 31.10952,-29.53922 31.10956,-29.5392 31.10958,-29.53917 31.1096,-29.53912 31.10961,-29.53908 31.10964,-29.53904 31.10967,-29.53901 31.1097,-29.53899 31.10971,-29.53894 31.10968,-29.53824 31.10952,-29.53102 31.10951,-29.53041 31.10938,-29.52481 31.11413,-29.50967 31.11423,-29.50936 31.11463,-29.50928 31.11856,-29.50851 31.12183,-29.50787 31.12191,-29.50785 31.12189,-29.50768 31.12187,-29.50743 31.12182,-29.50707 31.12179,-29.50678 31.12173,-29.50654 31.1217,-29.50634 31.12163,-29.50595 31.12148,-29.50556 31.12134,-29.50526 31.12122,-29.50501 31.12115,-29.50481 31.12113,-29.5047 31.12125,-29.5048 31.1243,-29.50739 31.13584,-29.50113 31.14508,-29.50638</coordinates></LinearRing></outerBoundaryIs></Polygon></MultiGeometry></Placemark></Document></kml>