<?xml version="1.0" encoding="UTF-8"?><kml xmlns="http://www.opengis.net/kml/2.2"><Document><Placemark><name>Vhembe</name><description>District Municipality 934</description><ExtendedData><Data name="code"><value>934</value></Data><Data name="name"><value>Vhembe</value></Data><Data name="description"><value>District Municipality 934</value></Data></ExtendedData><MultiGeometry><Polygon><outerBoundaryIs><LinearRing><coordinates>29.65523,-22.12508 29.65645,-22.12511 29.65671,-22.12511 29.65774,-22.12526 29.65878,-22.12539 29.65977,-22.12573 29.66031,-22.12595 29.66073,-22.12616 29.66191,-22.12696 29.66281,-22.12759 29.66344,-22.12818 29.66369,-22.12839 29.664,-22.12889 29.6642,-22.12925 29.6645,-22.12958 29.6649,-22.13009 29.66559,-22.13094 29.66594,-22.13125 29.66628,-22.13167 29.66646,-22.13199 29.66668,-22.13233 29.66704,-22.13293 29.66778,-22.13392 29.66818,-22.13445 29.66854,-22.13493 29.66879,-22.13537 29.66907,-22.13579 29.6694,-22.13619 29.66959,-22.13655 29.66987,-22.13696 29.67014,-22.13733 29.67056,-22.13769 29.67099,-22.13801 29.67104,-22.13804 29.67134,-22.13829 29.67152,-22.13837 29.67171,-22.13848 29.67204,-22.13866 29.67264,-22.13881 29.6732,-22.13888 29.6737,-22.13894 29.6741,-22.13894 29.67481,-22.13896 29.67528,-22.13901 29.67583,-22.13905 29.67704,-22.13897 29.67773,-22.13885 29.67862,-22.13873 29.67926,-22.13853 29.6809,-22.13827 29.68163,-22.13814 29.68254,-22.13799 29.68306,-22.13788 29.6844,-22.13767 29.68602,-22.13746 29.68692,-22.13724 29.68833,-22.13702 29.68883,-22.13695 29.69008,-22.13682 29.69044,-22.13674 29.69094,-22.13672 29.69137,-22.13664 29.69213,-22.13642 29.69218,-22.13641 29.69279,-22.13651 29.69391,-22.13664 29.6952,-22.13681 29.69607,-22.13692 29.69661,-22.13694 29.6969,-22.13691 29.69868,-22.13698 29.70023,-22.13711 29.70133,-22.13727 29.70199,-22.13751 29.70259,-22.13777 29.70353,-22.13832 29.70402,-22.13865 29.70451,-22.13897 29.70504,-22.13931 29.70576,-22.13965 29.70663,-22.14006 29.70717,-22.14031 29.70758,-22.14048 29.70801,-22.14062 29.7085,-22.1408 29.70903,-22.14097 29.70936,-22.14108 29.7106,-22.14146 29.71134,-22.1417 29.7118,-22.14188 29.71249,-22.14219 29.71333,-22.14249 29.71375,-22.14266 29.71431,-22.14292 29.71489,-22.14306 29.71541,-22.14319 29.71599,-22.14334 29.71656,-22.14343 29.71728,-22.14343 29.71841,-22.14336 29.71896,-22.14334 29.71937,-22.14333 29.7196,-22.14329 29.71986,-22.1432 29.7199,-22.14319 29.72047,-22.14307 29.72075,-22.14299 29.72179,-22.14279 29.72262,-22.14261 29.7232,-22.14249 29.72371,-22.1424 29.7244,-22.14222 29.72508,-22.14214 29.72611,-22.14205 29.72667,-22.14195 29.72777,-22.14178 29.72819,-22.14178 29.72919,-22.14167 29.73044,-22.14155 29.7308,-22.14147 29.73142,-22.14142 29.73192,-22.14134 29.7331,-22.14131 29.7335,-22.14132 29.73433,-22.14136 29.73471,-22.14143 29.73523,-22.14143 29.73614,-22.14153 29.73743,-22.14167 29.73844,-22.14166 29.73896,-22.14172 29.7395,-22.14176 29.74021,-22.14173 29.74146,-22.14167 29.74238,-22.14165 29.74341,-22.14161 29.74402,-22.14153 29.74454,-22.14147 29.74559,-22.14131 29.74642,-22.14128 29.7469,-22.14121 29.74747,-22.14114 29.74805,-22.1411 29.7486,-22.14104 29.74967,-22.14091 29.75032,-22.14087 29.75064,-22.14085 29.75167,-22.14086 29.75265,-22.14087 29.75375,-22.14082 29.75438,-22.14072 29.75575,-22.14068 29.75686,-22.14067 29.75742,-22.14065 29.7582,-22.14063 29.75911,-22.14056 29.76054,-22.1405 29.76172,-22.14051 29.76312,-22.14051 29.76445,-22.1405 29.76599,-22.14047 29.76636,-22.14054 29.76699,-22.14056 29.76806,-22.14052 29.76924,-22.14048 29.76995,-22.14061 29.77037,-22.14071 29.77098,-22.14082 29.77202,-22.14103 29.77253,-22.14115 29.77359,-22.14142 29.77396,-22.14158 29.77444,-22.14182 29.77533,-22.14231 29.77569,-22.14253 29.77654,-22.14302 29.77683,-22.14324 29.77732,-22.14357 29.77772,-22.14389 29.77861,-22.14447 29.77925,-22.14484 29.77964,-22.14508 29.78021,-22.14545 29.78052,-22.14566 29.78157,-22.14634 29.78199,-22.14662 29.7824,-22.14683 29.7828,-22.14716 29.78309,-22.14728 29.78353,-22.14765 29.78384,-22.14792 29.78436,-22.1483 29.78484,-22.14875 29.78519,-22.14901 29.78567,-22.14944 29.78627,-22.14991 29.78669,-22.15025 29.78698,-22.15054 29.78777,-22.1511 29.78816,-22.15144 29.78876,-22.15179 29.78887,-22.15189 29.7893,-22.1522 29.78958,-22.1524 29.79012,-22.15274 29.79074,-22.15314 29.79128,-22.15343 29.79196,-22.15382 29.79255,-22.15413 29.79279,-22.15422 29.79353,-22.15472 29.79438,-22.15517 29.79459,-22.15535 29.79538,-22.15576 29.79562,-22.15597 29.79613,-22.15628 29.79701,-22.15686 29.79756,-22.15721 29.79803,-22.15754 29.79844,-22.15788 29.79886,-22.15845 29.7998,-22.1598 29.79999,-22.16011 29.80023,-22.16041 29.80057,-22.1608 29.80095,-22.16141 29.80114,-22.16153 29.80137,-22.16186 29.80217,-22.16276 29.80248,-22.1632 29.80293,-22.1637 29.80352,-22.16413 29.80377,-22.16436 29.80408,-22.16466 29.80484,-22.1652 29.80523,-22.1655 29.80591,-22.16577 29.80658,-22.16605 29.80722,-22.16629 29.80835,-22.16685 29.80884,-22.16709 29.80938,-22.16737 29.80998,-22.16763 29.81047,-22.16792 29.81153,-22.16841 29.81215,-22.16868 29.81266,-22.16896 29.81348,-22.16922 29.81398,-22.16947 29.81536,-22.16984 29.81607,-22.1701 29.81694,-22.17037 29.81855,-22.17098 29.8192,-22.1712 29.81989,-22.17144 29.82023,-22.17157 29.82092,-22.17181 29.82213,-22.1722 29.8239,-22.17286 29.82446,-22.17306 29.82497,-22.17329 29.82605,-22.17357 29.82644,-22.17369 29.82716,-22.17394 29.82792,-22.17413 29.82848,-22.17433 29.82984,-22.1747 29.83077,-22.1749 29.83107,-22.17496 29.83174,-22.17503 29.83315,-22.17505 29.83393,-22.17512 29.83512,-22.1751 29.8354,-22.17503 29.83741,-22.17498 29.83832,-22.17491 29.83846,-22.17487 29.83918,-22.1748 29.83934,-22.17476 29.84013,-22.17472 29.84306,-22.17465 29.84471,-22.17457 29.84526,-22.17456 29.84585,-22.17453 29.84791,-22.1745 29.84941,-22.17443 29.84969,-22.17449 29.85083,-22.17441 29.85173,-22.17442 29.85312,-22.1744 29.8535,-22.17443 29.85464,-22.17453 29.85495,-22.17456 29.85645,-22.1747 29.85694,-22.17476 29.85776,-22.17477 29.85863,-22.17484 29.85937,-22.17508 29.85993,-22.1752 29.8604,-22.17542 29.8608,-22.17568 29.86115,-22.17589 29.86159,-22.17619 29.8619,-22.17641 29.86214,-22.1766 29.86265,-22.17706 29.86344,-22.17776 29.86378,-22.17804 29.86417,-22.17845 29.86474,-22.17902 29.86502,-22.17938 29.86587,-22.1802 29.86637,-22.18077 29.86655,-22.18093 29.86691,-22.18132 29.86738,-22.1818 29.86754,-22.18196 29.86773,-22.18214 29.8685,-22.1829 29.86885,-22.18333 29.86932,-22.18379 29.86987,-22.18426 29.87032,-22.18467 29.87075,-22.18508 29.87125,-22.18558 29.87174,-22.18597 29.8721,-22.18635 29.87268,-22.18688 29.87307,-22.1872 29.87363,-22.18764 29.87414,-22.18814 29.87465,-22.18859 29.87506,-22.1889 29.8754,-22.18916 29.87596,-22.18962 29.87692,-22.19039 29.87768,-22.19104 29.87822,-22.19143 29.87843,-22.19157 29.8787,-22.19181 29.87908,-22.19209 29.87985,-22.19243 29.88041,-22.19273 29.88078,-22.19297 29.88151,-22.19336 29.88171,-22.19345 29.8822,-22.19362 29.88247,-22.19372 29.88282,-22.19394 29.88372,-22.19429 29.88427,-22.19446 29.88453,-22.19456 29.88529,-22.19467 29.88596,-22.19484 29.88637,-22.19492 29.88665,-22.19499 29.88781,-22.19508 29.88853,-22.19517 29.88865,-22.19517 29.88907,-22.19523 29.88954,-22.19525 29.8898,-22.19524 29.89006,-22.19519 29.89034,-22.19517 29.89075,-22.19505 29.89114,-22.19494 29.89196,-22.19478 29.89244,-22.19469 29.89294,-22.19455 29.89305,-22.19453 29.89367,-22.19444 29.89641,-22.1938 29.89661,-22.19373 29.89743,-22.1935 29.89777,-22.19344 29.8987,-22.19317 29.89949,-22.19295 29.90032,-22.19265 29.9017,-22.19233 29.9025,-22.19209 29.90314,-22.19191 29.90332,-22.19181 29.90399,-22.19167 29.90481,-22.19151 29.90538,-22.1914 29.90688,-22.19106 29.90724,-22.19094 29.90786,-22.19086 29.90862,-22.19074 29.90916,-22.19063 29.91011,-22.19045 29.91216,-22.19014 29.91326,-22.18999 29.91412,-22.18989 29.91462,-22.18984 29.91521,-22.18975 29.916,-22.1896 29.91742,-22.18946 29.91823,-22.18936 29.91895,-22.18927 29.91981,-22.18919 29.92079,-22.18916 29.92167,-22.18919 29.92194,-22.1892 29.9224,-22.18915 29.92312,-22.18918 29.92395,-22.18936 29.92469,-22.18961 29.92572,-22.18993 29.92616,-22.19013 29.92664,-22.19031 29.9273,-22.19086 29.92758,-22.191 29.92835,-22.19154 29.92917,-22.19206 29.92986,-22.19258 29.93062,-22.19315 29.93229,-22.1943 29.93282,-22.19463 29.93333,-22.195 29.9341,-22.19554 29.93516,-22.19624 29.93687,-22.19754 29.93709,-22.19783 29.93788,-22.19862 29.93822,-22.19902 29.9387,-22.19934 29.93929,-22.19988 29.93975,-22.20023 29.94046,-22.20063 29.94137,-22.20115 29.94198,-22.20154 29.94249,-22.2019 29.94312,-22.20227 29.94387,-22.20279 29.94458,-22.20327 29.94613,-22.20419 29.94703,-22.2048 29.94777,-22.20522 29.94825,-22.20551 29.94869,-22.20583 29.94935,-22.20629 29.95039,-22.20699 29.9514,-22.2077 29.95198,-22.20813 29.95222,-22.20832 29.95263,-22.20862 29.95344,-22.2092 29.95404,-22.20955 29.95458,-22.2098 29.95508,-22.20997 29.9563,-22.21052 29.95691,-22.21084 29.95738,-22.21107 29.95791,-22.21137 29.95877,-22.21181 29.95916,-22.21203 29.95986,-22.21251 29.96055,-22.21296 29.96132,-22.21372 29.96171,-22.21413 29.9621,-22.21455 29.9627,-22.21525 29.9633,-22.21585 29.96456,-22.21735 29.9649,-22.21779 29.96557,-22.21847 29.96613,-22.21934 29.9666,-22.21986 29.9668,-22.22001 29.96777,-22.22106 29.96813,-22.22159 29.96864,-22.22227 29.969,-22.22296 29.96954,-22.2237 29.96989,-22.22417 29.97016,-22.22428 29.97064,-22.22437 29.97122,-22.22444 29.97207,-22.22452 29.97271,-22.22448 29.97378,-22.22442 29.97431,-22.22429 29.97479,-22.22423 29.97607,-22.22406 29.97677,-22.22396 29.978,-22.22372 29.97928,-22.22356 29.9812,-22.22355 29.98189,-22.22353 29.98245,-22.22363 29.98319,-22.22378 29.98379,-22.22398 29.98481,-22.22416 29.98574,-22.22435 29.98597,-22.22436 29.98686,-22.2245 29.98761,-22.22459 29.98861,-22.22486 29.98922,-22.22504 29.99064,-22.22552 29.99124,-22.22575 29.99229,-22.22612 29.99303,-22.22642 29.99368,-22.22658 29.99581,-22.22733 29.99648,-22.22759 29.99694,-22.22781 29.99774,-22.22807 29.9982,-22.22818 29.99894,-22.22849 29.9995,-22.22872 29.9998,-22.2288 29.99977,-22.22792 29.99996,-22.22789 30.00136,-22.22778 30.00208,-22.22768 30.00288,-22.22764 30.00459,-22.22758 30.00517,-22.22757 30.00598,-22.22754 30.00644,-22.22752 30.00694,-22.22751 30.00749,-22.22752 30.00952,-22.22746 30.01009,-22.22749 30.01062,-22.22749 30.01125,-22.22744 30.01215,-22.22749 30.01287,-22.22763 30.01468,-22.22791 30.01504,-22.22794 30.01614,-22.22823 30.01687,-22.22855 30.0176,-22.22894 30.01788,-22.22911 30.01828,-22.22941 30.01852,-22.22965 30.01893,-22.23046 30.01945,-22.23195 30.01961,-22.2325 30.01965,-22.23277 30.01985,-22.23344 30.01988,-22.23445 30.01987,-22.2355 30.01976,-22.2361 30.01954,-22.23704 30.01936,-22.23927 30.01928,-22.24004 30.0192,-22.24142 30.01928,-22.24279 30.01934,-22.24331 30.01945,-22.24388 30.01964,-22.24463 30.01994,-22.24555 30.0203,-22.24643 30.02054,-22.24717 30.02081,-22.24779 30.02148,-22.249 30.02187,-22.24976 30.02216,-22.25017 30.02258,-22.2506 30.0232,-22.25133 30.02393,-22.25208 30.02439,-22.25255 30.02472,-22.25289 30.02496,-22.25306 30.02563,-22.25363 30.02623,-22.25402 30.02684,-22.25442 30.02744,-22.25476 30.02785,-22.25504 30.02835,-22.25526 30.02919,-22.25555 30.03034,-22.25581 30.03148,-22.25599 30.03199,-22.25597 30.03272,-22.25601 30.03323,-22.25601 30.03392,-22.25594 30.0349,-22.25592 30.03538,-22.25594 30.03675,-22.25579 30.03793,-22.25572 30.03848,-22.25566 30.03906,-22.25562 30.03969,-22.25563 30.04105,-22.25546 30.04195,-22.25533 30.04259,-22.25527 30.04306,-22.25527 30.04368,-22.25523 30.04421,-22.25513 30.04507,-22.25507 30.04587,-22.25508 30.04652,-22.25506 30.04698,-22.25505 30.04758,-22.255 30.04811,-22.25492 30.04942,-22.25492 30.05046,-22.25494 30.05184,-22.25505 30.05232,-22.25513 30.05392,-22.25545 30.05471,-22.25556 30.05516,-22.25571 30.05589,-22.25599 30.05704,-22.25657 30.05806,-22.25713 30.05861,-22.25749 30.05902,-22.25778 30.05997,-22.25837 30.06108,-22.25915 30.06209,-22.25996 30.06282,-22.26062 30.0633,-22.26117 30.06403,-22.26186 30.06448,-22.26224 30.0649,-22.26281 30.06577,-22.26399 30.06619,-22.2645 30.06651,-22.26489 30.06689,-22.26533 30.06738,-22.26591 30.06818,-22.26679 30.06928,-22.26801 30.07,-22.26871 30.07077,-22.26951 30.07133,-22.27012 30.07281,-22.27152 30.07346,-22.27223 30.07398,-22.27273 30.0742,-22.27301 30.07464,-22.27337 30.0752,-22.27388 30.07576,-22.27433 30.07629,-22.27467 30.07684,-22.27497 30.07723,-22.2752 30.07767,-22.27549 30.0785,-22.27595 30.07959,-22.27641 30.08113,-22.27715 30.0818,-22.27751 30.0826,-22.27789 30.0832,-22.2781 30.08409,-22.27839 30.08465,-22.27862 30.0855,-22.27907 30.08624,-22.27936 30.08697,-22.27964 30.08754,-22.27981 30.08807,-22.27999 30.0886,-22.28027 30.08959,-22.28065 30.09046,-22.28094 30.09108,-22.28117 30.09204,-22.28139 30.09254,-22.28167 30.0932,-22.28196 30.09401,-22.28237 30.0947,-22.28274 30.0952,-22.28298 30.09615,-22.28356 30.09738,-22.2842 30.09793,-22.28454 30.09835,-22.28483 30.09943,-22.28547 30.09998,-22.28584 30.10057,-22.28625 30.10129,-22.28669 30.10165,-22.28701 30.10206,-22.28735 30.10267,-22.28789 30.10317,-22.28832 30.10366,-22.28885 30.10411,-22.28933 30.1048,-22.29008 30.10524,-22.29053 30.10645,-22.29191 30.10658,-22.29212 30.10682,-22.29244 30.10712,-22.29281 30.10773,-22.29344 30.10836,-22.29424 30.10984,-22.296 30.11039,-22.29659 30.11094,-22.29716 30.11135,-22.2977 30.11175,-22.29811 30.11203,-22.2984 30.11324,-22.29975 30.11389,-22.30049 30.11419,-22.30077 30.11453,-22.30112 30.1149,-22.30152 30.11538,-22.302 30.11677,-22.30353 30.11708,-22.30383 30.11779,-22.30459 30.11849,-22.30528 30.11908,-22.30599 30.11935,-22.30629 30.11971,-22.30665 30.12033,-22.30728 30.12057,-22.30752 30.12112,-22.3082 30.12157,-22.30867 30.12196,-22.30899 30.12223,-22.30921 30.12292,-22.30965 30.12336,-22.30993 30.12383,-22.31019 30.12481,-22.31056 30.12569,-22.31088 30.12617,-22.31105 30.12672,-22.31117 30.12772,-22.31131 30.12854,-22.3114 30.12899,-22.31146 30.1291,-22.31148 30.12965,-22.31145 30.13007,-22.31136 30.13092,-22.31129 30.13136,-22.31126 30.13186,-22.31118 30.13244,-22.31111 30.13301,-22.31103 30.13337,-22.31087 30.13406,-22.31056 30.13464,-22.31039 30.13519,-22.31015 30.13625,-22.30964 30.13667,-22.30947 30.13705,-22.30924 30.1379,-22.30879 30.13827,-22.30861 30.13912,-22.30812 30.13974,-22.30764 30.14034,-22.30731 30.14162,-22.30659 30.14228,-22.30621 30.14293,-22.30585 30.14319,-22.30565 30.14366,-22.30542 30.14445,-22.30493 30.14531,-22.30445 30.1467,-22.30367 30.14753,-22.30336 30.14808,-22.303 30.14904,-22.30257 30.14966,-22.30224 30.15023,-22.30192 30.15206,-22.30126 30.15246,-22.30113 30.15327,-22.30088 30.15373,-22.30074 30.15446,-22.30051 30.15524,-22.30025 30.15585,-22.30013 30.15664,-22.30001 30.15735,-22.29982 30.15793,-22.2998 30.15892,-22.29963 30.15994,-22.2995 30.16092,-22.2994 30.16139,-22.29941 30.16189,-22.29932 30.1625,-22.29927 30.16369,-22.29914 30.16469,-22.29908 30.16539,-22.29909 30.16759,-22.29892 30.1687,-22.2989 30.169,-22.2989 30.16961,-22.29881 30.17041,-22.2987 30.17155,-22.29859 30.17243,-22.29849 30.17296,-22.29847 30.17342,-22.29843 30.17404,-22.29833 30.17524,-22.29817 30.17625,-22.29809 30.17678,-22.29805 30.17738,-22.29794 30.17843,-22.29781 30.17941,-22.29767 30.18018,-22.29759 30.18065,-22.29757 30.18144,-22.29744 30.18267,-22.29724 30.18337,-22.29719 30.18398,-22.29706 30.18452,-22.29699 30.18504,-22.29686 30.18575,-22.29674 30.18657,-22.29666 30.18721,-22.29654 30.18782,-22.29642 30.18811,-22.2964 30.18886,-22.29639 30.19061,-22.29625 30.19145,-22.29622 30.19204,-22.29615 30.19322,-22.29606 30.19352,-22.29608 30.19454,-22.29608 30.19556,-22.29612 30.1963,-22.29621 30.19715,-22.29628 30.19851,-22.29642 30.19886,-22.29645 30.19989,-22.29654 30.20039,-22.29656 30.20175,-22.29655 30.20255,-22.29655 30.20319,-22.29653 30.20388,-22.29643 30.20441,-22.29642 30.20489,-22.29639 30.20605,-22.29623 30.20712,-22.29612 30.20754,-22.29613 30.20801,-22.29609 30.20907,-22.29608 30.21026,-22.29598 30.2109,-22.2959 30.21137,-22.29584 30.21212,-22.2958 30.21273,-22.29579 30.21361,-22.2957 30.2143,-22.29561 30.21471,-22.29553 30.21527,-22.29548 30.21595,-22.29535 30.21647,-22.29529 30.21727,-22.29521 30.21805,-22.29512 30.2188,-22.29502 30.21973,-22.29494 30.22002,-22.29493 30.22173,-22.29492 30.22495,-22.29492 30.22682,-22.29496 30.22754,-22.29498 30.22841,-22.29509 30.2296,-22.29532 30.23028,-22.29556 30.23114,-22.29586 30.23216,-22.2963 30.23311,-22.29683 30.23378,-22.29725 30.234,-22.29744 30.23446,-22.29775 30.23503,-22.29833 30.23563,-22.29899 30.23632,-22.29979 30.23655,-22.30014 30.23712,-22.30104 30.23761,-22.30234 30.23781,-22.30314 30.23796,-22.30357 30.23811,-22.30413 30.23824,-22.30451 30.23887,-22.30606 30.2392,-22.30676 30.23949,-22.30717 30.23974,-22.30757 30.24059,-22.3084 30.2414,-22.30909 30.24188,-22.30943 30.24225,-22.30957 30.24274,-22.30994 30.2433,-22.31023 30.24456,-22.31087 30.24551,-22.31135 30.2474,-22.31244 30.24799,-22.31265 30.24883,-22.31295 30.24929,-22.31317 30.24978,-22.31337 30.24974,-22.31408 30.25008,-22.3143 30.25079,-22.31478 30.25266,-22.31599 30.25348,-22.31661 30.25423,-22.31722 30.25464,-22.31759 30.2552,-22.31797 30.25568,-22.31851 30.25695,-22.31992 30.25728,-22.32032 30.25762,-22.32071 30.25795,-22.3212 30.25846,-22.32197 30.25942,-22.32373 30.25964,-22.32411 30.25987,-22.32456 30.26034,-22.32532 30.26153,-22.32753 30.26181,-22.32809 30.26219,-22.32883 30.26265,-22.32972 30.2633,-22.33117 30.2635,-22.33157 30.2637,-22.33191 30.26416,-22.33287 30.26466,-22.334 30.26519,-22.33511 30.26554,-22.33591 30.26595,-22.33669 30.26625,-22.33737 30.26662,-22.33784 30.26691,-22.33834 30.26726,-22.33871 30.26769,-22.33924 30.26821,-22.33997 30.26856,-22.34064 30.26899,-22.34116 30.27012,-22.34257 30.27046,-22.34303 30.2709,-22.34359 30.27112,-22.34393 30.27162,-22.34446 30.27211,-22.34499 30.27344,-22.34655 30.2737,-22.34688 30.27425,-22.34733 30.27483,-22.34789 30.27529,-22.34834 30.27579,-22.34883 30.27779,-22.35051 30.27864,-22.35116 30.27919,-22.35165 30.2796,-22.352 30.27998,-22.35226 30.28058,-22.35263 30.28288,-22.35401 30.28323,-22.35414 30.28489,-22.3547 30.28627,-22.35521 30.28707,-22.35546 30.28813,-22.35572 30.28926,-22.35604 30.29024,-22.35625 30.291,-22.35634 30.29185,-22.35632 30.29309,-22.35629 30.29398,-22.35626 30.29436,-22.35625 30.29527,-22.35614 30.2959,-22.35594 30.29669,-22.35578 30.29757,-22.35559 30.29818,-22.35548 30.29876,-22.35529 30.3,-22.35493 30.3008,-22.35474 30.30138,-22.35454 30.30196,-22.35441 30.30217,-22.35431 30.30266,-22.35407 30.30344,-22.3537 30.30444,-22.35327 30.30509,-22.35291 30.30569,-22.35263 30.30603,-22.35251 30.30655,-22.35211 30.30788,-22.35132 30.3083,-22.35102 30.30876,-22.3507 30.30916,-22.35042 30.31016,-22.34976 30.31137,-22.34921 30.31197,-22.349 30.31326,-22.34846 30.31349,-22.34838 30.31448,-22.34811 30.31527,-22.34793 30.31562,-22.34787 30.31635,-22.34769 30.31678,-22.34768 30.31847,-22.34774 30.31951,-22.34776 30.32033,-22.34787 30.32102,-22.34803 30.3222,-22.34823 30.32304,-22.34841 30.32399,-22.34854 30.32477,-22.3487 30.32614,-22.34902 30.3269,-22.3493 30.32747,-22.34947 30.32791,-22.34954 30.32886,-22.34967 30.33016,-22.34994 30.33098,-22.3501 30.33171,-22.3502 30.33217,-22.35024 30.33292,-22.35031 30.33422,-22.35037 30.33493,-22.35048 30.33551,-22.35056 30.3361,-22.35062 30.33655,-22.35052 30.3372,-22.35056 30.33839,-22.35061 30.33945,-22.35068 30.34149,-22.35057 30.34217,-22.35058 30.34316,-22.35053 30.34356,-22.35043 30.3441,-22.35038 30.34476,-22.3503 30.34541,-22.35015 30.34642,-22.35 30.34718,-22.3499 30.34771,-22.34975 30.34823,-22.34971 30.34869,-22.34951 30.34932,-22.34936 30.35033,-22.34923 30.35137,-22.34903 30.35185,-22.34888 30.35243,-22.34878 30.35325,-22.34863 30.35423,-22.34857 30.35505,-22.34854 30.3555,-22.3485 30.35589,-22.34843 30.3564,-22.34831 30.35717,-22.34824 30.35824,-22.3482 30.35889,-22.34821 30.35948,-22.34821 30.35997,-22.34822 30.36108,-22.34818 30.36221,-22.34824 30.36283,-22.34833 30.36356,-22.34844 30.36426,-22.34853 30.36552,-22.34878 30.36609,-22.3489 30.36683,-22.349 30.36724,-22.34914 30.36783,-22.34928 30.36858,-22.3494 30.36923,-22.3496 30.36993,-22.34975 30.37068,-22.34985 30.37108,-22.35001 30.37145,-22.34998 30.37202,-22.35003 30.37258,-22.3502 30.37337,-22.35036 30.37469,-22.35076 30.37518,-22.35086 30.37618,-22.35095 30.37764,-22.35119 30.37836,-22.35129 30.37901,-22.3513 30.37931,-22.35127 30.37997,-22.35113 30.38062,-22.35103 30.38161,-22.3509 30.38225,-22.35088 30.38295,-22.35067 30.38356,-22.35038 30.38423,-22.35005 30.38525,-22.34964 30.38557,-22.34951 30.38628,-22.34926 30.38686,-22.34907 30.38731,-22.34885 30.38838,-22.34835 30.38914,-22.34805 30.38992,-22.34766 30.39053,-22.34742 30.39098,-22.34724 30.39156,-22.34698 30.39224,-22.34679 30.39299,-22.34648 30.39376,-22.34626 30.39429,-22.34604 30.39522,-22.34577 30.39565,-22.34564 30.39654,-22.34539 30.39747,-22.34523 30.39804,-22.34505 30.39845,-22.34492 30.39917,-22.34467 30.40027,-22.3444 30.40065,-22.34433 30.40071,-22.34432 30.40134,-22.34428 30.40187,-22.34413 30.40244,-22.34394 30.40382,-22.34362 30.40473,-22.34346 30.40528,-22.34323 30.40566,-22.34315 30.40637,-22.34315 30.40712,-22.34299 30.40775,-22.34284 30.40847,-22.34274 30.40915,-22.34256 30.41009,-22.34235 30.41024,-22.34234 30.41074,-22.34228 30.41137,-22.34216 30.41237,-22.34197 30.41301,-22.34183 30.4136,-22.34173 30.4142,-22.34164 30.41462,-22.34157 30.41547,-22.34138 30.41584,-22.3413 30.41633,-22.3412 30.41703,-22.341 30.4176,-22.34098 30.41808,-22.34083 30.41866,-22.34068 30.419,-22.34067 30.42042,-22.34034 30.42054,-22.34037 30.4211,-22.34023 30.42185,-22.34009 30.42255,-22.33989 30.42381,-22.33968 30.425,-22.33948 30.42552,-22.3394 30.42599,-22.33927 30.42643,-22.33919 30.427,-22.33906 30.42799,-22.33889 30.42882,-22.33867 30.42932,-22.33855 30.42991,-22.33837 30.43062,-22.33815 30.43131,-22.33796 30.43236,-22.33771 30.43441,-22.33725 30.43482,-22.33719 30.43552,-22.33697 30.43595,-22.33686 30.43656,-22.33677 30.43741,-22.33649 30.43916,-22.33595 30.4395,-22.33581 30.44002,-22.33569 30.44069,-22.33556 30.44158,-22.33525 30.44204,-22.33506 30.44273,-22.33479 30.44355,-22.33453 30.44438,-22.33432 30.44491,-22.3341 30.44545,-22.33401 30.44658,-22.33352 30.44819,-22.333 30.44873,-22.33281 30.44919,-22.33258 30.44993,-22.3323 30.45112,-22.33184 30.45174,-22.33163 30.45221,-22.33148 30.45267,-22.33113 30.45418,-22.33037 30.45517,-22.32997 30.45565,-22.3297 30.45633,-22.3293 30.45716,-22.32888 30.45804,-22.32848 30.45927,-22.32799 30.45969,-22.32775 30.4601,-22.32741 30.4608,-22.32702 30.46161,-22.32654 30.46202,-22.32626 30.46303,-22.32575 30.46423,-22.32502 30.4649,-22.32466 30.46542,-22.32448 30.4659,-22.32423 30.46641,-22.32391 30.46688,-22.32352 30.46735,-22.32332 30.46836,-22.32276 30.46901,-22.32251 30.46952,-22.32225 30.46997,-22.32205 30.47063,-22.32167 30.47119,-22.32134 30.47184,-22.32103 30.47259,-22.32072 30.47303,-22.32055 30.47337,-22.32031 30.47418,-22.31984 30.47574,-22.31912 30.47636,-22.31903 30.4767,-22.31887 30.47728,-22.31867 30.47781,-22.31834 30.47934,-22.31785 30.47993,-22.31778 30.48048,-22.31765 30.48093,-22.31744 30.48152,-22.31723 30.48305,-22.31691 30.48428,-22.31687 30.4848,-22.31682 30.48551,-22.31661 30.48726,-22.31648 30.48781,-22.31648 30.48839,-22.31651 30.48886,-22.31639 30.48939,-22.31635 30.4897,-22.31643 30.49034,-22.31648 30.4912,-22.31658 30.49189,-22.31659 30.49239,-22.31674 30.49277,-22.31679 30.49383,-22.31717 30.49473,-22.31757 30.4955,-22.31789 30.49627,-22.31823 30.49686,-22.31851 30.4984,-22.31932 30.49937,-22.31983 30.49966,-22.32004 30.49974,-22.32024 30.50001,-22.32034 30.50211,-22.32115 30.50248,-22.32132 30.5031,-22.32155 30.50412,-22.32195 30.50524,-22.3224 30.50585,-22.3226 30.50637,-22.32262 30.50711,-22.32267 30.50763,-22.32272 30.50998,-22.32272 30.5105,-22.32269 30.51121,-22.3226 30.5121,-22.32261 30.5129,-22.32265 30.514,-22.32276 30.51489,-22.32283 30.51588,-22.32285 30.51655,-22.32287 30.51739,-22.32303 30.51808,-22.32321 30.51861,-22.32337 30.51924,-22.32349 30.5198,-22.32365 30.5209,-22.32387 30.52262,-22.32421 30.52368,-22.32438 30.52485,-22.3247 30.52594,-22.32498 30.52747,-22.32549 30.52796,-22.32558 30.5292,-22.32589 30.53027,-22.32621 30.53078,-22.32629 30.53168,-22.32653 30.53265,-22.32689 30.53363,-22.32713 30.53411,-22.3272 30.53468,-22.32728 30.53529,-22.32742 30.53597,-22.32767 30.53746,-22.32801 30.53816,-22.32813 30.53869,-22.32823 30.53962,-22.3284 30.54107,-22.32885 30.54218,-22.32922 30.54274,-22.3294 30.54328,-22.32967 30.54392,-22.32983 30.54522,-22.33022 30.54562,-22.33029 30.54643,-22.33048 30.54713,-22.33066 30.54869,-22.33108 30.54942,-22.33127 30.55025,-22.33138 30.55068,-22.33148 30.55136,-22.33156 30.55281,-22.33164 30.55335,-22.3316 30.55397,-22.33162 30.55461,-22.33151 30.55526,-22.33111 30.55596,-22.33078 30.55672,-22.33044 30.55714,-22.3301 30.55766,-22.3298 30.55827,-22.3291 30.55914,-22.32828 30.55959,-22.32798 30.55984,-22.32765 30.5603,-22.32728 30.56074,-22.32659 30.5613,-22.32594 30.56175,-22.32536 30.5621,-22.32486 30.56255,-22.3242 30.56322,-22.32364 30.5638,-22.3232 30.56428,-22.32296 30.56476,-22.32262 30.56527,-22.32242 30.56577,-22.32206 30.56624,-22.32189 30.56706,-22.32162 30.56812,-22.32143 30.56887,-22.32134 30.5696,-22.32124 30.57075,-22.32113 30.57135,-22.32102 30.57195,-22.32083 30.57255,-22.32073 30.57317,-22.32063 30.57347,-22.3206 30.57417,-22.32057 30.57473,-22.32047 30.5754,-22.3204 30.57582,-22.32024 30.57615,-22.32 30.57666,-22.31971 30.57713,-22.31956 30.57779,-22.3194 30.57843,-22.3192 30.57906,-22.31911 30.57938,-22.31907 30.58006,-22.31901 30.58093,-22.31891 30.58249,-22.31895 30.58305,-22.31898 30.58353,-22.31905 30.5841,-22.31898 30.58477,-22.31892 30.58599,-22.31881 30.58681,-22.31881 30.58737,-22.31882 30.58798,-22.31891 30.58875,-22.31902 30.58932,-22.3191 30.58995,-22.31918 30.59079,-22.31927 30.59118,-22.3193 30.5918,-22.3194 30.59252,-22.31947 30.59397,-22.31963 30.59475,-22.31973 30.59523,-22.31986 30.59593,-22.31996 30.59673,-22.32012 30.59779,-22.3203 30.59842,-22.32042 30.59906,-22.32055 30.59958,-22.32065 30.60079,-22.32094 30.60141,-22.32106 30.60236,-22.32122 30.60282,-22.32136 30.6034,-22.32152 30.60423,-22.32182 30.60511,-22.32213 30.60582,-22.32233 30.60628,-22.32255 30.60674,-22.32285 30.6072,-22.32303 30.60777,-22.32344 30.60853,-22.32387 30.60913,-22.32422 30.60936,-22.32443 30.60967,-22.32489 30.60999,-22.32526 30.61033,-22.32565 30.61068,-22.32602 30.61138,-22.32665 30.61191,-22.32711 30.61219,-22.32735 30.61267,-22.32777 30.61289,-22.32811 30.61363,-22.3287 30.61442,-22.32927 30.61535,-22.32999 30.61568,-22.33032 30.61599,-22.33066 30.61719,-22.33158 30.61772,-22.33191 30.61799,-22.33218 30.61864,-22.33261 30.61909,-22.33297 30.61965,-22.33338 30.62018,-22.3337 30.62082,-22.33412 30.62126,-22.33438 30.62181,-22.33476 30.62243,-22.33508 30.6231,-22.33541 30.62366,-22.33566 30.62438,-22.3359 30.62488,-22.33606 30.62562,-22.33624 30.62609,-22.33634 30.62653,-22.33632 30.62744,-22.33632 30.62822,-22.33629 30.62895,-22.33635 30.62943,-22.33632 30.63019,-22.33627 30.63168,-22.33629 30.63234,-22.33616 30.63312,-22.3359 30.63368,-22.33567 30.63446,-22.33535 30.63578,-22.33481 30.63618,-22.33462 30.63664,-22.33423 30.63669,-22.33416 30.63669,-22.33416 30.63679,-22.33408 30.6372,-22.33384 30.63741,-22.3336 30.63744,-22.33357 30.63771,-22.33333 30.63786,-22.3332 30.63789,-22.33317 30.63825,-22.33286 30.63861,-22.3325 30.63879,-22.33241 30.63906,-22.33228 30.63933,-22.33198 30.63956,-22.33171 30.64006,-22.33126 30.6404,-22.3308 30.64045,-22.33073 30.64081,-22.33026 30.64116,-22.32993 30.64173,-22.32941 30.64173,-22.32941 30.64245,-22.32881 30.64269,-22.32851 30.64293,-22.32806 30.64304,-22.32786 30.64342,-22.32744 30.64391,-22.32694 30.64397,-22.32687 30.64439,-22.32636 30.6445,-22.32621 30.6447,-22.32593 30.645,-22.32556 30.64504,-22.32552 30.64545,-22.32495 30.64545,-22.32495 30.64547,-22.32493 30.64566,-22.32472 30.64599,-22.32432 30.64668,-22.32345 30.64701,-22.32292 30.64735,-22.32235 30.64735,-22.32235 30.64737,-22.32232 30.648,-22.32154 30.64824,-22.32124 30.64831,-22.32115 30.64849,-22.32088 30.64859,-22.32073 30.64873,-22.32056 30.64923,-22.31991 30.6496,-22.31945 30.64987,-22.31911 30.65011,-22.31879 30.65034,-22.3185 30.65071,-22.31802 30.65115,-22.31755 30.65132,-22.31738 30.65162,-22.31701 30.65205,-22.31658 30.65209,-22.31654 30.6526,-22.31608 30.65305,-22.31577 30.65362,-22.31547 30.65454,-22.31491 30.65493,-22.31468 30.6552,-22.3145 30.65542,-22.31436 30.65593,-22.31399 30.65631,-22.31377 30.65642,-22.31369 30.65662,-22.31356 30.65722,-22.3132 30.65757,-22.31299 30.6577,-22.31291 30.65834,-22.31275 30.65834,-22.31275 30.65897,-22.31248 30.65928,-22.31237 30.65966,-22.31224 30.65996,-22.31211 30.6602,-22.31204 30.66041,-22.31198 30.66092,-22.3118 30.66124,-22.31167 30.66165,-22.3115 30.66189,-22.31142 30.66208,-22.31136 30.66273,-22.31114 30.66286,-22.3111 30.66326,-22.31096 30.66394,-22.31085 30.66483,-22.31069 30.6653,-22.31061 30.66574,-22.31053 30.66622,-22.3105 30.6667,-22.31042 30.66689,-22.31039 30.6675,-22.31042 30.66798,-22.31045 30.66891,-22.31058 30.66944,-22.31062 30.66986,-22.3107 30.67015,-22.31076 30.67068,-22.31088 30.67108,-22.31094 30.67143,-22.31099 30.67235,-22.31111 30.67283,-22.31116 30.67297,-22.31118 30.67344,-22.31122 30.67404,-22.31126 30.67431,-22.31131 30.67479,-22.3114 30.67522,-22.31148 30.67598,-22.31162 30.67641,-22.31168 30.67675,-22.31173 30.67741,-22.3119 30.67784,-22.31202 30.67803,-22.31208 30.67923,-22.31254 30.67934,-22.31258 30.67934,-22.31258 30.67938,-22.31259 30.67983,-22.31274 30.68052,-22.31283 30.68052,-22.31283 30.68113,-22.31284 30.68185,-22.31292 30.68292,-22.3132 30.68301,-22.31321 30.68414,-22.31335 30.6844,-22.31341 30.68464,-22.31346 30.68502,-22.31352 30.68528,-22.31356 30.68603,-22.31369 30.68631,-22.31374 30.68683,-22.31383 30.68784,-22.314 30.68865,-22.31412 30.68932,-22.31424 30.68984,-22.31434 30.69002,-22.31435 30.69028,-22.31437 30.69143,-22.31457 30.69186,-22.31461 30.69245,-22.31467 30.69303,-22.31487 30.6931,-22.31489 30.69378,-22.31505 30.69428,-22.3153 30.69485,-22.31542 30.69506,-22.31546 30.69534,-22.31551 30.69676,-22.31576 30.69728,-22.31583 30.69753,-22.31587 30.69788,-22.31592 30.69874,-22.31605 30.70014,-22.31637 30.70077,-22.31653 30.70099,-22.3166 30.70139,-22.31672 30.70191,-22.3168 30.70288,-22.31692 30.70341,-22.31698 30.70363,-22.31702 30.70405,-22.31709 30.70522,-22.31709 30.70575,-22.31712 30.70611,-22.31714 30.70712,-22.31714 30.70747,-22.31715 30.70797,-22.31717 30.70861,-22.31711 30.70863,-22.31711 30.70863,-22.31711 30.70935,-22.31695 30.70935,-22.31695 30.70966,-22.31685 30.71067,-22.31673 30.71095,-22.3167 30.71098,-22.3167 30.7112,-22.31666 30.7119,-22.31653 30.71211,-22.31649 30.71243,-22.31642 30.71304,-22.31626 30.7143,-22.31584 30.71483,-22.31564 30.71498,-22.31558 30.71569,-22.31534 30.71583,-22.31528 30.7162,-22.31511 30.71649,-22.31504 30.71682,-22.31495 30.71777,-22.31447 30.71781,-22.31445 30.71795,-22.31437 30.71877,-22.31406 30.71926,-22.31384 30.71942,-22.31377 30.71999,-22.3135 30.72141,-22.31284 30.72199,-22.31256 30.7228,-22.31226 30.7234,-22.31193 30.72489,-22.31131 30.72508,-22.31121 30.72515,-22.31117 30.72565,-22.31092 30.7264,-22.31067 30.72699,-22.31043 30.72726,-22.3104 30.7285,-22.31018 30.72903,-22.31004 30.72909,-22.31003 30.72969,-22.30991 30.73041,-22.30983 30.7309,-22.30976 30.73135,-22.30969 30.73159,-22.30965 30.73171,-22.30952 30.73185,-22.30938 30.73211,-22.30942 30.7324,-22.30937 30.73273,-22.30932 30.73426,-22.30923 30.73467,-22.30921 30.73496,-22.30919 30.73536,-22.30916 30.73557,-22.30912 30.73623,-22.30901 30.73819,-22.30877 30.7388,-22.30869 30.73955,-22.30863 30.73958,-22.30863 30.74026,-22.30857 30.74097,-22.30849 30.74173,-22.3084 30.74204,-22.30841 30.7423,-22.30841 30.74268,-22.3084 30.74288,-22.30839 30.74331,-22.30835 30.74343,-22.30833 30.74369,-22.30829 30.74534,-22.30824 30.74591,-22.30822 30.74597,-22.30822 30.74649,-22.30815 30.74679,-22.30811 30.74709,-22.30808 30.74795,-22.30802 30.74857,-22.30798 30.74883,-22.30797 30.74916,-22.30796 30.74937,-22.30796 30.74975,-22.30795 30.74995,-22.30791 30.75013,-22.30787 30.75053,-22.30778 30.75076,-22.30773 30.7517,-22.30741 30.75194,-22.30732 30.75213,-22.30726 30.75251,-22.30712 30.75277,-22.30703 30.75336,-22.30679 30.75365,-22.30669 30.754,-22.30656 30.75484,-22.30615 30.75506,-22.30604 30.75558,-22.30576 30.75619,-22.30546 30.75663,-22.3053 30.75699,-22.30517 30.75772,-22.30487 30.75868,-22.30459 30.75922,-22.30455 30.75944,-22.30446 30.7597,-22.30436 30.76028,-22.30424 30.76097,-22.30415 30.76166,-22.3042 30.76201,-22.30422 30.76208,-22.30423 30.76244,-22.30428 30.76259,-22.3043 30.76282,-22.30433 30.76327,-22.30435 30.76333,-22.30435 30.76563,-22.30443 30.76563,-22.30443 30.76605,-22.30442 30.76676,-22.30447 30.76693,-22.30447 30.76914,-22.30449 30.7694,-22.30445 30.77033,-22.30445 30.77059,-22.30443 30.77074,-22.30442 30.7709,-22.30443 30.77123,-22.30445 30.77215,-22.30443 30.77262,-22.30442 30.77293,-22.30441 30.77361,-22.30437 30.77433,-22.30435 30.7744,-22.30435 30.7746,-22.30433 30.77625,-22.30414 30.77634,-22.30413 30.77671,-22.30408 30.77725,-22.30399 30.77784,-22.30386 30.77809,-22.30382 30.77966,-22.30342 30.78,-22.30336 30.78001,-22.30336 30.78007,-22.30335 30.78048,-22.30324 30.78103,-22.30304 30.78134,-22.30294 30.78147,-22.3029 30.78184,-22.30279 30.78188,-22.30278 30.78196,-22.30275 30.78322,-22.30227 30.78334,-22.30224 30.78404,-22.30208 30.78467,-22.3019 30.78514,-22.30186 30.78572,-22.30174 30.78686,-22.30153 30.7876,-22.30149 30.78788,-22.30144 30.78816,-22.3014 30.7885,-22.30138 30.78876,-22.30137 30.78898,-22.30138 30.7891,-22.30139 30.78955,-22.30137 30.79044,-22.30133 30.79077,-22.30131 30.79133,-22.30128 30.79218,-22.30127 30.7924,-22.30128 30.79264,-22.30129 30.79311,-22.3013 30.79333,-22.30128 30.79357,-22.30126 30.79362,-22.30126 30.79421,-22.30121 30.79477,-22.30113 30.79495,-22.3011 30.79513,-22.30107 30.79593,-22.30096 30.79639,-22.30087 30.79694,-22.30071 30.79722,-22.30067 30.7976,-22.30062 30.79811,-22.30052 30.79854,-22.30042 30.79906,-22.30031 30.79936,-22.30017 30.79947,-22.30012 30.79972,-22.30003 30.8,-22.29993 30.80013,-22.29988 30.80049,-22.29975 30.80073,-22.29971 30.80113,-22.29959 30.80163,-22.29941 30.80187,-22.29932 30.80252,-22.29908 30.80315,-22.29882 30.80355,-22.29865 30.80396,-22.29848 30.80421,-22.29841 30.80438,-22.29837 30.80461,-22.29829 30.80505,-22.29815 30.80565,-22.29803 30.8058,-22.298 30.80726,-22.29771 30.80773,-22.29759 30.80839,-22.29738 30.80891,-22.29726 30.80942,-22.29716 30.80985,-22.29707 30.81097,-22.29678 30.81119,-22.29671 30.81159,-22.29666 30.81186,-22.29661 30.81211,-22.29656 30.81279,-22.29639 30.81466,-22.29598 30.81486,-22.29595 30.81525,-22.29588 30.81567,-22.29578 30.81619,-22.29565 30.81662,-22.29557 30.81697,-22.29551 30.81741,-22.29538 30.81804,-22.2952 30.81837,-22.29511 30.8186,-22.29505 30.81881,-22.29501 30.81923,-22.29494 30.81951,-22.29489 30.81976,-22.29485 30.82055,-22.29466 30.82139,-22.29445 30.82166,-22.29441 30.82177,-22.29439 30.82219,-22.29432 30.82261,-22.29421 30.82279,-22.29417 30.82318,-22.29408 30.82409,-22.29384 30.82427,-22.2938 30.82503,-22.29366 30.82527,-22.29359 30.82542,-22.29355 30.82588,-22.2935 30.82657,-22.29342 30.82724,-22.29327 30.82735,-22.29325 30.82786,-22.29316 30.82866,-22.29298 30.82866,-22.29298 30.82869,-22.29298 30.8291,-22.29292 30.82935,-22.29286 30.82962,-22.2928 30.82989,-22.29273 30.83014,-22.29267 30.83064,-22.29262 30.83071,-22.29261 30.83205,-22.29235 30.83233,-22.29231 30.83243,-22.29229 30.83303,-22.29221 30.83315,-22.29219 30.83361,-22.2921 30.83497,-22.29199 30.83536,-22.29196 30.83617,-22.29197 30.83649,-22.29197 30.83684,-22.29198 30.83741,-22.29199 30.83887,-22.29207 30.83912,-22.29208 30.83917,-22.29208 30.83997,-22.29221 30.84055,-22.29233 30.84111,-22.29242 30.8424,-22.29271 30.84246,-22.29273 30.84255,-22.29276 30.84286,-22.29282 30.84315,-22.29288 30.84374,-22.29298 30.84396,-22.29302 30.84447,-22.29319 30.84522,-22.29338 30.84595,-22.29357 30.84612,-22.29361 30.84627,-22.29364 30.8465,-22.29371 30.84682,-22.29381 30.84706,-22.29387 30.84772,-22.29404 30.84798,-22.29415 30.84806,-22.29418 30.84934,-22.29448 30.85004,-22.2946 30.85027,-22.29466 30.85044,-22.29471 30.85098,-22.29487 30.85151,-22.29499 30.85221,-22.29516 30.85261,-22.29526 30.85285,-22.29533 30.85308,-22.2954 30.85332,-22.29545 30.85367,-22.29551 30.85428,-22.29568 30.85491,-22.2959 30.85505,-22.29595 30.85582,-22.2962 30.85618,-22.29632 30.85628,-22.29635 30.85666,-22.29647 30.857,-22.29653 30.8572,-22.29657 30.8574,-22.29663 30.85771,-22.29672 30.85858,-22.29693 30.85944,-22.2971 30.85951,-22.29711 30.85998,-22.2972 30.86043,-22.29724 30.86085,-22.29732 30.86117,-22.29738 30.86284,-22.2975 30.86308,-22.29753 30.86342,-22.29757 30.864,-22.2976 30.86429,-22.29763 30.86475,-22.29767 30.86529,-22.29771 30.86543,-22.29772 30.86623,-22.29789 30.86659,-22.29794 30.8668,-22.298 30.86707,-22.29807 30.86747,-22.29813 30.868,-22.29824 30.86984,-22.29865 30.87005,-22.29871 30.87039,-22.29881 30.87071,-22.29894 30.87085,-22.29899 30.87118,-22.29909 30.87143,-22.29917 30.87331,-22.30015 30.8738,-22.3004 30.87395,-22.30049 30.87431,-22.30071 30.87457,-22.30084 30.8748,-22.30095 30.87529,-22.30127 30.87587,-22.30156 30.87626,-22.30177 30.87683,-22.30208 30.87699,-22.30217 30.87707,-22.30222 30.87758,-22.30258 30.87793,-22.30277 30.87819,-22.30291 30.87858,-22.30313 30.87871,-22.3032 30.87921,-22.30345 30.88047,-22.30412 30.88088,-22.30429 30.8811,-22.30438 30.88171,-22.30459 30.88235,-22.30475 30.88288,-22.3048 30.88296,-22.3048 30.88381,-22.30481 30.88408,-22.30478 30.88449,-22.30469 30.88457,-22.30467 30.88457,-22.30467 30.88462,-22.30464 30.88488,-22.3045 30.88548,-22.30434 30.88584,-22.30417 30.88742,-22.30331 30.88767,-22.30314 30.88779,-22.30305 30.88819,-22.30276 30.88857,-22.30252 30.88863,-22.30249 30.88889,-22.30228 30.88909,-22.30212 30.88909,-22.30212 30.88972,-22.30181 30.88975,-22.30179 30.89026,-22.30145 30.89099,-22.30104 30.8911,-22.30098 30.89148,-22.30078 30.89181,-22.30058 30.89222,-22.30043 30.89233,-22.30039 30.89299,-22.30009 30.89326,-22.29999 30.89336,-22.29995 30.89441,-22.29946 30.89487,-22.29918 30.8953,-22.29897 30.89568,-22.29867 30.89579,-22.29858 30.89591,-22.29852 30.89633,-22.29831 30.89659,-22.2981 30.89681,-22.29792 30.89763,-22.29735 30.89773,-22.29725 30.89795,-22.29703 30.89823,-22.29694 30.89844,-22.29688 30.89874,-22.29677 30.89913,-22.29662 30.89963,-22.29649 30.90005,-22.29639 30.90015,-22.29636 30.90107,-22.29634 30.9013,-22.29636 30.90154,-22.29638 30.90216,-22.29641 30.90242,-22.29644 30.90279,-22.29647 30.90373,-22.29655 30.90395,-22.29657 30.90436,-22.29662 30.90488,-22.29666 30.90554,-22.29674 30.90601,-22.29686 30.90607,-22.29688 30.90647,-22.297 30.90752,-22.29722 30.90805,-22.29733 30.90832,-22.2974 30.90867,-22.29749 30.90926,-22.29768 30.90968,-22.29788 30.91038,-22.29803 30.91091,-22.29821 30.91143,-22.29837 30.91206,-22.29862 30.91282,-22.2989 30.91317,-22.29902 30.91347,-22.29913 30.9145,-22.2995 30.91497,-22.29971 30.91556,-22.3 30.91581,-22.30011 30.91615,-22.30026 30.91655,-22.30047 30.91666,-22.30052 30.9169,-22.30062 30.91718,-22.30069 30.91787,-22.30074 30.91816,-22.30078 30.91857,-22.30083 30.91944,-22.30084 30.91983,-22.30087 30.92032,-22.3009 30.92149,-22.30098 30.92219,-22.30099 30.92294,-22.30104 30.92314,-22.30105 30.92341,-22.30105 30.9238,-22.30106 30.925,-22.30107 30.92529,-22.30105 30.92554,-22.30104 30.9263,-22.30101 30.92658,-22.30101 30.92729,-22.30102 30.92869,-22.3011 30.92915,-22.3011 30.92946,-22.30115 30.93007,-22.30125 30.93035,-22.30132 30.93063,-22.30139 30.93115,-22.30153 30.93121,-22.30155 30.93128,-22.30157 30.93194,-22.30176 30.93247,-22.30202 30.93286,-22.30225 30.93292,-22.30228 30.9334,-22.30265 30.93381,-22.30297 30.93411,-22.3033 30.93434,-22.30356 30.93473,-22.30401 30.93511,-22.30452 30.93535,-22.30483 30.9356,-22.30512 30.93673,-22.30651 30.93708,-22.30693 30.93716,-22.30703 30.93742,-22.30736 30.93773,-22.30769 30.93841,-22.30855 30.93892,-22.30921 30.93937,-22.30975 30.9397,-22.31026 30.93996,-22.31063 30.93996,-22.31063 30.94013,-22.31099 30.94083,-22.31172 30.94092,-22.31182 30.94109,-22.312 30.94164,-22.31248 30.94188,-22.31264 30.94205,-22.31274 30.94253,-22.31309 30.94285,-22.31329 30.94325,-22.31355 30.94417,-22.31407 30.94447,-22.31424 30.94495,-22.31448 30.94542,-22.31474 30.946,-22.31499 30.94631,-22.3151 30.94648,-22.31516 30.94677,-22.31525 30.9473,-22.31533 30.94772,-22.31532 30.94813,-22.31531 30.94866,-22.31527 30.94911,-22.31523 30.9494,-22.31521 30.95043,-22.31515 30.9512,-22.3151 30.9514,-22.31509 30.95187,-22.31508 30.95263,-22.31504 30.95282,-22.31504 30.9531,-22.31503 30.95344,-22.31503 30.95407,-22.31499 30.95475,-22.31495 30.95582,-22.31495 30.95616,-22.31494 30.95634,-22.31494 30.95655,-22.31494 30.95694,-22.31495 30.95737,-22.31493 30.95739,-22.31493 30.95835,-22.31489 30.95846,-22.31489 30.95885,-22.31488 30.95925,-22.31482 30.95935,-22.31481 30.95949,-22.31479 30.96018,-22.31471 30.96031,-22.31471 30.96047,-22.3147 30.9607,-22.31465 30.961,-22.31458 30.96149,-22.31445 30.96197,-22.31433 30.96229,-22.31425 30.96235,-22.31423 30.96252,-22.31421 30.96317,-22.31411 30.96373,-22.31411 30.96384,-22.31411 30.96432,-22.31413 30.96468,-22.31415 30.96493,-22.31416 30.96552,-22.3142 30.96579,-22.3142 30.96692,-22.31432 30.9674,-22.31444 30.96768,-22.31451 30.9682,-22.31471 30.96868,-22.31492 30.96901,-22.31519 30.96905,-22.31523 30.96932,-22.31543 30.96966,-22.31584 30.96966,-22.31584 30.97012,-22.31646 30.97031,-22.31681 30.97084,-22.31779 30.97099,-22.3181 30.97115,-22.31845 30.97132,-22.31886 30.97152,-22.31942 30.97162,-22.31991 30.97174,-22.32052 30.97186,-22.32116 30.97195,-22.32139 30.97202,-22.32159 30.97217,-22.32212 30.97238,-22.32259 30.97247,-22.32273 30.97265,-22.32304 30.97286,-22.3233 30.97322,-22.32375 30.97374,-22.32421 30.9741,-22.32459 30.97424,-22.32474 30.97472,-22.32518 30.97481,-22.32525 30.97535,-22.32565 30.97554,-22.32578 30.9758,-22.32596 30.97599,-22.32608 30.9762,-22.32622 30.97644,-22.32629 30.97682,-22.3264 30.9772,-22.32657 30.97743,-22.32667 30.97753,-22.32672 30.97773,-22.32681 30.97825,-22.32702 30.97867,-22.32712 30.97883,-22.32716 30.97937,-22.32724 30.9794,-22.32725 30.97986,-22.32743 30.98037,-22.32748 30.98045,-22.32749 30.98089,-22.32761 30.98089,-22.32761 30.9823,-22.3277 30.9827,-22.3277 30.98308,-22.32769 30.98321,-22.32769 30.98376,-22.32769 30.98433,-22.32764 30.98482,-22.32769 30.98593,-22.32768 30.98616,-22.32766 30.98653,-22.32763 30.98684,-22.32758 30.98696,-22.32756 30.98741,-22.32748 30.9876,-22.32745 30.98813,-22.32734 30.98852,-22.32725 30.98855,-22.32724 30.98932,-22.32694 30.98943,-22.32689 30.98948,-22.32687 30.99008,-22.3266 30.99048,-22.32633 30.99082,-22.32611 30.99096,-22.32604 30.99116,-22.32594 30.99153,-22.32571 30.99179,-22.32546 30.99214,-22.32513 30.99262,-22.32457 30.99279,-22.32431 30.99293,-22.3241 30.99339,-22.32248 30.99354,-22.32178 30.99359,-22.3216 30.99368,-22.32124 30.99385,-22.32057 30.99398,-22.31984 30.9941,-22.31952 30.99415,-22.31939 30.99418,-22.31934 30.99423,-22.31925 30.99433,-22.31906 30.99445,-22.31884 30.99475,-22.31842 30.99503,-22.31791 30.99535,-22.31752 30.99535,-22.31752 30.99616,-22.31689 30.99636,-22.31678 30.99656,-22.31667 30.99714,-22.3165 30.99726,-22.31648 30.99776,-22.3164 30.99864,-22.31641 30.9993,-22.31642 30.99968,-22.31642 30.9997,-22.31643 30.9998,-22.31648 30.9998,-22.31679 30.9998,-22.31679 31.00024,-22.31679 31.00041,-22.31682 31.00065,-22.31685 31.00109,-22.31693 31.00123,-22.31695 31.0015,-22.317 31.00209,-22.3171 31.00226,-22.31712 31.00258,-22.31717 31.00299,-22.31727 31.00318,-22.31731 31.00412,-22.31767 31.00427,-22.31773 31.00439,-22.31778 31.00457,-22.31788 31.00471,-22.31797 31.00517,-22.31821 31.0058,-22.31845 31.00632,-22.31877 31.00684,-22.31906 31.00754,-22.31927 31.00793,-22.31941 31.00815,-22.31949 31.00899,-22.31973 31.00944,-22.31983 31.00984,-22.32003 31.00997,-22.32009 31.01031,-22.32026 31.0107,-22.3204 31.01091,-22.32048 31.01162,-22.32073 31.012,-22.32084 31.01236,-22.32095 31.01262,-22.32098 31.01296,-22.32101 31.01334,-22.32114 31.0135,-22.32119 31.01364,-22.32122 31.01399,-22.3213 31.01467,-22.32157 31.01474,-22.3216 31.01572,-22.32203 31.01691,-22.32252 31.01695,-22.32254 31.01695,-22.32254 31.01705,-22.3226 31.01777,-22.32302 31.0181,-22.32315 31.01837,-22.32326 31.0187,-22.32339 31.0191,-22.32356 31.01943,-22.32364 31.01968,-22.32371 31.0202,-22.32381 31.02025,-22.32382 31.02027,-22.32383 31.02096,-22.32404 31.02126,-22.32418 31.02154,-22.32431 31.02168,-22.32436 31.02199,-22.32446 31.02218,-22.32457 31.0225,-22.32475 31.02284,-22.32496 31.02301,-22.32507 31.02346,-22.32539 31.02397,-22.32569 31.02436,-22.3259 31.02486,-22.32627 31.02498,-22.32632 31.02508,-22.32636 31.02548,-22.32661 31.02587,-22.32687 31.02625,-22.32706 31.02647,-22.32717 31.02716,-22.3275 31.02782,-22.32771 31.02901,-22.3282 31.02951,-22.32843 31.02984,-22.32858 31.03031,-22.32871 31.03051,-22.32877 31.03101,-22.32893 31.03101,-22.32893 31.03103,-22.32894 31.03161,-22.32914 31.03198,-22.3294 31.0321,-22.32942 31.03212,-22.32942 31.03251,-22.32959 31.03283,-22.32972 31.03348,-22.32993 31.03376,-22.33 31.03406,-22.33007 31.03442,-22.33028 31.03459,-22.33038 31.0354,-22.33074 31.03672,-22.33134 31.03723,-22.33154 31.0375,-22.33165 31.03785,-22.33195 31.03815,-22.33219 31.03877,-22.33268 31.03934,-22.3329 31.04004,-22.33322 31.04025,-22.3333 31.04142,-22.33373 31.04171,-22.33387 31.04193,-22.33397 31.04244,-22.33408 31.04288,-22.33425 31.04313,-22.33435 31.0438,-22.33457 31.04458,-22.33482 31.04494,-22.33503 31.04511,-22.33514 31.04515,-22.33517 31.04601,-22.33542 31.0465,-22.33556 31.04743,-22.33574 31.04823,-22.33603 31.0484,-22.33615 31.0487,-22.33636 31.04911,-22.33666 31.04954,-22.33687 31.04963,-22.33692 31.04981,-22.33701 31.05009,-22.33712 31.05009,-22.33712 31.05043,-22.33712 31.05043,-22.33712 31.0508,-22.33719 31.05095,-22.33724 31.05108,-22.33729 31.05149,-22.33744 31.05172,-22.33753 31.05186,-22.33761 31.05227,-22.33783 31.05245,-22.33787 31.05267,-22.33793 31.05296,-22.33805 31.05315,-22.33812 31.05412,-22.33832 31.05526,-22.33855 31.0559,-22.33875 31.05637,-22.33888 31.0569,-22.33908 31.05745,-22.33922 31.05779,-22.33931 31.05842,-22.33951 31.05848,-22.33953 31.059,-22.33966 31.05947,-22.33982 31.06005,-22.33995 31.06017,-22.33997 31.06128,-22.34014 31.06173,-22.34026 31.06236,-22.34034 31.06278,-22.34036 31.06294,-22.34037 31.0634,-22.34045 31.06378,-22.34052 31.06386,-22.34054 31.06482,-22.34072 31.06504,-22.34084 31.06551,-22.3411 31.06565,-22.34118 31.06587,-22.34128 31.06597,-22.34133 31.06609,-22.34137 31.06667,-22.34159 31.06715,-22.34181 31.06727,-22.34186 31.0677,-22.34204 31.068,-22.34226 31.068,-22.34226 31.06829,-22.34235 31.06934,-22.34265 31.06991,-22.34283 31.07032,-22.34296 31.07074,-22.34317 31.07146,-22.34341 31.07166,-22.34346 31.07217,-22.3436 31.07257,-22.3437 31.07274,-22.34374 31.07342,-22.34391 31.0736,-22.34397 31.07397,-22.34409 31.07446,-22.34445 31.07451,-22.34448 31.07456,-22.34452 31.07501,-22.34487 31.07547,-22.34507 31.07556,-22.34511 31.07644,-22.34547 31.0771,-22.34575 31.07756,-22.34589 31.07814,-22.34607 31.07848,-22.34618 31.07858,-22.34621 31.07886,-22.34634 31.07955,-22.34649 31.07973,-22.34657 31.07991,-22.34665 31.08033,-22.3468 31.08064,-22.3469 31.08102,-22.34702 31.08129,-22.3471 31.08198,-22.34742 31.08258,-22.34769 31.08272,-22.34778 31.0828,-22.34783 31.08336,-22.348 31.08407,-22.34817 31.08443,-22.3482 31.08538,-22.34842 31.0857,-22.34842 31.08595,-22.34848 31.08625,-22.34855 31.08723,-22.34876 31.08775,-22.34889 31.08794,-22.34894 31.08844,-22.34904 31.08904,-22.3491 31.08909,-22.3491 31.08917,-22.3491 31.08944,-22.34911 31.09012,-22.34915 31.09034,-22.34911 31.09068,-22.34905 31.09095,-22.34902 31.09122,-22.34899 31.09137,-22.34897 31.09172,-22.34892 31.09192,-22.34889 31.09205,-22.34887 31.09265,-22.34883 31.09316,-22.34878 31.09366,-22.34875 31.09406,-22.3487 31.09411,-22.34869 31.09471,-22.34856 31.09488,-22.34852 31.09533,-22.34841 31.09654,-22.34804 31.09663,-22.34801 31.09707,-22.34785 31.09734,-22.34778 31.09759,-22.34772 31.09796,-22.34756 31.09804,-22.34753 31.09843,-22.34737 31.09874,-22.34725 31.09924,-22.34706 31.10115,-22.34615 31.10142,-22.34608 31.10175,-22.346 31.10307,-22.34568 31.10307,-22.34568 31.10316,-22.34564 31.10373,-22.34538 31.10419,-22.34519 31.10427,-22.34516 31.10427,-22.34516 31.10585,-22.34423 31.10642,-22.34395 31.10714,-22.3437 31.10766,-22.34342 31.10777,-22.34338 31.10836,-22.34319 31.10876,-22.34309 31.10878,-22.34309 31.10883,-22.34308 31.10959,-22.3429 31.11031,-22.34277 31.11066,-22.34263 31.11074,-22.3426 31.11082,-22.34257 31.11138,-22.3424 31.11211,-22.3422 31.11259,-22.34207 31.11279,-22.34201 31.11323,-22.34191 31.11347,-22.34186 31.11378,-22.34178 31.11416,-22.34169 31.11491,-22.34144 31.11524,-22.34131 31.11539,-22.34125 31.11567,-22.34113 31.11614,-22.34076 31.11624,-22.34069 31.11683,-22.34036 31.11729,-22.34009 31.11822,-22.33962 31.11857,-22.33955 31.11872,-22.3395 31.11972,-22.3392 31.12018,-22.33911 31.12056,-22.33904 31.1213,-22.33884 31.12181,-22.33864 31.12238,-22.33843 31.12252,-22.33839 31.12297,-22.33825 31.12319,-22.33811 31.12347,-22.33799 31.12458,-22.33749 31.12483,-22.3374 31.12534,-22.33721 31.12594,-22.33693 31.12641,-22.33671 31.12659,-22.33663 31.12723,-22.33645 31.1278,-22.33633 31.12828,-22.33625 31.12845,-22.33622 31.12872,-22.33615 31.12914,-22.33591 31.12922,-22.33587 31.12976,-22.33583 31.13027,-22.33558 31.13051,-22.33551 31.13072,-22.33545 31.13087,-22.33541 31.131,-22.33538 31.132,-22.33518 31.13249,-22.33502 31.13272,-22.33489 31.1329,-22.33478 31.13301,-22.33469 31.13316,-22.33456 31.13381,-22.33414 31.13443,-22.33382 31.13445,-22.33381 31.13448,-22.33379 31.13462,-22.33374 31.13488,-22.33365 31.13494,-22.33363 31.13506,-22.3336 31.13576,-22.33343 31.13647,-22.33327 31.13678,-22.33318 31.13711,-22.33311 31.13748,-22.33303 31.13844,-22.33274 31.13883,-22.33259 31.13931,-22.33249 31.13961,-22.33243 31.13972,-22.3324 31.14007,-22.33227 31.14018,-22.33221 31.14044,-22.33208 31.14069,-22.33199 31.14103,-22.33187 31.14138,-22.33178 31.14148,-22.33176 31.14192,-22.33168 31.14231,-22.33166 31.14264,-22.33165 31.14291,-22.33162 31.14311,-22.3316 31.14345,-22.33152 31.14385,-22.33139 31.14425,-22.33124 31.14425,-22.33124 31.14488,-22.33108 31.1451,-22.33107 31.14549,-22.33105 31.14583,-22.33103 31.14588,-22.33103 31.14602,-22.33104 31.14656,-22.33106 31.14705,-22.33103 31.14714,-22.33103 31.14714,-22.33103 31.14777,-22.33081 31.14825,-22.3307 31.14871,-22.33056 31.14922,-22.33042 31.14939,-22.33037 31.15018,-22.33025 31.15083,-22.33014 31.15191,-22.32984 31.15252,-22.32971 31.15292,-22.32964 31.15325,-22.32952 31.15383,-22.32936 31.15441,-22.32914 31.15494,-22.32902 31.1552,-22.32896 31.15582,-22.32872 31.15653,-22.32858 31.15706,-22.32859 31.1573,-22.32858 31.15766,-22.32857 31.15854,-22.32872 31.15854,-22.32872 31.15862,-22.32872 31.15921,-22.3287 31.15937,-22.32866 31.15957,-22.32862 31.16013,-22.32847 31.1614,-22.32839 31.162,-22.32842 31.16297,-22.32854 31.16333,-22.3286 31.1636,-22.32865 31.16422,-22.32894 31.16449,-22.32907 31.16462,-22.32913 31.16489,-22.32923 31.16509,-22.3293 31.16543,-22.32939 31.16582,-22.32947 31.16615,-22.32953 31.16661,-22.32962 31.16668,-22.32964 31.16701,-22.32973 31.16757,-22.32986 31.16778,-22.32991 31.16839,-22.33007 31.16922,-22.33023 31.16953,-22.33031 31.16979,-22.33038 31.17033,-22.33044 31.17037,-22.33045 31.17093,-22.33053 31.17093,-22.33053 31.17157,-22.3307 31.17159,-22.33071 31.17227,-22.33093 31.17315,-22.33122 31.17409,-22.33147 31.1745,-22.33176 31.17514,-22.33213 31.17518,-22.33216 31.17535,-22.33231 31.17585,-22.33253 31.17638,-22.33274 31.17641,-22.33275 31.17653,-22.3328 31.17717,-22.33309 31.17727,-22.33312 31.1777,-22.33324 31.17822,-22.33344 31.17874,-22.33369 31.17889,-22.33384 31.17901,-22.33396 31.17934,-22.33418 31.17985,-22.33451 31.18028,-22.33485 31.18031,-22.33487 31.18078,-22.33514 31.1809,-22.33524 31.18115,-22.33546 31.18142,-22.33567 31.18164,-22.33584 31.18194,-22.33609 31.18228,-22.33638 31.18295,-22.33684 31.18344,-22.33706 31.1845,-22.33754 31.1846,-22.3376 31.18489,-22.33776 31.18575,-22.33827 31.18665,-22.33869 31.18741,-22.33893 31.18741,-22.33893 31.18747,-22.33902 31.18768,-22.3393 31.18804,-22.33982 31.1883,-22.34016 31.18899,-22.34098 31.18914,-22.34117 31.1893,-22.34137 31.18976,-22.34185 31.1898,-22.34189 31.18981,-22.3419 31.19012,-22.34228 31.19032,-22.34251 31.19044,-22.34264 31.19069,-22.3431 31.19126,-22.34438 31.19135,-22.34456 31.19152,-22.3449 31.19159,-22.34508 31.19167,-22.3453 31.19191,-22.34575 31.19212,-22.34634 31.19227,-22.34666 31.19227,-22.34666 31.19287,-22.34792 31.19319,-22.34856 31.19337,-22.3488 31.19354,-22.34902 31.1938,-22.34941 31.19398,-22.34969 31.19419,-22.35018 31.19454,-22.35074 31.19493,-22.35128 31.1952,-22.35176 31.19554,-22.35218 31.19579,-22.35275 31.19592,-22.3532 31.19594,-22.35327 31.19596,-22.35339 31.19607,-22.3539 31.19616,-22.35412 31.19633,-22.35433 31.19648,-22.35452 31.19662,-22.3547 31.19677,-22.35486 31.19694,-22.35506 31.19736,-22.35552 31.19746,-22.35579 31.1975,-22.35591 31.19763,-22.35614 31.19776,-22.35638 31.1981,-22.35697 31.1983,-22.35728 31.19878,-22.35766 31.19892,-22.3578 31.19906,-22.35795 31.19927,-22.35824 31.19946,-22.35851 31.19958,-22.3587 31.19975,-22.35897 31.19998,-22.35933 31.20001,-22.35938 31.2002,-22.35975 31.20042,-22.36012 31.2005,-22.36026 31.20093,-22.36085 31.20124,-22.36117 31.20171,-22.36155 31.20175,-22.36158 31.20217,-22.36197 31.20252,-22.36227 31.20254,-22.36229 31.20292,-22.3625 31.20328,-22.36269 31.20355,-22.36281 31.20392,-22.36298 31.2041,-22.36311 31.20436,-22.36331 31.2047,-22.36347 31.20486,-22.36355 31.20528,-22.36382 31.20588,-22.36419 31.2064,-22.36454 31.20664,-22.3647 31.20714,-22.36503 31.20761,-22.36528 31.20838,-22.3659 31.20906,-22.36644 31.20916,-22.36651 31.20934,-22.36663 31.20952,-22.36684 31.20968,-22.36703 31.21029,-22.36735 31.21061,-22.36754 31.21069,-22.36759 31.21091,-22.3677 31.21129,-22.36788 31.21167,-22.36806 31.21208,-22.36822 31.21224,-22.36828 31.21237,-22.36834 31.21264,-22.36846 31.21297,-22.36862 31.2131,-22.36869 31.21351,-22.36881 31.21369,-22.36887 31.21378,-22.3689 31.21419,-22.36906 31.21469,-22.36926 31.21512,-22.36939 31.21516,-22.3694 31.21523,-22.36942 31.21625,-22.36967 31.21679,-22.36975 31.21699,-22.36978 31.21755,-22.36983 31.21789,-22.36984 31.21815,-22.36984 31.21883,-22.36985 31.21893,-22.36985 31.21945,-22.36983 31.21994,-22.36984 31.2203,-22.36984 31.22087,-22.36981 31.22087,-22.36981 31.22092,-22.3698 31.22166,-22.36967 31.22194,-22.36962 31.22212,-22.36958 31.22284,-22.3694 31.22301,-22.36936 31.22359,-22.36917 31.22401,-22.36899 31.22423,-22.3689 31.22513,-22.36869 31.2257,-22.36857 31.22592,-22.36853 31.22627,-22.36847 31.22774,-22.36802 31.22871,-22.36777 31.22925,-22.36777 31.22942,-22.3678 31.22956,-22.36782 31.22974,-22.36788 31.22975,-22.36788 31.23062,-22.3678 31.23107,-22.36744 31.23154,-22.36727 31.23183,-22.36717 31.23281,-22.36683 31.23365,-22.3666 31.23407,-22.36647 31.23555,-22.36599 31.23573,-22.36594 31.2361,-22.36584 31.23688,-22.36556 31.23829,-22.36506 31.23837,-22.36503 31.23902,-22.36484 31.24008,-22.36452 31.24054,-22.36443 31.24067,-22.36441 31.24085,-22.36439 31.24118,-22.36435 31.24126,-22.36434 31.24133,-22.36434 31.24168,-22.36432 31.24235,-22.36423 31.24277,-22.36418 31.24318,-22.36413 31.24394,-22.36403 31.24426,-22.36394 31.24457,-22.36386 31.24519,-22.36376 31.24529,-22.36374 31.2462,-22.36354 31.24688,-22.3634 31.24731,-22.36332 31.24773,-22.36312 31.2484,-22.36294 31.24842,-22.36294 31.24842,-22.36294 31.24945,-22.36287 31.24987,-22.363 31.24993,-22.36302 31.24994,-22.36302 31.25031,-22.36306 31.25067,-22.36307 31.2513,-22.3631 31.25142,-22.3631 31.25255,-22.36326 31.25391,-22.36341 31.25423,-22.36347 31.25452,-22.36353 31.25502,-22.36358 31.25514,-22.36359 31.25536,-22.36363 31.25653,-22.36382 31.25727,-22.36402 31.25826,-22.36416 31.25858,-22.36421 31.25904,-22.36429 31.26045,-22.36445 31.26058,-22.36446 31.26167,-22.36459 31.26201,-22.36465 31.26313,-22.36486 31.26357,-22.36498 31.26364,-22.365 31.2637,-22.36502 31.2643,-22.36519 31.26513,-22.36548 31.2654,-22.36563 31.26571,-22.36579 31.26614,-22.36607 31.26778,-22.3671 31.26821,-22.36737 31.2685,-22.36755 31.26904,-22.36798 31.26922,-22.36823 31.26961,-22.36873 31.26987,-22.36907 31.27004,-22.36928 31.27042,-22.36986 31.27084,-22.3705 31.27108,-22.37088 31.27133,-22.37125 31.27162,-22.37167 31.27166,-22.37173 31.27209,-22.37235 31.27233,-22.37272 31.27295,-22.37367 31.27318,-22.37405 31.27319,-22.37407 31.27341,-22.37432 31.27367,-22.37474 31.27368,-22.37476 31.27373,-22.37488 31.27384,-22.37514 31.27412,-22.37594 31.27445,-22.37699 31.27452,-22.37723 31.27468,-22.37774 31.27484,-22.3785 31.27497,-22.37928 31.27514,-22.38027 31.27518,-22.3805 31.27521,-22.38068 31.27528,-22.38113 31.27535,-22.38154 31.27573,-22.38351 31.27573,-22.38351 31.27573,-22.38352 31.27585,-22.38404 31.27591,-22.38438 31.27598,-22.38474 31.27616,-22.38523 31.27622,-22.38541 31.2763,-22.38568 31.27647,-22.38618 31.27674,-22.38693 31.27706,-22.38783 31.27717,-22.38806 31.27725,-22.38823 31.27736,-22.38845 31.27747,-22.38866 31.27768,-22.38903 31.27823,-22.3902 31.27832,-22.39039 31.27868,-22.39103 31.27889,-22.39147 31.2791,-22.39175 31.27924,-22.39192 31.27934,-22.39215 31.27947,-22.39246 31.27983,-22.39297 31.2803,-22.39364 31.28031,-22.39366 31.28034,-22.39371 31.28054,-22.39407 31.28092,-22.3946 31.28119,-22.39492 31.28143,-22.39517 31.28162,-22.39537 31.28196,-22.39578 31.28248,-22.39644 31.28287,-22.39704 31.28291,-22.39709 31.28325,-22.3975 31.28366,-22.39814 31.28376,-22.39829 31.28409,-22.39879 31.28435,-22.39924 31.28453,-22.39956 31.28459,-22.39969 31.28497,-22.40043 31.28513,-22.40077 31.28527,-22.40107 31.28561,-22.40178 31.28579,-22.40216 31.28604,-22.4027 31.28653,-22.40357 31.28673,-22.40386 31.28687,-22.40405 31.28709,-22.40436 31.28766,-22.40505 31.28785,-22.40524 31.2885,-22.4059 31.28872,-22.40609 31.28898,-22.40631 31.28988,-22.40698 31.29015,-22.40721 31.29121,-22.4079 31.29134,-22.40798 31.29141,-22.40802 31.2921,-22.40843 31.29445,-22.40984 31.29471,-22.40998 31.29486,-22.41006 31.29543,-22.41043 31.29591,-22.41072 31.29648,-22.41101 31.29668,-22.41111 31.29691,-22.41125 31.29695,-22.41128 31.29709,-22.41138 31.298,-22.41198 31.29836,-22.41233 31.29836,-22.41233 31.2992,-22.4129 31.29958,-22.4132 31.29985,-22.41342 31.30013,-22.41369 31.30025,-22.41383 31.30069,-22.4143 31.30115,-22.41488 31.30151,-22.41525 31.30181,-22.41561 31.30251,-22.41641 31.303,-22.41686 31.30314,-22.41699 31.30385,-22.41755 31.30458,-22.41818 31.30469,-22.41828 31.30597,-22.41926 31.307,-22.42004 31.30777,-22.4207 31.30937,-22.42201 31.30937,-22.42201 31.30764,-22.42328 31.30741,-22.42345 31.30864,-22.42623 31.30923,-22.42756 31.32684,-22.48037 31.34739,-22.54201 31.47526,-22.92559 31.54579,-23.13719 31.5636,-23.19823 31.56142,-23.22428 31.55649,-23.22222 31.55351,-23.22012 31.54786,-23.21541 31.54489,-23.21345 31.54235,-23.21084 31.54191,-23.20743 31.5414,-23.20359 31.54148,-23.19924 31.54061,-23.19685 31.53894,-23.19293 31.5372,-23.1901 31.53437,-23.18756 31.53213,-23.18655 31.52951,-23.18532 31.52654,-23.1843 31.52321,-23.18329 31.52009,-23.18147 31.51726,-23.1793 31.51574,-23.17713 31.51393,-23.17509 31.51161,-23.17278 31.50921,-23.17053 31.50653,-23.16929 31.50421,-23.16828 31.50283,-23.16676 31.50254,-23.16466 31.50262,-23.16262 31.50182,-23.16052 31.5008,-23.15915 31.49907,-23.15813 31.49711,-23.1577 31.49442,-23.15762 31.49065,-23.15784 31.48768,-23.15719 31.48493,-23.15624 31.48195,-23.15537 31.47847,-23.1545 31.47659,-23.15342 31.47659,-23.15161 31.47666,-23.14928 31.47565,-23.14639 31.47441,-23.14479 31.47282,-23.14414 31.47086,-23.14327 31.46876,-23.14276 31.46637,-23.14283 31.46419,-23.1429 31.4618,-23.14356 31.45991,-23.14312 31.45832,-23.14182 31.45622,-23.13935 31.45506,-23.13747 31.45339,-23.13486 31.45237,-23.13232 31.45259,-23.13036 31.45339,-23.12884 31.45397,-23.12768 31.45477,-23.12572 31.45527,-23.12391 31.45564,-23.12166 31.45614,-23.11891 31.45709,-23.11593 31.45716,-23.11419 31.45629,-23.11275 31.45513,-23.11195 31.45353,-23.11129 31.45114,-23.11064 31.44976,-23.11006 31.44824,-23.10897 31.44628,-23.10825 31.44418,-23.10839 31.44157,-23.10803 31.43911,-23.10767 31.43628,-23.10723 31.43345,-23.1068 31.43113,-23.10578 31.42983,-23.10462 31.42874,-23.10303 31.42794,-23.10071 31.42613,-23.09839 31.42403,-23.09679 31.42185,-23.09571 31.42018,-23.0952 31.41815,-23.09295 31.41424,-23.09157 31.41187,-23.09111 31.41095,-23.09207 31.40914,-23.09348 31.40745,-23.09552 31.40573,-23.09677 31.40424,-23.09705 31.40203,-23.09637 31.40082,-23.09605 31.39861,-23.09597 31.39697,-23.09625 31.39528,-23.09629 31.39187,-23.09589 31.38761,-23.0952 31.38649,-23.09528 31.38512,-23.09593 31.38408,-23.09705 31.38387,-23.09818 31.38387,-23.10002 31.38444,-23.10179 31.38456,-23.10316 31.3846,-23.1044 31.38367,-23.10605 31.38251,-23.10689 31.38118,-23.10685 31.37966,-23.10633 31.37761,-23.10653 31.37668,-23.10725 31.37664,-23.10874 31.37689,-23.11059 31.37652,-23.11255 31.37556,-23.11444 31.3746,-23.11637 31.3746,-23.11818 31.37588,-23.11999 31.37805,-23.12043 31.37893,-23.12159 31.37934,-23.1236 31.37914,-23.12533 31.37841,-23.12717 31.37781,-23.12922 31.37697,-23.13119 31.3762,-23.1322 31.376,-23.13408 31.3764,-23.13573 31.3756,-23.13742 31.37488,-23.13834 31.37331,-23.1387 31.3709,-23.13894 31.36942,-23.13955 31.36801,-23.14043 31.36632,-23.14155 31.36476,-23.14183 31.36287,-23.14147 31.35986,-23.14163 31.3572,-23.14196 31.35576,-23.14232 31.35504,-23.14352 31.35488,-23.14489 31.35379,-23.14641 31.35323,-23.14722 31.35238,-23.14854 31.35106,-23.14975 31.34941,-23.15067 31.34853,-23.15192 31.34732,-23.15372 31.34704,-23.15533 31.34688,-23.1579 31.34688,-23.16047 31.3458,-23.16212 31.34407,-23.16324 31.34266,-23.16417 31.34082,-23.16457 31.33929,-23.16521 31.33736,-23.16638 31.33636,-23.16738 31.33423,-23.1669 31.33254,-23.16734 31.33138,-23.16826 31.33013,-23.16919 31.32893,-23.1714 31.32804,-23.17316 31.3262,-23.17441 31.32451,-23.17437 31.32258,-23.17344 31.32138,-23.17288 31.31828,-23.17252 31.31628,-23.1724 31.31519,-23.17164 31.31435,-23.17047 31.31339,-23.16975 31.31182,-23.16955 31.31045,-23.16995 31.30861,-23.17092 31.30704,-23.17196 31.30487,-23.17304 31.30294,-23.17377 31.30178,-23.17324 31.30085,-23.17252 31.29929,-23.17196 31.2982,-23.17196 31.29679,-23.17228 31.29563,-23.17316 31.29511,-23.17465 31.29479,-23.17646 31.29515,-23.17847 31.29463,-23.17963 31.29314,-23.18048 31.29121,-23.18124 31.28908,-23.18208 31.28728,-23.18252 31.28547,-23.183 31.28394,-23.18405 31.28226,-23.18521 31.28045,-23.1861 31.27888,-23.18662 31.27683,-23.18718 31.27442,-23.1875 31.27141,-23.18758 31.26936,-23.18754 31.26727,-23.1877 31.26515,-23.18758 31.2637,-23.1879 31.26274,-23.18762 31.26149,-23.18754 31.26069,-23.18803 31.26041,-23.18927 31.26028,-23.19092 31.2594,-23.1922 31.25856,-23.19309 31.25751,-23.19441 31.25764,-23.19558 31.25884,-23.19662 31.25964,-23.19758 31.25972,-23.19935 31.2588,-23.20164 31.25739,-23.20373 31.25522,-23.20473 31.25169,-23.20582 31.24888,-23.20642 31.24587,-23.20686 31.24213,-23.2065 31.23912,-23.20614 31.23711,-23.20618 31.23562,-23.20662 31.23434,-23.20767 31.23261,-23.20911 31.2306,-23.21112 31.22884,-23.21349 31.22735,-23.2153 31.22554,-23.21678 31.22446,-23.21763 31.22305,-23.21646 31.22181,-23.2157 31.22052,-23.2157 31.21912,-23.21622 31.21823,-23.21703 31.21695,-23.21935 31.21578,-23.22004 31.21349,-23.22056 31.2114,-23.22056 31.20911,-23.22036 31.20695,-23.21959 31.20566,-23.21871 31.20445,-23.21727 31.20313,-23.21502 31.20221,-23.21393 31.20052,-23.21225 31.19935,-23.21036 31.19795,-23.20899 31.19562,-23.20867 31.19409,-23.20851 31.1912,-23.20819 31.18795,-23.20787 31.18546,-23.20718 31.182,-23.2061 31.18019,-23.2057 31.17875,-23.20437 31.17763,-23.20389 31.1757,-23.20417 31.17357,-23.20481 31.17128,-23.20526 31.16907,-23.20566 31.1675,-23.20658 31.16545,-23.20759 31.16381,-23.20731 31.16284,-23.20614 31.16252,-23.20457 31.16264,-23.20297 31.16296,-23.20156 31.16333,-23.20068 31.16457,-23.19859 31.16654,-23.19654 31.16754,-23.19473 31.16694,-23.19321 31.16602,-23.19232 31.16457,-23.19104 31.16276,-23.18975 31.16043,-23.18875 31.15847,-23.18815 31.15666,-23.18807 31.15477,-23.18839 31.15276,-23.18891 31.15124,-23.18927 31.15047,-23.19007 31.14911,-23.19228 31.14782,-23.19244 31.14682,-23.1916 31.1461,-23.19011 31.14581,-23.18827 31.14626,-23.1867 31.1475,-23.18513 31.14907,-23.18401 31.14911,-23.18325 31.1483,-23.18264 31.1473,-23.18232 31.14618,-23.1824 31.14581,-23.18168 31.14565,-23.1806 31.14598,-23.17955 31.14505,-23.17839 31.14368,-23.17814 31.14264,-23.17871 31.1418,-23.17987 31.14023,-23.18072 31.13842,-23.18184 31.13722,-23.18252 31.13565,-23.18256 31.13453,-23.18252 31.13228,-23.182 31.13039,-23.1808 31.12902,-23.17959 31.12926,-23.17778 31.13055,-23.17634 31.13079,-23.17541 31.13019,-23.17437 31.12866,-23.17348 31.1277,-23.17264 31.12702,-23.17168 31.12621,-23.17047 31.12469,-23.17075 31.12352,-23.1714 31.12228,-23.17212 31.12067,-23.17336 31.12003,-23.17417 31.11922,-23.17566 31.11838,-23.17646 31.11754,-23.17762 31.11605,-23.17907 31.11513,-23.18003 31.1138,-23.18096 31.11284,-23.1814 31.11195,-23.18164 31.11063,-23.18184 31.10987,-23.18232 31.10914,-23.18325 31.10862,-23.18413 31.10838,-23.18554 31.1081,-23.18674 31.10782,-23.18734 31.10766,-23.18823 31.1079,-23.18951 31.10713,-23.19016 31.10589,-23.1906 31.10489,-23.19112 31.10396,-23.19224 31.10372,-23.19361 31.10352,-23.19481 31.10296,-23.19598 31.10175,-23.19654 31.10023,-23.19642 31.09878,-23.1963 31.09733,-23.19614 31.09605,-23.1963 31.0948,-23.19726 31.09388,-23.19823 31.09368,-23.19923 31.0936,-23.20164 31.09456,-23.20329 31.09484,-23.20461 31.0938,-23.2063 31.09292,-23.20755 31.09159,-23.20931 31.09075,-23.21104 31.08926,-23.21208 31.08797,-23.21249 31.08709,-23.21108 31.08589,-23.20979 31.08364,-23.20919 31.08139,-23.20895 31.08067,-23.20743 31.07954,-23.20566 31.07837,-23.20441 31.07689,-23.20253 31.07621,-23.20052 31.0754,-23.19919 31.07452,-23.19867 31.07243,-23.19767 31.07006,-23.19634 31.06721,-23.19437 31.06432,-23.1924 31.06263,-23.1912 31.06255,-23.18971 31.06303,-23.18863 31.06223,-23.18714 31.06094,-23.1863 31.0589,-23.1853 31.05729,-23.18357 31.0562,-23.18176 31.05524,-23.17947 31.0548,-23.1781 31.055,-23.17706 31.05448,-23.1761 31.05291,-23.17505 31.05187,-23.17481 31.05074,-23.17566 31.04982,-23.1765 31.04849,-23.17726 31.04701,-23.17778 31.04552,-23.17806 31.0442,-23.1771 31.04343,-23.17658 31.04243,-23.1769 31.04182,-23.1779 31.0411,-23.17907 31.03926,-23.17959 31.03737,-23.18023 31.0368,-23.18092 31.03696,-23.18252 31.03765,-23.18473 31.03877,-23.1867 31.03986,-23.18843 31.04042,-23.19044 31.0405,-23.19256 31.03897,-23.19433 31.03765,-23.19618 31.03616,-23.1969 31.03411,-23.19602 31.0319,-23.19449 31.03098,-23.19441 31.02849,-23.19445 31.02608,-23.19357 31.0248,-23.19224 31.02375,-23.19011 31.02331,-23.18847 31.02246,-23.18638 31.02118,-23.1855 31.02062,-23.18409 31.02126,-23.18268 31.02343,-23.18112 31.02407,-23.17935 31.02423,-23.1775 31.02379,-23.17634 31.02263,-23.17582 31.0217,-23.17537 31.02122,-23.17409 31.02058,-23.17312 31.01905,-23.17288 31.01676,-23.17244 31.01491,-23.17216 31.01258,-23.17252 31.01005,-23.17344 31.00797,-23.17441 31.006,-23.17477 31.00419,-23.17477 31.00238,-23.17481 30.99989,-23.17357 30.99845,-23.17344 30.99644,-23.17393 30.99415,-23.17469 30.99202,-23.17541 30.99049,-23.17485 30.98865,-23.17385 30.98748,-23.17264 30.98632,-23.17152 30.98475,-23.17003 30.98214,-23.16927 30.98037,-23.16891 30.97905,-23.16999 30.97668,-23.1708 30.97535,-23.17152 30.97346,-23.1722 30.97166,-23.17288 30.96872,-23.17369 30.96688,-23.17413 30.96579,-23.173 30.96491,-23.17212 30.96411,-23.17236 30.96346,-23.17316 30.96278,-23.17401 30.96121,-23.17397 30.96081,-23.17296 30.96125,-23.1716 30.96177,-23.17088 30.96198,-23.17011 30.96121,-23.16919 30.95985,-23.16798 30.95904,-23.1669 30.95872,-23.16606 30.95768,-23.16529 30.95643,-23.16429 30.95515,-23.16429 30.95394,-23.16445 30.95302,-23.16485 30.95193,-23.16485 30.95069,-23.16473 30.94977,-23.16449 30.9486,-23.16505 30.94772,-23.16553 30.94736,-23.1661 30.94728,-23.16718 30.94744,-23.16846 30.94748,-23.16987 30.94772,-23.1708 30.94784,-23.17189 30.9471,-23.17275 30.94742,-23.17381 30.94798,-23.17444 30.94774,-23.17565 30.94703,-23.1771 30.94458,-23.17941 30.9444,-23.17886 30.94416,-23.17819 30.94243,-23.17344 30.94138,-23.17055 30.94078,-23.16896 30.93897,-23.16412 30.93349,-23.14914 30.931,-23.14233 30.93025,-23.14081 30.92984,-23.13998 30.92958,-23.13943 30.92958,-23.13943 30.92958,-23.13944 30.92922,-23.13937 30.9289,-23.13941 30.9285,-23.13965 30.92813,-23.13983 30.92778,-23.13996 30.92695,-23.14007 30.92637,-23.14018 30.92599,-23.1405 30.9257,-23.14054 30.92549,-23.14057 30.92469,-23.14076 30.92388,-23.14111 30.92322,-23.14151 30.92272,-23.14153 30.92211,-23.1414 30.92124,-23.14103 30.92078,-23.14096 30.92037,-23.1412 30.91978,-23.14188 30.91919,-23.14253 30.91851,-23.14314 30.91686,-23.14434 30.91546,-23.14539 30.91509,-23.14567 30.91502,-23.1462 30.91502,-23.14652 30.91498,-23.14668 30.91441,-23.14702 30.91354,-23.14724 30.91273,-23.14709 30.91182,-23.14672 30.91109,-23.14651 30.91076,-23.14642 30.91028,-23.14599 30.90952,-23.14536 30.90884,-23.14483 30.90856,-23.14467 30.90753,-23.14407 30.90672,-23.14349 30.90656,-23.14338 30.90645,-23.14331 30.90606,-23.14308 30.90569,-23.14264 30.90549,-23.14229 30.9053,-23.14194 30.90524,-23.14179 30.90521,-23.14172 30.90514,-23.14148 30.90503,-23.14109 30.90503,-23.14081 30.9053,-23.14024 30.9053,-23.13981 30.90508,-23.13943 30.90434,-23.13871 30.90357,-23.13823 30.90299,-23.13794 30.90279,-23.13784 30.9026,-23.13775 30.90214,-23.13755 30.9011,-23.13735 30.90033,-23.13716 30.89974,-23.13718 30.89932,-23.13724 30.89885,-23.13731 30.89799,-23.13756 30.8975,-23.1377 30.89663,-23.13825 30.8963,-23.13862 30.8963,-23.13942 30.89652,-23.1403 30.8968,-23.14123 30.89687,-23.14171 30.89687,-23.14226 30.89656,-23.14283 30.89588,-23.14355 30.89564,-23.14385 30.89551,-23.14407 30.89501,-23.14429 30.89427,-23.14499 30.89356,-23.14565 30.89302,-23.14609 30.89294,-23.14613 30.89271,-23.14622 30.89234,-23.14635 30.89217,-23.14641 30.89142,-23.14665 30.89107,-23.14716 30.89062,-23.1477 30.89016,-23.14792 30.8892,-23.14803 30.88713,-23.14792 30.88604,-23.14783 30.88521,-23.14783 30.88427,-23.14814 30.884,-23.14834 30.8838,-23.1485 30.88352,-23.14896 30.88315,-23.14924 30.8828,-23.14946 30.88264,-23.14961 30.88262,-23.15002 30.88262,-23.15055 30.88249,-23.15079 30.88212,-23.15096 30.88153,-23.15096 30.88088,-23.15083 30.88027,-23.15055 30.87979,-23.15005 30.87937,-23.14959 30.87909,-23.14885 30.87902,-23.14832 30.87891,-23.14786 30.87907,-23.14728 30.87918,-23.14682 30.87937,-23.14616 30.87945,-23.14478 30.87947,-23.14441 30.87954,-23.14382 30.87951,-23.14345 30.8793,-23.14297 30.87901,-23.14205 30.87873,-23.14131 30.87866,-23.14072 30.87853,-23.13972 30.87852,-23.13936 30.87833,-23.13881 30.87826,-23.13814 30.87809,-23.13779 30.87804,-23.13755 30.87787,-23.13663 30.87789,-23.13602 30.87793,-23.13572 30.87728,-23.13417 30.87717,-23.13338 30.87712,-23.13241 30.87685,-23.13167 30.87655,-23.13104 30.87616,-23.13073 30.87594,-23.13025 30.87528,-23.12912 30.87523,-23.12888 30.8752,-23.12872 30.8752,-23.12869 30.87521,-23.12828 30.87522,-23.12787 30.87528,-23.12742 30.87547,-23.1269 30.87548,-23.12682 30.87553,-23.12638 30.87547,-23.12601 30.87538,-23.12586 30.8751,-23.12564 30.87499,-23.12558 30.87462,-23.1254 30.87436,-23.12501 30.87412,-23.12468 30.87359,-23.1242 30.87294,-23.12394 30.87278,-23.12395 30.87218,-23.12398 30.87139,-23.12418 30.87058,-23.1245 30.86971,-23.12501 30.86886,-23.12529 30.86814,-23.12573 30.86706,-23.1263 30.86623,-23.12674 30.86558,-23.127 30.86521,-23.12707 30.86462,-23.12683 30.86388,-23.12648 30.86342,-23.12637 30.86292,-23.12648 30.86224,-23.12713 30.8622,-23.12719 30.86189,-23.12763 30.86187,-23.12781 30.86185,-23.12801 30.8615,-23.12831 30.86124,-23.12842 30.8608,-23.1284 30.86047,-23.12805 30.85988,-23.12731 30.85954,-23.12693 30.85952,-23.12691 30.8593,-23.12665 30.85818,-23.12548 30.85732,-23.12422 30.8571,-23.12381 30.85715,-23.1233 30.85713,-23.12296 30.85704,-23.12265 30.85686,-23.12248 30.8563,-23.12259 30.85566,-23.1228 30.85552,-23.12281 30.85536,-23.12282 30.8552,-23.12272 30.85462,-23.12237 30.85392,-23.1218 30.85378,-23.12176 30.85355,-23.12169 30.85285,-23.12131 30.8526,-23.12118 30.85219,-23.12108 30.85157,-23.12092 30.85109,-23.12094 30.85048,-23.12122 30.84996,-23.12168 30.84963,-23.12199 30.84952,-23.12233 30.84952,-23.12279 30.84942,-23.12305 30.84876,-23.12373 30.84815,-23.12404 30.84662,-23.12395 30.84584,-23.12397 30.84561,-23.12401 30.84531,-23.12406 30.84488,-23.12431 30.84477,-23.12438 30.84407,-23.12458 30.84361,-23.12458 30.84295,-23.12435 30.8419,-23.12368 30.84149,-23.12337 30.84085,-23.12285 30.84059,-23.12272 30.83965,-23.12267 30.83902,-23.12224 30.83876,-23.12204 30.83805,-23.12155 30.83762,-23.12113 30.83718,-23.12079 30.83678,-23.1204 30.83665,-23.12027 30.83657,-23.1202 30.83618,-23.11991 30.83567,-23.11943 30.83548,-23.11915 30.83508,-23.11847 30.83478,-23.11834 30.8341,-23.1181 30.83401,-23.11787 30.83331,-23.11763 30.83279,-23.11738 30.83259,-23.11728 30.83246,-23.11683 30.83239,-23.11657 30.83239,-23.11602 30.83272,-23.11552 30.83346,-23.11449 30.83518,-23.11308 30.83597,-23.11205 30.83671,-23.11133 30.83726,-23.11098 30.83826,-23.11137 30.83924,-23.11181 30.83989,-23.11185 30.84046,-23.11144 30.8412,-23.11089 30.84184,-23.11028 30.84222,-23.10905 30.842,-23.10859 30.84196,-23.10851 30.84137,-23.10803 30.84053,-23.10757 30.84025,-23.10742 30.83914,-23.10707 30.8384,-23.1068 30.83744,-23.10624 30.83711,-23.10587 30.83627,-23.10472 30.83597,-23.10418 30.83534,-23.10352 30.8347,-23.10289 30.83407,-23.10256 30.83376,-23.10236 30.8337,-23.10232 30.83294,-23.10202 30.83263,-23.10195 30.83201,-23.10157 30.83153,-23.10024 30.83155,-23.09956 30.83144,-23.09906 30.83131,-23.09812 30.8312,-23.09738 30.83125,-23.0966 30.83151,-23.09623 30.83197,-23.09572 30.83203,-23.09553 30.83219,-23.09484 30.83213,-23.09438 30.83167,-23.09379 30.8311,-23.0936 30.8303,-23.09366 30.83009,-23.09372 30.82971,-23.09384 30.82936,-23.09387 30.82908,-23.0939 30.82825,-23.09392 30.82709,-23.09414 30.8257,-23.09458 30.82382,-23.09499 30.82214,-23.09536 30.82086,-23.09568 30.81966,-23.09583 30.81916,-23.09575 30.81892,-23.09518 30.81857,-23.0949 30.8179,-23.09485 30.81689,-23.09503 30.816,-23.09551 30.81565,-23.09577 30.81548,-23.0961 30.8153,-23.09664 30.81508,-23.09719 30.81467,-23.09773 30.81458,-23.0983 30.81412,-23.09932 30.81362,-23.10015 30.81313,-23.10077 30.81287,-23.10104 30.81246,-23.10117 30.81178,-23.10125 30.81038,-23.10125 30.8094,-23.10119 30.80901,-23.10138 30.80855,-23.10193 30.80831,-23.10237 30.80827,-23.103 30.80801,-23.10376 30.80761,-23.1042 30.80731,-23.10446 30.8071,-23.10454 30.80661,-23.10474 30.80634,-23.10489 30.80628,-23.10492 30.80567,-23.10483 30.8046,-23.10442 30.80375,-23.10378 30.80307,-23.10342 30.8023,-23.10297 30.80212,-23.10286 30.80184,-23.1027 30.80136,-23.10235 30.80088,-23.10192 30.80038,-23.10148 30.79992,-23.10111 30.7994,-23.10085 30.7988,-23.10056 30.79768,-23.09963 30.79765,-23.0996 30.79752,-23.0995 30.79673,-23.09889 30.79656,-23.09876 30.7964,-23.09855 30.79569,-23.09758 30.79544,-23.09708 30.79544,-23.09645 30.79556,-23.09577 30.79563,-23.0949 30.79538,-23.09397 30.79507,-23.09285 30.79482,-23.09229 30.79451,-23.0916 30.79419,-23.09114 30.79376,-23.09073 30.79362,-23.09063 30.79277,-23.09005 30.79196,-23.08967 30.79133,-23.08924 30.79046,-23.0893 30.78984,-23.08942 30.78922,-23.08942 30.78866,-23.08886 30.78835,-23.08812 30.78829,-23.08756 30.78799,-23.08716 30.78766,-23.08694 30.78636,-23.08712 30.78586,-23.08756 30.78536,-23.08824 30.785,-23.0885 30.78493,-23.08855 30.78424,-23.08874 30.78374,-23.08874 30.78316,-23.08852 30.78256,-23.0883 30.78245,-23.08822 30.782,-23.08793 30.78076,-23.087 30.77982,-23.08625 30.77877,-23.08594 30.77827,-23.08594 30.77793,-23.08599 30.77768,-23.08602 30.7769,-23.08613 30.77622,-23.08691 30.77631,-23.08763 30.77647,-23.08837 30.77628,-23.08886 30.77466,-23.0893 30.77342,-23.08967 30.77211,-23.09017 30.77075,-23.09046 30.77069,-23.09047 30.77018,-23.09067 30.76964,-23.0907 30.76906,-23.09073 30.76851,-23.09108 30.76837,-23.09117 30.76823,-23.09143 30.76806,-23.09175 30.76816,-23.09193 30.76825,-23.0921 30.76856,-23.09266 30.76825,-23.09334 30.76707,-23.09397 30.7662,-23.09428 30.76576,-23.09496 30.76483,-23.09546 30.76446,-23.09546 30.7639,-23.09533 30.76365,-23.09515 30.76321,-23.09471 30.7629,-23.09443 30.76259,-23.09415 30.76246,-23.09378 30.76234,-23.09341 30.76197,-23.09297 30.76172,-23.0926 30.76166,-23.09191 30.76141,-23.09123 30.76131,-23.09057 30.76135,-23.08986 30.76166,-23.08924 30.76241,-23.08818 30.76265,-23.08756 30.76284,-23.08675 30.76253,-23.08625 30.76147,-23.08619 30.76041,-23.08625 30.75973,-23.08656 30.75858,-23.08677 30.75699,-23.08706 30.75619,-23.08709 30.7555,-23.08712 30.75459,-23.08689 30.75446,-23.08684 30.75433,-23.08678 30.75416,-23.08665 30.75323,-23.08598 30.75301,-23.08582 30.75285,-23.08571 30.75223,-23.08529 30.75192,-23.08522 30.75144,-23.08509 30.75128,-23.08503 30.75107,-23.085 30.75084,-23.08494 30.7506,-23.08486 30.75026,-23.08473 30.75006,-23.08464 30.74986,-23.0847 30.74967,-23.0847 30.74952,-23.08475 30.74932,-23.08475 30.74923,-23.08478 30.74911,-23.08472 30.74887,-23.08461 30.74867,-23.08456 30.7485,-23.08448 30.74837,-23.08442 30.74831,-23.0844 30.7481,-23.0844 30.74802,-23.08439 30.74792,-23.08437 30.74775,-23.08427 30.74765,-23.08427 30.74751,-23.08424 30.74722,-23.08411 30.747,-23.08399 30.74682,-23.08399 30.74651,-23.0839 30.74615,-23.08389 30.7457,-23.08377 30.7452,-23.08372 30.74481,-23.08349 30.74396,-23.08333 30.74367,-23.08324 30.74364,-23.08324 30.74359,-23.08325 30.74353,-23.08328 30.7435,-23.08329 30.74336,-23.08329 30.74302,-23.0832 30.74282,-23.08318 30.74265,-23.08316 30.74246,-23.08311 30.74213,-23.08302 30.74178,-23.08302 30.74158,-23.08298 30.74113,-23.08288 30.74077,-23.08285 30.7399,-23.08269 30.73977,-23.08263 30.73939,-23.08258 30.73911,-23.08252 30.73892,-23.08248 30.73879,-23.08245 30.73864,-23.0824 30.73838,-23.08231 30.73804,-23.08216 30.73779,-23.08196 30.73735,-23.0818 30.73729,-23.08171 30.7371,-23.0815 30.73694,-23.08126 30.73686,-23.08099 30.73673,-23.08079 30.73646,-23.08048 30.73632,-23.08015 30.73627,-23.07975 30.73624,-23.07928 30.73623,-23.07909 30.73612,-23.07881 30.73606,-23.07847 30.73604,-23.07824 30.736,-23.07795 30.73591,-23.07756 30.73573,-23.07715 30.73561,-23.07688 30.73558,-23.07668 30.73556,-23.07653 30.73531,-23.07625 30.7351,-23.07595 30.73488,-23.07554 30.73478,-23.07539 30.73469,-23.07523 30.73466,-23.07518 30.73446,-23.07501 30.73434,-23.07489 30.73418,-23.07468 30.734,-23.0746 30.73381,-23.07432 30.73352,-23.0742 30.73324,-23.07407 30.73292,-23.07386 30.73272,-23.07375 30.73241,-23.07357 30.73201,-23.07348 30.7316,-23.07334 30.7312,-23.07322 30.73089,-23.07323 30.73083,-23.07323 30.73061,-23.07321 30.73025,-23.07316 30.72994,-23.07304 30.72966,-23.07291 30.72939,-23.07285 30.72908,-23.07272 30.72892,-23.07259 30.72889,-23.07257 30.72869,-23.07249 30.72828,-23.07232 30.72815,-23.07221 30.72805,-23.07231 30.72628,-23.07428 30.71275,-23.08933 30.70053,-23.10293 30.69226,-23.11226 30.68003,-23.12606 30.66718,-23.14056 30.66552,-23.14244 30.66494,-23.14309 30.66249,-23.14586 30.65223,-23.15742 30.65212,-23.15753 30.62948,-23.17971 30.62754,-23.18161 30.62751,-23.18164 30.62749,-23.18166 30.62744,-23.18164 30.62732,-23.18159 30.62661,-23.18102 30.62619,-23.18043 30.62588,-23.17984 30.6257,-23.17927 30.62556,-23.17883 30.62546,-23.17857 30.62528,-23.17771 30.6251,-23.17736 30.62503,-23.17724 30.62496,-23.17711 30.62478,-23.17675 30.62467,-23.17644 30.62444,-23.17606 30.6243,-23.1757 30.62406,-23.17533 30.62374,-23.17488 30.62329,-23.17441 30.62287,-23.17407 30.62252,-23.17373 30.62203,-23.17344 30.62188,-23.17335 30.62185,-23.17333 30.62156,-23.17321 30.62143,-23.17319 30.62133,-23.17317 30.62106,-23.17318 30.62087,-23.17319 30.62064,-23.17321 30.62046,-23.17328 30.62038,-23.17331 30.61997,-23.17344 30.61967,-23.17356 30.61934,-23.17362 30.61816,-23.17378 30.61776,-23.17394 30.61723,-23.17401 30.61635,-23.17399 30.61559,-23.17383 30.61528,-23.17374 30.61508,-23.17369 30.61489,-23.17362 30.61451,-23.17347 30.61419,-23.17336 30.61382,-23.17322 30.61332,-23.17295 30.61242,-23.17268 30.61195,-23.17258 30.6118,-23.1726 30.61171,-23.17284 30.61176,-23.17321 30.61188,-23.17343 30.61192,-23.17363 30.61179,-23.17388 30.61158,-23.17407 30.61132,-23.1742 30.61068,-23.17415 30.61027,-23.17412 30.60984,-23.17414 30.60922,-23.17419 30.60836,-23.1743 30.60802,-23.17433 30.60772,-23.17435 30.60731,-23.17439 30.60685,-23.17443 30.60643,-23.17454 30.60593,-23.17469 30.6058,-23.17474 30.60554,-23.17484 30.60528,-23.17494 30.60516,-23.17499 30.60492,-23.17514 30.6048,-23.17531 30.60473,-23.17549 30.60473,-23.17578 30.60485,-23.17592 30.60513,-23.17614 30.60537,-23.17643 30.60545,-23.17662 30.60545,-23.17687 30.60541,-23.17728 30.60534,-23.17759 30.60524,-23.17799 30.60517,-23.17831 30.60524,-23.17861 30.60513,-23.17888 30.60504,-23.17906 30.60493,-23.17926 30.60485,-23.17948 30.60477,-23.17967 30.60467,-23.17985 30.60467,-23.18012 30.6046,-23.18034 30.60459,-23.18071 30.6046,-23.18097 30.60456,-23.18114 30.60448,-23.18134 30.6043,-23.18159 30.60416,-23.18168 30.60387,-23.18174 30.60353,-23.18172 30.60328,-23.18186 30.60308,-23.18199 30.6028,-23.18259 30.60265,-23.18275 30.60252,-23.18292 30.60241,-23.18316 30.6021,-23.18322 30.60171,-23.18323 30.60143,-23.18329 30.60118,-23.18333 30.60089,-23.18331 30.60058,-23.1833 30.60054,-23.1833 30.60033,-23.18327 30.60009,-23.18324 30.59975,-23.18314 30.59932,-23.18297 30.59873,-23.18272 30.59837,-23.18261 30.59803,-23.18263 30.59799,-23.18265 30.59785,-23.18273 30.5976,-23.18301 30.59729,-23.18323 30.59683,-23.18359 30.59641,-23.18381 30.59605,-23.18409 30.59569,-23.18421 30.59528,-23.18447 30.59481,-23.18474 30.5946,-23.18489 30.59449,-23.18487 30.59419,-23.1847 30.59388,-23.18446 30.5936,-23.18427 30.59336,-23.18395 30.59315,-23.18396 30.59289,-23.18412 30.59271,-23.18423 30.5926,-23.18421 30.59242,-23.18408 30.59222,-23.18387 30.59196,-23.18357 30.59167,-23.18331 30.59137,-23.18313 30.59125,-23.18311 30.591,-23.18316 30.59088,-23.18321 30.59077,-23.18329 30.59066,-23.18338 30.59054,-23.18357 30.59045,-23.18374 30.59037,-23.18386 30.59025,-23.18387 30.59014,-23.18377 30.58999,-23.18353 30.5899,-23.18339 30.58983,-23.18321 30.58978,-23.18299 30.58976,-23.18288 30.58976,-23.18265 30.58978,-23.18236 30.5898,-23.18195 30.58984,-23.18167 30.58986,-23.18131 30.5899,-23.18098 30.5899,-23.18053 30.58994,-23.18019 30.58993,-23.17999 30.58992,-23.17972 30.58991,-23.17955 30.58995,-23.17935 30.58996,-23.17912 30.58999,-23.17887 30.59001,-23.17868 30.59011,-23.17842 30.59011,-23.17822 30.59002,-23.1781 30.58991,-23.17802 30.58976,-23.17802 30.5896,-23.17804 30.58931,-23.1781 30.58893,-23.17818 30.58873,-23.17826 30.58841,-23.17836 30.58814,-23.17842 30.58783,-23.1785 30.58766,-23.17854 30.58734,-23.17862 30.58713,-23.17865 30.58689,-23.17873 30.58675,-23.17879 30.58664,-23.1789 30.58641,-23.17898 30.5862,-23.17897 30.58593,-23.17901 30.58558,-23.17897 30.58541,-23.17892 30.58522,-23.17889 30.58502,-23.17886 30.58485,-23.17883 30.58474,-23.17882 30.58461,-23.1788 30.58429,-23.17879 30.58389,-23.17878 30.58362,-23.17876 30.58354,-23.17878 30.58339,-23.17883 30.58328,-23.17894 30.58321,-23.17902 30.58326,-23.17931 30.58326,-23.17942 30.58323,-23.17958 30.58304,-23.17962 30.58288,-23.17962 30.58265,-23.17958 30.58245,-23.17962 30.58228,-23.17963 30.58223,-23.17965 30.5821,-23.1797 30.582,-23.17971 30.58191,-23.17971 30.58173,-23.17975 30.58147,-23.17981 30.58118,-23.17989 30.581,-23.17996 30.58083,-23.18005 30.58062,-23.18012 30.58039,-23.18017 30.58013,-23.1803 30.58008,-23.18032 30.57994,-23.18038 30.57982,-23.18044 30.57978,-23.18046 30.57962,-23.18056 30.57947,-23.18066 30.57938,-23.18078 30.57927,-23.18078 30.57915,-23.18077 30.57888,-23.18076 30.5785,-23.18075 30.57827,-23.18074 30.57815,-23.18073 30.57798,-23.18052 30.57798,-23.18027 30.57795,-23.18 30.57789,-23.17977 30.57781,-23.17965 30.57779,-23.17962 30.57762,-23.17942 30.57748,-23.17929 30.57718,-23.17909 30.57695,-23.17891 30.57677,-23.17877 30.57641,-23.17855 30.57616,-23.17839 30.57604,-23.17827 30.57582,-23.17818 30.57563,-23.17808 30.57552,-23.17805 30.57536,-23.17798 30.57506,-23.17784 30.5749,-23.17777 30.57474,-23.17771 30.57469,-23.17767 30.57458,-23.17757 30.5745,-23.17739 30.57443,-23.17731 30.57431,-23.17725 30.57417,-23.17725 30.57398,-23.17723 30.57378,-23.17724 30.5736,-23.17729 30.57345,-23.17737 30.57321,-23.17751 30.57307,-23.17762 30.57292,-23.17771 30.57279,-23.17776 30.57272,-23.17778 30.57261,-23.17781 30.5725,-23.17784 30.57244,-23.17786 30.5722,-23.17791 30.57212,-23.17804 30.57211,-23.17822 30.57206,-23.17832 30.57191,-23.17851 30.57169,-23.17871 30.5715,-23.1789 30.57132,-23.17901 30.5711,-23.17909 30.57092,-23.17911 30.57083,-23.17912 30.5707,-23.17914 30.57058,-23.17916 30.5705,-23.17917 30.57025,-23.17918 30.57017,-23.17919 30.57006,-23.17921 30.56996,-23.17923 30.5699,-23.17925 30.56968,-23.1793 30.56924,-23.17946 30.56902,-23.17958 30.56895,-23.17961 30.56878,-23.1797 30.56867,-23.17972 30.56858,-23.17973 30.5683,-23.17964 30.5679,-23.17954 30.56772,-23.17955 30.56753,-23.17956 30.56738,-23.17959 30.56718,-23.17967 30.56704,-23.17973 30.56695,-23.17974 30.56683,-23.17976 30.56668,-23.17978 30.56656,-23.17979 30.56636,-23.17986 30.56612,-23.17993 30.5659,-23.18 30.56566,-23.18003 30.56541,-23.18005 30.56521,-23.18004 30.56504,-23.17994 30.56488,-23.17976 30.56472,-23.17954 30.56467,-23.17942 30.56467,-23.17929 30.56466,-23.17917 30.56471,-23.17908 30.56484,-23.17896 30.56533,-23.17885 30.5656,-23.17875 30.56577,-23.17866 30.56585,-23.17861 30.56588,-23.17852 30.56585,-23.17841 30.56572,-23.17832 30.56537,-23.17815 30.56504,-23.17805 30.56433,-23.1778 30.56411,-23.17777 30.56396,-23.17771 30.56386,-23.17765 30.56381,-23.17755 30.56381,-23.17738 30.56382,-23.17726 30.56383,-23.17715 30.56386,-23.17703 30.56387,-23.17692 30.56385,-23.17679 30.56381,-23.17668 30.56379,-23.17652 30.56377,-23.17633 30.56375,-23.17616 30.56373,-23.17604 30.56373,-23.17592 30.56368,-23.1758 30.56348,-23.17546 30.56346,-23.17548 30.56342,-23.17551 30.56338,-23.17553 30.56334,-23.17556 30.56327,-23.17558 30.56323,-23.1756 30.56317,-23.17563 30.56313,-23.17565 30.56304,-23.17566 30.56294,-23.17568 30.56273,-23.17568 30.56266,-23.17569 30.55392,-23.18496 30.55386,-23.18503 30.55241,-23.18657 30.53058,-23.20974 30.52211,-23.21872 30.5247,-23.23233 30.52587,-23.23849 30.53092,-23.26508 30.53164,-23.26883 30.53175,-23.26943 30.53222,-23.2719 30.53284,-23.27519 30.53256,-23.27505 30.53205,-23.27486 30.53155,-23.2746 30.53105,-23.27437 30.53062,-23.27414 30.53008,-23.27387 30.5297,-23.27357 30.52909,-23.27342 30.52848,-23.27303 30.52827,-23.27289 30.52807,-23.27277 30.52805,-23.27276 30.52691,-23.27209 30.52568,-23.27166 30.52503,-23.2713 30.52431,-23.2711 30.52339,-23.2709 30.52258,-23.27058 30.52142,-23.27014 30.52038,-23.26979 30.51935,-23.26954 30.51811,-23.26947 30.51709,-23.26916 30.51623,-23.26863 30.51536,-23.2678 30.51453,-23.26674 30.51386,-23.26573 30.51335,-23.26466 30.51297,-23.26371 30.51271,-23.26286 30.51215,-23.26158 30.51159,-23.26066 30.51143,-23.26039 30.51073,-23.2593 30.51011,-23.25849 30.50974,-23.25815 30.50937,-23.2578 30.50871,-23.25745 30.50779,-23.25689 30.50624,-23.25593 30.50535,-23.25545 30.50363,-23.25474 30.50194,-23.25405 30.50088,-23.25363 30.49999,-23.25321 30.4988,-23.25242 30.49763,-23.25166 30.49714,-23.25124 30.49652,-23.25068 30.49589,-23.2502 30.49444,-23.24912 30.49416,-23.24891 30.49296,-23.24825 30.49214,-23.24793 30.49179,-23.24784 30.49133,-23.2475 30.49057,-23.2469 30.49006,-23.24657 30.48961,-23.24616 30.48926,-23.24581 30.48887,-23.24529 30.4882,-23.24475 30.48757,-23.24424 30.48665,-23.24376 30.48578,-23.2435 30.48512,-23.24324 30.48455,-23.24326 30.48388,-23.24315 30.48236,-23.2427 30.48093,-23.2423 30.48041,-23.24223 30.4799,-23.2421 30.47909,-23.24176 30.47864,-23.24147 30.47772,-23.24118 30.47765,-23.24116 30.47746,-23.24112 30.47738,-23.2411 30.47713,-23.24105 30.47668,-23.24109 30.4765,-23.2411 30.47596,-23.24114 30.47552,-23.24105 30.47512,-23.24088 30.47473,-23.24074 30.47415,-23.24057 30.47408,-23.24056 30.47374,-23.24051 30.4732,-23.24052 30.47287,-23.2407 30.47244,-23.24088 30.47164,-23.24088 30.47079,-23.24074 30.47017,-23.24058 30.4699,-23.24027 30.46926,-23.23997 30.46865,-23.23995 30.46786,-23.23994 30.46692,-23.24002 30.46644,-23.24009 30.46581,-23.24025 30.46523,-23.24027 30.46513,-23.24028 30.46497,-23.24031 30.46479,-23.24033 30.46419,-23.24065 30.46374,-23.24085 30.46338,-23.24097 30.46305,-23.24126 30.46281,-23.24142 30.46244,-23.24163 30.46207,-23.24186 30.46164,-23.24211 30.46124,-23.24236 30.4609,-23.24261 30.46055,-23.24291 30.46015,-23.24317 30.45992,-23.24349 30.45976,-23.24382 30.45953,-23.24403 30.45936,-23.24425 30.45906,-23.24446 30.45883,-23.24486 30.45839,-23.24556 30.45792,-23.24612 30.45763,-23.24634 30.45745,-23.24663 30.45671,-23.24718 30.45615,-23.24751 30.45586,-23.24777 30.45538,-23.24814 30.45493,-23.24829 30.4545,-23.24845 30.4542,-23.2486 30.45401,-23.24873 30.45377,-23.2489 30.4536,-23.24901 30.45336,-23.2492 30.45318,-23.24938 30.45293,-23.24951 30.45239,-23.24967 30.45202,-23.24971 30.45173,-23.24975 30.45155,-23.24971 30.45108,-23.24976 30.45059,-23.24962 30.45029,-23.24947 30.45006,-23.24928 30.45008,-23.24909 30.44992,-23.24894 30.4496,-23.24853 30.44931,-23.24846 30.44927,-23.24847 30.44925,-23.24847 30.44902,-23.24851 30.44895,-23.24852 30.44835,-23.24869 30.4478,-23.24889 30.44723,-23.24912 30.44657,-23.24925 30.44562,-23.2496 30.44525,-23.24986 30.44472,-23.25013 30.44419,-23.25055 30.44371,-23.25092 30.44283,-23.25144 30.4418,-23.25233 30.44084,-23.25363 30.43987,-23.25433 30.43929,-23.25479 30.43847,-23.25507 30.43739,-23.25517 30.43605,-23.25544 30.43489,-23.25573 30.43324,-23.25591 30.43214,-23.25615 30.43075,-23.25593 30.42997,-23.25586 30.4293,-23.25566 30.42874,-23.25559 30.42847,-23.25564 30.42808,-23.25581 30.42773,-23.25615 30.42735,-23.25675 30.4272,-23.25728 30.42702,-23.25786 30.427,-23.25844 30.42695,-23.25889 30.42684,-23.25936 30.42682,-23.25972 30.42682,-23.26008 30.42668,-23.26044 30.42666,-23.261 30.42664,-23.26151 30.42662,-23.2621 30.42655,-23.26277 30.42641,-23.26313 30.42614,-23.26356 30.42601,-23.26541 30.42574,-23.26787 30.42569,-23.26972 30.42553,-23.27045 30.42526,-23.27101 30.42489,-23.27127 30.42394,-23.27154 30.42288,-23.27172 30.42152,-23.27161 30.42046,-23.27125 30.41929,-23.27102 30.41882,-23.27082 30.41861,-23.27073 30.41857,-23.27052 30.41834,-23.26941 30.41279,-23.25677 30.4098,-23.25 30.4098,-23.24998 30.40923,-23.24869 30.40493,-23.23785 30.40453,-23.23682 30.404,-23.23549 30.40351,-23.23424 30.40347,-23.23426 30.40163,-23.23497 30.3995,-23.23579 30.39945,-23.23581 30.39943,-23.23582 30.39831,-23.23625 30.36853,-23.24772 30.36639,-23.24783 30.3605,-23.24813 30.34863,-23.24874 30.33498,-23.24944 30.34748,-23.27878 30.34749,-23.27881 30.34881,-23.28191 30.35991,-23.30044 30.36913,-23.31014 30.36915,-23.31016 30.36757,-23.31281 30.36674,-23.3142 30.36414,-23.31725 30.36265,-23.31874 30.35971,-23.32021 30.35847,-23.3219 30.35831,-23.32209 30.35706,-23.32359 30.35672,-23.3245 30.35615,-23.32647 30.3561,-23.328 30.35604,-23.3298 30.35615,-23.33167 30.35655,-23.3337 30.35689,-23.33533 30.3572,-23.337 30.35669,-23.33869 30.35573,-23.33943 30.35353,-23.34067 30.35161,-23.34152 30.3516,-23.34152 30.3515,-23.34157 30.35149,-23.34157 30.3514,-23.34161 30.35069,-23.34193 30.3506,-23.34197 30.34817,-23.3431 30.34676,-23.34355 30.3454,-23.34524 30.34444,-23.3475 30.34399,-23.34863 30.34366,-23.34964 30.3436,-23.34981 30.34309,-23.35167 30.34258,-23.35354 30.34247,-23.35383 30.34185,-23.3554 30.34106,-23.35642 30.33993,-23.35794 30.33863,-23.35918 30.33711,-23.36093 30.33609,-23.36245 30.33541,-23.36398 30.33524,-23.36533 30.33536,-23.3677 30.33536,-23.36876 30.33536,-23.36917 30.33496,-23.37081 30.33457,-23.37188 30.33361,-23.37307 30.33225,-23.37403 30.33082,-23.37529 30.33057,-23.37551 30.32864,-23.37758 30.3286,-23.37759 30.32596,-23.37821 30.29402,-23.38568 30.28986,-23.37892 30.2898,-23.37882 30.27313,-23.3517 30.2714,-23.34136 30.26856,-23.32441 30.26795,-23.32412 30.26708,-23.32371 30.26706,-23.3237 30.26703,-23.32369 30.26703,-23.32369 30.23431,-23.30845 30.21856,-23.30961 30.20153,-23.31086 30.19118,-23.31162 30.18596,-23.31201 30.18593,-23.31201 30.16692,-23.313 30.15336,-23.31371 30.15335,-23.31371 30.15334,-23.31371 30.1516,-23.3138 30.14681,-23.34115 30.14676,-23.3414 30.13544,-23.3418 30.11877,-23.3424 30.09353,-23.34688 30.09338,-23.34691 30.09132,-23.34727 30.09093,-23.34734 30.09055,-23.34766 30.07175,-23.36351 30.07156,-23.36367 30.04726,-23.36979 30.04718,-23.36981 30.0472,-23.36977 30.05373,-23.35665 30.05408,-23.35595 30.06357,-23.33686 30.06359,-23.33684 30.06352,-23.33684 30.06174,-23.33697 30.0579,-23.33725 30.0377,-23.33871 30.02492,-23.33829 30.02194,-23.33819 30.01373,-23.3379 30.01328,-23.33789 29.99936,-23.33752 29.99716,-23.33745 29.99705,-23.33775 29.98976,-23.35818 29.98947,-23.36932 29.98925,-23.37771 29.98594,-23.38092 29.98385,-23.38304 29.98381,-23.38309 29.98199,-23.38259 29.97724,-23.38133 29.97714,-23.3813 29.97695,-23.38125 29.97597,-23.38099 29.97538,-23.38199 29.97523,-23.38207 29.97498,-23.38219 29.97473,-23.38243 29.97453,-23.3826 29.97419,-23.38262 29.97391,-23.38246 29.9737,-23.38225 29.9736,-23.38202 29.97345,-23.38186 29.97314,-23.38183 29.97297,-23.38185 29.97265,-23.38194 29.97239,-23.38198 29.97222,-23.38201 29.97185,-23.38194 29.97161,-23.38181 29.97141,-23.38162 29.97139,-23.38154 29.97136,-23.38132 29.97129,-23.38084 29.97115,-23.3805 29.97109,-23.38026 29.97098,-23.38002 29.97078,-23.37982 29.97045,-23.37975 29.96974,-23.37975 29.9686,-23.37972 29.96833,-23.3799 29.96795,-23.37978 29.96722,-23.3796 29.96696,-23.37947 29.96673,-23.37924 29.96655,-23.37896 29.96619,-23.37862 29.96562,-23.37825 29.96516,-23.37818 29.9649,-23.3783 29.96459,-23.37849 29.96423,-23.3787 29.96392,-23.379 29.96376,-23.37926 29.96371,-23.3794 29.96364,-23.37959 29.96352,-23.37979 29.9632,-23.38001 29.96301,-23.3802 29.96294,-23.38028 29.96278,-23.38058 29.96257,-23.38076 29.96209,-23.38093 29.96181,-23.38113 29.96159,-23.38143 29.96109,-23.38212 29.96057,-23.38269 29.96017,-23.3831 29.96008,-23.3834 29.95993,-23.3836 29.95971,-23.38383 29.95935,-23.38404 29.95914,-23.38426 29.95903,-23.38457 29.95887,-23.3848 29.95871,-23.38497 29.9584,-23.38517 29.95816,-23.38539 29.95797,-23.38561 29.95762,-23.38573 29.95726,-23.3858 29.95716,-23.38582 29.9567,-23.38591 29.95646,-23.38589 29.95621,-23.38591 29.95579,-23.38619 29.95499,-23.38623 29.95428,-23.38628 29.95381,-23.38626 29.95316,-23.38615 29.95241,-23.38586 29.95182,-23.38567 29.95129,-23.38564 29.95089,-23.38555 29.94955,-23.38551 29.94844,-23.38568 29.94811,-23.38573 29.94125,-23.3784 29.9387,-23.37563 29.93778,-23.37464 29.93487,-23.37149 29.93145,-23.37728 29.93041,-23.37904 29.93073,-23.37919 29.93022,-23.3849 29.93038,-23.3855 29.93068,-23.38581 29.93092,-23.38616 29.93091,-23.3866 29.9308,-23.38746 29.93109,-23.39562 29.93108,-23.39672 29.93097,-23.39714 29.93085,-23.39737 29.92813,-23.40219 29.92756,-23.40213 29.92463,-23.40377 29.92398,-23.40393 29.91663,-23.40503 29.91552,-23.40546 29.91427,-23.40509 29.91348,-23.40484 29.90786,-23.40296 29.9055,-23.40237 29.90277,-23.40168 29.90222,-23.40161 29.90149,-23.40172 29.90079,-23.40207 29.90001,-23.40233 29.89945,-23.40263 29.89863,-23.4038 29.89703,-23.4065 29.89676,-23.40695 29.89652,-23.40719 29.89627,-23.40788 29.89626,-23.4086 29.89537,-23.416 29.89516,-23.417 29.89502,-23.41749 29.8947,-23.41837 29.89424,-23.41888 29.89305,-23.41754 29.8923,-23.41692 29.89147,-23.41647 29.88291,-23.41028 29.88243,-23.40992 29.88158,-23.40899 29.87837,-23.40606 29.87831,-23.40621 29.87445,-23.41672 29.86684,-23.43741 29.85306,-23.43356 29.84695,-23.43186 29.84076,-23.43013 29.83658,-23.42965 29.83042,-23.42895 29.82983,-23.42888 29.8096,-23.42657 29.76537,-23.42929 29.74799,-23.43369 29.7472,-23.43389 29.74595,-23.43421 29.74187,-23.43525 29.74013,-23.40576 29.7117,-23.4215 29.71136,-23.42144 29.70724,-23.42075 29.69583,-23.41884 29.67881,-23.41599 29.6591,-23.40877 29.63789,-23.401 29.6351,-23.40695 29.62686,-23.42452 29.62662,-23.42504 29.62649,-23.42531 29.62643,-23.42531 29.62402,-23.42573 29.62237,-23.42579 29.62026,-23.42627 29.61927,-23.42644 29.61785,-23.42647 29.61597,-23.42589 29.61458,-23.42489 29.6139,-23.42405 29.61342,-23.42334 29.61306,-23.42292 29.61287,-23.42247 29.61238,-23.42166 29.61164,-23.42049 29.61145,-23.41975 29.61135,-23.41898 29.61129,-23.41784 29.61129,-23.41655 29.61116,-23.41549 29.61109,-23.41445 29.61099,-23.41322 29.61061,-23.41238 29.61041,-23.41203 29.61012,-23.41164 29.60948,-23.41028 29.60918,-23.40876 29.60931,-23.40754 29.60973,-23.40624 29.61028,-23.40463 29.6109,-23.40317 29.61167,-23.40211 29.61251,-23.40114 29.61303,-23.40049 29.61371,-23.39946 29.61484,-23.39787 29.61584,-23.397 29.61675,-23.39645 29.61726,-23.39558 29.61762,-23.39484 29.61791,-23.39396 29.61817,-23.39264 29.61846,-23.39167 29.61856,-23.39047 29.61852,-23.38908 29.61807,-23.38824 29.6173,-23.38773 29.61584,-23.38705 29.61416,-23.38617 29.61271,-23.38556 29.61174,-23.38527 29.61035,-23.38398 29.60922,-23.38278 29.60818,-23.38142 29.60744,-23.38023 29.6065,-23.37874 29.60563,-23.37761 29.60495,-23.37664 29.6045,-23.37603 29.60392,-23.37522 29.60301,-23.37435 29.60246,-23.37367 29.60117,-23.37247 29.60043,-23.37201 29.60371,-23.36429 29.60892,-23.35167 29.6106,-23.34762 29.61115,-23.34629 29.612,-23.34423 29.61126,-23.344 29.61156,-23.34329 29.61179,-23.3429 29.61212,-23.34201 29.61228,-23.34146 29.61206,-23.34083 29.61181,-23.33994 29.61162,-23.33917 29.61148,-23.33843 29.61148,-23.33768 29.61168,-23.33677 29.61176,-23.33627 29.61223,-23.33558 29.61303,-23.33509 29.61416,-23.33454 29.61534,-23.33385 29.61634,-23.33313 29.61747,-23.33238 29.6186,-23.3315 29.61948,-23.33067 29.62045,-23.32993 29.62114,-23.32929 29.62208,-23.32841 29.62263,-23.32764 29.62279,-23.32695 29.62235,-23.32579 29.62216,-23.32538 29.62155,-23.3246 29.62053,-23.32416 29.61874,-23.32358 29.61763,-23.323 29.61703,-23.32242 29.61681,-23.32198 29.61667,-23.32126 29.61642,-23.32077 29.61601,-23.32 29.61554,-23.31917 29.61496,-23.31862 29.61413,-23.31757 29.6133,-23.31671 29.61245,-23.31605 29.61168,-23.31558 29.61123,-23.31473 29.61038,-23.31362 29.60933,-23.31252 29.60809,-23.3113 29.60743,-23.31053 29.60701,-23.31001 29.60632,-23.30896 29.60538,-23.30783 29.60464,-23.30678 29.60298,-23.30499 29.60223,-23.30394 29.6016,-23.30305 29.60089,-23.30212 29.60034,-23.30132 29.59984,-23.30057 29.59887,-23.29881 29.59829,-23.29801 29.5973,-23.29743 29.59573,-23.29629 29.5946,-23.29549 29.59349,-23.29467 29.59283,-23.29417 29.59225,-23.29376 29.5917,-23.2932 29.5914,-23.29276 29.59118,-23.29202 29.59106,-23.29166 29.59123,-23.29108 29.5914,-23.29011 29.5914,-23.28835 29.59151,-23.28777 29.59159,-23.28713 29.59189,-23.28628 29.59231,-23.28515 29.59269,-23.28374 29.59269,-23.28294 29.59261,-23.28253 29.5926,-23.28235 29.59253,-23.28126 29.59214,-23.28029 29.59159,-23.2793 29.59123,-23.27864 29.59106,-23.27759 29.59093,-23.27626 29.5909,-23.27552 29.59106,-23.27466 29.59112,-23.27304 29.5912,-23.27171 29.59131,-23.2705 29.59151,-23.26909 29.59184,-23.26829 29.59186,-23.26826 29.59113,-23.26831 29.56038,-23.27048 29.54729,-23.27294 29.54112,-23.2741 29.53413,-23.27542 29.53409,-23.27542 29.48359,-23.27609 29.48181,-23.27622 29.47298,-23.27684 29.46555,-23.27737 29.42775,-23.28003 29.42826,-23.27868 29.43779,-23.25367 29.44051,-23.24633 29.38994,-23.24084 29.38622,-23.2406 29.35797,-23.23881 29.33557,-23.24553 29.32695,-23.2481 29.31555,-23.25153 29.28905,-23.24439 29.28874,-23.2443 29.26781,-23.23864 29.27753,-23.2254 29.29318,-23.20402 29.2758,-23.20054 29.27576,-23.20053 29.27163,-23.1997 29.26287,-23.19794 29.26828,-23.1829 29.27294,-23.16984 29.26639,-23.16944 29.26218,-23.15239 29.2568,-23.12847 29.25671,-23.12809 29.25658,-23.12751 29.25656,-23.12742 29.25652,-23.12743 29.25173,-23.10707 29.28245,-23.11482 29.27693,-23.0997 29.27272,-23.08811 29.29219,-23.08066 29.31015,-23.0738 29.30665,-23.05435 29.29811,-23.03691 29.29707,-23.03427 29.28449,-23.00232 29.28478,-23.0014 29.28793,-22.9915 29.29378,-22.9731 29.25745,-22.99252 29.25659,-22.98004 29.25538,-22.96244 29.24635,-22.93839 29.21888,-22.95508 29.18333,-22.97355 29.18332,-22.97354 29.17416,-22.94627 29.17406,-22.94597 29.16697,-22.91779 29.17516,-22.89908 29.19337,-22.86959 29.202,-22.85249 29.20522,-22.8461 29.20907,-22.83847 29.21048,-22.83259 29.21168,-22.82755 29.21261,-22.82367 29.22292,-22.80743 29.23382,-22.77162 29.24201,-22.74474 29.2449,-22.73526 29.21544,-22.71867 29.20472,-22.71264 29.20472,-22.71264 29.24016,-22.68581 29.20936,-22.66278 29.20682,-22.65193 29.20395,-22.63961 29.19995,-22.62248 29.17559,-22.57679 29.17192,-22.56784 29.16588,-22.55312 29.12565,-22.54359 29.10734,-22.53925 29.08679,-22.54337 29.06168,-22.54841 29.03877,-22.55726 29.01394,-22.57055 28.99977,-22.57486 28.97911,-22.58113 28.97909,-22.58108 28.96112,-22.56099 28.94385,-22.5349 28.93291,-22.52106 28.90351,-22.51268 28.90217,-22.51211 28.90197,-22.51202 28.90239,-22.51194 28.90282,-22.51177 28.90366,-22.51135 28.90429,-22.511 28.90475,-22.51033 28.90531,-22.50952 28.90547,-22.50914 28.90582,-22.50829 28.90588,-22.50736 28.90592,-22.5066 28.90587,-22.50533 28.90546,-22.50359 28.90534,-22.50305 28.90526,-22.50267 28.90515,-22.5021 28.905,-22.50129 28.9049,-22.50012 28.9049,-22.49869 28.90475,-22.49756 28.9049,-22.49705 28.9051,-22.49588 28.90531,-22.49486 28.90546,-22.49348 28.90597,-22.4922 28.90715,-22.49184 28.90893,-22.49194 28.91067,-22.49215 28.91333,-22.49189 28.91522,-22.49159 28.9167,-22.49108 28.91741,-22.49046 28.91792,-22.48898 28.91808,-22.48735 28.91844,-22.48586 28.91853,-22.48491 28.91864,-22.48372 28.91879,-22.48253 28.9189,-22.48168 28.91925,-22.48004 28.91951,-22.47769 28.91987,-22.47549 28.91981,-22.47268 28.91956,-22.47182 28.91946,-22.47064 28.91951,-22.46911 28.91961,-22.46799 28.92012,-22.46676 28.92058,-22.46564 28.92114,-22.46461 28.9214,-22.46369 28.92191,-22.46288 28.92257,-22.46201 28.92319,-22.46058 28.92344,-22.45976 28.92365,-22.45843 28.92329,-22.45721 28.92328,-22.45704 28.9235,-22.45662 28.92374,-22.45618 28.92394,-22.45576 28.92413,-22.45532 28.92416,-22.45512 28.92435,-22.4548 28.92443,-22.45434 28.92452,-22.45409 28.92472,-22.45384 28.92486,-22.45343 28.92511,-22.45293 28.92543,-22.45242 28.92576,-22.45201 28.92605,-22.45156 28.92628,-22.45116 28.92649,-22.45095 28.92675,-22.45061 28.92711,-22.45012 28.92737,-22.44982 28.92773,-22.44938 28.92816,-22.44903 28.92857,-22.44867 28.92897,-22.44837 28.9292,-22.44803 28.9297,-22.44748 28.9304,-22.44678 28.9308,-22.44634 28.93118,-22.44597 28.93159,-22.4456 28.93199,-22.44518 28.93231,-22.44483 28.93246,-22.44459 28.93257,-22.44425 28.93266,-22.44384 28.93293,-22.4434 28.93314,-22.44311 28.93347,-22.44273 28.93369,-22.4424 28.93388,-22.44197 28.93412,-22.44166 28.93457,-22.44133 28.93504,-22.44107 28.93559,-22.44076 28.93606,-22.44055 28.93643,-22.44015 28.93701,-22.43977 28.93763,-22.43919 28.93812,-22.43873 28.93852,-22.43828 28.9389,-22.43796 28.93924,-22.43752 28.93947,-22.43708 28.93967,-22.43662 28.94012,-22.43621 28.9407,-22.43587 28.94121,-22.43567 28.9416,-22.43532 28.94205,-22.43499 28.94243,-22.43459 28.9428,-22.43428 28.94312,-22.43389 28.94348,-22.4333 28.94373,-22.43294 28.944,-22.43248 28.94434,-22.43201 28.94439,-22.43182 28.94459,-22.43148 28.94466,-22.43101 28.9447,-22.43049 28.9447,-22.4301 28.94475,-22.42956 28.94473,-22.42928 28.94456,-22.42879 28.9445,-22.42857 28.94444,-22.42822 28.94434,-22.4278 28.94428,-22.4273 28.94428,-22.42679 28.94449,-22.42624 28.94481,-22.42578 28.94504,-22.4253 28.94531,-22.42473 28.9455,-22.42429 28.94576,-22.42389 28.9462,-22.42354 28.94671,-22.42311 28.94724,-22.4227 28.94765,-22.42215 28.94811,-22.42172 28.94915,-22.42028 28.94926,-22.41998 28.94946,-22.41946 28.94968,-22.41887 28.94997,-22.41837 28.9502,-22.41788 28.95044,-22.41736 28.95074,-22.41664 28.95094,-22.41613 28.95118,-22.41553 28.95125,-22.41504 28.95133,-22.41458 28.95136,-22.41417 28.95137,-22.41375 28.95149,-22.41317 28.95144,-22.41281 28.95147,-22.41251 28.95147,-22.41222 28.95144,-22.41185 28.95141,-22.41136 28.95143,-22.41097 28.95144,-22.4102 28.95152,-22.40913 28.95153,-22.40868 28.95159,-22.40827 28.95178,-22.40775 28.95182,-22.40756 28.95187,-22.40729 28.95187,-22.40679 28.95188,-22.40635 28.95188,-22.40574 28.95191,-22.40548 28.95199,-22.40509 28.95226,-22.40447 28.95244,-22.40408 28.95269,-22.40377 28.95302,-22.40321 28.95347,-22.4024 28.95373,-22.40204 28.95404,-22.40159 28.95427,-22.4011 28.95468,-22.40041 28.95522,-22.39965 28.95566,-22.39909 28.95591,-22.39863 28.95608,-22.39819 28.95624,-22.39787 28.95661,-22.39747 28.95704,-22.39701 28.95743,-22.39645 28.95754,-22.39633 28.95785,-22.39595 28.95816,-22.39561 28.95847,-22.39523 28.9587,-22.39482 28.95892,-22.39449 28.95929,-22.39412 28.95959,-22.39375 28.95975,-22.39348 28.95993,-22.393 28.96014,-22.39275 28.96043,-22.39236 28.96075,-22.39212 28.96102,-22.39169 28.96149,-22.39117 28.962,-22.39061 28.96241,-22.39024 28.96295,-22.38978 28.96335,-22.3893 28.96365,-22.38902 28.96409,-22.38856 28.9643,-22.38824 28.96466,-22.3878 28.96503,-22.38739 28.96536,-22.38708 28.96555,-22.38685 28.96577,-22.38651 28.96611,-22.38616 28.96645,-22.38582 28.96664,-22.38541 28.96698,-22.38496 28.96721,-22.38453 28.96766,-22.38415 28.96792,-22.38359 28.96826,-22.38323 28.96852,-22.38266 28.96871,-22.38209 28.96889,-22.3816 28.969,-22.38126 28.9694,-22.3807 28.96968,-22.38035 28.96995,-22.38001 28.97036,-22.37931 28.97062,-22.37859 28.97089,-22.37795 28.97108,-22.37748 28.97145,-22.37698 28.97154,-22.37632 28.97167,-22.37606 28.97179,-22.37562 28.97187,-22.37508 28.97196,-22.37469 28.97201,-22.37435 28.97211,-22.37361 28.97217,-22.37272 28.97213,-22.3721 28.97216,-22.37179 28.97213,-22.37115 28.9721,-22.37047 28.97207,-22.37022 28.97202,-22.36979 28.9719,-22.36922 28.97189,-22.36881 28.97183,-22.36836 28.97184,-22.36801 28.97165,-22.36751 28.97141,-22.36692 28.97132,-22.3664 28.97106,-22.36602 28.97096,-22.36572 28.97087,-22.36539 28.97055,-22.36488 28.97037,-22.36451 28.97025,-22.36423 28.9702,-22.36402 28.97011,-22.3635 28.97,-22.36296 28.96997,-22.36259 28.96984,-22.36232 28.96971,-22.36194 28.96966,-22.36145 28.96952,-22.36103 28.96943,-22.36049 28.96942,-22.35994 28.96941,-22.35946 28.96936,-22.35896 28.96922,-22.35849 28.96917,-22.35801 28.96904,-22.35742 28.96886,-22.35704 28.9687,-22.35643 28.96857,-22.35591 28.96839,-22.35533 28.96833,-22.35481 28.96814,-22.35407 28.96792,-22.35357 28.96773,-22.35324 28.96752,-22.35288 28.96725,-22.35243 28.96704,-22.35205 28.96684,-22.35178 28.96659,-22.35144 28.96619,-22.35094 28.96576,-22.35071 28.9654,-22.35055 28.96497,-22.35008 28.96482,-22.34989 28.96447,-22.3495 28.96432,-22.34928 28.96419,-22.34884 28.96398,-22.34847 28.96383,-22.34805 28.96362,-22.34772 28.96353,-22.34718 28.96356,-22.3468 28.96361,-22.34659 28.9637,-22.3461 28.96376,-22.34578 28.96381,-22.34541 28.96387,-22.34506 28.96391,-22.34471 28.96392,-22.34427 28.96401,-22.34354 28.96404,-22.34309 28.96406,-22.34265 28.96407,-22.34218 28.96407,-22.34177 28.96409,-22.34109 28.96403,-22.34056 28.96406,-22.33949 28.96412,-22.33896 28.96416,-22.33835 28.96414,-22.3376 28.9641,-22.33702 28.96395,-22.3366 28.96391,-22.33614 28.96388,-22.33564 28.96384,-22.33537 28.96384,-22.33503 28.96378,-22.33465 28.96362,-22.33409 28.96352,-22.33347 28.96351,-22.33296 28.96344,-22.33237 28.96338,-22.3319 28.96331,-22.33142 28.9632,-22.33127 28.96309,-22.33086 28.96295,-22.33047 28.96291,-22.33014 28.96271,-22.32946 28.96271,-22.32923 28.96273,-22.32879 28.9628,-22.32833 28.9629,-22.32771 28.96293,-22.32721 28.96296,-22.32684 28.963,-22.3265 28.96312,-22.32592 28.96323,-22.3254 28.96323,-22.32479 28.96329,-22.32446 28.96346,-22.32377 28.96354,-22.32332 28.96359,-22.32289 28.96361,-22.32234 28.96366,-22.3219 28.96364,-22.32133 28.96367,-22.32078 28.96372,-22.32017 28.96379,-22.31958 28.96383,-22.31921 28.96378,-22.31888 28.96373,-22.31851 28.96388,-22.31819 28.96392,-22.31795 28.96414,-22.31762 28.96434,-22.31719 28.9644,-22.31678 28.96452,-22.31622 28.96466,-22.31575 28.96476,-22.31519 28.96493,-22.31456 28.96507,-22.31407 28.96522,-22.31371 28.96541,-22.31321 28.96555,-22.31266 28.96556,-22.31211 28.96554,-22.31187 28.96554,-22.31153 28.96564,-22.31101 28.96573,-22.31053 28.96585,-22.31002 28.96601,-22.30949 28.96613,-22.30914 28.96628,-22.30864 28.96636,-22.30816 28.96649,-22.30782 28.96658,-22.30754 28.96683,-22.30711 28.96701,-22.30685 28.96729,-22.3065 28.96765,-22.30602 28.96808,-22.30571 28.96846,-22.30534 28.96869,-22.30504 28.96927,-22.30484 28.96969,-22.30464 28.97007,-22.30433 28.97037,-22.30428 28.97089,-22.30396 28.97137,-22.30368 28.97193,-22.30333 28.97237,-22.30306 28.97279,-22.30272 28.97313,-22.30256 28.97359,-22.3023 28.97419,-22.30198 28.97479,-22.30158 28.97519,-22.30131 28.97567,-22.30088 28.97596,-22.30068 28.97611,-22.30049 28.97628,-22.3002 28.97657,-22.2997 28.9769,-22.29913 28.9771,-22.29876 28.9773,-22.29833 28.97752,-22.29788 28.97756,-22.29742 28.97766,-22.2971 28.97774,-22.29675 28.9779,-22.29634 28.97794,-22.29597 28.97793,-22.29543 28.97781,-22.29499 28.97778,-22.29466 28.97768,-22.29419 28.97763,-22.29381 28.97759,-22.2933 28.97762,-22.29273 28.97761,-22.29229 28.97764,-22.29184 28.97765,-22.29129 28.97773,-22.2911 28.9779,-22.2907 28.97812,-22.29033 28.97839,-22.28997 28.97875,-22.28951 28.97918,-22.2892 28.97978,-22.28904 28.98019,-22.28875 28.98046,-22.28855 28.98074,-22.28823 28.98097,-22.28777 28.98113,-22.28741 28.98135,-22.28689 28.98145,-22.28648 28.98156,-22.28602 28.98173,-22.28559 28.98214,-22.28519 28.9826,-22.28478 28.98309,-22.28458 28.98344,-22.28451 28.98395,-22.2842 28.98455,-22.28408 28.98486,-22.28403 28.98514,-22.28401 28.98557,-22.284 28.98607,-22.28403 28.98664,-22.28405 28.98764,-22.284 28.98842,-22.28384 28.98886,-22.28376 28.98943,-22.28372 28.98968,-22.28355 28.99005,-22.28344 28.99053,-22.28324 28.99098,-22.28295 28.99175,-22.28259 28.99239,-22.28234 28.99285,-22.28208 28.99338,-22.28189 28.99397,-22.28158 28.99441,-22.28146 28.99464,-22.28137 28.99538,-22.28099 28.99598,-22.28068 28.99599,-22.2806 28.99648,-22.28046 28.99693,-22.28014 28.99736,-22.27988 28.99803,-22.27931 28.99852,-22.27887 28.99885,-22.27851 28.99924,-22.27822 28.99961,-22.2778 28.99993,-22.27744 29.00027,-22.27711 29.00075,-22.27659 29.00118,-22.27629 29.00165,-22.27594 29.00197,-22.2756 29.00232,-22.27519 29.00277,-22.27472 29.00309,-22.27417 29.00327,-22.27389 29.00343,-22.27337 29.00343,-22.27286 29.00355,-22.27224 29.00358,-22.2713 29.00361,-22.2709 29.00367,-22.27053 29.00369,-22.27019 29.00381,-22.26982 29.00393,-22.26951 29.00407,-22.26919 29.0042,-22.2689 29.00438,-22.26831 29.00446,-22.26795 29.00455,-22.26747 29.0044,-22.26718 29.00435,-22.26696 29.00428,-22.2666 29.00419,-22.26639 29.00419,-22.26545 29.00429,-22.26509 29.00444,-22.26414 29.00454,-22.26355 29.00469,-22.26311 29.00486,-22.26256 29.00518,-22.26212 29.00564,-22.26183 29.00627,-22.2615 29.00686,-22.26121 29.00749,-22.26107 29.00794,-22.26095 29.00822,-22.26076 29.00884,-22.26037 29.00972,-22.25993 29.01024,-22.25955 29.01072,-22.2593 29.0113,-22.25897 29.01197,-22.25859 29.01269,-22.25811 29.01315,-22.25781 29.01344,-22.25747 29.01367,-22.25691 29.01377,-22.25641 29.0138,-22.25583 29.01378,-22.25542 29.01382,-22.25486 29.01384,-22.25416 29.01385,-22.25377 29.01382,-22.25326 29.01379,-22.25283 29.01376,-22.25205 29.01377,-22.25099 29.01376,-22.25091 29.01374,-22.25061 29.0137,-22.25016 29.0137,-22.24988 29.01366,-22.24928 29.01359,-22.24873 29.01351,-22.24819 29.0134,-22.24778 29.01352,-22.24705 29.01359,-22.24619 29.01355,-22.24596 29.01342,-22.2455 29.01331,-22.24506 29.0132,-22.24459 29.01315,-22.24426 29.0131,-22.2438 29.01307,-22.24321 29.01306,-22.24235 29.01317,-22.24205 29.01317,-22.24179 29.01322,-22.24136 29.01324,-22.24094 29.01321,-22.24033 29.01316,-22.23997 29.01312,-22.23952 29.01303,-22.23915 29.0129,-22.23883 29.01285,-22.23841 29.01279,-22.23795 29.01282,-22.23743 29.01293,-22.23683 29.01305,-22.23628 29.0131,-22.23564 29.01315,-22.23517 29.01321,-22.23494 29.0133,-22.2344 29.0134,-22.2335 29.01353,-22.23277 29.01368,-22.23214 29.01386,-22.23164 29.01393,-22.23141 29.01418,-22.23094 29.01447,-22.23054 29.01465,-22.23028 29.01503,-22.22988 29.01543,-22.22954 29.01576,-22.2294 29.01613,-22.22912 29.01658,-22.22879 29.01703,-22.2283 29.01725,-22.22818 29.01762,-22.22777 29.01788,-22.22743 29.01845,-22.2269 29.01894,-22.22656 29.01942,-22.22621 29.0198,-22.22615 29.0201,-22.22615 29.02066,-22.22612 29.02094,-22.22614 29.02171,-22.22629 29.02243,-22.22667 29.02293,-22.22696 29.02337,-22.22733 29.02399,-22.22758 29.0243,-22.2278 29.02498,-22.22828 29.02578,-22.22868 29.02617,-22.22878 29.02684,-22.22903 29.02738,-22.22902 29.02805,-22.22884 29.02847,-22.22868 29.02887,-22.22844 29.02937,-22.22799 29.02951,-22.22773 29.02968,-22.22742 29.02997,-22.22696 29.03011,-22.22658 29.03024,-22.22627 29.03036,-22.2259 29.0303,-22.22536 29.03033,-22.22483 29.03029,-22.2243 29.03027,-22.22391 29.03029,-22.2233 29.03036,-22.22248 29.03041,-22.22192 29.03045,-22.22139 29.03081,-22.22083 29.03127,-22.22034 29.03157,-22.21995 29.03188,-22.2195 29.03223,-22.219 29.03259,-22.21868 29.03299,-22.21845 29.03344,-22.21808 29.03384,-22.21786 29.03428,-22.21756 29.03478,-22.21725 29.03525,-22.21692 29.03592,-22.21658 29.03694,-22.21631 29.0374,-22.21638 29.03804,-22.21646 29.03872,-22.21657 29.03932,-22.21656 29.04016,-22.21657 29.0408,-22.21668 29.04161,-22.21667 29.0427,-22.21664 29.04375,-22.21665 29.04484,-22.2168 29.04543,-22.21693 29.04593,-22.21726 29.04641,-22.21759 29.04673,-22.21803 29.0471,-22.21834 29.04785,-22.21888 29.04842,-22.21912 29.04903,-22.2192 29.04964,-22.21922 29.05048,-22.21905 29.05076,-22.21896 29.05126,-22.21882 29.05164,-22.21861 29.05221,-22.21846 29.05268,-22.21841 29.05336,-22.21839 29.05381,-22.21834 29.05477,-22.21825 29.05599,-22.21816 29.05672,-22.2182 29.05711,-22.21831 29.05783,-22.21843 29.05895,-22.21858 29.06002,-22.21862 29.06158,-22.21864 29.06306,-22.21876 29.06358,-22.21869 29.06423,-22.21863 29.0649,-22.21859 29.06591,-22.21855 29.06698,-22.21845 29.06723,-22.21845 29.06773,-22.21843 29.06835,-22.21832 29.06891,-22.21828 29.0699,-22.21826 29.07111,-22.21818 29.07149,-22.21822 29.072,-22.21846 29.0725,-22.21868 29.07306,-22.2188 29.07357,-22.21896 29.07421,-22.21932 29.07519,-22.21971 29.07577,-22.21991 29.07628,-22.22004 29.07708,-22.22034 29.07816,-22.22083 29.07879,-22.22097 29.07923,-22.22107 29.07962,-22.2211 29.08011,-22.22109 29.08132,-22.22112 29.08224,-22.221 29.08285,-22.22097 29.08349,-22.22095 29.08397,-22.2209 29.08448,-22.22081 29.08568,-22.22075 29.08639,-22.22056 29.08701,-22.22033 29.08758,-22.22016 29.08824,-22.21994 29.08903,-22.21968 29.08973,-22.2194 29.09037,-22.21918 29.09092,-22.21891 29.0914,-22.21872 29.09174,-22.21872 29.09247,-22.2185 29.0936,-22.21812 29.0945,-22.21778 29.09489,-22.21764 29.09578,-22.21724 29.09665,-22.21689 29.09726,-22.21676 29.09763,-22.21662 29.09821,-22.2165 29.09877,-22.21639 29.09962,-22.21599 29.09998,-22.21584 29.10065,-22.21539 29.10125,-22.2151 29.10169,-22.21474 29.10212,-22.21446 29.10275,-22.21395 29.10339,-22.21351 29.10388,-22.21323 29.10434,-22.21298 29.10469,-22.2128 29.10514,-22.21268 29.10568,-22.21263 29.10676,-22.21254 29.10746,-22.21248 29.10802,-22.21243 29.10868,-22.21239 29.1092,-22.21243 29.11027,-22.21254 29.11105,-22.21263 29.1115,-22.21268 29.11204,-22.21278 29.11262,-22.21291 29.1132,-22.21298 29.11492,-22.21328 29.11539,-22.21342 29.11592,-22.21363 29.11649,-22.21393 29.11684,-22.21399 29.11722,-22.21407 29.11859,-22.21423 29.11964,-22.21431 29.12028,-22.21437 29.12091,-22.21443 29.12181,-22.21448 29.12325,-22.21452 29.12419,-22.21458 29.12492,-22.21462 29.12595,-22.21455 29.1274,-22.21442 29.12796,-22.21422 29.12878,-22.2141 29.12971,-22.21395 29.13061,-22.21364 29.13175,-22.21353 29.13235,-22.21351 29.13327,-22.21358 29.13448,-22.21378 29.13492,-22.21395 29.1357,-22.21417 29.13665,-22.21453 29.1374,-22.21469 29.13818,-22.21491 29.13885,-22.21516 29.13925,-22.21533 29.13981,-22.21556 29.14002,-22.21565 29.14029,-22.21579 29.14073,-22.21598 29.14147,-22.21612 29.14225,-22.21627 29.14256,-22.21634 29.14281,-22.21632 29.1433,-22.21643 29.14442,-22.21648 29.1454,-22.2165 29.14629,-22.21636 29.147,-22.21632 29.14778,-22.21622 29.14857,-22.2161 29.14955,-22.21595 29.15003,-22.21589 29.15053,-22.21574 29.15108,-22.21566 29.15219,-22.21534 29.15307,-22.21514 29.15377,-22.21492 29.15435,-22.21472 29.155,-22.21452 29.15547,-22.21429 29.15577,-22.21407 29.15601,-22.21392 29.15651,-22.2136 29.15707,-22.21334 29.15764,-22.21301 29.15846,-22.21248 29.1591,-22.21189 29.15956,-22.21138 29.15984,-22.21084 29.16038,-22.21018 29.16075,-22.2099 29.16147,-22.20954 29.16183,-22.20934 29.16217,-22.20919 29.1627,-22.20897 29.16321,-22.20873 29.16413,-22.20839 29.16476,-22.20812 29.1653,-22.20785 29.16568,-22.20763 29.16616,-22.20736 29.16643,-22.20713 29.16663,-22.20696 29.16724,-22.20648 29.16807,-22.20582 29.16917,-22.20494 29.16991,-22.20438 29.17041,-22.20396 29.17123,-22.20325 29.17184,-22.20285 29.17253,-22.20237 29.17303,-22.20206 29.17343,-22.20167 29.17389,-22.20118 29.17447,-22.20063 29.17518,-22.19976 29.17556,-22.19923 29.17603,-22.19871 29.17653,-22.19819 29.17719,-22.19759 29.17758,-22.19703 29.17809,-22.19628 29.17833,-22.19579 29.17869,-22.19537 29.17885,-22.19511 29.17918,-22.19466 29.17956,-22.19412 29.18002,-22.19352 29.18027,-22.19317 29.18054,-22.19281 29.181,-22.19245 29.18194,-22.19175 29.1826,-22.19139 29.18317,-22.19117 29.18344,-22.19105 29.18441,-22.19071 29.18536,-22.19033 29.18594,-22.19009 29.18659,-22.18981 29.1873,-22.18944 29.18781,-22.18905 29.18817,-22.18871 29.18849,-22.18817 29.18874,-22.18772 29.18891,-22.18734 29.18916,-22.18696 29.18944,-22.18672 29.18969,-22.1865 29.19006,-22.18624 29.19035,-22.18605 29.19077,-22.1858 29.19106,-22.18566 29.19151,-22.18545 29.19179,-22.18534 29.19294,-22.18488 29.19332,-22.18469 29.19379,-22.18448 29.1941,-22.18434 29.19458,-22.18412 29.19504,-22.18402 29.19572,-22.18382 29.19626,-22.18372 29.19694,-22.18359 29.19739,-22.18352 29.19795,-22.18339 29.19841,-22.18332 29.1988,-22.18325 29.19969,-22.1832 29.20019,-22.18317 29.2008,-22.18312 29.20155,-22.18306 29.20212,-22.18301 29.20322,-22.183 29.20439,-22.18293 29.20489,-22.18291 29.20589,-22.18273 29.20643,-22.18268 29.20751,-22.18268 29.20816,-22.18266 29.20857,-22.1826 29.20892,-22.18255 29.20935,-22.18249 29.20985,-22.18235 29.21031,-22.18224 29.21075,-22.18216 29.21148,-22.18198 29.21173,-22.18188 29.21234,-22.18156 29.21265,-22.18133 29.21324,-22.18099 29.2138,-22.18056 29.21435,-22.18007 29.21487,-22.17951 29.21529,-22.17918 29.21594,-22.17879 29.21662,-22.17847 29.2172,-22.17831 29.21769,-22.17827 29.21824,-22.17817 29.2189,-22.1781 29.21957,-22.17816 29.22004,-22.17818 29.2204,-22.17819 29.22118,-22.17822 29.2219,-22.17825 29.22265,-22.17833 29.22352,-22.17841 29.22446,-22.1785 29.22479,-22.17854 29.2253,-22.1786 29.22562,-22.17864 29.22608,-22.17869 29.22696,-22.17883 29.22754,-22.17897 29.22792,-22.17906 29.22847,-22.17924 29.22888,-22.17934 29.22942,-22.17949 29.22987,-22.1796 29.23019,-22.17968 29.23053,-22.17973 29.23084,-22.17978 29.23122,-22.17986 29.23145,-22.17992 29.23214,-22.18007 29.2327,-22.18021 29.23303,-22.18023 29.23361,-22.18041 29.2342,-22.18062 29.23488,-22.18079 29.23571,-22.18099 29.23683,-22.18131 29.23829,-22.18182 29.23901,-22.18233 29.23948,-22.18269 29.23965,-22.18281 29.24004,-22.18305 29.24041,-22.18318 29.24062,-22.18325 29.24118,-22.18354 29.24156,-22.18367 29.24191,-22.18394 29.2423,-22.18424 29.2426,-22.18449 29.24292,-22.18475 29.24335,-22.18502 29.24373,-22.18526 29.24411,-22.18547 29.24448,-22.18568 29.24514,-22.18614 29.2454,-22.1863 29.24572,-22.18648 29.24617,-22.18671 29.24644,-22.18684 29.24687,-22.18698 29.24732,-22.18713 29.24773,-22.18728 29.24808,-22.18741 29.24849,-22.18769 29.24889,-22.18778 29.24932,-22.18792 29.24983,-22.18809 29.25064,-22.1886 29.25113,-22.18877 29.25172,-22.18906 29.25212,-22.18935 29.2526,-22.18968 29.25295,-22.19005 29.25318,-22.19029 29.25348,-22.19057 29.25371,-22.19094 29.25391,-22.19126 29.25407,-22.19148 29.25427,-22.19177 29.25465,-22.19205 29.25501,-22.19246 29.25541,-22.19277 29.25573,-22.19298 29.25645,-22.19318 29.25693,-22.19328 29.25773,-22.19339 29.25821,-22.1934 29.25902,-22.19333 29.25964,-22.19316 29.2601,-22.19296 29.26051,-22.19278 29.26096,-22.19253 29.2613,-22.19233 29.26173,-22.19206 29.26212,-22.19174 29.26244,-22.19148 29.26285,-22.19105 29.26348,-22.1906 29.26394,-22.19026 29.26429,-22.19001 29.26511,-22.1897 29.26598,-22.1894 29.26656,-22.1894 29.26707,-22.18948 29.26731,-22.18951 29.26762,-22.18959 29.26796,-22.18978 29.26806,-22.18985 29.26833,-22.18999 29.26866,-22.19023 29.26898,-22.19061 29.2692,-22.19088 29.26936,-22.19107 29.26953,-22.19136 29.26965,-22.19156 29.26995,-22.19192 29.27021,-22.1923 29.27039,-22.19248 29.27054,-22.1927 29.27071,-22.19293 29.27116,-22.19317 29.27218,-22.19317 29.27267,-22.19314 29.27325,-22.19308 29.27369,-22.19303 29.27411,-22.193 29.27438,-22.19298 29.27476,-22.19292 29.27506,-22.19288 29.27533,-22.19283 29.2756,-22.19279 29.27598,-22.19276 29.2762,-22.19274 29.27663,-22.19271 29.27716,-22.19263 29.27752,-22.19241 29.27772,-22.19227 29.27794,-22.19198 29.27817,-22.19168 29.27855,-22.19122 29.27869,-22.19101 29.27888,-22.19073 29.27914,-22.19028 29.27935,-22.19001 29.27972,-22.18967 29.28019,-22.1891 29.28052,-22.18876 29.28097,-22.18838 29.28132,-22.18809 29.28162,-22.18783 29.28213,-22.18747 29.28249,-22.18719 29.28274,-22.18698 29.28291,-22.18684 29.28326,-22.18664 29.28348,-22.18652 29.28387,-22.18631 29.28422,-22.18611 29.28453,-22.1861 29.2848,-22.18608 29.28524,-22.18603 29.28557,-22.186 29.28616,-22.18601 29.28649,-22.18611 29.28682,-22.18625 29.28697,-22.18633 29.28733,-22.18654 29.28764,-22.18672 29.28803,-22.18705 29.28833,-22.18723 29.28872,-22.18746 29.28923,-22.18773 29.28987,-22.18788 29.29057,-22.18797 29.29101,-22.18806 29.29141,-22.18805 29.29201,-22.18803 29.29254,-22.18803 29.29289,-22.18797 29.29331,-22.1879 29.29378,-22.18769 29.2944,-22.18741 29.2949,-22.18719 29.2959,-22.18672 29.29644,-22.18656 29.29682,-22.18644 29.29735,-22.18629 29.29781,-22.18618 29.29836,-22.18604 29.29892,-22.186 29.2994,-22.18596 29.29976,-22.18599 29.30035,-22.186 29.30098,-22.18603 29.30144,-22.18606 29.30186,-22.18608 29.30225,-22.18623 29.30251,-22.18632 29.303,-22.1865 29.3035,-22.18668 29.30427,-22.18699 29.30479,-22.18718 29.3054,-22.18746 29.30571,-22.18759 29.30608,-22.18775 29.30663,-22.18789 29.30717,-22.188 29.30792,-22.18815 29.30858,-22.18826 29.30916,-22.18831 29.30958,-22.18828 29.30997,-22.18826 29.31066,-22.18825 29.31123,-22.18818 29.31217,-22.18809 29.31293,-22.18795 29.31336,-22.18785 29.31377,-22.18775 29.31443,-22.18757 29.31511,-22.18739 29.31568,-22.18724 29.31612,-22.18716 29.31652,-22.18712 29.31706,-22.18703 29.31948,-22.18703 29.32006,-22.18696 29.32062,-22.187 29.32121,-22.18725 29.32167,-22.18744 29.32196,-22.18758 29.32224,-22.18772 29.32281,-22.188 29.32315,-22.18824 29.32349,-22.18847 29.32387,-22.18888 29.32412,-22.18912 29.32428,-22.18945 29.32454,-22.18994 29.32479,-22.19059 29.32506,-22.1915 29.32519,-22.19215 29.32523,-22.19248 29.32524,-22.19295 29.32537,-22.1942 29.32542,-22.19538 29.32551,-22.19592 29.32563,-22.19651 29.32579,-22.19706 29.32596,-22.19762 29.32604,-22.19786 29.32652,-22.19881 29.32694,-22.19945 29.32728,-22.19992 29.32751,-22.20025 29.32797,-22.20072 29.32854,-22.2013 29.329,-22.20181 29.32946,-22.2023 29.32986,-22.2026 29.33031,-22.20295 29.33074,-22.2032 29.33123,-22.20359 29.33199,-22.20417 29.33264,-22.2045 29.33313,-22.20465 29.33378,-22.20482 29.33452,-22.20478 29.33517,-22.20473 29.33606,-22.20456 29.33651,-22.20437 29.33695,-22.20414 29.33754,-22.20395 29.33778,-22.20385 29.33806,-22.2037 29.33862,-22.20334 29.33926,-22.20288 29.33976,-22.2025 29.34019,-22.20214 29.34053,-22.20175 29.34089,-22.20136 29.34104,-22.20113 29.34123,-22.20088 29.34145,-22.20056 29.34182,-22.20003 29.34206,-22.19957 29.34255,-22.19866 29.34303,-22.19776 29.34365,-22.1967 29.34393,-22.19619 29.34432,-22.19553 29.34477,-22.19477 29.34518,-22.1942 29.3457,-22.19348 29.34611,-22.19304 29.3466,-22.19276 29.34716,-22.19264 29.34798,-22.19265 29.34817,-22.19265 29.3486,-22.19269 29.34869,-22.19273 29.34875,-22.19276 29.34929,-22.193 29.34975,-22.19337 29.3501,-22.19375 29.35031,-22.19414 29.35041,-22.19442 29.3507,-22.19501 29.35087,-22.19536 29.35113,-22.19594 29.35139,-22.19655 29.35151,-22.19684 29.35165,-22.19711 29.3518,-22.19733 29.35201,-22.19758 29.35234,-22.19775 29.35281,-22.19802 29.35312,-22.19813 29.3533,-22.19815 29.35388,-22.19832 29.35447,-22.19854 29.35503,-22.1988 29.35523,-22.19886 29.35572,-22.1989 29.35594,-22.19899 29.35631,-22.19909 29.35665,-22.19917 29.35707,-22.19925 29.35767,-22.19946 29.35815,-22.19956 29.35851,-22.19956 29.35912,-22.19973 29.35928,-22.19975 29.35969,-22.19978 29.36015,-22.19978 29.36089,-22.1997 29.36123,-22.1997 29.36171,-22.19963 29.36238,-22.19954 29.36288,-22.19955 29.36325,-22.19937 29.3637,-22.19926 29.36419,-22.19913 29.36469,-22.19903 29.36523,-22.1989 29.36587,-22.19868 29.36626,-22.19856 29.36654,-22.19844 29.36706,-22.19828 29.36748,-22.19812 29.36787,-22.19798 29.36829,-22.19782 29.36926,-22.19745 29.37019,-22.19717 29.37053,-22.19698 29.371,-22.1968 29.37137,-22.19666 29.37207,-22.19647 29.37245,-22.19635 29.37295,-22.19614 29.37352,-22.19595 29.37388,-22.19585 29.37422,-22.19578 29.3746,-22.1956 29.37501,-22.19549 29.37533,-22.19535 29.37582,-22.19522 29.3762,-22.19509 29.37679,-22.19489 29.37703,-22.19478 29.37748,-22.19467 29.37796,-22.19453 29.37846,-22.19433 29.37884,-22.19421 29.37929,-22.19404 29.37987,-22.19393 29.38131,-22.19345 29.38174,-22.19329 29.38224,-22.19313 29.38278,-22.19296 29.38351,-22.19277 29.38395,-22.19259 29.38447,-22.19246 29.38493,-22.19231 29.38557,-22.19212 29.38596,-22.19194 29.38636,-22.19177 29.38661,-22.19157 29.38691,-22.19145 29.38724,-22.1913 29.3878,-22.19104 29.3884,-22.19076 29.38882,-22.19049 29.38933,-22.19021 29.3897,-22.18997 29.39008,-22.18968 29.39043,-22.1895 29.39063,-22.18931 29.39117,-22.18898 29.39173,-22.18867 29.3922,-22.18839 29.39267,-22.18815 29.393,-22.18788 29.39349,-22.18762 29.39411,-22.1872 29.39493,-22.18676 29.39542,-22.18645 29.39591,-22.18612 29.39632,-22.18583 29.39675,-22.18557 29.39733,-22.18521 29.39781,-22.18495 29.39819,-22.18464 29.39871,-22.18439 29.39917,-22.18421 29.39933,-22.18419 29.3999,-22.18416 29.40027,-22.18409 29.40065,-22.18401 29.40158,-22.18388 29.40223,-22.18377 29.40286,-22.18362 29.40339,-22.18362 29.40385,-22.18356 29.40451,-22.1835 29.405,-22.18341 29.4055,-22.18337 29.40583,-22.18331 29.4064,-22.18296 29.40675,-22.18271 29.40742,-22.18223 29.40805,-22.18179 29.40833,-22.18143 29.4084,-22.18117 29.40854,-22.18083 29.40857,-22.18066 29.40883,-22.17999 29.40891,-22.17942 29.40907,-22.17895 29.40925,-22.17862 29.40936,-22.17842 29.40964,-22.1782 29.40993,-22.17806 29.41024,-22.17795 29.41075,-22.17774 29.41117,-22.1775 29.41159,-22.17732 29.41215,-22.1771 29.41262,-22.17685 29.41308,-22.17663 29.41335,-22.1765 29.41388,-22.17626 29.41452,-22.17595 29.41476,-22.17582 29.4151,-22.17571 29.41551,-22.17555 29.41598,-22.17536 29.41651,-22.17517 29.41685,-22.17505 29.41749,-22.17484 29.41798,-22.17469 29.41865,-22.17448 29.41925,-22.1743 29.41968,-22.17415 29.41995,-22.17409 29.42071,-22.17389 29.42113,-22.1738 29.42166,-22.17364 29.42206,-22.17359 29.42244,-22.17349 29.42294,-22.17331 29.42345,-22.1732 29.42376,-22.17311 29.42413,-22.17304 29.42465,-22.17289 29.42542,-22.17277 29.42579,-22.17269 29.42635,-22.17256 29.42687,-22.17243 29.42722,-22.17236 29.42783,-22.17224 29.42827,-22.17216 29.4289,-22.17206 29.42912,-22.17202 29.4295,-22.17194 29.42993,-22.17193 29.4302,-22.17188 29.43061,-22.17177 29.43139,-22.17177 29.43198,-22.17175 29.4326,-22.17167 29.43335,-22.17152 29.43404,-22.17143 29.43501,-22.17126 29.43577,-22.17119 29.43663,-22.17105 29.43746,-22.17096 29.43811,-22.17087 29.43959,-22.17047 29.44054,-22.17036 29.44125,-22.17027 29.44195,-22.17016 29.44279,-22.17004 29.44309,-22.16996 29.44415,-22.16979 29.44507,-22.16965 29.4459,-22.16955 29.44622,-22.16949 29.44704,-22.16935 29.44813,-22.16918 29.44893,-22.16911 29.44967,-22.16899 29.4502,-22.1689 29.45062,-22.16875 29.45116,-22.16865 29.45164,-22.16853 29.45264,-22.16837 29.45374,-22.16803 29.45426,-22.1679 29.45485,-22.16778 29.45525,-22.16769 29.45562,-22.16757 29.45693,-22.16738 29.45819,-22.16722 29.45853,-22.16719 29.45938,-22.16709 29.4596,-22.16703 29.46061,-22.16688 29.46155,-22.16675 29.4621,-22.16662 29.463,-22.16635 29.46412,-22.16612 29.46464,-22.16609 29.46568,-22.166 29.46664,-22.16596 29.46756,-22.16585 29.46818,-22.16571 29.46859,-22.16572 29.46901,-22.16566 29.47056,-22.16566 29.47102,-22.16565 29.4714,-22.16565 29.47218,-22.16559 29.47299,-22.16566 29.47383,-22.16572 29.47432,-22.16575 29.47507,-22.16584 29.47566,-22.16592 29.47664,-22.1661 29.47735,-22.16625 29.47783,-22.16632 29.47851,-22.16648 29.47928,-22.16665 29.48028,-22.16684 29.48141,-22.16706 29.48185,-22.16712 29.48234,-22.16717 29.48323,-22.16733 29.48455,-22.1676 29.48617,-22.16807 29.48693,-22.1683 29.48788,-22.16864 29.48871,-22.16891 29.48943,-22.16908 29.48999,-22.16933 29.49052,-22.16961 29.4909,-22.16971 29.49115,-22.1698 29.49208,-22.17006 29.49276,-22.17028 29.49363,-22.17047 29.49469,-22.17077 29.49561,-22.17106 29.496,-22.17116 29.49713,-22.17144 29.49906,-22.17202 29.49972,-22.17252 29.50023,-22.17299 29.50055,-22.17316 29.50108,-22.17339 29.50173,-22.17359 29.50278,-22.17402 29.50341,-22.17432 29.50425,-22.1746 29.50503,-22.17494 29.50528,-22.17505 29.50632,-22.17545 29.50716,-22.17571 29.50768,-22.17585 29.50801,-22.17599 29.50868,-22.17615 29.50976,-22.17653 29.51022,-22.17666 29.51082,-22.17686 29.51115,-22.17691 29.51191,-22.17703 29.51234,-22.17709 29.51261,-22.17715 29.51295,-22.1772 29.51338,-22.17729 29.51459,-22.17754 29.51503,-22.17764 29.51556,-22.17768 29.51613,-22.1778 29.51706,-22.17795 29.51787,-22.17809 29.51827,-22.17804 29.5192,-22.17807 29.51942,-22.17811 29.52025,-22.17814 29.52165,-22.17826 29.52241,-22.17826 29.52291,-22.17824 29.5232,-22.17825 29.52398,-22.17825 29.52442,-22.17826 29.52556,-22.17829 29.52649,-22.17823 29.52689,-22.17813 29.52733,-22.1781 29.52796,-22.178 29.52827,-22.17788 29.5288,-22.17759 29.5293,-22.17726 29.52977,-22.17684 29.53006,-22.1767 29.53063,-22.17636 29.53098,-22.17607 29.53125,-22.17575 29.53164,-22.17541 29.53209,-22.17474 29.53231,-22.17436 29.53266,-22.17376 29.53297,-22.17331 29.53336,-22.17257 29.53363,-22.17207 29.53404,-22.17144 29.53445,-22.17077 29.53479,-22.17032 29.53495,-22.16988 29.5351,-22.16937 29.53518,-22.16877 29.53518,-22.16849 29.53521,-22.16805 29.53521,-22.16753 29.53522,-22.16711 29.53521,-22.16653 29.53518,-22.16622 29.53509,-22.16555 29.53499,-22.165 29.53486,-22.16419 29.53473,-22.16372 29.53468,-22.16328 29.53458,-22.16278 29.53456,-22.16255 29.53449,-22.16215 29.53445,-22.16168 29.5343,-22.1612 29.53421,-22.16065 29.53408,-22.16011 29.53407,-22.15991 29.53404,-22.15944 29.53408,-22.15882 29.53418,-22.15835 29.53439,-22.15762 29.53452,-22.15731 29.5347,-22.15648 29.53507,-22.15582 29.53549,-22.15516 29.53613,-22.15463 29.53665,-22.15425 29.5373,-22.15377 29.53762,-22.15358 29.53807,-22.15337 29.53885,-22.15286 29.53925,-22.15266 29.54031,-22.15244 29.54101,-22.15227 29.54165,-22.15224 29.54204,-22.15212 29.54259,-22.15206 29.54405,-22.15202 29.54505,-22.15194 29.54578,-22.1519 29.54717,-22.1518 29.54794,-22.15174 29.54863,-22.15172 29.54913,-22.15167 29.5502,-22.15159 29.55318,-22.15124 29.55373,-22.15121 29.55558,-22.15107 29.55721,-22.15083 29.5584,-22.15064 29.55859,-22.15065 29.55923,-22.15051 29.55975,-22.15044 29.56048,-22.15033 29.56102,-22.15024 29.56149,-22.15007 29.5621,-22.14993 29.56254,-22.14982 29.56323,-22.14958 29.56376,-22.14937 29.56455,-22.14898 29.56558,-22.14844 29.56586,-22.14825 29.56682,-22.14762 29.56759,-22.14716 29.56803,-22.1468 29.56886,-22.14622 29.56948,-22.14582 29.57017,-22.14536 29.57072,-22.14494 29.57097,-22.14471 29.57162,-22.14426 29.57234,-22.14376 29.57335,-22.14307 29.57381,-22.1429 29.57422,-22.14272 29.57484,-22.14231 29.57556,-22.14196 29.57642,-22.14155 29.57714,-22.14134 29.5776,-22.14118 29.57821,-22.14101 29.57876,-22.14086 29.58022,-22.1409 29.58097,-22.14101 29.58139,-22.14106 29.58181,-22.1411 29.58257,-22.1412 29.58301,-22.14131 29.58388,-22.14152 29.58487,-22.14182 29.58535,-22.142 29.58592,-22.14222 29.58629,-22.14237 29.58666,-22.14253 29.58785,-22.14314 29.58831,-22.14339 29.58913,-22.14392 29.58975,-22.14429 29.59091,-22.14505 29.59144,-22.14549 29.59168,-22.14556 29.59214,-22.146 29.59259,-22.14629 29.59319,-22.14686 29.59389,-22.14748 29.59417,-22.1479 29.59464,-22.1483 29.59497,-22.14872 29.59526,-22.14899 29.59594,-22.14965 29.59636,-22.15002 29.59677,-22.15049 29.59697,-22.15065 29.59751,-22.15119 29.5981,-22.15168 29.59836,-22.15191 29.59925,-22.15274 29.59976,-22.15324 29.60017,-22.15348 29.60049,-22.15368 29.60105,-22.15389 29.60189,-22.15441 29.60256,-22.15471 29.60349,-22.15502 29.60389,-22.15517 29.60424,-22.15531 29.60485,-22.15548 29.60543,-22.15569 29.60623,-22.15582 29.60725,-22.15588 29.60789,-22.1559 29.60882,-22.15596 29.60943,-22.15586 29.61024,-22.15569 29.61093,-22.15551 29.61135,-22.15537 29.61187,-22.15523 29.61259,-22.15506 29.61338,-22.15477 29.61402,-22.1544 29.61433,-22.15413 29.61488,-22.15371 29.61535,-22.15327 29.61585,-22.15283 29.61611,-22.15253 29.61654,-22.15209 29.61676,-22.15162 29.61696,-22.1513 29.61717,-22.15085 29.61741,-22.15051 29.61756,-22.15011 29.61766,-22.14982 29.61819,-22.1486 29.61845,-22.14812 29.61875,-22.14754 29.61897,-22.14713 29.61907,-22.1468 29.61938,-22.1461 29.6198,-22.1453 29.62005,-22.14465 29.62033,-22.14423 29.62055,-22.14382 29.62068,-22.1436 29.62102,-22.14311 29.62135,-22.14267 29.62178,-22.14207 29.62211,-22.14147 29.62241,-22.1412 29.62277,-22.14087 29.62307,-22.14062 29.62332,-22.14036 29.62378,-22.13995 29.62436,-22.13932 29.62478,-22.13873 29.62494,-22.13854 29.62538,-22.13803 29.62603,-22.13754 29.62632,-22.13731 29.62699,-22.13671 29.62741,-22.13621 29.62785,-22.13588 29.6282,-22.13562 29.62875,-22.13528 29.62987,-22.13475 29.63077,-22.1343 29.63166,-22.13394 29.63275,-22.13353 29.63359,-22.13338 29.63473,-22.13327 29.6352,-22.13316 29.63574,-22.13307 29.63645,-22.13291 29.63712,-22.13286 29.63824,-22.13271 29.63874,-22.13268 29.63936,-22.13257 29.63992,-22.13254 29.64073,-22.13227 29.64145,-22.13198 29.64201,-22.1317 29.64262,-22.13138 29.64298,-22.13115 29.64346,-22.13075 29.64401,-22.13048 29.64498,-22.12987 29.6458,-22.12937 29.64605,-22.12909 29.64659,-22.12874 29.64724,-22.12834 29.64819,-22.12791 29.64929,-22.1274 29.64975,-22.12713 29.65014,-22.12696 29.65053,-22.12668 29.65179,-22.12606 29.65269,-22.12571 29.65305,-22.12547 29.65362,-22.12533 29.65443,-22.12503 29.65523,-22.12508</coordinates></LinearRing></outerBoundaryIs></Polygon></MultiGeometry></Placemark></Document></kml>