"id","region","country","province_state","place_origin","place_destination","hazard","hazard_original","year_start","status","scale","spatial_pattern","inventory_part","source","source_url","source_sheet_row","case_citations"
"WPR-001","Pacific","Australia","Queensland","Lockyer Valley","500m away","flood","Flood","unknown","completed","unknown","A","LPRH I (Bower & Weerasinghe 2021; English literature)","PDD/Kaldor Centre/IOM Global Dataset of Planned Relocation Cases (Leaving Place, Restoring Home I & II), metadata last edited 9 June 2021","https://docs.google.com/spreadsheets/d/1pDR-t1hVApqJiVk6E5DJ7TN0cOtXJiKvS1w8QIP149o/edit#gid=1611800107","4","Okada, T., Haynes, K., Bird, D., van den Honert, R. & King, D. Recovery and resettlement following the 2011 flash flooding in the Lockyer Valley. Int. J. Disaster Risk Reduct. 8, 20–31 (2014) || Sipe, N. & Vella, K. Relocating a flood-affected community: good planning or good politics? J. Am. Plan. Assoc. 80, 400–412 (2014) || Hsu, M., Okada, T., Mori, S., & Howitt, R. (2019). Resettling, disconnecting or displacing? Attending to local sociality, culture and history in disaster settings. Asia Pacific Viewpoint, 60(2), 163-174."
"WPR-002","Pacific","Fiji","Kadavu","Solodamu","Inland (2 k)","cyclone/storm","Storm","unknown","completed","unknown","A","LPRH I (Bower & Weerasinghe 2021; English literature)","PDD/Kaldor Centre/IOM Global Dataset of Planned Relocation Cases (Leaving Place, Restoring Home I & II), metadata last edited 9 June 2021","https://docs.google.com/spreadsheets/d/1pDR-t1hVApqJiVk6E5DJ7TN0cOtXJiKvS1w8QIP149o/edit#gid=1611800107","5","John Campbell, Michael Goldsmith and Kanyathu Koshy, ‘Community reloca- tion as an option for adaptation to the effects of climate change and climate variability in Pacific Island countries (PICs)’, Asia-Pacific Network for Global Change Research, Final Report (2005); Connell, ‘Population resettlement in the Pacific’ || Cagilaba, V. (2005). Fight or flight? resilience and vulnerability in rural Fiji. Department of Geography. Hamilton, New Zealand, University of Waikato: 123."
"WPR-003","Pacific","Fiji","Kadavu","Muani","Inland (<1 k)","cyclone/storm","Storm","unknown","completed","unknown","A","LPRH I (Bower & Weerasinghe 2021; English literature)","PDD/Kaldor Centre/IOM Global Dataset of Planned Relocation Cases (Leaving Place, Restoring Home I & II), metadata last edited 9 June 2021","https://docs.google.com/spreadsheets/d/1pDR-t1hVApqJiVk6E5DJ7TN0cOtXJiKvS1w8QIP149o/edit#gid=1611800107","6","John Campbell, Michael Goldsmith and Kanyathu Koshy, ‘Community reloca- tion as an option for adaptation to the effects of climate change and climate variability in Pacific Island countries (PICs)’, Asia-Pacific Network for Global Change Research, Final Report (2005); Connell, ‘Population resettlement in the Pacific’ || Helvarg, D. (2000). FIJI: The Heat's Not Just Political. E: the Environmental Magazine. 11: 29-30"
"WPR-004","Pacific","Fiji","Moala Island","Maloku","unknown","sea-level rise","Sea level rise","unknown","completed","unknown","A","LPRH I (Bower & Weerasinghe 2021; English literature)","PDD/Kaldor Centre/IOM Global Dataset of Planned Relocation Cases (Leaving Place, Restoring Home I & II), metadata last edited 9 June 2021","https://docs.google.com/spreadsheets/d/1pDR-t1hVApqJiVk6E5DJ7TN0cOtXJiKvS1w8QIP149o/edit#gid=1611800107","7","Janif, S. Z., Nunn, P. D., Geraghty, P., Aalbersberg, W., Thomas, F. R., & Camailakeba, M. (2016). Value of traditional oral narratives in building climate-change resilience: insights from rural communities in Fiji. Ecology and Society, 21(2)."
"WPR-005","Pacific","Fiji","Ono island","Narikoso","Site in another Mataqali on Ono Island","flood","Flood","unknown","ongoing","unknown","A","LPRH I (Bower & Weerasinghe 2021; English literature)","PDD/Kaldor Centre/IOM Global Dataset of Planned Relocation Cases (Leaving Place, Restoring Home I & II), metadata last edited 9 June 2021","https://docs.google.com/spreadsheets/d/1pDR-t1hVApqJiVk6E5DJ7TN0cOtXJiKvS1w8QIP149o/edit#gid=1611800107","8","Bertana, A. (2019). Relocation as an Adaptation to Sea-Level Rise: Valuable Lessons from the Narikoso Village Relocation Project in Fiji. Case Studies in the Environment. DOI: 10.1525/cse.2018.001701. || McMichael, Celia, Manasa Katonivualiku, and Teresia Powell. ""Planned relocation and everyday agency in low‐lying coastal villages in Fiji."" The Geographical Journal 185.3 (2019): 325-337. || Barnett, J., & McMichael, C. (2018). The effects of climate change on the geography and timing of human mobility. Population and Environment, 39, 339–356. https://doi.org/10.1007/s11111-018-0295-5 || McMichael, C., & Katonivualiku, M. (2020). Thick temporalities of planned relocation in Fiji. Geoforum, 108, 286-294. || McMichael, C., Katonivualiku, M., & Powell, T. (2019). Planned relocation and everyday agency in low‐lying coastal villages in Fiji. The Geographical Journal, 185(3), 325-337."
"WPR-006","Pacific","Fiji","Ovalau Island, Lomaiviti Province","Toki","unknown","sea-level rise","Sea level rise","unknown","ongoing","unknown","A","LPRH I (Bower & Weerasinghe 2021; English literature)","PDD/Kaldor Centre/IOM Global Dataset of Planned Relocation Cases (Leaving Place, Restoring Home I & II), metadata last edited 9 June 2021","https://docs.google.com/spreadsheets/d/1pDR-t1hVApqJiVk6E5DJ7TN0cOtXJiKvS1w8QIP149o/edit#gid=1611800107","9","McMichael, C., & Katonivualiku, M. (2020). Thick temporalities of planned relocation in Fiji. Geoforum, 108, 286-294."
"WPR-007","Pacific","Fiji","Ovalau Island, Lomaiviti Province","Tokou","unknown","sea-level rise","Sea level rise","unknown","ongoing","unknown","A","LPRH I (Bower & Weerasinghe 2021; English literature)","PDD/Kaldor Centre/IOM Global Dataset of Planned Relocation Cases (Leaving Place, Restoring Home I & II), metadata last edited 9 June 2021","https://docs.google.com/spreadsheets/d/1pDR-t1hVApqJiVk6E5DJ7TN0cOtXJiKvS1w8QIP149o/edit#gid=1611800107","10","McMichael, C., & Katonivualiku, M. (2020). Thick temporalities of planned relocation in Fiji. Geoforum, 108, 286-294."
"WPR-008","Pacific","Fiji","Vanua Levu","Vunisavisavi","Away from coast (partial relocation)","other","Coastal erosion","unknown","completed","unknown","A","LPRH I (Bower & Weerasinghe 2021; English literature)","PDD/Kaldor Centre/IOM Global Dataset of Planned Relocation Cases (Leaving Place, Restoring Home I & II), metadata last edited 9 June 2021","https://docs.google.com/spreadsheets/d/1pDR-t1hVApqJiVk6E5DJ7TN0cOtXJiKvS1w8QIP149o/edit#gid=1611800107","11","McMichael, Celia, Manasa Katonivualiku, and Teresia Powell. ""Planned relocation and everyday agency in low‐lying coastal villages in Fiji."" The Geographical Journal 185.3 (2019): 325-337. || Singh, P., Charan, D., Kaur, M., Railoa, K., & Chand, R. (2020). Place Attachment and Cultural Barriers to Climate Change Induced Relocation: Lessons from Vunisavisavi Village, Vanua Levu, Fiji. In Managing Climate Change Adaptation in the Pacific Region (pp. 27-43). Springer, Cham. || McMichael, C., & Katonivualiku, M. (2020). Thick temporalities of planned relocation in Fiji. Geoforum, 108, 286-294. || McMichael, C., Katonivualiku, M., & Powell, T. (2019). Planned relocation and everyday agency in low‐lying coastal villages in Fiji. The Geographical Journal, 185(3), 325-337."
"WPR-009","Pacific","Fiji","Vanua Levu","Vunidogoloa","Kenani","flood","Flood","unknown","completed","unknown","A","LPRH I (Bower & Weerasinghe 2021; English literature)","PDD/Kaldor Centre/IOM Global Dataset of Planned Relocation Cases (Leaving Place, Restoring Home I & II), metadata last edited 9 June 2021","https://docs.google.com/spreadsheets/d/1pDR-t1hVApqJiVk6E5DJ7TN0cOtXJiKvS1w8QIP149o/edit#gid=1611800107","12","McMichael, Celia, Manasa Katonivualiku, and Teresia Powell. ""Planned relocation and everyday agency in low‐lying coastal villages in Fiji."" The Geographical Journal 185.3 (2019): 325-337. || McNamara, K. E. & Des Combes, H. J. Planning for community relocations due to climate change in Fiji. Int. J. Disaster Risk Sci. 6, 315–319 (2015). || McMichael, C., & Katonivualiku, M. (2020). Thick temporalities of planned relocation in Fiji. Geoforum, 108, 286-294. || Bertana, A. (2020). The role of power in community participation: Relocation as climate change adaptation in Fiji. Environment and Planning C: Politics and Space, 2399654420909394. || Tabe, T. (2019). Climate change migration and displacement: Learning from past relocations in the Pacific. Social Sciences, 8(7), 218. || Zickgraf, C. (2019). Keeping People in Place: Political Factors of (Im) mobility and Climate Change. Social Sciences, 8(8), 228. || Piggott-McKellar, A. E., McNamara, K. E., Nunn, P. D., & Sekinini, S. T. (2019). Moving people in a changing climate: lessons from two case studies in Fiji. Social Sciences, 8(5), 133. || Dannenberg, A. L., Frumkin, H., Hess, J. J., & Ebi, K. L. (2019). Managed retreat as a strategy for climate change adaptation in small communities: public health implications. Climatic Change, 153(1-2), 1-14. || Charan, D., Kaur, M., & Singh, P. (2017). Customary land and climate change induced relocation—A case study of Vunidogoloa Village, Vanua Levu, Fiji. In Climate change adaptation in Pacific countries (pp. 19-33). Springer, Cham."
"WPR-010","Pacific","Fiji","Vanua Levu","Nagigi Village","unknown","flood","Flood","unknown","completed","unknown","A","LPRH I (Bower & Weerasinghe 2021; English literature)","PDD/Kaldor Centre/IOM Global Dataset of Planned Relocation Cases (Leaving Place, Restoring Home I & II), metadata last edited 9 June 2021","https://docs.google.com/spreadsheets/d/1pDR-t1hVApqJiVk6E5DJ7TN0cOtXJiKvS1w8QIP149o/edit#gid=1611800107","13","Janif, S. Z., Nunn, P. D., Geraghty, P., Aalbersberg, W., Thomas, F. R., & Camailakeba, M. (2016). Value of traditional oral narratives in building climate-change resilience: insights from rural communities in Fiji. Ecology and Society, 21(2)."
"WPR-011","Pacific","Fiji","Viti Levu","Tukuraki","unknown","landslide","Landslide","unknown","completed","unknown","A","LPRH I (Bower & Weerasinghe 2021; English literature)","PDD/Kaldor Centre/IOM Global Dataset of Planned Relocation Cases (Leaving Place, Restoring Home I & II), metadata last edited 9 June 2021","https://docs.google.com/spreadsheets/d/1pDR-t1hVApqJiVk6E5DJ7TN0cOtXJiKvS1w8QIP149o/edit#gid=1611800107","14","Tabe, T. (2019). Climate change migration and displacement: Learning from past relocations in the Pacific. Social Sciences, 8(7), 218. || “Refusing to Disappear: How the People of Tukuraki Became Symbols of a Resilient Pacific.” The Pacific Community, 14 Nov. 2014, www.spc.int/updates/blog/2017/11/refusing-disappear-how-people-tukuraki-became-symbols-resilient-pacific. || Fornale, E. & Kagan, S. (2017, December). Climate Change and Human Mobility in the Pacific Region: Plans, Policies, and Lessons Learned. KNOMAD Working Paper 31. https://www.knomad.org/sites/default/files/2017-12/KNOMAD_WP31_Climate%20Change%20and%20Human%20Mobility%20in%20the%20Pacific%20Region.pdf || PMC Reporter. (2017, April 27). Village Relocation Provides New Hope for Fiji's Devastated Tukuraki. Asia Pacitfic Report. https://asiapacificreport.nz/2017/04/27/village-relocation-provides-new-hope-for-devastated-tukuraki/"""
"WPR-012","Pacific","Fiji","Viti Levu","Biausevu","Koroinalagi","cyclone/storm","Storm","unknown","completed","unknown","A","LPRH I (Bower & Weerasinghe 2021; English literature)","PDD/Kaldor Centre/IOM Global Dataset of Planned Relocation Cases (Leaving Place, Restoring Home I & II), metadata last edited 9 June 2021","https://docs.google.com/spreadsheets/d/1pDR-t1hVApqJiVk6E5DJ7TN0cOtXJiKvS1w8QIP149o/edit#gid=1611800107","15","John Campbell, Michael Goldsmith and Kanyathu Koshy, ‘Community reloca- tion as an option for adaptation to the effects of climate change and climate variability in Pacific Island countries (PICs)’, Asia-Pacific Network for Global Change Research, Final Report (2005); Connell, ‘Population resettlement in the Pacific’"
"WPR-013","Pacific","Fiji","Viti Levu, Cakaudrove Province","Karoko","Inland","other","Coastal erosion","unknown","ongoing","unknown","A","LPRH I (Bower & Weerasinghe 2021; English literature)","PDD/Kaldor Centre/IOM Global Dataset of Planned Relocation Cases (Leaving Place, Restoring Home I & II), metadata last edited 9 June 2021","https://docs.google.com/spreadsheets/d/1pDR-t1hVApqJiVk6E5DJ7TN0cOtXJiKvS1w8QIP149o/edit#gid=1611800107","16","McMichael, C., & Katonivualiku, M. (2020). Thick temporalities of planned relocation in Fiji. Geoforum, 108, 286-294."
"WPR-014","Pacific","Fiji","Viti Levu, Cakaudrove Province","Korolevu","Uphill","sea-level rise","Sea level rise","unknown","ongoing","unknown","A","LPRH I (Bower & Weerasinghe 2021; English literature)","PDD/Kaldor Centre/IOM Global Dataset of Planned Relocation Cases (Leaving Place, Restoring Home I & II), metadata last edited 9 June 2021","https://docs.google.com/spreadsheets/d/1pDR-t1hVApqJiVk6E5DJ7TN0cOtXJiKvS1w8QIP149o/edit#gid=1611800107","17","McMichael, C., & Katonivualiku, M. (2020). Thick temporalities of planned relocation in Fiji. Geoforum, 108, 286-294."
"WPR-015","Pacific","Fiji","Viti Levu, Ra Province","Nabukadra","unknown","cyclone/storm","Storm","unknown","ongoing","unknown","A","LPRH I (Bower & Weerasinghe 2021; English literature)","PDD/Kaldor Centre/IOM Global Dataset of Planned Relocation Cases (Leaving Place, Restoring Home I & II), metadata last edited 9 June 2021","https://docs.google.com/spreadsheets/d/1pDR-t1hVApqJiVk6E5DJ7TN0cOtXJiKvS1w8QIP149o/edit#gid=1611800107","18","Nichols, A. (2019). Climate change, natural hazards, and relocation: insights from Nabukadra and Navuniivi villages in Fiji. Climatic Change. URL : https://doi.org/10.1007/s10584-019-02531-5"
"WPR-016","Pacific","Fiji","Yadua Island","Denimanu","Away from coast (partial relocation)","flood","Flood","unknown","completed","unknown","A","LPRH I (Bower & Weerasinghe 2021; English literature)","PDD/Kaldor Centre/IOM Global Dataset of Planned Relocation Cases (Leaving Place, Restoring Home I & II), metadata last edited 9 June 2021","https://docs.google.com/spreadsheets/d/1pDR-t1hVApqJiVk6E5DJ7TN0cOtXJiKvS1w8QIP149o/edit#gid=1611800107","19","Piggott-McKellar, A.E.; McNamara, K.E.; Nunn, P.D.; Sekinini, S.T. Moving People in a Changing Climate: Lessons from Two Case Studies in Fiji. Soc. Sci. 2019, 8, 133. || Martin, Piérick CM, et al. ""Responding to multiple climate-linked stressors in a remote island context: The example of Yadua Island, Fiji."" Climate Risk Management 21 (2018): 7-15."
"WPR-017","Pacific","Kiribati","Abaiang Island","Tebunginako","unknown","sea-level rise","Sea level rise","unknown","completed","unknown","A","LPRH I (Bower & Weerasinghe 2021; English literature)","PDD/Kaldor Centre/IOM Global Dataset of Planned Relocation Cases (Leaving Place, Restoring Home I & II), metadata last edited 9 June 2021","https://docs.google.com/spreadsheets/d/1pDR-t1hVApqJiVk6E5DJ7TN0cOtXJiKvS1w8QIP149o/edit#gid=1611800107","20","Roberts, E., & Andrei, S. (2015). The rising tide: migration as a response to loss and damage from sea level rise in vulnerable communities. International journal of global warming, 8(2), 258-273."
"WPR-018","Pacific","Papua New Guinea","Carteret","Multiple","Karoola, Buka Island","other","Coastal erosion","unknown","ongoing","unknown","B","LPRH I (Bower & Weerasinghe 2021; English literature)","PDD/Kaldor Centre/IOM Global Dataset of Planned Relocation Cases (Leaving Place, Restoring Home I & II), metadata last edited 9 June 2021","https://docs.google.com/spreadsheets/d/1pDR-t1hVApqJiVk6E5DJ7TN0cOtXJiKvS1w8QIP149o/edit#gid=1611800107","21","Edwards, J. B. (2013). The logistics of climate-induced resettlement: lessons from the Carteret Islands, Papua New Guinea. Refugee Survey Quarterly, 32(3), 52-78. || John Campbell, Michael Goldsmith and Kanyathu Koshy, ‘Community reloca- tion as an option for adaptation to the effects of climate change and climate variability in Pacific Island countries (PICs)’, Asia-Pacific Network for Global Change Research, Final Report (2005); Connell, ‘Population resettlement in the Pacific’ || O'Collins, M. (1988). Cartaret Islanders at the Atolls Resettlement Scheme: A response to land loss and population growth. Potential impacts of greenhouse gas generated climatic change and projected sea-level rise on Pacific Island states of the SPREP Region. Noumea, New Caledonia, Association of South Pacific Environmental Institutions. 48 || Connell, J. (1990). ""The Carteret Islands: precedents of the Greenhouse effect."" Geography 75(2): 152-154. || Böge, V. (2013). Challenges and pitfalls of resettlement: pacific experiences. In Disentangling migration and climate change (pp. 165-182). Springer, Dordrecht."
"WPR-019","Pacific","Papua New Guinea","Carteret","Multiple (The Carterets atoll comprises six low-lying islands (Han, Huene, Iangain, Yesila, Yolasa, Piul),","Tinputz, Bougainville Island","other","Coastal erosion","unknown","completed","unknown","B","LPRH I (Bower & Weerasinghe 2021; English literature)","PDD/Kaldor Centre/IOM Global Dataset of Planned Relocation Cases (Leaving Place, Restoring Home I & II), metadata last edited 9 June 2021","https://docs.google.com/spreadsheets/d/1pDR-t1hVApqJiVk6E5DJ7TN0cOtXJiKvS1w8QIP149o/edit#gid=1611800107","22","Edwards, J. B. (2013). The logistics of climate-induced resettlement: lessons from the Carteret Islands, Papua New Guinea. Refugee Survey Quarterly, 32(3), 52-78. || Böge, V. (2013). Challenges and pitfalls of resettlement: pacific experiences. In Disentangling migration and climate change (pp. 165-182). Springer, Dordrecht. || Connell, J., and Lutkehaus, N. (2017). “Environmental Refugees? A tale of two resettlement projects in coastal Papua New Guinea.” Australian Geographer. 48:1, pp. 79-95; || Luetz, J. and P. H. Havea (2018). “We’re not Refugees, We’ll Stay Here Until We Die!”—Climate Change Adaptation and Migration Experiences Gathered from the Tulun and Nissan Atolls of Bougainville, Papua New Guinea. Climate Change Impacts and Adaptation Strategies for Coastal Communities. W. Leal Filho. Cham, Springer International Publishing: 3-29. || Burkett, M. (2015). “Lessons from Contemporary Resettlement in the South Pacific.” Journal of International Affairs. 68(2): pp. 75 - 91. || Guha, A. (2020). Environment Induced Resettlement and Profit-Sharing Model: A case study from Sundarban, West Bengal, India. Environmental Development, 100523., citing Brookings-London School of Economics, 2011. On the front line of climate change and displacement [Ferris, E., Cernea, M.M., Petz, D.]. https://www.brookings.edu/wp-content/ uploads/2016/06/09_idp_climate_change.pdf. || Fornale, E. & Kagan, S. (2017, December). Climate Change and Human Mobility in the Pacific Region: Plans, Policies, and Lessons Learned. KNOMAD Working Paper 31. https://www.knomad.org/sites/default/files/2017-12/KNOMAD_WP31_Climate%20Change%20and%20Human%20Mobility%20in%20the%20Pacific%20Region.pdf || Dannenberg, A. L., Frumkin, H., Hess, J. J., & Ebi, K. L. (2019). Managed retreat as a strategy for climate change adaptation in small communities: public health implications. Climatic Change, 153(1-2), 1-14. || Boege, V., & Rakova, U. (2019) Toda Peace Institute. Climate Change-Induced Relocation: Problems and Achievements—the Carterets Case. Available at: https://toda.org/assets/files/resources/policy-briefs/t-pb-33_volker-boege-and-ursula-rakova.pdf"
"WPR-020","Pacific","Papua New Guinea","Carteret","Multiple (The Carterets atoll comprises six low-lying islands (Han, Huene, Iangain, Yesila, Yolasa, Piul),","Tearouki, and Keriaka (and Mabiri, Tsimba according to Edwards 2013); Wakunai and Tenapo (Boege and Rakova 2019).","other","Coastal erosion","unknown","ongoing","unknown","D","LPRH I (Bower & Weerasinghe 2021; English literature)","PDD/Kaldor Centre/IOM Global Dataset of Planned Relocation Cases (Leaving Place, Restoring Home I & II), metadata last edited 9 June 2021","https://docs.google.com/spreadsheets/d/1pDR-t1hVApqJiVk6E5DJ7TN0cOtXJiKvS1w8QIP149o/edit#gid=1611800107","23","Edwards, J. B. (2013). The logistics of climate-induced resettlement: lessons from the Carteret Islands, Papua New Guinea. Refugee Survey Quarterly, 32(3), 52-78. || Böge, V. (2013). Challenges and pitfalls of resettlement: pacific experiences. In Disentangling migration and climate change (pp. 165-182). Springer, Dordrecht. || Connell, J., and Lutkehaus, N. “Environmental Refugees? A tale of two resettlement projects in coastal Papua New Guinea.” Australian Geographer, 2017. 48:1, pp. 79-95 || Luetz, J. and P. H. Havea (2018). “We’re not Refugees, We’ll Stay Here Until We Die!”—Climate Change Adaptation and Migration Experiences Gathered from the Tulun and Nissan Atolls of Bougainville, Papua New Guinea. Climate Change Impacts and Adaptation Strategies for Coastal Communities. W. Leal Filho. Cham, Springer International Publishing: 3-29. || Burkett, M. “Lessons from Contemporary Resettlement in the South Pacific.” Journal of International Affairs. 2015. 68(2): pp. 75 - 91. || Guha, A. (2020). Environment Induced Resettlement and Profit-Sharing Model: A case study from Sundarban, West Bengal, India. Environmental Development, 100523., citing Brookings-London School of Economics, 2011. On the front line of climate change and displacement [Ferris, E., Cernea, M.M., Petz, D.]. https://www.brookings.edu/wp-content/ uploads/2016/06/09_idp_climate_change.pdf. || Fornale, E. & Kagan, S. (2017, December). Climate Change and Human Mobility in the Pacific Region: Plans, Policies, and Lessons Learned. KNOMAD Working Paper 31. https://www.knomad.org/sites/default/files/2017-12/KNOMAD_WP31_Climate%20Change%20and%20Human%20Mobility%20in%20the%20Pacific%20Region.pdf || Dannenberg, A. L., Frumkin, H., Hess, J. J., & Ebi, K. L. (2019). Managed retreat as a strategy for climate change adaptation in small communities: public health implications. Climatic Change, 153(1-2), 1-14. || Connell, J., and Lutkehaus, N. Another Manam? The Forced Migration of the Population of Manam Island, Papua New Guinea, Due to Volcanic Eruptions 2004-2005. International Organization for Migration Migration, Environment and Climate Change: Evidence for Policy, 2016. http://environmentalmigration.iom.int/another-manam-forced-migration-population-manam-islandpapua-new-guinea-due-volcanic-eruptions-200-0."
"WPR-021","Pacific","Papua New Guinea","East Sepik Province, Murik Lake","3 villages - Big Murik, Darapap, and Karau,","higher ground above the lakes (3 origin - 1 destination)","other","Coastal erosion","unknown","ongoing","unknown","B","LPRH I (Bower & Weerasinghe 2021; English literature)","PDD/Kaldor Centre/IOM Global Dataset of Planned Relocation Cases (Leaving Place, Restoring Home I & II), metadata last edited 9 June 2021","https://docs.google.com/spreadsheets/d/1pDR-t1hVApqJiVk6E5DJ7TN0cOtXJiKvS1w8QIP149o/edit#gid=1611800107","24","Lipset D. “The New State of Nature: Rising Sea-levels, Climate Justice, and Community-based Adaptation in Papua New Guinea (2003-2011).” Conservation and Society. 2013. 11(2):144-158. || Lipset, D. (2017). Masculinity and the culture of rising sea-levels in a mangrove lagoon in Papua New Guinea. Maritime Studies, 16(1), 2."
"WPR-022","Pacific","Papua New Guinea","Manam Island","Many villages in Manam","Anduram","volcano","Volcanic eruption","unknown","ongoing","unknown","B","LPRH I (Bower & Weerasinghe 2021; English literature)","PDD/Kaldor Centre/IOM Global Dataset of Planned Relocation Cases (Leaving Place, Restoring Home I & II), metadata last edited 9 June 2021","https://docs.google.com/spreadsheets/d/1pDR-t1hVApqJiVk6E5DJ7TN0cOtXJiKvS1w8QIP149o/edit#gid=1611800107","25","Connell, J., and Lutkehaus, N. “Environmental Refugees? A tale of two resettlement projects in coastal Papua New Guinea.” Australian Geographer, 2017. 48:1, pp. 79-95; Connell, J., and Lutkehaus, N. Another Manam? The Forced Migration of the Population of Manam Island, Papua New Guinea, Due to Volcanic Eruptions 2004-2005. International Organization for Migration Migration, Environment and Climate Change: Evidence for Policy, 2016. http://environmentalmigration.iom.int/another-manam-forced-migration-population-manam-islandpapua-new-guinea-due-volcanic-eruptions-200-0. || Gharbaoui, Dalila, and Julia Blocher. ""Limits to adapting to climate change through relocations in Papua-New Guinea and Fiji."" Limits to climate change adaptation. Springer, Cham, 2018. 359-379. || Connell, John, and Nancy Lutkehaus. ""Escaping Zaria's fire? The volcano resettlement problem of Manam Island, Papua New Guinea."" Asia Pacific Viewpoint 58.1 (2017): 14-26. || Lutkehaus, N. Zaria's Fire: Engendered Moments in Manam Ethnography. Carolina Academic Press. 1995 || Connell, J., and Lutkehaus, N. Another Manam? The Forced Migration of the Population of Manam Island, Papua New Guinea, Due to Volcanic Eruptions 2004-2005.International Organization for Migration Migration, Environment, and Climate Change: Evidence for Policy.2016. https://publications.iom.int/system/files/another_manam_report.pdf"
"WPR-023","Pacific","Papua New Guinea","New Britain province","Sissamo","Rowoi, Ramo, Pou (4 - 10 k )","other","Tsunami","unknown","completed","unknown","A","LPRH I (Bower & Weerasinghe 2021; English literature)","PDD/Kaldor Centre/IOM Global Dataset of Planned Relocation Cases (Leaving Place, Restoring Home I & II), metadata last edited 9 June 2021","https://docs.google.com/spreadsheets/d/1pDR-t1hVApqJiVk6E5DJ7TN0cOtXJiKvS1w8QIP149o/edit#gid=1611800107","26","John Campbell, Michael Goldsmith and Kanyathu Koshy, ‘Community reloca- tion as an option for adaptation to the effects of climate change and climate variability in Pacific Island countries (PICs)’, Asia-Pacific Network for Global Change Research, Final Report (2005); Connell, ‘Population resettlement in the Pacific’ || Hayashi, I. (2000). Education of Disaster Management in rural areas of Papua New Guinea. WG-3 Ethnological Studies on Disaster Management, 3rd EQTAP Workshop, November 28-30, Manila, Phillipines. || McSaveney, M. J., J. R. Goff, et al. (2000). ""The 17 July 1998 tsunami, Papua New Guinea: evidence and initial interpretation."" Marine Geology 170: 81-92. || Dengler, L., & Preuss, J. (2003). Mitigation lessons from the July 17, 1998 Papua New Guinea tsunami. In Landslide Tsunamis: Recent Findings and Research Directions (pp. 2001-2031). Birkhäuser, Basel."
"WPR-024","Pacific","Papua New Guinea","New Britain province","Gazelle Peninsula","many locations","volcano","Volcanic eruption","unknown","completed","unknown","A","LPRH I (Bower & Weerasinghe 2021; English literature)","PDD/Kaldor Centre/IOM Global Dataset of Planned Relocation Cases (Leaving Place, Restoring Home I & II), metadata last edited 9 June 2021","https://docs.google.com/spreadsheets/d/1pDR-t1hVApqJiVk6E5DJ7TN0cOtXJiKvS1w8QIP149o/edit#gid=1611800107","27","John Campbell, Michael Goldsmith and Kanyathu Koshy, ‘Community reloca- tion as an option for adaptation to the effects of climate change and climate variability in Pacific Island countries (PICs)’, Asia-Pacific Network for Global Change Research, Final Report (2005); Connell, ‘Population resettlement in the Pacific’ || World Bank (1999). World Bank helps to restore the livelihood of volcano victims in Papua New Guinea. Washington, Relief Web || Waninara, C. G. T. (2000). The 1994 Rabual volcanic eruption: human sector impacts on the Tolai displaced communities. Goroka, Papua New Guinea, Melanesian Research Institute"
"WPR-025","Pacific","Samoa","Savai'i island","Lano","Inland (1 k)","flood","Flood","unknown","completed","unknown","A","LPRH I (Bower & Weerasinghe 2021; English literature)","PDD/Kaldor Centre/IOM Global Dataset of Planned Relocation Cases (Leaving Place, Restoring Home I & II), metadata last edited 9 June 2021","https://docs.google.com/spreadsheets/d/1pDR-t1hVApqJiVk6E5DJ7TN0cOtXJiKvS1w8QIP149o/edit#gid=1611800107","28","John Campbell, Michael Goldsmith and Kanyathu Koshy, ‘Community reloca- tion as an option for adaptation to the effects of climate change and climate variability in Pacific Island countries (PICs)’, Asia-Pacific Network for Global Change Research, Final Report (2005); Connell, ‘Population resettlement in the Pacific’ || Tavita, T. (2003). Lano climate report to be handed over, Samoa Observer Online. http://www.samoaobserver.ws/news/local/ln0703/1807ln005.htm"
"WPR-026","Pacific","Samoa","Savaii","Vaisala","Inland (2 k)","cyclone/storm","Storm","unknown","completed","unknown","A","LPRH I (Bower & Weerasinghe 2021; English literature)","PDD/Kaldor Centre/IOM Global Dataset of Planned Relocation Cases (Leaving Place, Restoring Home I & II), metadata last edited 9 June 2021","https://docs.google.com/spreadsheets/d/1pDR-t1hVApqJiVk6E5DJ7TN0cOtXJiKvS1w8QIP149o/edit#gid=1611800107","29","John Campbell, Michael Goldsmith and Kanyathu Koshy, ‘Community reloca- tion as an option for adaptation to the effects of climate change and climate variability in Pacific Island countries (PICs)’, Asia-Pacific Network for Global Change Research, Final Report (2005); Connell, ‘Population resettlement in the Pacific’ || Fauolo, K. O. (1993). Afa Fulifao o le 1991: Disaster Awareness and Tropical Cyclone Response in Western Samoa. Department of Geography. Hamilton, University of Waikato: 134."
"WPR-027","Pacific","Samoa","Upolu","Multiple","Multiple","other","Tsunami","unknown","completed","unknown","D","LPRH I (Bower & Weerasinghe 2021; English literature)","PDD/Kaldor Centre/IOM Global Dataset of Planned Relocation Cases (Leaving Place, Restoring Home I & II), metadata last edited 9 June 2021","https://docs.google.com/spreadsheets/d/1pDR-t1hVApqJiVk6E5DJ7TN0cOtXJiKvS1w8QIP149o/edit#gid=1611800107","30","Tabe, T. (2019). Climate change migration and displacement: Learning from past relocations in the Pacific. Social Sciences, 8(7), 218."
"WPR-028","Pacific","Solomon Islands","Choiseul province","Taro","2k away on mainland","sea-level rise","Sea level rise","unknown","ongoing","unknown","A","LPRH I (Bower & Weerasinghe 2021; English literature)","PDD/Kaldor Centre/IOM Global Dataset of Planned Relocation Cases (Leaving Place, Restoring Home I & II), metadata last edited 9 June 2021","https://docs.google.com/spreadsheets/d/1pDR-t1hVApqJiVk6E5DJ7TN0cOtXJiKvS1w8QIP149o/edit#gid=1611800107","31","Albert, Simon, et al. ""Heading for the hills: climate-driven community relocations in the Solomon Islands and Alaska provide insight for a 1.5 C future."" Regional environmental change 18.8 (2018): 2261-2272. || Tabe, T. (2019). Climate change migration and displacement: Learning from past relocations in the Pacific. Social Sciences, 8(7), 218. || Yeo, Sophie. (2014). Solomon Islands Town to Relocate as Climate Pressures Mount. RTCC. https://www.climatechangenews.com/2014/08/15/solomon-islands-town-to-relocate-as-climate-pressures-mount/ || Dannenberg, A. L., Frumkin, H., Hess, J. J., & Ebi, K. L. (2019). Managed retreat as a strategy for climate change adaptation in small communities: public health implications. Climatic Change, 153(1-2), 1-14."
"WPR-029","Pacific","Solomon Islands","Guadalcanal","Honiara","unknown","flood","Flood","unknown","ongoing","unknown","A","LPRH I (Bower & Weerasinghe 2021; English literature)","PDD/Kaldor Centre/IOM Global Dataset of Planned Relocation Cases (Leaving Place, Restoring Home I & II), metadata last edited 9 June 2021","https://docs.google.com/spreadsheets/d/1pDR-t1hVApqJiVk6E5DJ7TN0cOtXJiKvS1w8QIP149o/edit#gid=1611800107","32","Tabe, T. (2019). Climate change migration and displacement: Learning from past relocations in the Pacific. Social Sciences, 8(7), 218. || Ha’apio, M. O., Morrison, K., Gonzalez, R., Wairiu, M., & Holland, E. (2018). Limits and barriers to transformation: A case study of April Ridge relocation initiative, east Honiara, Solomon Islands. In Climate change impacts and adaptation Strategies for coastal communities (pp. 455-470). Springer, Cham."
"WPR-030","Pacific","Solomon Islands","Malaita","Mararo Village","unknown","other","Coastal erosion","unknown","completed","unknown","A","LPRH I (Bower & Weerasinghe 2021; English literature)","PDD/Kaldor Centre/IOM Global Dataset of Planned Relocation Cases (Leaving Place, Restoring Home I & II), metadata last edited 9 June 2021","https://docs.google.com/spreadsheets/d/1pDR-t1hVApqJiVk6E5DJ7TN0cOtXJiKvS1w8QIP149o/edit#gid=1611800107","33","Albert, S., Leon, J. X., Grinham, A. R., Church, J. A., Gibbes, B. R., & Woodroffe, C. D. (2016). Interactions between sea-level rise and wave exposure on reef island dynamics in the Solomon Islands. Environmental Research Letters, 11(5), 054011."
"WPR-031","Pacific","Solomon Islands","Western Province","Gizo","unknown","other","Tsunami","unknown","completed","unknown","A","LPRH I (Bower & Weerasinghe 2021; English literature)","PDD/Kaldor Centre/IOM Global Dataset of Planned Relocation Cases (Leaving Place, Restoring Home I & II), metadata last edited 9 June 2021","https://docs.google.com/spreadsheets/d/1pDR-t1hVApqJiVk6E5DJ7TN0cOtXJiKvS1w8QIP149o/edit#gid=1611800107","34","Tabe, T. (2019). Climate change migration and displacement: Learning from past relocations in the Pacific. Social Sciences, 8(7), 218."
"WPR-032","Pacific","Solomon Islands","Western Province, Ranogha Island","Mondo Village","Keigold Site","other","Tsunami","unknown","completed","unknown","A","LPRH I (Bower & Weerasinghe 2021; English literature)","PDD/Kaldor Centre/IOM Global Dataset of Planned Relocation Cases (Leaving Place, Restoring Home I & II), metadata last edited 9 June 2021","https://docs.google.com/spreadsheets/d/1pDR-t1hVApqJiVk6E5DJ7TN0cOtXJiKvS1w8QIP149o/edit#gid=1611800107","35","Otoara Ha’apio, M., Wairiu, M., Gonzalez, R., & Morrison, K. (2018). Transformation of rural communities: lessons from a local self-initiative for building resilience in the Solomon Islands. Local Environment, 23(3), 352-365."
"WPR-033","Pacific","Vanuatu","Mota Lava, Banks Islands","Avar","unknown","unknown","unknown","unknown","completed","unknown","A","LPRH I (Bower & Weerasinghe 2021; English literature)","PDD/Kaldor Centre/IOM Global Dataset of Planned Relocation Cases (Leaving Place, Restoring Home I & II), metadata last edited 9 June 2021","https://docs.google.com/spreadsheets/d/1pDR-t1hVApqJiVk6E5DJ7TN0cOtXJiKvS1w8QIP149o/edit#gid=1611800107","36","John Campbell, Michael Goldsmith and Kanyathu Koshy, ‘Community reloca- tion as an option for adaptation to the effects of climate change and climate variability in Pacific Island countries (PICs)’, Asia-Pacific Network for Global Change Research, Final Report (2005); Connell, ‘Population resettlement in the Pacific’"
"WPR-034","Pacific","Vanuatu","Mota Lava","Var","Inland (1 k)","cyclone/storm","Storm","unknown","completed","unknown","A","LPRH I (Bower & Weerasinghe 2021; English literature)","PDD/Kaldor Centre/IOM Global Dataset of Planned Relocation Cases (Leaving Place, Restoring Home I & II), metadata last edited 9 June 2021","https://docs.google.com/spreadsheets/d/1pDR-t1hVApqJiVk6E5DJ7TN0cOtXJiKvS1w8QIP149o/edit#gid=1611800107","37","John Campbell, Michael Goldsmith and Kanyathu Koshy, ‘Community reloca- tion as an option for adaptation to the effects of climate change and climate variability in Pacific Island countries (PICs)’, Asia-Pacific Network for Global Change Research, Final Report (2005); Connell, ‘Population resettlement in the Pacific’ || Campbell, J. R. (1985). Population and change: human-environment interrelations on Mota Lava, Northern Vanuatu. Department of Geography. Honolulu, University of Hawai'i: 245."
"WPR-035","Pacific","Vanuatu","Pentecost","Bay Martelli, St Henrie","Inland (6 k)","other","Tsunami","unknown","completed","unknown","A","LPRH I (Bower & Weerasinghe 2021; English literature)","PDD/Kaldor Centre/IOM Global Dataset of Planned Relocation Cases (Leaving Place, Restoring Home I & II), metadata last edited 9 June 2021","https://docs.google.com/spreadsheets/d/1pDR-t1hVApqJiVk6E5DJ7TN0cOtXJiKvS1w8QIP149o/edit#gid=1611800107","38","John Campbell, Michael Goldsmith and Kanyathu Koshy, ‘Community reloca- tion as an option for adaptation to the effects of climate change and climate variability in Pacific Island countries (PICs)’, Asia-Pacific Network for Global Change Research, Final Report (2005); Connell, ‘Population resettlement in the Pacific’"
"WPR-036","Pacific","Vanuatu","Tegua Island","Lateu","Lirak","flood","Flood","unknown","completed","unknown","A","LPRH I (Bower & Weerasinghe 2021; English literature)","PDD/Kaldor Centre/IOM Global Dataset of Planned Relocation Cases (Leaving Place, Restoring Home I & II), metadata last edited 9 June 2021","https://docs.google.com/spreadsheets/d/1pDR-t1hVApqJiVk6E5DJ7TN0cOtXJiKvS1w8QIP149o/edit#gid=1611800107","39","Dannenberg, Andrew L., et al. ""Managed retreat as a strategy for climate change adaptation in small communities: public health implications."" Climatic change 153.1-2 (2019): 1-14. || Warrick, O. (2011). The adaptive capacity of the Tegua island community, Torres Islands, Vanuatu. Australian Aid. Available at: https://www.nab.vu/sites/default/files/ documents/usp-adaptive-capacity-vanuatu.pdf || Boehm P (2006) Global warming: devastation of an atoll. Independent August 29 http://www.independent.co. uk/environment/global-warning-devastation-of-an-atoll-413922.html. Accessed 9 Jan 2019 || \"
"WPR-037","Pacific","Wallis and Futuna (French overseas collectivity)","Wallis and Futuna","Tuatafa","Kaleveleve","other","Earthquake","unknown","completed","unknown","A","LPRH II (Mokhnacheva 2021; French/Spanish/Portuguese literature)","PDD/Kaldor Centre/IOM Global Dataset of Planned Relocation Cases (Leaving Place, Restoring Home I & II), metadata last edited 9 June 2021","https://docs.google.com/spreadsheets/d/1pDR-t1hVApqJiVk6E5DJ7TN0cOtXJiKvS1w8QIP149o/edit#gid=1611800107","40","Jost, C. (2006). Risques et enjeux environnementaux et changements sociétaux à Futuna (Pacifique français). Les Cahiers d'Outre-Mer, 1(1), 13-28. https://doi.org/10.4000/com.174"
"WPR-038","Middle East","Iran","Zanjan Province","Balklor and Jamal-Abad","Ab-bar","other","Earthquake","unknown","completed","unknown","B","LPRH I (Bower & Weerasinghe 2021; English literature)","PDD/Kaldor Centre/IOM Global Dataset of Planned Relocation Cases (Leaving Place, Restoring Home I & II), metadata last edited 9 June 2021","https://docs.google.com/spreadsheets/d/1pDR-t1hVApqJiVk6E5DJ7TN0cOtXJiKvS1w8QIP149o/edit#gid=1611800107","41","Badri, S. A., Asgary, A., Eftekhari, A. R. and Levy, J. “Post-disaster resettlement, development and change: a case study of the 1990 Manjil earthquake in Iran.” Disasters. 2006. 30(4):451−468."
"WPR-039","Middle East","Iran","Golestan Province","11 villages","Faraghi New Town","flood","Flood","unknown","completed","unknown","B","LPRH I (Bower & Weerasinghe 2021; English literature)","PDD/Kaldor Centre/IOM Global Dataset of Planned Relocation Cases (Leaving Place, Restoring Home I & II), metadata last edited 9 June 2021","https://docs.google.com/spreadsheets/d/1pDR-t1hVApqJiVk6E5DJ7TN0cOtXJiKvS1w8QIP149o/edit#gid=1611800107","42","Garakani, S. A., Lak, A., & Niyasati, M. (2020). Toward sustainable development in post-flood relocation of rural settlements in Iran. International journal of disaster resilience in the built environment."
"WPR-040","Middle East","Iran","Qazvin","Many villages in Avaj township","Approximately 1500 m away from original villages:Beheshtiyan and Arteshabad; Approximately 1000m away from original villages: Changureh and Tablshakin; Less than 1000 m away from original villages: Mansour, Gozlu, Arochan, Mashhad and Lak","other","Earthquake","unknown","completed","unknown","unknown","LPRH I (Bower & Weerasinghe 2021; English literature)","PDD/Kaldor Centre/IOM Global Dataset of Planned Relocation Cases (Leaving Place, Restoring Home I & II), metadata last edited 9 June 2021","https://docs.google.com/spreadsheets/d/1pDR-t1hVApqJiVk6E5DJ7TN0cOtXJiKvS1w8QIP149o/edit#gid=1611800107","43","Einali, J., Yeganeh, B. M., Cheraghi, M., & Feyzolahpour, M. (2020). Evaluating the effects of reconstruction of the damaged villages in the 2002 earthquake in Avaj, Iran. International Journal of Disaster Risk Reduction, 43, 101373."
"WPR-041","Europe","France","Normandy","Multiple","Multiple","cyclone/storm","Storm","unknown","completed","unknown","D","LPRH I (Bower & Weerasinghe 2021; English literature)","PDD/Kaldor Centre/IOM Global Dataset of Planned Relocation Cases (Leaving Place, Restoring Home I & II), metadata last edited 9 June 2021","https://docs.google.com/spreadsheets/d/1pDR-t1hVApqJiVk6E5DJ7TN0cOtXJiKvS1w8QIP149o/edit#gid=1611800107","44","Orombelli, G., & Pranzini, E. (2020). Considerations on coastal protection and management. RENDICONTI LINCEI-SCIENZE FISICHE E NATURALI., citing Pranzini, E., & Williams, A. T. (Eds.). (2013). Coastal erosion and protection in Europe. Routledge. || Creach, A., Bastidas-Arteaga, E., Pardo, S., & Mercier, D. (2019). Vulnerability and costs of adaptation strategies for housing subjected to flood risks: Application to La Guérinière France. Marine Policy, 103438."
"WPR-042","Europe","Georgia","Adjaria","Guria, Mingrelia, Imereti, Shida Kartli","Multiple (several districts in central Georgia)","landslide","Landslide","unknown","suspended","unknown","D","LPRH II (Mokhnacheva 2021; French/Spanish/Portuguese literature)","PDD/Kaldor Centre/IOM Global Dataset of Planned Relocation Cases (Leaving Place, Restoring Home I & II), metadata last edited 9 June 2021","https://docs.google.com/spreadsheets/d/1pDR-t1hVApqJiVk6E5DJ7TN0cOtXJiKvS1w8QIP149o/edit#gid=1611800107","45","Galstyan, G. (2015). Migration écologique et contexte ethnopolitique en Géorgie. In C. Cournil (Ed.), Mobilité humaine et environnement: Du global au local (pp. 331-350). Éditions Quæ. https://doi.org/10.3917/quae.courn.2015.01.0331"""
"WPR-043","Europe","Italy","Abruzzo","L'Aquila (multiple)","mutltiple sites <10k away","other","Earthquake","unknown","completed","unknown","D","LPRH I (Bower & Weerasinghe 2021; English literature)","PDD/Kaldor Centre/IOM Global Dataset of Planned Relocation Cases (Leaving Place, Restoring Home I & II), metadata last edited 9 June 2021","https://docs.google.com/spreadsheets/d/1pDR-t1hVApqJiVk6E5DJ7TN0cOtXJiKvS1w8QIP149o/edit#gid=1611800107","46","Ambrosetti, Elena, and Enza Roberta Petrillo. ""Environmental disasters, migration and displacement. Insights and developments from L’Aquila's case."" Environmental science & policy 56 (2016): 80-88. || Guadagno, E. Planned Relocation: Lessons from Italy. IOM Migration, Environment, and Climate Change: Policy Brief Series. 7(2): November 2016. https://publications.iom.int/system/files/pdf/policy_brief_series_vol2_issue7.pdf || Valent, G. (2019). Disaster recovery and violence in neoliberal times: community and spatial fragmentation in L’Aquila. Disaster Prevention and Management: An International Journal. || Contreras, D., Blaschke, T., & Hodgson, M. E. (2017). Lack of spatial resilience in a recovery process: Case L'Aquila, Italy. Technological forecasting and social change, 121, 76-88."
"WPR-044","Europe","Italy","Campania","Pozzuoli","Monterusciello","other","Earthquake","unknown","completed","unknown","A","LPRH I (Bower & Weerasinghe 2021; English literature)","PDD/Kaldor Centre/IOM Global Dataset of Planned Relocation Cases (Leaving Place, Restoring Home I & II), metadata last edited 9 June 2021","https://docs.google.com/spreadsheets/d/1pDR-t1hVApqJiVk6E5DJ7TN0cOtXJiKvS1w8QIP149o/edit#gid=1611800107","47","Guadagno, E. Planned Relocation: Lessons from Italy. IOM Migration, Environment, and Climate Change: Policy Brief Series. 7(2): November 2016. https://publications.iom.int/system/files/pdf/policy_brief_series_vol2_issue7.pdf"
"WPR-045","Europe","Italy","Calabria","Cerzeto (Cavallerizzo)","Pianette (5km)","landslide","Landslide","unknown","completed","unknown","A","LPRH II (Mokhnacheva 2021; French/Spanish/Portuguese literature)","PDD/Kaldor Centre/IOM Global Dataset of Planned Relocation Cases (Leaving Place, Restoring Home I & II), metadata last edited 9 June 2021","https://docs.google.com/spreadsheets/d/1pDR-t1hVApqJiVk6E5DJ7TN0cOtXJiKvS1w8QIP149o/edit#gid=1611800107","48","Guadagno, E. (2014). Comment le phénomène du déplacement environnemental est-il perçu par les pays industrialisés ? Observations empiriques en Italie à partir des glissements de terrain à Sarno et à Cerzeto. [Unpublished doctoral dissertation]. Université de Poitiers. || Guadagno, E. (2016). La gjitonie perdue : le cas de Cerzeto. In E. Canepari, B. Mésini & S. Mourlane (Eds.), Mobil hom(m)es: Formes d'habitats et modes d'habiter la mobilité (XVIe-XXIe sièceles). Editions de l'Aube. https://www.academia.edu/27806808/La_gjitonie_perdue_le_cas_de_Cerzeto"
"WPR-046","Europe","Italy","Molise","San Giuliano di Puglia","Langenbach, 1 k away on a hill to the east of origin site","other","Earthquake","unknown","completed","unknown","A","LPRH I (Bower & Weerasinghe 2021; English literature)","PDD/Kaldor Centre/IOM Global Dataset of Planned Relocation Cases (Leaving Place, Restoring Home I & II), metadata last edited 9 June 2021","https://docs.google.com/spreadsheets/d/1pDR-t1hVApqJiVk6E5DJ7TN0cOtXJiKvS1w8QIP149o/edit#gid=1611800107","49","Langenbach, R., & Dusi, A. (2004). On the cross of Sant’Andrea: the response to the tragedy of San Giuliano di Puglia following the 2002 Molise, Italy, earthquake. Earthquake Spectra, 20(S1), S341-S358."
"WPR-047","Europe","Turkey","Bingol Province","Multiple","Multiple","other","Earthquake","unknown","completed","unknown","D","LPRH I (Bower & Weerasinghe 2021; English literature)","PDD/Kaldor Centre/IOM Global Dataset of Planned Relocation Cases (Leaving Place, Restoring Home I & II), metadata last edited 9 June 2021","https://docs.google.com/spreadsheets/d/1pDR-t1hVApqJiVk6E5DJ7TN0cOtXJiKvS1w8QIP149o/edit#gid=1611800107","50","Coburn, A. W., Leslie, J. D., & Tabban, A. (1984). Reconstruction and resettlement 11 years later: a case study of Bingöl Province, Eastern Turkey. In Earthquake relief in less industrialized areas. International symposium (pp. 49-56)."
"WPR-048","Europe","Turkey","Cankiri Province","Many villages","Settlements in Orta and Şabanözü","other","Earthquake","unknown","completed","unknown","D","LPRH I (Bower & Weerasinghe 2021; English literature)","PDD/Kaldor Centre/IOM Global Dataset of Planned Relocation Cases (Leaving Place, Restoring Home I & II), metadata last edited 9 June 2021","https://docs.google.com/spreadsheets/d/1pDR-t1hVApqJiVk6E5DJ7TN0cOtXJiKvS1w8QIP149o/edit#gid=1611800107","51","Dikmen, N. “Relocation or Rebuilding in the Same Area: An Important Factor for Decision Making for Post-Disaster Housing Projects.” in: David A. Post-disaster reconstruction: meeting stakeholder interests: proceedings of a conference held at the Scuola di sanità militare, Florence, Italy, 17-19 May 2006, Firenze: Firenze University Press. 2007."
"WPR-049","Europe","Turkey","Erzurum-Kars","Multiple villages of origin","Multiple relocation sites (matching places of origin)","other","Earthquake","unknown","completed","unknown","unknown","LPRH I (Bower & Weerasinghe 2021; English literature)","PDD/Kaldor Centre/IOM Global Dataset of Planned Relocation Cases (Leaving Place, Restoring Home I & II), metadata last edited 9 June 2021","https://docs.google.com/spreadsheets/d/1pDR-t1hVApqJiVk6E5DJ7TN0cOtXJiKvS1w8QIP149o/edit#gid=1611800107","52","Aysan, F. Y. (1985). The Erzurum‐Kars earthquake area revisited. Disasters, 9(1), 23-31."
"WPR-050","Europe","Turkey","Gediz-Emet region","Muhipler","New Muhipler (2k)","other","Earthquake","unknown","completed","unknown","A","LPRH I (Bower & Weerasinghe 2021; English literature)","PDD/Kaldor Centre/IOM Global Dataset of Planned Relocation Cases (Leaving Place, Restoring Home I & II), metadata last edited 9 June 2021","https://docs.google.com/spreadsheets/d/1pDR-t1hVApqJiVk6E5DJ7TN0cOtXJiKvS1w8QIP149o/edit#gid=1611800107","53","Oliver‐Smith, Anthony. ""Successes and failures in post‐disaster resettlement."" Disasters 15.1 (1991): 12-23."
"WPR-051","Europe","Turkey","Gediz-Emet region","Old Gediz","New Gediz (7k)","other","Earthquake","unknown","completed","unknown","A","LPRH I (Bower & Weerasinghe 2021; English literature)","PDD/Kaldor Centre/IOM Global Dataset of Planned Relocation Cases (Leaving Place, Restoring Home I & II), metadata last edited 9 June 2021","https://docs.google.com/spreadsheets/d/1pDR-t1hVApqJiVk6E5DJ7TN0cOtXJiKvS1w8QIP149o/edit#gid=1611800107","54","Oliver‐Smith, Anthony. ""Successes and failures in post‐disaster resettlement."" Disasters 15.1 (1991): 12-23."
"WPR-052","Asia - South East Asia","Indonesia","Aceh","Saney Village","500 meters","other","Tsunami","unknown","completed","unknown","A","LPRH I (Bower & Weerasinghe 2021; English literature)","PDD/Kaldor Centre/IOM Global Dataset of Planned Relocation Cases (Leaving Place, Restoring Home I & II), metadata last edited 9 June 2021","https://docs.google.com/spreadsheets/d/1pDR-t1hVApqJiVk6E5DJ7TN0cOtXJiKvS1w8QIP149o/edit#gid=1611800107","55","Elysa, W., Fahmi, A., Evalina, Z., & Myna, A. The effect of morphology of post-tsunami coastal physiography on sustainability system of relocation settlement. Case study: Gampong Saney, Lhoong sub-district, Aceh Besar regency."
"WPR-053","Asia - South East Asia","Indonesia","Aceh","Multiple","Multiple","other","Tsunami","unknown","completed","unknown","D","LPRH I (Bower & Weerasinghe 2021; English literature)","PDD/Kaldor Centre/IOM Global Dataset of Planned Relocation Cases (Leaving Place, Restoring Home I & II), metadata last edited 9 June 2021","https://docs.google.com/spreadsheets/d/1pDR-t1hVApqJiVk6E5DJ7TN0cOtXJiKvS1w8QIP149o/edit#gid=1611800107","56","Sina, Dantje, et al. ""What does the future hold for relocated communities post-disaster? Factors affecting livelihood resilience."" International journal of disaster risk reduction 34 (2019): 173-183. || Kennedy, J., Ashmore, J., Babister, E. & Kelman, I. (2008). The meaning of ‘Build Back Better’: Evidence from post-tsunami Aceh and Sri Lanka. J. Contingencies Cris. Manag. 16, 24– 36 || Birkmann, J. et al. (2010). Extreme events and disasters: A window of opportunity for change? Analysis of organizational, institutional and political changes, formal and informal responses after mega-disasters. Nat. Hazards 55, 637–655 || Fitzpatrick, D. Addressing land issues after natural disasters: case-study (Aceh, Indonesia). (2008). at || Fitzpatrick, D. Housing for the Landless: Resettlement in Tsunami-Affected Aceh, Indonesia. Oxfam International. July 2007. || Hedman, Eva-Lotta E. ""Deconstructing reconstruction in post-tsunami Aceh: governmentality, displacement and politics."" Oxford Development Studies 37.1 (2009): 63-76. || Sina, D., Chang-Richards, A. Y., Wilkinson, S., & Potangaroa, R. (2019). A conceptual framework for measuring livelihood resilience: Relocation experience from Aceh, Indonesia. World Development, 117, 253-265."
"WPR-054","Asia - South East Asia","Indonesia","Aceh","Old village 5k away","Gampong Baro","other","Tsunami","unknown","completed","unknown","A","LPRH I (Bower & Weerasinghe 2021; English literature)","PDD/Kaldor Centre/IOM Global Dataset of Planned Relocation Cases (Leaving Place, Restoring Home I & II), metadata last edited 9 June 2021","https://docs.google.com/spreadsheets/d/1pDR-t1hVApqJiVk6E5DJ7TN0cOtXJiKvS1w8QIP149o/edit#gid=1611800107","57","Sina, D., Chang-Richards, A. Y., Wilkinson, S., & Potangaroa, R. (2019). What does the future hold for relocated communities post-disaster? Factors affecting livelihood resilience. International journal of disaster risk reduction, 34, 173-183."
"WPR-055","Asia - South East Asia","Indonesia","Aceh","All over Banda Aceh","Great Love Village (neighborhood in Aceh)","other","Tsunami","unknown","completed","unknown","B","LPRH I (Bower & Weerasinghe 2021; English literature)","PDD/Kaldor Centre/IOM Global Dataset of Planned Relocation Cases (Leaving Place, Restoring Home I & II), metadata last edited 9 June 2021","https://docs.google.com/spreadsheets/d/1pDR-t1hVApqJiVk6E5DJ7TN0cOtXJiKvS1w8QIP149o/edit#gid=1611800107","58","Samuels, A. (2012). Moving from Great Love: gendered mobilities in a post‐tsunami relocation neighborhood in Aceh, Indonesia. International Journal of Urban and Regional Research, 36(4), 742-756."
"WPR-056","Asia - South East Asia","Indonesia","Aceh","Multiple","Budha Tzu Chi Pante Riek (neighborhood in Banda Aceh)","other","Tsunami","unknown","completed","unknown","B","LPRH I (Bower & Weerasinghe 2021; English literature)","PDD/Kaldor Centre/IOM Global Dataset of Planned Relocation Cases (Leaving Place, Restoring Home I & II), metadata last edited 9 June 2021","https://docs.google.com/spreadsheets/d/1pDR-t1hVApqJiVk6E5DJ7TN0cOtXJiKvS1w8QIP149o/edit#gid=1611800107","59","Sina, D., Chang-Richards, A. Y., Wilkinson, S., & Potangaroa, R. (2019). What does the future hold for relocated communities post-disaster? Factors affecting livelihood resilience. International journal of disaster risk reduction, 34, 173-183."
"WPR-057","Asia - South East Asia","Indonesia","Aceh","Multiple","Jackie Chan Village","other","Tsunami","unknown","completed","unknown","B","LPRH I (Bower & Weerasinghe 2021; English literature)","PDD/Kaldor Centre/IOM Global Dataset of Planned Relocation Cases (Leaving Place, Restoring Home I & II), metadata last edited 9 June 2021","https://docs.google.com/spreadsheets/d/1pDR-t1hVApqJiVk6E5DJ7TN0cOtXJiKvS1w8QIP149o/edit#gid=1611800107","60","Sina, D., Chang-Richards, A. Y., Wilkinson, S., & Potangaroa, R. (2019). What does the future hold for relocated communities post-disaster? Factors affecting livelihood resilience. International journal of disaster risk reduction, 34, 173-183."
"WPR-058","Asia - South East Asia","Indonesia","Aceh","Multiple","Budha Tzu Chi Neuhuen","other","Tsunami","unknown","completed","unknown","B","LPRH I (Bower & Weerasinghe 2021; English literature)","PDD/Kaldor Centre/IOM Global Dataset of Planned Relocation Cases (Leaving Place, Restoring Home I & II), metadata last edited 9 June 2021","https://docs.google.com/spreadsheets/d/1pDR-t1hVApqJiVk6E5DJ7TN0cOtXJiKvS1w8QIP149o/edit#gid=1611800107","61","Sina, D., Chang-Richards, A. Y., Wilkinson, S., & Potangaroa, R. (2019). What does the future hold for relocated communities post-disaster? Factors affecting livelihood resilience. International journal of disaster risk reduction, 34, 173-183."
"WPR-059","Asia - South East Asia","Indonesia","Aceh","Multiple","Labuy","other","Tsunami","unknown","completed","unknown","B","LPRH I (Bower & Weerasinghe 2021; English literature)","PDD/Kaldor Centre/IOM Global Dataset of Planned Relocation Cases (Leaving Place, Restoring Home I & II), metadata last edited 9 June 2021","https://docs.google.com/spreadsheets/d/1pDR-t1hVApqJiVk6E5DJ7TN0cOtXJiKvS1w8QIP149o/edit#gid=1611800107","62","Sina, D., Chang-Richards, A. Y., Wilkinson, S., & Potangaroa, R. (2019). What does the future hold for relocated communities post-disaster? Factors affecting livelihood resilience. International journal of disaster risk reduction, 34, 173-183."
"WPR-060","Asia - South East Asia","Indonesia","Central Java","Sijeruk","unknown","landslide","Landslide","unknown","completed","unknown","A","LPRH I (Bower & Weerasinghe 2021; English literature)","PDD/Kaldor Centre/IOM Global Dataset of Planned Relocation Cases (Leaving Place, Restoring Home I & II), metadata last edited 9 June 2021","https://docs.google.com/spreadsheets/d/1pDR-t1hVApqJiVk6E5DJ7TN0cOtXJiKvS1w8QIP149o/edit#gid=1611800107","63","Hidayat, R. (2020). Landslide Vulnerability Mapping for Landslide Victim Relocation. MS&E, 771(1), 012054."
"WPR-061","Asia - South East Asia","Indonesia","Central Java","Several villages in Surakata (Pucang Sawit, Jebres, Sewu, Sangkrah, Semanggi, and Joyosuran)","Mojosongo","flood","Flood","unknown","completed","unknown","B","LPRH I (Bower & Weerasinghe 2021; English literature)","PDD/Kaldor Centre/IOM Global Dataset of Planned Relocation Cases (Leaving Place, Restoring Home I & II), metadata last edited 9 June 2021","https://docs.google.com/spreadsheets/d/1pDR-t1hVApqJiVk6E5DJ7TN0cOtXJiKvS1w8QIP149o/edit#gid=1611800107","64","Haryanto, A. T., Suwitri, S., Kismartini, Dwimawanti I. H. (2020) Resettlement Program as a Mitigation Strategy for Flood in Surakarta. TEST Engineering & Management, 83, ISSN: 0193-4120 Page No. 6430 - 6441. https://www.testmagzine.biz/index.php/testmagzine/article/view/4687"
"WPR-062","Asia - South East Asia","Indonesia","Central Java, Yogyakarta","Mt. Merapi (multiple)","~15 sites","volcano","Volcanic eruption","unknown","completed","unknown","D","LPRH I (Bower & Weerasinghe 2021; English literature)","PDD/Kaldor Centre/IOM Global Dataset of Planned Relocation Cases (Leaving Place, Restoring Home I & II), metadata last edited 9 June 2021","https://docs.google.com/spreadsheets/d/1pDR-t1hVApqJiVk6E5DJ7TN0cOtXJiKvS1w8QIP149o/edit#gid=1611800107","65","Maly, E. (2018). Building back better with people centered housing recovery. International Journal of Disaster Risk Reduction, 29, 84-93. || Muir, J. A., Cope, M. R., Angeningsih, L. R., & Jackson, J. E. (2020). To move home or move on? Investigating the impact of recovery aid on migration status as a potential tool for disaster risk reduction in the aftermath of volcanic eruptions in Merapi, Indonesia. International Journal of Disaster Risk Reduction, 101478. || Oo, B. L., Sunindijo, R., & Lestari, F. (2018). Users’ long-term satisfaction with post-disaster permanent housing: a case study of 2010 Merapi Eruption, Indonesia. In MATEC Web of Conferences (Vol. 192, p. 02066). EDP Sciences. || Pawirodikromo, W. (2018). Achievements and lesson learned assessment of the 2010 Merapi eruption disaster management: an initial stage to sustainable volcano disaster risk reduction. In MATEC Web of Conferences (Vol. 229, p. 04009). EDP Sciences. || Cho, S. E., Won, S., & Kim, S. (2016). Living in harmony with disaster: Exploring volcanic hazard vulnerability in Indonesia. Sustainability, 8(9), 848. || McDermott, R., & Gibbons, P. (2017). Human rights and proactive displacement: determining the appropriate balance between the duty to protect and the right to remain. Disasters, 41(3), 587-605. || Depari, C. D. A. (2017, June). Sustainability and vulnerability: Understanding the anomaly from disaster perspectives. Case study: Glagaharjo Village in Mount Merapi. In 3th International Conference on Planning in the Era of Uncertainty, Earth and Environmental Science (Vol. 70, p. 012035). || Iuchi, K., & Mutter, J. (2020). Governing community relocation after major disasters: Reflections on three different approaches and its outcomes in Asia. Progress in Disaster Science, 100071."
"WPR-063","Asia - South East Asia","Indonesia","East Java","Surabaya (multiple)","Multiple","flood","flood","unknown","ongoing","unknown","D","LPRH I (Bower & Weerasinghe 2021; English literature)","PDD/Kaldor Centre/IOM Global Dataset of Planned Relocation Cases (Leaving Place, Restoring Home I & II), metadata last edited 9 June 2021","https://docs.google.com/spreadsheets/d/1pDR-t1hVApqJiVk6E5DJ7TN0cOtXJiKvS1w8QIP149o/edit#gid=1611800107","66","Carrasco, S., & Dangol, N. (2019). Citizen-government negotiation: cases of in riverside informal settlements at flood risk. International journal of disaster risk reduction, 38, 101195."
"WPR-064","Asia - South East Asia","Indonesia","Eastern","unknown","unknown","unknown","unknown","unknown","completed","unknown","A","LPRH I (Bower & Weerasinghe 2021; English literature)","PDD/Kaldor Centre/IOM Global Dataset of Planned Relocation Cases (Leaving Place, Restoring Home I & II), metadata last edited 9 June 2021","https://docs.google.com/spreadsheets/d/1pDR-t1hVApqJiVk6E5DJ7TN0cOtXJiKvS1w8QIP149o/edit#gid=1611800107","67","R. Lucardie, “Spontaneous and Planned Movement among the Makianese of Eastern Indonesia”, Asia Pacific Viewpoint, 26(1), 1985, 63–78. || Edwards, J. B. (2013). The logistics of climate-induced resettlement: lessons from the Carteret Islands, Papua New Guinea. Refugee Survey Quarterly, 32(3), 52-78."
"WPR-065","Asia - South East Asia","Indonesia","Flores Island","Palu'e Island","Koja Gete","volcano","Volcanic eruption","unknown","ongoing","unknown","A","LPRH I (Bower & Weerasinghe 2021; English literature)","PDD/Kaldor Centre/IOM Global Dataset of Planned Relocation Cases (Leaving Place, Restoring Home I & II), metadata last edited 9 June 2021","https://docs.google.com/spreadsheets/d/1pDR-t1hVApqJiVk6E5DJ7TN0cOtXJiKvS1w8QIP149o/edit#gid=1611800107","68","Jessee, N. (2018). Disaster Displacement and the Politics of Government‐Sponsored Community Relocation in Indonesia: Fighting for Nothing to Happen. Directed by Nora Wildenauer, 2015, 48 minutes, color. Distributed by Visual Development, http://visualdevelopment. eu/index. html. Visual Anthropology Review, 34(1), 104-105."
"WPR-066","Asia - South East Asia","Indonesia","Java","Jakarta","Borneo","sea-level rise","Sea level rise","unknown","ongoing","unknown","A","LPRH I (Bower & Weerasinghe 2021; English literature)","PDD/Kaldor Centre/IOM Global Dataset of Planned Relocation Cases (Leaving Place, Restoring Home I & II), metadata last edited 9 June 2021","https://docs.google.com/spreadsheets/d/1pDR-t1hVApqJiVk6E5DJ7TN0cOtXJiKvS1w8QIP149o/edit#gid=1611800107","69","Van de Vuurst, P., & Escobar, L. E. (2020). Perspective: Climate Change and the Relocation of Indonesia’s Capital to Borneo. Frontiers in Earth Science, 8, 5. || Azhar, H. N., Fatima, H. H. P., & Tamas, I. N. (2020). Preliminary study of indonesia capital city relocation based on disaster mitigation principle with mental model approach. In E3S Web of Conferences (Vol. 148, p. 06002). EDP Sciences. || Ritter, M. (2019). “President Joko Widodo: new captial city will be on Borneo,” in Proceedings of the Palace Press Conference Aug. 26, 2019, (Jakarta)."
"WPR-067","Asia - South East Asia","Indonesia","North Sumatra","Suka Meriah, Bekerah, and Simacem villages","Siosar, Merek District","volcano","Volcanic eruption","unknown","completed","unknown","B","LPRH I (Bower & Weerasinghe 2021; English literature)","PDD/Kaldor Centre/IOM Global Dataset of Planned Relocation Cases (Leaving Place, Restoring Home I & II), metadata last edited 9 June 2021","https://docs.google.com/spreadsheets/d/1pDR-t1hVApqJiVk6E5DJ7TN0cOtXJiKvS1w8QIP149o/edit#gid=1611800107","70","Kumalasari, N., Darmajanti, L., & Nugroho, S. P. (2018). Assessment of Siosar’s community sustainability in post-disaster relocation of Mount Sinabung eruption. In E3S Web of Conferences (Vol. 74, p. 10001). EDP Sciences. || Situmorang, T. P. (2017, October). Mitigation of Mount Sinabung Eruption Disaster: The Socio-Political Impact of Refugee Relocation Policy in Siosar. In International Conference on Public Policy, Social Computing and Development 2017 (ICOPOSDev 2017). Atlantis Press. Chicago"
"WPR-068","Asia - South East Asia","Malaysia","Pahang","unknown","Above 50 yr flood level","flood","Flood","unknown","completed","unknown","B","LPRH I (Bower & Weerasinghe 2021; English literature)","PDD/Kaldor Centre/IOM Global Dataset of Planned Relocation Cases (Leaving Place, Restoring Home I & II), metadata last edited 9 June 2021","https://docs.google.com/spreadsheets/d/1pDR-t1hVApqJiVk6E5DJ7TN0cOtXJiKvS1w8QIP149o/edit#gid=1611800107","71","Chan, N. W. (1995). Flood disaster management in Malaysia: an evaluation of the effectiveness of government resettlement schemes. Disaster Prevention and Management: An International Journal."
"WPR-069","Asia - South East Asia","Myanmar","Chin State","Hakha City (multiple)","Multiple","landslide","Landslide","unknown","completed","unknown","D","LPRH I (Bower & Weerasinghe 2021; English literature)","PDD/Kaldor Centre/IOM Global Dataset of Planned Relocation Cases (Leaving Place, Restoring Home I & II), metadata last edited 9 June 2021","https://docs.google.com/spreadsheets/d/1pDR-t1hVApqJiVk6E5DJ7TN0cOtXJiKvS1w8QIP149o/edit#gid=1611800107","72","Mon, M. M., Naing, T., Numada, M., Yu, K. T., Meguro, K., & Latt, K. Z. (2018). Analysis of disaster response during landslide disaster in Hakha, Chin State of Myanmar. Journal of Disaster Research, 13(1), 99-115."
"WPR-070","Asia - South East Asia","Philippines","Leyte","Tacloban City","Gamay","cyclone/storm","Storm","unknown","completed","unknown","A","LPRH I (Bower & Weerasinghe 2021; English literature)","PDD/Kaldor Centre/IOM Global Dataset of Planned Relocation Cases (Leaving Place, Restoring Home I & II), metadata last edited 9 June 2021","https://docs.google.com/spreadsheets/d/1pDR-t1hVApqJiVk6E5DJ7TN0cOtXJiKvS1w8QIP149o/edit#gid=1611800107","73","Palagi, S., & Javernick-Will, A. (2020). Pathways to Livable Relocation Settlements Following Disaster. Sustainability, 12(8), 3474. || Palagi, S., & Javernick-Will, A. (2020). Discrepancies between Postdisaster Relocation Policy and Implementation in the Philippines. Journal of Management in Engineering, 36(4), 04020040. || Palagi, S., & Javernick-Will, A. (2019). Institutional constraints influencing relocation decision making and implementation. International Journal of Disaster Risk Reduction, 33, 310-320."
"WPR-071","Asia - South East Asia","Philippines","Leyte","Tacloban City","Lawigan","cyclone/storm","Storm","unknown","completed","unknown","A","LPRH I (Bower & Weerasinghe 2021; English literature)","PDD/Kaldor Centre/IOM Global Dataset of Planned Relocation Cases (Leaving Place, Restoring Home I & II), metadata last edited 9 June 2021","https://docs.google.com/spreadsheets/d/1pDR-t1hVApqJiVk6E5DJ7TN0cOtXJiKvS1w8QIP149o/edit#gid=1611800107","74","Palagi, S., & Javernick-Will, A. (2020). Pathways to Livable Relocation Settlements Following Disaster. Sustainability, 12(8), 3474. || Palagi, S., & Javernick-Will, A. (2020). Discrepancies between Postdisaster Relocation Policy and Implementation in the Philippines. Journal of Management in Engineering, 36(4), 04020040. || Palagi, S., & Javernick-Will, A. (2019). Institutional constraints influencing relocation decision making and implementation. International Journal of Disaster Risk Reduction, 33, 310-320."
"WPR-072","Asia - South East Asia","Philippines","Leyte","Tacloban City","Ulot","cyclone/storm","Storm","unknown","completed","unknown","A","LPRH I (Bower & Weerasinghe 2021; English literature)","PDD/Kaldor Centre/IOM Global Dataset of Planned Relocation Cases (Leaving Place, Restoring Home I & II), metadata last edited 9 June 2021","https://docs.google.com/spreadsheets/d/1pDR-t1hVApqJiVk6E5DJ7TN0cOtXJiKvS1w8QIP149o/edit#gid=1611800107","75","Palagi, S., & Javernick-Will, A. (2020). Pathways to Livable Relocation Settlements Following Disaster. Sustainability, 12(8), 3474. || Palagi, S., & Javernick-Will, A. (2020). Discrepancies between Postdisaster Relocation Policy and Implementation in the Philippines. Journal of Management in Engineering, 36(4), 04020040. || Palagi, S., & Javernick-Will, A. (2019). Institutional constraints influencing relocation decision making and implementation. International Journal of Disaster Risk Reduction, 33, 310-320."
"WPR-073","Asia - South East Asia","Philippines","Leyte","Tacloban City (multiple)","Ridgeview Park, Cabalawan","cyclone/storm","Storm","unknown","completed","unknown","B","LPRH I (Bower & Weerasinghe 2021; English literature)","PDD/Kaldor Centre/IOM Global Dataset of Planned Relocation Cases (Leaving Place, Restoring Home I & II), metadata last edited 9 June 2021","https://docs.google.com/spreadsheets/d/1pDR-t1hVApqJiVk6E5DJ7TN0cOtXJiKvS1w8QIP149o/edit#gid=1611800107","76","Ong, J. M., Jamero, M. L., Esteban, M., Honda, R., & Onuki, M. (2016). Challenges in build-back-better housing reconstruction programs for coastal disaster management: case of Tacloban City, Philippines. Coastal Engineering Journal, 58(01), 1640010. || Espina, E. A., & Canoy, N. A. (2019). Unpacking the post‐Haiyan disaster resettlement narratives of young Filipino women informal settlers in Tacloban City, Philippines. Disasters."
"WPR-074","Asia - South East Asia","Philippines","Leyte","Tacloban City (multiple)","Gandara","cyclone/storm","Storm","unknown","completed","unknown","B","LPRH I (Bower & Weerasinghe 2021; English literature)","PDD/Kaldor Centre/IOM Global Dataset of Planned Relocation Cases (Leaving Place, Restoring Home I & II), metadata last edited 9 June 2021","https://docs.google.com/spreadsheets/d/1pDR-t1hVApqJiVk6E5DJ7TN0cOtXJiKvS1w8QIP149o/edit#gid=1611800107","77","Palagi, S., & Javernick-Will, A. (2020). Pathways to Livable Relocation Settlements Following Disaster. Sustainability, 12(8), 3474. || Palagi, S., & Javernick-Will, A. (2020). Discrepancies between Postdisaster Relocation Policy and Implementation in the Philippines. Journal of Management in Engineering, 36(4), 04020040. || Palagi, S., & Javernick-Will, A. (2019). Institutional constraints influencing relocation decision making and implementation. International Journal of Disaster Risk Reduction, 33, 310-320."
"WPR-075","Asia - South East Asia","Philippines","Leyte","Tacloban City (multiple)","Hitunlob","cyclone/storm","Storm","unknown","completed","unknown","B","LPRH I (Bower & Weerasinghe 2021; English literature)","PDD/Kaldor Centre/IOM Global Dataset of Planned Relocation Cases (Leaving Place, Restoring Home I & II), metadata last edited 9 June 2021","https://docs.google.com/spreadsheets/d/1pDR-t1hVApqJiVk6E5DJ7TN0cOtXJiKvS1w8QIP149o/edit#gid=1611800107","78","Palagi, S., & Javernick-Will, A. (2020). Pathways to Livable Relocation Settlements Following Disaster. Sustainability, 12(8), 3474. || Palagi, S., & Javernick-Will, A. (2020). Discrepancies between Postdisaster Relocation Policy and Implementation in the Philippines. Journal of Management in Engineering, 36(4), 04020040. || Palagi, S., & Javernick-Will, A. (2019). Institutional constraints influencing relocation decision making and implementation. International Journal of Disaster Risk Reduction, 33, 310-320."
"WPR-076","Asia - South East Asia","Philippines","Leyte","Tacloban City (multiple)","Nagaja","cyclone/storm","Storm","unknown","completed","unknown","B","LPRH I (Bower & Weerasinghe 2021; English literature)","PDD/Kaldor Centre/IOM Global Dataset of Planned Relocation Cases (Leaving Place, Restoring Home I & II), metadata last edited 9 June 2021","https://docs.google.com/spreadsheets/d/1pDR-t1hVApqJiVk6E5DJ7TN0cOtXJiKvS1w8QIP149o/edit#gid=1611800107","79","Palagi, S., & Javernick-Will, A. (2020). Pathways to Livable Relocation Settlements Following Disaster. Sustainability, 12(8), 3474. || Palagi, S., & Javernick-Will, A. (2020). Discrepancies between Postdisaster Relocation Policy and Implementation in the Philippines. Journal of Management in Engineering, 36(4), 04020040. || Palagi, S., & Javernick-Will, A. (2019). Institutional constraints influencing relocation decision making and implementation. International Journal of Disaster Risk Reduction, 33, 310-320."
"WPR-077","Asia - South East Asia","Philippines","Leyte","Tacloban City (multiple)","Natubgan","cyclone/storm","Storm","unknown","completed","unknown","B","LPRH I (Bower & Weerasinghe 2021; English literature)","PDD/Kaldor Centre/IOM Global Dataset of Planned Relocation Cases (Leaving Place, Restoring Home I & II), metadata last edited 9 June 2021","https://docs.google.com/spreadsheets/d/1pDR-t1hVApqJiVk6E5DJ7TN0cOtXJiKvS1w8QIP149o/edit#gid=1611800107","80","Palagi, S., & Javernick-Will, A. (2020). Pathways to Livable Relocation Settlements Following Disaster. Sustainability, 12(8), 3474. || Palagi, S., & Javernick-Will, A. (2020). Discrepancies between Postdisaster Relocation Policy and Implementation in the Philippines. Journal of Management in Engineering, 36(4), 04020040. || Palagi, S., & Javernick-Will, A. (2019). Institutional constraints influencing relocation decision making and implementation. International Journal of Disaster Risk Reduction, 33, 310-320."
"WPR-078","Asia - South East Asia","Philippines","Leyte","Tacloban City (multiple)","Oras","cyclone/storm","Storm","unknown","completed","unknown","B","LPRH I (Bower & Weerasinghe 2021; English literature)","PDD/Kaldor Centre/IOM Global Dataset of Planned Relocation Cases (Leaving Place, Restoring Home I & II), metadata last edited 9 June 2021","https://docs.google.com/spreadsheets/d/1pDR-t1hVApqJiVk6E5DJ7TN0cOtXJiKvS1w8QIP149o/edit#gid=1611800107","81","Palagi, S., & Javernick-Will, A. (2020). Pathways to Livable Relocation Settlements Following Disaster. Sustainability, 12(8), 3474. || Palagi, S., & Javernick-Will, A. (2020). Discrepancies between Postdisaster Relocation Policy and Implementation in the Philippines. Journal of Management in Engineering, 36(4), 04020040. || Palagi, S., & Javernick-Will, A. (2019). Institutional constraints influencing relocation decision making and implementation. International Journal of Disaster Risk Reduction, 33, 310-320."
"WPR-079","Asia - South East Asia","Philippines","Leyte","Tacloban City (multiple)","Pangasugan","cyclone/storm","Storm","unknown","completed","unknown","B","LPRH I (Bower & Weerasinghe 2021; English literature)","PDD/Kaldor Centre/IOM Global Dataset of Planned Relocation Cases (Leaving Place, Restoring Home I & II), metadata last edited 9 June 2021","https://docs.google.com/spreadsheets/d/1pDR-t1hVApqJiVk6E5DJ7TN0cOtXJiKvS1w8QIP149o/edit#gid=1611800107","82","Palagi, S., & Javernick-Will, A. (2020). Pathways to Livable Relocation Settlements Following Disaster. Sustainability, 12(8), 3474. || Palagi, S., & Javernick-Will, A. (2020). Discrepancies between Postdisaster Relocation Policy and Implementation in the Philippines. Journal of Management in Engineering, 36(4), 04020040. || Palagi, S., & Javernick-Will, A. (2019). Institutional constraints influencing relocation decision making and implementation. International Journal of Disaster Risk Reduction, 33, 310-320."
"WPR-080","Asia - South East Asia","Philippines","Leyte","Tacloban City (multiple)","Sambawan","cyclone/storm","Storm","unknown","completed","unknown","B","LPRH I (Bower & Weerasinghe 2021; English literature)","PDD/Kaldor Centre/IOM Global Dataset of Planned Relocation Cases (Leaving Place, Restoring Home I & II), metadata last edited 9 June 2021","https://docs.google.com/spreadsheets/d/1pDR-t1hVApqJiVk6E5DJ7TN0cOtXJiKvS1w8QIP149o/edit#gid=1611800107","83","Palagi, S., & Javernick-Will, A. (2020). Pathways to Livable Relocation Settlements Following Disaster. Sustainability, 12(8), 3474. || Palagi, S., & Javernick-Will, A. (2020). Discrepancies between Postdisaster Relocation Policy and Implementation in the Philippines. Journal of Management in Engineering, 36(4), 04020040. || Palagi, S., & Javernick-Will, A. (2019). Institutional constraints influencing relocation decision making and implementation. International Journal of Disaster Risk Reduction, 33, 310-320."
"WPR-081","Asia - South East Asia","Philippines","Leyte","Tacloban City (multiple)","Suribao","cyclone/storm","Storm","unknown","completed","unknown","B","LPRH I (Bower & Weerasinghe 2021; English literature)","PDD/Kaldor Centre/IOM Global Dataset of Planned Relocation Cases (Leaving Place, Restoring Home I & II), metadata last edited 9 June 2021","https://docs.google.com/spreadsheets/d/1pDR-t1hVApqJiVk6E5DJ7TN0cOtXJiKvS1w8QIP149o/edit#gid=1611800107","84","Palagi, S., & Javernick-Will, A. (2020). Pathways to Livable Relocation Settlements Following Disaster. Sustainability, 12(8), 3474. || Palagi, S., & Javernick-Will, A. (2020). Discrepancies between Postdisaster Relocation Policy and Implementation in the Philippines. Journal of Management in Engineering, 36(4), 04020040. || Palagi, S., & Javernick-Will, A. (2019). Institutional constraints influencing relocation decision making and implementation. International Journal of Disaster Risk Reduction, 33, 310-320."
"WPR-082","Asia - South East Asia","Philippines","Leyte","Tacloban City (multiple)","Villareaal","cyclone/storm","Storm","unknown","completed","unknown","B","LPRH I (Bower & Weerasinghe 2021; English literature)","PDD/Kaldor Centre/IOM Global Dataset of Planned Relocation Cases (Leaving Place, Restoring Home I & II), metadata last edited 9 June 2021","https://docs.google.com/spreadsheets/d/1pDR-t1hVApqJiVk6E5DJ7TN0cOtXJiKvS1w8QIP149o/edit#gid=1611800107","85","Palagi, S., & Javernick-Will, A. (2020). Pathways to Livable Relocation Settlements Following Disaster. Sustainability, 12(8), 3474. || Palagi, S., & Javernick-Will, A. (2020). Discrepancies between Postdisaster Relocation Policy and Implementation in the Philippines. Journal of Management in Engineering, 36(4), 04020040. || Palagi, S., & Javernick-Will, A. (2019). Institutional constraints influencing relocation decision making and implementation. International Journal of Disaster Risk Reduction, 33, 310-320."
"WPR-083","Asia - South East Asia","Philippines","Leyte","Tacloban City (multiple)","Vulcan","cyclone/storm","Storm","unknown","completed","unknown","B","LPRH I (Bower & Weerasinghe 2021; English literature)","PDD/Kaldor Centre/IOM Global Dataset of Planned Relocation Cases (Leaving Place, Restoring Home I & II), metadata last edited 9 June 2021","https://docs.google.com/spreadsheets/d/1pDR-t1hVApqJiVk6E5DJ7TN0cOtXJiKvS1w8QIP149o/edit#gid=1611800107","86","Palagi, S., & Javernick-Will, A. (2020). Pathways to Livable Relocation Settlements Following Disaster. Sustainability, 12(8), 3474. || Palagi, S., & Javernick-Will, A. (2020). Discrepancies between Postdisaster Relocation Policy and Implementation in the Philippines. Journal of Management in Engineering, 36(4), 04020040. || Palagi, S., & Javernick-Will, A. (2019). Institutional constraints influencing relocation decision making and implementation. International Journal of Disaster Risk Reduction, 33, 310-320."
"WPR-084","Asia - South East Asia","Philippines","Leyte","Tacloban City (multiple)","Pope Francis Village","cyclone/storm","Storm","unknown","completed","unknown","B","LPRH I (Bower & Weerasinghe 2021; English literature)","PDD/Kaldor Centre/IOM Global Dataset of Planned Relocation Cases (Leaving Place, Restoring Home I & II), metadata last edited 9 June 2021","https://docs.google.com/spreadsheets/d/1pDR-t1hVApqJiVk6E5DJ7TN0cOtXJiKvS1w8QIP149o/edit#gid=1611800107","87","Maly, E. (2018). Building back better with people centered housing recovery. International Journal of Disaster Risk Reduction, 29, 84-93."
"WPR-085","Asia - South East Asia","Philippines","Leyte","Tacloban City (multiple)","NHA Housing","cyclone/storm","Storm","unknown","completed","unknown","B","LPRH I (Bower & Weerasinghe 2021; English literature)","PDD/Kaldor Centre/IOM Global Dataset of Planned Relocation Cases (Leaving Place, Restoring Home I & II), metadata last edited 9 June 2021","https://docs.google.com/spreadsheets/d/1pDR-t1hVApqJiVk6E5DJ7TN0cOtXJiKvS1w8QIP149o/edit#gid=1611800107","88","Maly, E. (2018). Building back better with people centered housing recovery. International Journal of Disaster Risk Reduction, 29, 84-93. || Thomas, A. R. (2015). Resettlement in the wake of Typhoon Haiyan in the Philippines: a strategy to mitigate risk or a risky strategy?."
"WPR-086","Asia - South East Asia","Philippines","Leyte","Barangay 88 San Jose, Tacloban City","Barangay 106 Santo Nino (24 km away), and others","cyclone/storm","Storm","unknown","completed","unknown","C","LPRH I (Bower & Weerasinghe 2021; English literature)","PDD/Kaldor Centre/IOM Global Dataset of Planned Relocation Cases (Leaving Place, Restoring Home I & II), metadata last edited 9 June 2021","https://docs.google.com/spreadsheets/d/1pDR-t1hVApqJiVk6E5DJ7TN0cOtXJiKvS1w8QIP149o/edit#gid=1611800107","89","Ong, J. M., Jamero, M. L., Esteban, M., Honda, R., & Onuki, M. (2016). Challenges in build-back-better housing reconstruction programs for coastal disaster management: case of Tacloban City, Philippines. Coastal Engineering Journal, 58(01), 1640010."
"WPR-087","Asia - South East Asia","Philippines","Leyte","Tacloban City (multiple)","Multiple","cyclone/storm","Storm","unknown","completed","unknown","D","LPRH I (Bower & Weerasinghe 2021; English literature)","PDD/Kaldor Centre/IOM Global Dataset of Planned Relocation Cases (Leaving Place, Restoring Home I & II), metadata last edited 9 June 2021","https://docs.google.com/spreadsheets/d/1pDR-t1hVApqJiVk6E5DJ7TN0cOtXJiKvS1w8QIP149o/edit#gid=1611800107","90","Philippines National Economic and Development Authority. Yolanda Updates: March 2016. (2016). || Arroyo, I., & Åstrand, J. (2019). Housing recovery outcomes after typhoon Haiyan in the Philippines: a critical realist perspective. Journal of Critical Realism, 18(2), 142-168. || Elkin, R. S., & Keenan, J. M. (2018). Retreat or Rebuild: Exploring Geographic Retreat in Humanitarian Practices in Coastal Communities. In Climate Change Impacts and Adaptation Strategies for Coastal Communities (pp. 149-165). Springer, Cham. || Compton, C. (2018). The unheeded present and the impossible future: temporalities of relocation after Typhoon Haiyan. Critical Asian Studies, 50(1), 136-154. || Iuchi, K., & Mutter, J. (2020). Governing community relocation after major disasters: Reflections on three different approaches and its outcomes in Asia. Progress in Disaster Science, 100071."
"WPR-088","Asia - South East Asia","Philippines","Luzon","Multiple (multiple)","11 sites","volcano","Volcanic eruption","unknown","completed","unknown","D","LPRH I (Bower & Weerasinghe 2021; English literature)","PDD/Kaldor Centre/IOM Global Dataset of Planned Relocation Cases (Leaving Place, Restoring Home I & II), metadata last edited 9 June 2021","https://docs.google.com/spreadsheets/d/1pDR-t1hVApqJiVk6E5DJ7TN0cOtXJiKvS1w8QIP149o/edit#gid=1611800107","91","Tayag, J. C., & Punongbayan, R. S. (1994). Volcanic disaster mitigation in the Philippines: experience from Mt. Pinatubo. Disasters, 18(1), 1-15. || Gaillard, J. (2008). Differentiated adjustment to the 1991 Mt. Pinatubo Resettlement Program among lowland ethnic groups of the Philippines. || Seitz, S. (1998). Coping strategies in an ethnic minority group: the Aeta of Mount Pinatubo. Disasters, 22(1), 76-90."
"WPR-089","Asia - South East Asia","Philippines","Northern Mindanao","Cagayan de Oro (multiple)","Calaanan Site (many sub-villages)","cyclone/storm","Storm","unknown","completed","unknown","B","LPRH I (Bower & Weerasinghe 2021; English literature)","PDD/Kaldor Centre/IOM Global Dataset of Planned Relocation Cases (Leaving Place, Restoring Home I & II), metadata last edited 9 June 2021","https://docs.google.com/spreadsheets/d/1pDR-t1hVApqJiVk6E5DJ7TN0cOtXJiKvS1w8QIP149o/edit#gid=1611800107","92","Carrasco, S., Ochiai, C., & Okazaki, K. (2016). Impacts of resident-initiated housing modifications in resettlement sites in Cagayan de Oro, Philippines. International journal of disaster risk reduction, 17, 100-113. || Hirano, S. Learning from Urban Transitional Settlement Response in the Philippines: Housing, Land and Property Issues: Reflections from CRS’ 2011– 2012 Post- Tropical Storm Washi (Sendong) Response in Cagayan de Oro. Catholic Relief Services. 2012. || Carrasco, S., & Dangol, N. (2019). Citizen-government negotiation: cases of in riverside informal settlements at flood risk. International journal of disaster risk reduction, 38, 101195. || Carrasco, S., Ochiai, C., & Okazaki, K. (2018). Resident-built housing modifications as a factor of adaptability to the built environment in disaster-induced resettlement site in Cagayan de Oro, Philippines. In Science and Technology in Disaster Risk Reduction in Asia (pp. 453-474). Academic Press. || Carrasco, S., Ochiai, C., & Okazaki, K. (2017). Residential satisfaction and housing modifications. International Journal of Disaster Resilience in the Built Environment. || Carrasco, S., Ochiai, C., & Okazaki, K. (2016). A study on housing modifications in resettlement sites in Cagayan de Oro, Philippines. Journal of Asian Architecture and Building Engineering, 15(1), 25-32."
"WPR-090","Asia - South East Asia","Philippines","Northern Mindanao","unclear","Ecoville","cyclone/storm","Storm","unknown","completed","unknown","unknown","LPRH I (Bower & Weerasinghe 2021; English literature)","PDD/Kaldor Centre/IOM Global Dataset of Planned Relocation Cases (Leaving Place, Restoring Home I & II), metadata last edited 9 June 2021","https://docs.google.com/spreadsheets/d/1pDR-t1hVApqJiVk6E5DJ7TN0cOtXJiKvS1w8QIP149o/edit#gid=1611800107","93","Santiago, J. S. S., Manuela Jr, W. S., Tan, M. L. L., Saňez, S. K. B., & Tong, A. Z. U. (2018). Agency-driven post-disaster recovery: A comparative study of three Typhoon Washi resettlement communities in the Philippines. International journal of disaster risk reduction, 27, 480-489."
"WPR-091","Asia - South East Asia","Philippines","Northern Mindanao","unclear","Indahag","cyclone/storm","Storm","unknown","completed","unknown","unknown","LPRH I (Bower & Weerasinghe 2021; English literature)","PDD/Kaldor Centre/IOM Global Dataset of Planned Relocation Cases (Leaving Place, Restoring Home I & II), metadata last edited 9 June 2021","https://docs.google.com/spreadsheets/d/1pDR-t1hVApqJiVk6E5DJ7TN0cOtXJiKvS1w8QIP149o/edit#gid=1611800107","94","Santiago, J. S. S., Manuela Jr, W. S., Tan, M. L. L., Saňez, S. K. B., & Tong, A. Z. U. (2018). Agency-driven post-disaster recovery: A comparative study of three Typhoon Washi resettlement communities in the Philippines. International journal of disaster risk reduction, 27, 480-489."
"WPR-092","Asia - South East Asia","Philippines","Northern Mindanao","unclear","Macapaya","cyclone/storm","Storm","unknown","completed","unknown","unknown","LPRH I (Bower & Weerasinghe 2021; English literature)","PDD/Kaldor Centre/IOM Global Dataset of Planned Relocation Cases (Leaving Place, Restoring Home I & II), metadata last edited 9 June 2021","https://docs.google.com/spreadsheets/d/1pDR-t1hVApqJiVk6E5DJ7TN0cOtXJiKvS1w8QIP149o/edit#gid=1611800107","95","Santiago, J. S. S., Manuela Jr, W. S., Tan, M. L. L., Saňez, S. K. B., & Tong, A. Z. U. (2018). Agency-driven post-disaster recovery: A comparative study of three Typhoon Washi resettlement communities in the Philippines. International journal of disaster risk reduction, 27, 480-489."
"WPR-093","Asia - South East Asia","Philippines","Panay","Iloilo City (multiple)","Multiple","cyclone/storm","Storm","unknown","completed","unknown","D","LPRH I (Bower & Weerasinghe 2021; English literature)","PDD/Kaldor Centre/IOM Global Dataset of Planned Relocation Cases (Leaving Place, Restoring Home I & II), metadata last edited 9 June 2021","https://docs.google.com/spreadsheets/d/1pDR-t1hVApqJiVk6E5DJ7TN0cOtXJiKvS1w8QIP149o/edit#gid=1611800107","96","Jha A. K., Barenstein, J. D., Phelps, P. M., Pittet, D., Sena, S. Safer Homes, Stronger Communities A Handbook for Reconstructing after Natural Disasters. Washington DC: The World Bank. 2010."
"WPR-094","Asia - South East Asia","Philippines","Albay","Anoling","FVR–FNM village","volcano","Volcanic eruption","unknown","completed","unknown","A","LPRH I (Bower & Weerasinghe 2021; English literature)","PDD/Kaldor Centre/IOM Global Dataset of Planned Relocation Cases (Leaving Place, Restoring Home I & II), metadata last edited 9 June 2021","https://docs.google.com/spreadsheets/d/1pDR-t1hVApqJiVk6E5DJ7TN0cOtXJiKvS1w8QIP149o/edit#gid=1611800107","97","Usamah, M., & Haynes, K. (2012). An examination of the resettlement program at Mayon Volcano: what can we learn for sustainable volcanic risk reduction?. Bulletin of volcanology, 74(4), 839-859."
"WPR-095","Asia - South East Asia","Philippines","Albay","Multiple","Bungkaras Village","volcano","Volcanic eruption","unknown","completed","unknown","B","LPRH I (Bower & Weerasinghe 2021; English literature)","PDD/Kaldor Centre/IOM Global Dataset of Planned Relocation Cases (Leaving Place, Restoring Home I & II), metadata last edited 9 June 2021","https://docs.google.com/spreadsheets/d/1pDR-t1hVApqJiVk6E5DJ7TN0cOtXJiKvS1w8QIP149o/edit#gid=1611800107","98","Usamah, M., & Haynes, K. (2012). An examination of the resettlement program at Mayon Volcano: what can we learn for sustainable volcanic risk reduction?. Bulletin of volcanology, 74(4), 839-859."
"WPR-096","Asia - South East Asia","Philippines","Luzon","Manila (multiple)","unknown","cyclone/storm","Storm","unknown","ongoing","unknown","unknown","LPRH I (Bower & Weerasinghe 2021; English literature)","PDD/Kaldor Centre/IOM Global Dataset of Planned Relocation Cases (Leaving Place, Restoring Home I & II), metadata last edited 9 June 2021","https://docs.google.com/spreadsheets/d/1pDR-t1hVApqJiVk6E5DJ7TN0cOtXJiKvS1w8QIP149o/edit#gid=1611800107","99","Doberstein, B., Tadgell, A., & Rutledge, A. (2020). Managed retreat for climate change adaptation in coastal megacities: A comparison of policy and practice in Manila and Vancouver. Journal of environmental management, 253, 109753. || Ajibade, I. (2019). Planned retreat in Global South megacities: disentangling policy, practice, and environmental justice. Climatic Change, 157(2), 299-317. || Alvarez, M. K., & Cardenas, K. (2019). Evicting slums,‘building back better’: Resiliency revanchism and disaster risk management in Manila. International Journal of Urban and Regional Research, 43(2), 227-249. || Tadgell, A., Mortsch, L., & Doberstein, B. (2017). Assessing the feasibility of resettlement as a climate change adaptation strategy for informal settlements in Metro Manila, Philippines. International Journal of Disaster Risk Reduction, 22, 447-457. || Seike, T., Shoji, Y., Takemura, Y., Kunie, Y., Mercado, R. M., & Kim, Y. (2018). Construction Systems for Extensions and Renovations in a Resettlement Site in the Philippines. Journal of Asian Architecture and Building Engineering, 17(3), 441-448."
"WPR-097","Asia - South East Asia","Thailand","Andaman Coast","Namkem","Putio Lake","other","Tsunami","unknown","completed","unknown","A","LPRH I (Bower & Weerasinghe 2021; English literature)","PDD/Kaldor Centre/IOM Global Dataset of Planned Relocation Cases (Leaving Place, Restoring Home I & II), metadata last edited 9 June 2021","https://docs.google.com/spreadsheets/d/1pDR-t1hVApqJiVk6E5DJ7TN0cOtXJiKvS1w8QIP149o/edit#gid=1611800107","100","Sararit, T., Tamiyo, K., & Maly, E. (2018). Resident’s satisfaction to relocated Houses after 2004 Indian Ocean Tsunami, Thailand. Procedia engineering, 212, 637-642."
"WPR-098","Asia - South East Asia","Vietnam","Hoa Binh","Tan Mai, Phuc San","Yen Ngheip, Dong Tam, Bao Hieu","landslide","Landslide","unknown","ongoing","unknown","D","LPRH I (Bower & Weerasinghe 2021; English literature)","PDD/Kaldor Centre/IOM Global Dataset of Planned Relocation Cases (Leaving Place, Restoring Home I & II), metadata last edited 9 June 2021","https://docs.google.com/spreadsheets/d/1pDR-t1hVApqJiVk6E5DJ7TN0cOtXJiKvS1w8QIP149o/edit#gid=1611800107","101","International Organization for Migration. (2017). Planned Relocation in the Context of Environmental Change in Hoa Binh Province, Northern Vietnam. https://publications.iom.int/system/files/pdf/planned_relocation_en.pdf"
"WPR-099","Asia - South East Asia","Vietnam","Mekong Delta","Multiple","Multiple","flood","Flood","unknown","completed","unknown","D","LPRH I (Bower & Weerasinghe 2021; English literature)","PDD/Kaldor Centre/IOM Global Dataset of Planned Relocation Cases (Leaving Place, Restoring Home I & II), metadata last edited 9 June 2021","https://docs.google.com/spreadsheets/d/1pDR-t1hVApqJiVk6E5DJ7TN0cOtXJiKvS1w8QIP149o/edit#gid=1611800107","102","Vo Thanh Danh “Evaluation of the living with flood policy: The case of the resettlement program in Vietnamese Mekong Delta.” In: Stewart, M. A. and Coclanis, P. A. (Eds.) Environmental Change and Agricultural Sustainability in the Mekong Delta. 2011. 181-204.12 || Chun, J. (2015). ""Planned Relocations in the Mekong Delta: A successful model for climate adaptation, a cautionary tale, or both?"". Brookings Institution. Available at: https://www.brookings.edu/wp-content/uploads/2016/06/Brookings-Planned-Relocations-Case-StudyJane-Chun-Vietnam-case-study-June-2015.pdf || Entzinger, H. B., & Scholten, P. (2016). Relocation as an Adaptation Strategy to Environmental Stess: Lessons from the Mekong River Delta in Viet Nam. International Organization for Migration. || Schade, J. “Climate Change and Planned Relocation: Risks and a Proposal for Safeguards” in Disentangling Migration and Climate Change. Ed. by Schade J. and Faist T. 2013. pp. 183-206. || Xe, D.V., Dang, N.H., 2006. Analyses of socioeconomic impacts of the resettlement clusters and recommendations for economic development strategy of the Vietnamese Mekong Delta. Can Tho University, Can Tho, VN. Cited in Danh and Mushtaq 2011. || Miller, F. (2020). Exploring the consequences of climate-related displacement for just resilience in Vietnam. Urban Studies, 57(7), 1570-1587. || Zickgraf, C. (2019). Keeping People in Place: Political Factors of (Im) mobility and Climate Change. Social Sciences, 8(8), 228. || Miller, F., & Dun, O. (2019). Resettlement and the environment in Vietnam: Implications for climate change adaptation planning. Asia Pacific Viewpoint, 60(2), 132-147. || Collins, N., Jones, S., Nguyen, T. H., & Stanton, P. (2017). The contribution of human capital to a holistic response to climate change: learning from and for the Mekong Delta, Vietnam. Asia Pacific Business Review, 23(2), 230-242. || Birkmann, J. (2011). First-and second-order adaptation to natural hazards and extreme events in the context of climate change. Natural Hazards, 58(2), 811-840. || Warner, K., Hamza, M., Oliver-Smith, A., Renaud, F., & Julca, A. (2010). Climate change, environmental degradation and migration. Natural Hazards, 55(3), 689-715."
"WPR-100","Asia - South East Asia","Vietnam","Dong Thap Province","Long Thuan Commune, Hong Ngu District","unknown","flood","Flood","unknown","completed","unknown","A","LPRH I (Bower & Weerasinghe 2021; English literature)","PDD/Kaldor Centre/IOM Global Dataset of Planned Relocation Cases (Leaving Place, Restoring Home I & II), metadata last edited 9 June 2021","https://docs.google.com/spreadsheets/d/1pDR-t1hVApqJiVk6E5DJ7TN0cOtXJiKvS1w8QIP149o/edit#gid=1611800107","103","Chun, J. (2015). ""Planned Relocations in the Mekong Delta: A successful model for climate adaptation, a cautionary tale, or both?"". Brookings Institution. Available at: https://www.brookings.edu/wp-content/uploads/2016/06/Brookings-Planned-Relocations-Case-StudyJane-Chun-Vietnam-case-study-June-2015.pdf"
"WPR-101","Asia - South East Asia","Vietnam","Long An Province","Vinh Tri Commune, Vinh Hung district","unknown","flood","Flood","unknown","completed","unknown","A","LPRH I (Bower & Weerasinghe 2021; English literature)","PDD/Kaldor Centre/IOM Global Dataset of Planned Relocation Cases (Leaving Place, Restoring Home I & II), metadata last edited 9 June 2021","https://docs.google.com/spreadsheets/d/1pDR-t1hVApqJiVk6E5DJ7TN0cOtXJiKvS1w8QIP149o/edit#gid=1611800107","104","Chun, J. (2015). ""Planned Relocations in the Mekong Delta: A successful model for climate adaptation, a cautionary tale, or both?"". Brookings Institution. Available at: https://www.brookings.edu/wp-content/uploads/2016/06/Brookings-Planned-Relocations-Case-StudyJane-Chun-Vietnam-case-study-June-2015.pdf"
"WPR-102","Asia - South East Asia","Vietnam","Tan Chau district of An Giang province","Tan Chau","1 site within commune","flood","Flood","unknown","completed","unknown","A","LPRH I (Bower & Weerasinghe 2021; English literature)","PDD/Kaldor Centre/IOM Global Dataset of Planned Relocation Cases (Leaving Place, Restoring Home I & II), metadata last edited 9 June 2021","https://docs.google.com/spreadsheets/d/1pDR-t1hVApqJiVk6E5DJ7TN0cOtXJiKvS1w8QIP149o/edit#gid=1611800107","105","Vo Thanh Danh “Evaluation of the living with flood policy: The case of the resettlement program in Vietnamese Mekong Delta.” In: Stewart, M. A. and Coclanis, P. A. (Eds.) Environmental Change and Agricultural Sustainability in the Mekong Delta. 2011. 181-204.12"
"WPR-103","Asia - South East Asia","Vietnam","Tan Chau district of An Giang province","Long Phu","4 sites within commune","flood","Flood","unknown","completed","unknown","C","LPRH I (Bower & Weerasinghe 2021; English literature)","PDD/Kaldor Centre/IOM Global Dataset of Planned Relocation Cases (Leaving Place, Restoring Home I & II), metadata last edited 9 June 2021","https://docs.google.com/spreadsheets/d/1pDR-t1hVApqJiVk6E5DJ7TN0cOtXJiKvS1w8QIP149o/edit#gid=1611800107","106","Vo Thanh Danh “Evaluation of the living with flood policy: The case of the resettlement program in Vietnamese Mekong Delta.” In: Stewart, M. A. and Coclanis, P. A. (Eds.) Environmental Change and Agricultural Sustainability in the Mekong Delta. 2011. 181-204.13"
"WPR-104","Asia - South East Asia","Vietnam","Tan Chau district of An Giang province","Phu Vinh","2sites within commune","flood","Flood","unknown","completed","unknown","C","LPRH I (Bower & Weerasinghe 2021; English literature)","PDD/Kaldor Centre/IOM Global Dataset of Planned Relocation Cases (Leaving Place, Restoring Home I & II), metadata last edited 9 June 2021","https://docs.google.com/spreadsheets/d/1pDR-t1hVApqJiVk6E5DJ7TN0cOtXJiKvS1w8QIP149o/edit#gid=1611800107","107","Vo Thanh Danh “Evaluation of the living with flood policy: The case of the resettlement program in Vietnamese Mekong Delta.” In: Stewart, M. A. and Coclanis, P. A. (Eds.) Environmental Change and Agricultural Sustainability in the Mekong Delta. 2011. 181-204.14"
"WPR-105","Asia - South East Asia","Vietnam","Tan Chau district of An Giang province","Le Chanh","3 sites within commune","flood","Flood","unknown","completed","unknown","C","LPRH I (Bower & Weerasinghe 2021; English literature)","PDD/Kaldor Centre/IOM Global Dataset of Planned Relocation Cases (Leaving Place, Restoring Home I & II), metadata last edited 9 June 2021","https://docs.google.com/spreadsheets/d/1pDR-t1hVApqJiVk6E5DJ7TN0cOtXJiKvS1w8QIP149o/edit#gid=1611800107","108","Vo Thanh Danh “Evaluation of the living with flood policy: The case of the resettlement program in Vietnamese Mekong Delta.” In: Stewart, M. A. and Coclanis, P. A. (Eds.) Environmental Change and Agricultural Sustainability in the Mekong Delta. 2011. 181-204.15"
"WPR-106","Asia - South East Asia","Vietnam","Tan Chau district of An Giang province","Chau Phong","5 sites within commune","flood","Flood","unknown","completed","unknown","C","LPRH I (Bower & Weerasinghe 2021; English literature)","PDD/Kaldor Centre/IOM Global Dataset of Planned Relocation Cases (Leaving Place, Restoring Home I & II), metadata last edited 9 June 2021","https://docs.google.com/spreadsheets/d/1pDR-t1hVApqJiVk6E5DJ7TN0cOtXJiKvS1w8QIP149o/edit#gid=1611800107","109","Vo Thanh Danh “Evaluation of the living with flood policy: The case of the resettlement program in Vietnamese Mekong Delta.” In: Stewart, M. A. and Coclanis, P. A. (Eds.) Environmental Change and Agricultural Sustainability in the Mekong Delta. 2011. 181-204.16"
"WPR-107","Asia - South East Asia","Vietnam","Tan Chau district of An Giang province","Long An","4 sites within commune","flood","Flood","unknown","completed","unknown","C","LPRH I (Bower & Weerasinghe 2021; English literature)","PDD/Kaldor Centre/IOM Global Dataset of Planned Relocation Cases (Leaving Place, Restoring Home I & II), metadata last edited 9 June 2021","https://docs.google.com/spreadsheets/d/1pDR-t1hVApqJiVk6E5DJ7TN0cOtXJiKvS1w8QIP149o/edit#gid=1611800107","110","Vo Thanh Danh “Evaluation of the living with flood policy: The case of the resettlement program in Vietnamese Mekong Delta.” In: Stewart, M. A. and Coclanis, P. A. (Eds.) Environmental Change and Agricultural Sustainability in the Mekong Delta. 2011. 181-204.17"
"WPR-108","Asia - South East Asia","Vietnam","Tan Chau district of An Giang province","Tan An","3 sites within commune","flood","Flood","unknown","completed","unknown","C","LPRH I (Bower & Weerasinghe 2021; English literature)","PDD/Kaldor Centre/IOM Global Dataset of Planned Relocation Cases (Leaving Place, Restoring Home I & II), metadata last edited 9 June 2021","https://docs.google.com/spreadsheets/d/1pDR-t1hVApqJiVk6E5DJ7TN0cOtXJiKvS1w8QIP149o/edit#gid=1611800107","111","Vo Thanh Danh “Evaluation of the living with flood policy: The case of the resettlement program in Vietnamese Mekong Delta.” In: Stewart, M. A. and Coclanis, P. A. (Eds.) Environmental Change and Agricultural Sustainability in the Mekong Delta. 2011. 181-204.18"
"WPR-109","Asia - South East Asia","Vietnam","Tan Chau district of An Giang province","Tan Thanh","3 sites within commune","flood","Flood","unknown","completed","unknown","C","LPRH I (Bower & Weerasinghe 2021; English literature)","PDD/Kaldor Centre/IOM Global Dataset of Planned Relocation Cases (Leaving Place, Restoring Home I & II), metadata last edited 9 June 2021","https://docs.google.com/spreadsheets/d/1pDR-t1hVApqJiVk6E5DJ7TN0cOtXJiKvS1w8QIP149o/edit#gid=1611800107","112","Vo Thanh Danh “Evaluation of the living with flood policy: The case of the resettlement program in Vietnamese Mekong Delta.” In: Stewart, M. A. and Coclanis, P. A. (Eds.) Environmental Change and Agricultural Sustainability in the Mekong Delta. 2011. 181-204.19"
"WPR-110","Asia - South East Asia","Vietnam","Tan Chau district of An Giang province","Vinh Hoa","4 sites within commune","flood","Flood","unknown","completed","unknown","C","LPRH I (Bower & Weerasinghe 2021; English literature)","PDD/Kaldor Centre/IOM Global Dataset of Planned Relocation Cases (Leaving Place, Restoring Home I & II), metadata last edited 9 June 2021","https://docs.google.com/spreadsheets/d/1pDR-t1hVApqJiVk6E5DJ7TN0cOtXJiKvS1w8QIP149o/edit#gid=1611800107","113","Vo Thanh Danh “Evaluation of the living with flood policy: The case of the resettlement program in Vietnamese Mekong Delta.” In: Stewart, M. A. and Coclanis, P. A. (Eds.) Environmental Change and Agricultural Sustainability in the Mekong Delta. 2011. 181-204.20"
"WPR-111","Asia - South East Asia","Vietnam","Tan Chau district of An Giang province","Vinh Xuong","3 sites within commune","flood","Flood","unknown","completed","unknown","C","LPRH I (Bower & Weerasinghe 2021; English literature)","PDD/Kaldor Centre/IOM Global Dataset of Planned Relocation Cases (Leaving Place, Restoring Home I & II), metadata last edited 9 June 2021","https://docs.google.com/spreadsheets/d/1pDR-t1hVApqJiVk6E5DJ7TN0cOtXJiKvS1w8QIP149o/edit#gid=1611800107","114","Vo Thanh Danh “Evaluation of the living with flood policy: The case of the resettlement program in Vietnamese Mekong Delta.” In: Stewart, M. A. and Coclanis, P. A. (Eds.) Environmental Change and Agricultural Sustainability in the Mekong Delta. 2011. 181-204.21"
"WPR-112","Asia - South East Asia","Vietnam","Tan Chau district of An Giang province","Phu Loc","2 sites within commune","flood","Flood","unknown","completed","unknown","C","LPRH I (Bower & Weerasinghe 2021; English literature)","PDD/Kaldor Centre/IOM Global Dataset of Planned Relocation Cases (Leaving Place, Restoring Home I & II), metadata last edited 9 June 2021","https://docs.google.com/spreadsheets/d/1pDR-t1hVApqJiVk6E5DJ7TN0cOtXJiKvS1w8QIP149o/edit#gid=1611800107","115","Vo Thanh Danh “Evaluation of the living with flood policy: The case of the resettlement program in Vietnamese Mekong Delta.” In: Stewart, M. A. and Coclanis, P. A. (Eds.) Environmental Change and Agricultural Sustainability in the Mekong Delta. 2011. 181-204.22"
"WPR-113","Asia - South East Asia","Vietnam","Thua Thien Hue Province","Huong River and Tam Giang Lagoon","Thuy -Di^en, potentially multiple","cyclone/storm","Storm","unknown","completed","unknown","D","LPRH I (Bower & Weerasinghe 2021; English literature)","PDD/Kaldor Centre/IOM Global Dataset of Planned Relocation Cases (Leaving Place, Restoring Home I & II), metadata last edited 9 June 2021","https://docs.google.com/spreadsheets/d/1pDR-t1hVApqJiVk6E5DJ7TN0cOtXJiKvS1w8QIP149o/edit#gid=1611800107","116","DaCosta, E., & Turner, S. (2007). Negotiating changing livelihoods: the sampan dwellers of Tam Giang Lagoon, Việt Nam. Geoforum, 38(1), 190-206. || Migration, Resettlement and Climate Change in Viet Nam: Reducing exposure and vulnerabilities to climatic extremes and stresses through spontaneous and guided migration https://environmentalmigration.iom.int/migration-resettlement-and-climate-change-viet-nam-reducing-exposure-and-vulnerabilities-climatic || Guha, A. (2020). Environment Induced Resettlement and Profit-Sharing Model: A case study from Sundarban, West Bengal, India. Environmental Development, 100523."
"WPR-114","Asia - South East Asia","Vietnam","Yen Bai","Nam Puoi village","Doi Ho Bom","landslide","Landslide","unknown","completed","unknown","A","LPRH I (Bower & Weerasinghe 2021; English literature)","PDD/Kaldor Centre/IOM Global Dataset of Planned Relocation Cases (Leaving Place, Restoring Home I & II), metadata last edited 9 June 2021","https://docs.google.com/spreadsheets/d/1pDR-t1hVApqJiVk6E5DJ7TN0cOtXJiKvS1w8QIP149o/edit#gid=1611800107","117","Larsen, A. L. (2011). Multi-Polar Leadership - Success in Nam Puoi Village Resettlement, Vietnam. Political Leadership and Its Significance in a Time of Troubles. Nova Science Publishers."
"WPR-115","Asia - South Asia","Bangladesh","Multiple","Multiple","Multiple","flood","Flood","unknown","completed","unknown","D","LPRH I (Bower & Weerasinghe 2021; English literature)","PDD/Kaldor Centre/IOM Global Dataset of Planned Relocation Cases (Leaving Place, Restoring Home I & II), metadata last edited 9 June 2021","https://docs.google.com/spreadsheets/d/1pDR-t1hVApqJiVk6E5DJ7TN0cOtXJiKvS1w8QIP149o/edit#gid=1611800107","118","Mallick, B., & Sultana, Z. (2017). Livelihood after Relocation—Evidences of Guchchagram Project in Bangladesh. Social Sciences, 6(3), 76."
"WPR-116","Asia - South Asia","Bangladesh","Multiple","Multiple","Multiple","flood","Flood","unknown","completed","unknown","D","LPRH I (Bower & Weerasinghe 2021; English literature)","PDD/Kaldor Centre/IOM Global Dataset of Planned Relocation Cases (Leaving Place, Restoring Home I & II), metadata last edited 9 June 2021","https://docs.google.com/spreadsheets/d/1pDR-t1hVApqJiVk6E5DJ7TN0cOtXJiKvS1w8QIP149o/edit#gid=1611800107","119","Mallick, B., & Sultana, Z. (2017). Livelihood after Relocation—Evidences of Guchchagram Project in Bangladesh. Social Sciences, 6(3), 76."
"WPR-117","Asia - South Asia","Bangladesh","Multiple","Multiple","Multiple","flood","Flood","unknown","completed","unknown","D","LPRH I (Bower & Weerasinghe 2021; English literature)","PDD/Kaldor Centre/IOM Global Dataset of Planned Relocation Cases (Leaving Place, Restoring Home I & II), metadata last edited 9 June 2021","https://docs.google.com/spreadsheets/d/1pDR-t1hVApqJiVk6E5DJ7TN0cOtXJiKvS1w8QIP149o/edit#gid=1611800107","120","Mallick, B., & Sultana, Z. (2017). Livelihood after Relocation—Evidences of Guchchagram Project in Bangladesh. Social Sciences, 6(3), 76."
"WPR-118","Asia - South Asia","Bangladesh","Multiple","Multiple","Multiple","flood","Flood","unknown","ongoing","unknown","D","LPRH I (Bower & Weerasinghe 2021; English literature)","PDD/Kaldor Centre/IOM Global Dataset of Planned Relocation Cases (Leaving Place, Restoring Home I & II), metadata last edited 9 June 2021","https://docs.google.com/spreadsheets/d/1pDR-t1hVApqJiVk6E5DJ7TN0cOtXJiKvS1w8QIP149o/edit#gid=1611800107","121","Mallick, B., & Sultana, Z. (2017). Livelihood after Relocation—Evidences of Guchchagram Project in Bangladesh. Social Sciences, 6(3), 76."
"WPR-119","Asia - South Asia","Bangladesh","Multiple","Multiple","2550 Centers","flood","Flood","unknown","ongoing","unknown","D","LPRH I (Bower & Weerasinghe 2021; English literature)","PDD/Kaldor Centre/IOM Global Dataset of Planned Relocation Cases (Leaving Place, Restoring Home I & II), metadata last edited 9 June 2021","https://docs.google.com/spreadsheets/d/1pDR-t1hVApqJiVk6E5DJ7TN0cOtXJiKvS1w8QIP149o/edit#gid=1611800107","122","Mallick, B., & Sultana, Z. (2017). Livelihood after Relocation—Evidences of Guchchagram Project in Bangladesh. Social Sciences, 6(3), 76."
"WPR-120","Asia - South Asia","Bangladesh","Multiple","Multiple","Multiple","cyclone/storm","Storm","unknown","completed","unknown","D","LPRH I (Bower & Weerasinghe 2021; English literature)","PDD/Kaldor Centre/IOM Global Dataset of Planned Relocation Cases (Leaving Place, Restoring Home I & II), metadata last edited 9 June 2021","https://docs.google.com/spreadsheets/d/1pDR-t1hVApqJiVk6E5DJ7TN0cOtXJiKvS1w8QIP149o/edit#gid=1611800107","123","Mallick, B., & Sultana, Z. (2017). Livelihood after Relocation—Evidences of Guchchagram Project in Bangladesh. Social Sciences, 6(3), 76."
"WPR-121","Asia - South Asia","India","Assam","Multiple","unknown","flood","Flood","unknown","completed","unknown","B","LPRH I (Bower & Weerasinghe 2021; English literature)","PDD/Kaldor Centre/IOM Global Dataset of Planned Relocation Cases (Leaving Place, Restoring Home I & II), metadata last edited 9 June 2021","https://docs.google.com/spreadsheets/d/1pDR-t1hVApqJiVk6E5DJ7TN0cOtXJiKvS1w8QIP149o/edit#gid=1611800107","124","Krishnan, S. (2017). Building community resilience to recurrent flooding: Field experience from the 2012 Assam floods, India. In Environmental Justice and Urban Resilience in the Global South(pp. 195-214). Palgrave Macmillan, New York."
"WPR-122","Asia - South Asia","India","Chennai","Thideer Nagar","Okkiyam Thoraipakkam","other","Tsunami","unknown","completed","unknown","A","LPRH I (Bower & Weerasinghe 2021; English literature)","PDD/Kaldor Centre/IOM Global Dataset of Planned Relocation Cases (Leaving Place, Restoring Home I & II), metadata last edited 9 June 2021","https://docs.google.com/spreadsheets/d/1pDR-t1hVApqJiVk6E5DJ7TN0cOtXJiKvS1w8QIP149o/edit#gid=1611800107","125","Diwakar, P. (2019). A Recipe for Disaster: Framing Risk and Vulnerability in Slum Relocation Policies in Chennai, India. City & Community, 18(4), 1314-1337."
"WPR-123","Asia - South Asia","India","Gujarat","Old Fadsar","Fasdar","other","Earthquake","unknown","completed","unknown","A","LPRH I (Bower & Weerasinghe 2021; English literature)","PDD/Kaldor Centre/IOM Global Dataset of Planned Relocation Cases (Leaving Place, Restoring Home I & II), metadata last edited 9 June 2021","https://docs.google.com/spreadsheets/d/1pDR-t1hVApqJiVk6E5DJ7TN0cOtXJiKvS1w8QIP149o/edit#gid=1611800107","126","Barenstein, J. E. D. (2015). Continuity and change in housing and settlement patterns in post-earthquake Gujarat, India. International Journal of Disaster Resilience in the Built Environment."
"WPR-124","Asia - South Asia","India","Gujarat","unknown","Multiple","other","Earthquake","unknown","completed","unknown","C","LPRH I (Bower & Weerasinghe 2021; English literature)","PDD/Kaldor Centre/IOM Global Dataset of Planned Relocation Cases (Leaving Place, Restoring Home I & II), metadata last edited 9 June 2021","https://docs.google.com/spreadsheets/d/1pDR-t1hVApqJiVk6E5DJ7TN0cOtXJiKvS1w8QIP149o/edit#gid=1611800107","127","Jha, A., Barenstein, J., Phelps, P., Pittet, D., & Sena, S. (2010). Safer Homes, Stronger Communities: A Handbook for Reconstructing After Natural Disasters. The World Bank. http://documents.worldbank.org/curated/en/290301468159328458/pdf/528390PUB0safe101Official0Use0Only1.pdf || Barenstein, J. E. D. (2015). Continuity and change in housing and settlement patterns in post-earthquake Gujarat, India. International Journal of Disaster Resilience in the Built Environment."
"WPR-125","Asia - South Asia","India","Kerala","Azheekal and Alapad","38 settlements","other","Tsunami","unknown","completed","unknown","D","LPRH I (Bower & Weerasinghe 2021; English literature)","PDD/Kaldor Centre/IOM Global Dataset of Planned Relocation Cases (Leaving Place, Restoring Home I & II), metadata last edited 9 June 2021","https://docs.google.com/spreadsheets/d/1pDR-t1hVApqJiVk6E5DJ7TN0cOtXJiKvS1w8QIP149o/edit#gid=1611800107","128","Mohammed Irshad, S. ‘Organized Rehabilitation’, Resilience and Survivability: An Empirical Analysis."
"WPR-126","Asia - South Asia","India","Maharashtra","Pune","Kamgar Putala","flood","Flood","unknown","completed","unknown","A","LPRH I (Bower & Weerasinghe 2021; English literature)","PDD/Kaldor Centre/IOM Global Dataset of Planned Relocation Cases (Leaving Place, Restoring Home I & II), metadata last edited 9 June 2021","https://docs.google.com/spreadsheets/d/1pDR-t1hVApqJiVk6E5DJ7TN0cOtXJiKvS1w8QIP149o/edit#gid=1611800107","129","Cronin, Victoria and Guthrie, Peter. “Community-led resettlement: From a flood affected slum to a new society in Pune, India.” 2015. Environmental Hazards. 10(3-4):310-326."
"WPR-127","Asia - South Asia","India","Maharashtra","Multiple","52 villages","other","Earthquake","unknown","completed","unknown","D","LPRH I (Bower & Weerasinghe 2021; English literature)","PDD/Kaldor Centre/IOM Global Dataset of Planned Relocation Cases (Leaving Place, Restoring Home I & II), metadata last edited 9 June 2021","https://docs.google.com/spreadsheets/d/1pDR-t1hVApqJiVk6E5DJ7TN0cOtXJiKvS1w8QIP149o/edit#gid=1611800107","130","Salazar, A. “Disasters, the World Bank and Participation: Relocation Housing After the 1993 Earthquake in Maharashtra, India.” Third World Planning Review. 1 February 1999. 21(1):83. || Jha, A., Barenstein, J., Phelps, P., Pittet, D., & Sena, S. (2010). Safer Homes, Stronger Communities: A Handbook for Reconstructing After Natural Disasters. The World Bank. http://documents.worldbank.org/curated/en/290301468159328458/pdf/528390PUB0safe101Official0Use0Only1.pdf || Krishnadas, J. (2007). Relocating the master’s domain: Social and legal locations of gender from post-disaster to everyday life. Social & Legal Studies, 16(1), 131-147."
"WPR-128","Asia - South Asia","India","Odisha","Satabhaya","resettlement colony 12 kilometers away","other","Coastal erosion","unknown","completed","unknown","B","LPRH I (Bower & Weerasinghe 2021; English literature)","PDD/Kaldor Centre/IOM Global Dataset of Planned Relocation Cases (Leaving Place, Restoring Home I & II), metadata last edited 9 June 2021","https://docs.google.com/spreadsheets/d/1pDR-t1hVApqJiVk6E5DJ7TN0cOtXJiKvS1w8QIP149o/edit#gid=1611800107","131","Panda, A. (2020). ""Climate Change, Displacement and Managed Retreat India"". Migration Policy Institute. Available at: https://www.migrationpolicy.org/article/climate-change-displacement-managed-retreat-india"
"WPR-129","Asia - South Asia","India","Tamil Nadu","Korai","unknown","other","Tsunami","unknown","completed","unknown","A","LPRH I (Bower & Weerasinghe 2021; English literature)","PDD/Kaldor Centre/IOM Global Dataset of Planned Relocation Cases (Leaving Place, Restoring Home I & II), metadata last edited 9 June 2021","https://docs.google.com/spreadsheets/d/1pDR-t1hVApqJiVk6E5DJ7TN0cOtXJiKvS1w8QIP149o/edit#gid=1611800107","132","Joshi, A., & Nishimura, M. (2016). Impact of disaster relief policies on the cooperation of residents in a post-disaster housing relocation program: A case study of the 2004 Indian Ocean Tsunami. International Journal of Disaster Risk Reduction, 19, 258-264."
"WPR-130","Asia - South Asia","India","Tamil Nadu","Sattan","unknown","other","Tsunami","unknown","completed","unknown","A","LPRH I (Bower & Weerasinghe 2021; English literature)","PDD/Kaldor Centre/IOM Global Dataset of Planned Relocation Cases (Leaving Place, Restoring Home I & II), metadata last edited 9 June 2021","https://docs.google.com/spreadsheets/d/1pDR-t1hVApqJiVk6E5DJ7TN0cOtXJiKvS1w8QIP149o/edit#gid=1611800107","133","Joshi, A., & Nishimura, M. (2016). Impact of disaster relief policies on the cooperation of residents in a post-disaster housing relocation program: A case study of the 2004 Indian Ocean Tsunami. International Journal of Disaster Risk Reduction, 19, 258-264."
"WPR-131","Asia - South Asia","India","Tamil Nadu","Multiple","Multiple","other","Tsunami","unknown","completed","unknown","D","LPRH I (Bower & Weerasinghe 2021; English literature)","PDD/Kaldor Centre/IOM Global Dataset of Planned Relocation Cases (Leaving Place, Restoring Home I & II), metadata last edited 9 June 2021","https://docs.google.com/spreadsheets/d/1pDR-t1hVApqJiVk6E5DJ7TN0cOtXJiKvS1w8QIP149o/edit#gid=1611800107","134","Bavinck, M., de Klerk, L., van der Plaat, F., Ravesteijn, J., Angel, D., Arendsen, H., ... & Zuurendonk, B. (2015). Post‐tsunami relocation of fisher settlements in South Asia: evidence from the Coromandel Coast, India. Disasters, 39(3), 592-609. || Andrew, S. A., Arlikatti, S., Long, L. C., & Kendra, J. M. (2013). The effect of housing assistance arrangements on household recovery: an empirical test of donor-assisted and owner-driven approaches. Journal of Housing and the Built Environment, 28(1), 17-34. || Jha A. K., Barenstein, J. D., Phelps, P. M., Pittet, D., Sena, S. Safer Homes, Stronger Communities A Handbook for Reconstructing after Natural Disasters. Washington DC: The World Bank. 2010."
"WPR-132","Asia - South Asia","India","Tamil Nadu, Kanchipuram District","Karikattukuppam","1.4 km","other","Tsunami","unknown","completed","unknown","A","LPRH I (Bower & Weerasinghe 2021; English literature)","PDD/Kaldor Centre/IOM Global Dataset of Planned Relocation Cases (Leaving Place, Restoring Home I & II), metadata last edited 9 June 2021","https://docs.google.com/spreadsheets/d/1pDR-t1hVApqJiVk6E5DJ7TN0cOtXJiKvS1w8QIP149o/edit#gid=1611800107","135","Bavinck, M., de Klerk, L., van der Plaat, F., Ravesteijn, J., Angel, D., Arendsen, H., ... & Zuurendonk, B. (2015). Post‐tsunami relocation of fisher settlements in South Asia: evidence from the Coromandel Coast, India. Disasters, 39(3), 592-609."
"WPR-133","Asia - South Asia","India","Tamil Nadu, Kanchipuram District","Pudhu Nemmelikuppam","0.6 km","other","Tsunami","unknown","ongoing","unknown","A","LPRH I (Bower & Weerasinghe 2021; English literature)","PDD/Kaldor Centre/IOM Global Dataset of Planned Relocation Cases (Leaving Place, Restoring Home I & II), metadata last edited 9 June 2021","https://docs.google.com/spreadsheets/d/1pDR-t1hVApqJiVk6E5DJ7TN0cOtXJiKvS1w8QIP149o/edit#gid=1611800107","136","Bavinck, M., de Klerk, L., van der Plaat, F., Ravesteijn, J., Angel, D., Arendsen, H., ... & Zuurendonk, B. (2015). Post‐tsunami relocation of fisher settlements in South Asia: evidence from the Coromandel Coast, India. Disasters, 39(3), 592-609."
"WPR-134","Asia - South Asia","India","Tamil Nadu, Nagapattinam District","Samatnthanpettai","0.3 km","other","Tsunami","unknown","completed","unknown","A","LPRH I (Bower & Weerasinghe 2021; English literature)","PDD/Kaldor Centre/IOM Global Dataset of Planned Relocation Cases (Leaving Place, Restoring Home I & II), metadata last edited 9 June 2021","https://docs.google.com/spreadsheets/d/1pDR-t1hVApqJiVk6E5DJ7TN0cOtXJiKvS1w8QIP149o/edit#gid=1611800107","137","Bavinck, M., de Klerk, L., van der Plaat, F., Ravesteijn, J., Angel, D., Arendsen, H., ... & Zuurendonk, B. (2015). Post‐tsunami relocation of fisher settlements in South Asia: evidence from the Coromandel Coast, India. Disasters, 39(3), 592-609."
"WPR-135","Asia - South Asia","India","Tamil Nadu, Nagapattinam District","Kallar","6km","other","Tsunami","unknown","completed","unknown","A","LPRH I (Bower & Weerasinghe 2021; English literature)","PDD/Kaldor Centre/IOM Global Dataset of Planned Relocation Cases (Leaving Place, Restoring Home I & II), metadata last edited 9 June 2021","https://docs.google.com/spreadsheets/d/1pDR-t1hVApqJiVk6E5DJ7TN0cOtXJiKvS1w8QIP149o/edit#gid=1611800107","138","Bavinck, M., de Klerk, L., van der Plaat, F., Ravesteijn, J., Angel, D., Arendsen, H., ... & Zuurendonk, B. (2015). Post‐tsunami relocation of fisher settlements in South Asia: evidence from the Coromandel Coast, India. Disasters, 39(3), 592-609."
"WPR-136","Asia - South Asia","India","Tamil Nadu, Nagapattinam District","Akkaraipettai","3 sites ; 1km","other","Tsunami","unknown","completed","unknown","C","LPRH I (Bower & Weerasinghe 2021; English literature)","PDD/Kaldor Centre/IOM Global Dataset of Planned Relocation Cases (Leaving Place, Restoring Home I & II), metadata last edited 9 June 2021","https://docs.google.com/spreadsheets/d/1pDR-t1hVApqJiVk6E5DJ7TN0cOtXJiKvS1w8QIP149o/edit#gid=1611800107","139","Bavinck, M., de Klerk, L., van der Plaat, F., Ravesteijn, J., Angel, D., Arendsen, H., ... & Zuurendonk, B. (2015). Post‐tsunami relocation of fisher settlements in South Asia: evidence from the Coromandel Coast, India. Disasters, 39(3), 592-609."
"WPR-137","Asia - South Asia","India","Tamil Nadu, Thiruvallur District","Sathankuppam","1.3 km","other","Tsunami","unknown","ongoing","unknown","A","LPRH I (Bower & Weerasinghe 2021; English literature)","PDD/Kaldor Centre/IOM Global Dataset of Planned Relocation Cases (Leaving Place, Restoring Home I & II), metadata last edited 9 June 2021","https://docs.google.com/spreadsheets/d/1pDR-t1hVApqJiVk6E5DJ7TN0cOtXJiKvS1w8QIP149o/edit#gid=1611800107","140","Bavinck, M., de Klerk, L., van der Plaat, F., Ravesteijn, J., Angel, D., Arendsen, H., ... & Zuurendonk, B. (2015). Post‐tsunami relocation of fisher settlements in South Asia: evidence from the Coromandel Coast, India. Disasters, 39(3), 592-609."
"WPR-138","Asia - South Asia","India","Tamil Nadu, Villupuram District","Anichan Kuppam","0.5 km","other","Tsunami","unknown","ongoing","unknown","A","LPRH I (Bower & Weerasinghe 2021; English literature)","PDD/Kaldor Centre/IOM Global Dataset of Planned Relocation Cases (Leaving Place, Restoring Home I & II), metadata last edited 9 June 2021","https://docs.google.com/spreadsheets/d/1pDR-t1hVApqJiVk6E5DJ7TN0cOtXJiKvS1w8QIP149o/edit#gid=1611800107","141","Bavinck, M., de Klerk, L., van der Plaat, F., Ravesteijn, J., Angel, D., Arendsen, H., ... & Zuurendonk, B. (2015). Post‐tsunami relocation of fisher settlements in South Asia: evidence from the Coromandel Coast, India. Disasters, 39(3), 592-609."
"WPR-139","Asia - South Asia","India","Tamil Nadu, Villupuram District","Mandavai Pudu Kuppam","2 sites","other","Tsunami","unknown","completed","unknown","B","LPRH I (Bower & Weerasinghe 2021; English literature)","PDD/Kaldor Centre/IOM Global Dataset of Planned Relocation Cases (Leaving Place, Restoring Home I & II), metadata last edited 9 June 2021","https://docs.google.com/spreadsheets/d/1pDR-t1hVApqJiVk6E5DJ7TN0cOtXJiKvS1w8QIP149o/edit#gid=1611800107","142","Bavinck, M., de Klerk, L., van der Plaat, F., Ravesteijn, J., Angel, D., Arendsen, H., ... & Zuurendonk, B. (2015). Post‐tsunami relocation of fisher settlements in South Asia: evidence from the Coromandel Coast, India. Disasters, 39(3), 592-609."
"WPR-140","Asia - South Asia","India","Tamil Nadu, Villupuram District","Koonimedu Kuppam","2 sites","other","Tsunami","unknown","completed","unknown","B","LPRH I (Bower & Weerasinghe 2021; English literature)","PDD/Kaldor Centre/IOM Global Dataset of Planned Relocation Cases (Leaving Place, Restoring Home I & II), metadata last edited 9 June 2021","https://docs.google.com/spreadsheets/d/1pDR-t1hVApqJiVk6E5DJ7TN0cOtXJiKvS1w8QIP149o/edit#gid=1611800107","143","Bavinck, M., de Klerk, L., van der Plaat, F., Ravesteijn, J., Angel, D., Arendsen, H., ... & Zuurendonk, B. (2015). Post‐tsunami relocation of fisher settlements in South Asia: evidence from the Coromandel Coast, India. Disasters, 39(3), 592-609."
"WPR-141","Asia - South Asia","India","West Bengal","Ghoramara & Lohachara","Sagar","flood","Flood","unknown","completed","unknown","B","LPRH I (Bower & Weerasinghe 2021; English literature)","PDD/Kaldor Centre/IOM Global Dataset of Planned Relocation Cases (Leaving Place, Restoring Home I & II), metadata last edited 9 June 2021","https://docs.google.com/spreadsheets/d/1pDR-t1hVApqJiVk6E5DJ7TN0cOtXJiKvS1w8QIP149o/edit#gid=1611800107","144","Mortreux, Colette, et al. ""Political economy of planned relocation: A model of action and inaction in government responses."" Global Environmental Change 50 (2018): 123-132. || Guha, A. (2020). Environment Induced Resettlement and Profit-Sharing Model: A case study from Sundarban, West Bengal, India. Environmental Development, 100523. || Anurag Danda, A., Ghosh, N., Bandyopadhyay, J., & Hazra, S. (2019). Managed retreat: adaptation to climate change in the Sundarbans ecoregion in the Bengal Delta. Journal of the Indian Ocean Region, 15(3), 317-335. || Bandyopadhyay, S. (1997). Natural environmental hazards and their management: a case study of Sagar Island, India. Singapore Journal of Tropical Geography, 18(1), 20-45."
"WPR-142","Asia - South Asia","India","West Bengal","Ghoramara & Lohachara","Sagar","flood","Flood","unknown","completed","unknown","B","LPRH I (Bower & Weerasinghe 2021; English literature)","PDD/Kaldor Centre/IOM Global Dataset of Planned Relocation Cases (Leaving Place, Restoring Home I & II), metadata last edited 9 June 2021","https://docs.google.com/spreadsheets/d/1pDR-t1hVApqJiVk6E5DJ7TN0cOtXJiKvS1w8QIP149o/edit#gid=1611800107","145","Mortreux, Colette, et al. ""Political economy of planned relocation: A model of action and inaction in government responses."" Global Environmental Change 50 (2018): 123-132. || Harms, Arne. (2015). ""Leaving Lohāchāra: On circuits of emplacement and displacement in the Ganges Delta."" Global Environment 8.1: 62-85. || Guha, A. (2020). Environment Induced Resettlement and Profit-Sharing Model: A case study from Sundarban, West Bengal, India. Environmental Development, 100523. || Anurag Danda, A., Ghosh, N., Bandyopadhyay, J., & Hazra, S. (2019). Managed retreat: adaptation to climate change in the Sundarbans ecoregion in the Bengal Delta. Journal of the Indian Ocean Region, 15(3), 317-335."
"WPR-143","Asia - South Asia","Maldives","Dhaalu Atoll","Gemendhoo Island","Kudahuvadhoo Island","other","Tsunami","unknown","completed","unknown","A","LPRH II (Mokhnacheva 2021; French/Spanish/Portuguese literature)","PDD/Kaldor Centre/IOM Global Dataset of Planned Relocation Cases (Leaving Place, Restoring Home I & II), metadata last edited 9 June 2021","https://docs.google.com/spreadsheets/d/1pDR-t1hVApqJiVk6E5DJ7TN0cOtXJiKvS1w8QIP149o/edit#gid=1611800107","146","Magnan A., & Duvat V. (2014) Des catastrophes... « naturelles »? Le Pommier."
"WPR-144","Asia - South Asia","Maldives","Meemu Atoll","Madifushi island","South Ari Atoll (Maamigili island)","other","Tsunami","unknown","completed","unknown","A","LPRH II (Mokhnacheva 2021; French/Spanish/Portuguese literature)","PDD/Kaldor Centre/IOM Global Dataset of Planned Relocation Cases (Leaving Place, Restoring Home I & II), metadata last edited 9 June 2021","https://docs.google.com/spreadsheets/d/1pDR-t1hVApqJiVk6E5DJ7TN0cOtXJiKvS1w8QIP149o/edit#gid=1611800107","147","Magnan A., & Duvat V. (2014) Des catastrophes... « naturelles »? Le Pommier."
"WPR-145","Asia - South Asia","Maldives","Multiple islands","200 islands","10-15 islands","sea-level rise","Sea level rise","unknown","ongoing","unknown","D","LPRH I (Bower & Weerasinghe 2021; English literature)","PDD/Kaldor Centre/IOM Global Dataset of Planned Relocation Cases (Leaving Place, Restoring Home I & II), metadata last edited 9 June 2021","https://docs.google.com/spreadsheets/d/1pDR-t1hVApqJiVk6E5DJ7TN0cOtXJiKvS1w8QIP149o/edit#gid=1611800107","148","Kothari, U. “Political discourses of climate change and migration: resettlement policies in the Maldives.” The Geographical Journal. June 2014. 180(2):130–140. || Vaha, M. E. (2018). Hosting the Small Island Developing States: two scenarios. International Journal of Climate Change Strategies and Management."
"WPR-146","Asia - South Asia","Maldives","Raa Atoll","Kandholhudoo Island","Dhuvaafaru","other","Tsunami","unknown","completed","unknown","A","LPRH I (Bower & Weerasinghe 2021; English literature)","PDD/Kaldor Centre/IOM Global Dataset of Planned Relocation Cases (Leaving Place, Restoring Home I & II), metadata last edited 9 June 2021","https://docs.google.com/spreadsheets/d/1pDR-t1hVApqJiVk6E5DJ7TN0cOtXJiKvS1w8QIP149o/edit#gid=1611800107","149","Simonelli, A. C. (2016). Good Fishing in Rising Seas: Kandholhudhoo, Dhuvaafaru, and the Need for a Development-Based Migration Policy in the Maldives. In Migration, Risk Management and Climate Change: Evidence and Policy Responses (pp. 131-148). Springer, Cham. || Arup Intenrational Development, ‘Dhuvaafaru Island tsunami resettlement study’, 2006. A documentary featuring extensive coverage of the process by which government deemed island uninhabitable and consequent relocation effort: https://www.youtube.com/watch?v=CmOQBRekpbg || Croshaw, H. R. (2017). In the wake of the 2004 Great Indian Ocean Tsunami: Internally displaced persons and the natural disaster response in the Maldives. Journal of Asian Development, 3(1), 125-143."
"WPR-147","Asia - South Asia","Nepal","Kathmandu","Riverside settlements (multiple)","Multiple","flood","Flood","unknown","completed","unknown","D","LPRH I (Bower & Weerasinghe 2021; English literature)","PDD/Kaldor Centre/IOM Global Dataset of Planned Relocation Cases (Leaving Place, Restoring Home I & II), metadata last edited 9 June 2021","https://docs.google.com/spreadsheets/d/1pDR-t1hVApqJiVk6E5DJ7TN0cOtXJiKvS1w8QIP149o/edit#gid=1611800107","150","Carrasco, S., & Dangol, N. (2019). Citizen-government negotiation: cases of in riverside informal settlements at flood risk. International journal of disaster risk reduction, 38, 101195."
"WPR-148","Asia - South Asia","Nepal","Upper Mustang","Dhe","Thangchung","drought","Drought","unknown","completed","unknown","A","LPRH I (Bower & Weerasinghe 2021; English literature)","PDD/Kaldor Centre/IOM Global Dataset of Planned Relocation Cases (Leaving Place, Restoring Home I & II), metadata last edited 9 June 2021","https://docs.google.com/spreadsheets/d/1pDR-t1hVApqJiVk6E5DJ7TN0cOtXJiKvS1w8QIP149o/edit#gid=1611800107","151","Bernet, Daniel Benjamin, Silvia Lafranchi Pittet, and Fidel Devkota. ""Moving a Whole Village as a Last Resort."" (2014): 44-46. || Bernet, D., Pittet, D., Kappenberger, G., Passardi, M., Shrestha, R., & Ambrosi, C. (2012). Moving down or not? A key question for Samzong, Yara, and Dheye, three villages in Upper Mustang, Mustang District, Nepal, Part IV: Dheye || Prasain, S. (2018). Climate change adaptation measure on agricultural communities of Dhye in Upper Mustang, Nepal. Climatic change, 148(1-2), 279-291."
"WPR-149","Asia - South Asia","Nepal","Upper Mustang","Samzong","Namashung","drought","Drought","unknown","ongoing","unknown","A","LPRH I (Bower & Weerasinghe 2021; English literature)","PDD/Kaldor Centre/IOM Global Dataset of Planned Relocation Cases (Leaving Place, Restoring Home I & II), metadata last edited 9 June 2021","https://docs.google.com/spreadsheets/d/1pDR-t1hVApqJiVk6E5DJ7TN0cOtXJiKvS1w8QIP149o/edit#gid=1611800107","152","Bernet, D., Pittet, D., Kappenberger, G., Passardi, M., Shrestha, R., & Ambrosi, C. (2012). Moving down or not? A key question for Samzong, Yara, and Dheye, three villages in Upper Mustang, Mustang District, Nepal, Part II: Samzong"
"WPR-150","Asia - South Asia","Nepal","Upper Mustang","Yara","unknown","drought","Drought","unknown","ongoing","unknown","A","LPRH I (Bower & Weerasinghe 2021; English literature)","PDD/Kaldor Centre/IOM Global Dataset of Planned Relocation Cases (Leaving Place, Restoring Home I & II), metadata last edited 9 June 2021","https://docs.google.com/spreadsheets/d/1pDR-t1hVApqJiVk6E5DJ7TN0cOtXJiKvS1w8QIP149o/edit#gid=1611800107","153","Bernet, D., Pittet, D., Kappenberger, G., Passardi, M., Shrestha, R., & Ambrosi, C. (2012). Moving down or not? A key question for Samzong, Yara, and Dheye, three villages in Upper Mustang, Mustang District, Nepal, Part III: Yara"
"WPR-151","Asia - South Asia","Pakistan","Punjab","District Muzaffargarh (multiple)","Basti Meera Mullan (gov); Ittehad (ngo)","flood","Flood","unknown","completed","unknown","D","LPRH I (Bower & Weerasinghe 2021; English literature)","PDD/Kaldor Centre/IOM Global Dataset of Planned Relocation Cases (Leaving Place, Restoring Home I & II), metadata last edited 9 June 2021","https://docs.google.com/spreadsheets/d/1pDR-t1hVApqJiVk6E5DJ7TN0cOtXJiKvS1w8QIP149o/edit#gid=1611800107","154","Jamshed, A., Rana, I. A., McMillan, J. M., & Birkmann, J. (2019). Building community resilience in post-disaster resettlement in Pakistan. International Journal of Disaster Resilience in the Built Environment. || Jamshed, A., Rana, I. A., Khan, M. A., Agarwal, N., Ali, A., & Ostwal, M. (2018). Community participation framework for post-disaster resettlement and its practical application in Pakistan. Disaster Prevention and Management: An International Journal."
"WPR-152","Asia - South Asia","Sri Lanka","Central Province, Nuwara Eliya District","Hanguranketha DSD","unknown","landslide","Landslide","unknown","completed","unknown","A","LPRH I (Bower & Weerasinghe 2021; English literature)","PDD/Kaldor Centre/IOM Global Dataset of Planned Relocation Cases (Leaving Place, Restoring Home I & II), metadata last edited 9 June 2021","https://docs.google.com/spreadsheets/d/1pDR-t1hVApqJiVk6E5DJ7TN0cOtXJiKvS1w8QIP149o/edit#gid=1611800107","155","Wijegunarathna, E. E., Wedawatta, G., Prasanna, L. J., & Ingirige, B. (2018). Long-term satisfaction of resettled communities: An assessment of physical performance of post-disaster housing. Procedia engineering, 212, 1147-1154."
"WPR-153","Asia - South Asia","Sri Lanka","Eastern Province, Batticaloa District","Kalkudah","4k","other","Tsunami","unknown","completed","unknown","A","LPRH I (Bower & Weerasinghe 2021; English literature)","PDD/Kaldor Centre/IOM Global Dataset of Planned Relocation Cases (Leaving Place, Restoring Home I & II), metadata last edited 9 June 2021","https://docs.google.com/spreadsheets/d/1pDR-t1hVApqJiVk6E5DJ7TN0cOtXJiKvS1w8QIP149o/edit#gid=1611800107","156","Hettige, S., Haigh, R., & Amaratunga, D. (2018). Community level indicators of long term disaster recovery. Procedia engineering, 212, 1287-1294. || Sridarran, P., Keraminiyage, K., & Amaratunga, D. (2018). Enablers and barriers of adapting post-disaster resettlements. Procedia engineering, 212, 125-132."
"WPR-154","Asia - South Asia","Sri Lanka","Eastern Province, Batticaloa District","Panichchiyadi","unknown","other","Tsunami","unknown","completed","unknown","A","LPRH I (Bower & Weerasinghe 2021; English literature)","PDD/Kaldor Centre/IOM Global Dataset of Planned Relocation Cases (Leaving Place, Restoring Home I & II), metadata last edited 9 June 2021","https://docs.google.com/spreadsheets/d/1pDR-t1hVApqJiVk6E5DJ7TN0cOtXJiKvS1w8QIP149o/edit#gid=1611800107","157","de Mel, N. (2017). A grammar of emergence: culture and the state in the post-tsunami resettlement of Burgher women of Batticaloa, Sri Lanka. Critical Asian Studies, 49(1), 73-91. || Ruwanpura, K. N. (2009). Putting houses in place: 1 rebuilding communities in post‐tsunami Sri Lanka. Disasters, 33(3), 436-456."
"WPR-155","Asia - South Asia","Sri Lanka","Eastern Province, Trincomalee District","Naduvuthu","12k","other","Tsunami","unknown","completed","unknown","A","LPRH I (Bower & Weerasinghe 2021; English literature)","PDD/Kaldor Centre/IOM Global Dataset of Planned Relocation Cases (Leaving Place, Restoring Home I & II), metadata last edited 9 June 2021","https://docs.google.com/spreadsheets/d/1pDR-t1hVApqJiVk6E5DJ7TN0cOtXJiKvS1w8QIP149o/edit#gid=1611800107","158","Hettige, S., Haigh, R., & Amaratunga, D. (2018). Community level indicators of long term disaster recovery. Procedia engineering, 212, 1287-1294."
"WPR-156","Asia - South Asia","Sri Lanka","Eastern Province, Trincomalee District","Sudaikudha","2k","other","Tsunami","unknown","completed","unknown","A","LPRH I (Bower & Weerasinghe 2021; English literature)","PDD/Kaldor Centre/IOM Global Dataset of Planned Relocation Cases (Leaving Place, Restoring Home I & II), metadata last edited 9 June 2021","https://docs.google.com/spreadsheets/d/1pDR-t1hVApqJiVk6E5DJ7TN0cOtXJiKvS1w8QIP149o/edit#gid=1611800107","159","Hettige, S., Haigh, R., & Amaratunga, D. (2018). Community level indicators of long term disaster recovery. Procedia engineering, 212, 1287-1294."
"WPR-157","Asia - South Asia","Sri Lanka","Multiple","Multiple","Mutliple (likely includes many other cases listed)","other","Tsunami","unknown","ongoing","unknown","D","LPRH I (Bower & Weerasinghe 2021; English literature)","PDD/Kaldor Centre/IOM Global Dataset of Planned Relocation Cases (Leaving Place, Restoring Home I & II), metadata last edited 9 June 2021","https://docs.google.com/spreadsheets/d/1pDR-t1hVApqJiVk6E5DJ7TN0cOtXJiKvS1w8QIP149o/edit#gid=1611800107","160","Boano, C. Housing anxiety and multiple geographies in post-tsunami Sri Lanka. Disasters 33, 762–785 (2009). || Kennedy, J., Ashmore, J., Babister, E. & Kelman, I. (2008). The meaning of ‘Build Back Better’: Evidence from post-tsunami Aceh and Sri Lanka. J. Contingencies Cris. Manag. 16, 24– 36. || Ingram, J. C., Franco, G., Rio, C. R. del & Khazai, B. (2006). Post-disaster recovery dilemmas: challenges in balancing short-term and long-term needs for vulnerability reduction. Environ. Sci. Policy 9, 607–613"
"WPR-158","Asia - South Asia","Sri Lanka","Sabaragamuwa Province, Kegalle District","Kegalle (multiple)","six sites","landslide","Landslide","unknown","completed","unknown","D","LPRH I (Bower & Weerasinghe 2021; English literature)","PDD/Kaldor Centre/IOM Global Dataset of Planned Relocation Cases (Leaving Place, Restoring Home I & II), metadata last edited 9 June 2021","https://docs.google.com/spreadsheets/d/1pDR-t1hVApqJiVk6E5DJ7TN0cOtXJiKvS1w8QIP149o/edit#gid=1611800107","161","Sangasumana, Pinnawala. ""Post Disaster Relocation Issues: A Case Study of Samasarakanda Landslide in Sri Lanka."" European Scientific Journal November (2018)."
"WPR-159","Asia - South Asia","Sri Lanka","Sabaragamuwa Province, Rathnapura District","Rathnapura DSD","unknown","flood","Flood","unknown","completed","unknown","A","LPRH I (Bower & Weerasinghe 2021; English literature)","PDD/Kaldor Centre/IOM Global Dataset of Planned Relocation Cases (Leaving Place, Restoring Home I & II), metadata last edited 9 June 2021","https://docs.google.com/spreadsheets/d/1pDR-t1hVApqJiVk6E5DJ7TN0cOtXJiKvS1w8QIP149o/edit#gid=1611800107","162","Wijegunarathna, E. E., Wedawatta, G., Prasanna, L. J., & Ingirige, B. (2018). Long-term satisfaction of resettled communities: An assessment of physical performance of post-disaster housing. Procedia engineering, 212, 1147-1154."
"WPR-160","Asia - South Asia","Sri Lanka","Southern Province, Galle district","Akmeemana DSD","unknown","other","Tsunami","unknown","completed","unknown","A","LPRH I (Bower & Weerasinghe 2021; English literature)","PDD/Kaldor Centre/IOM Global Dataset of Planned Relocation Cases (Leaving Place, Restoring Home I & II), metadata last edited 9 June 2021","https://docs.google.com/spreadsheets/d/1pDR-t1hVApqJiVk6E5DJ7TN0cOtXJiKvS1w8QIP149o/edit#gid=1611800107","163","Wijegunarathna, E. E., Wedawatta, G., Prasanna, L. J., & Ingirige, B. (2018). Long-term satisfaction of resettled communities: An assessment of physical performance of post-disaster housing. Procedia engineering, 212, 1147-1154."
"WPR-161","Asia - South Asia","Sri Lanka","Southern Province, Galle district","unknown","Ambalangoda","other","Tsunami","unknown","completed","unknown","A","LPRH I (Bower & Weerasinghe 2021; English literature)","PDD/Kaldor Centre/IOM Global Dataset of Planned Relocation Cases (Leaving Place, Restoring Home I & II), metadata last edited 9 June 2021","https://docs.google.com/spreadsheets/d/1pDR-t1hVApqJiVk6E5DJ7TN0cOtXJiKvS1w8QIP149o/edit#gid=1611800107","164","Dias, N. T., Keraminiyage, K., & DeSilva, K. K. (2016). Long-term satisfaction of post disaster resettled communities. Disaster Prevention and Management: An International Journal."
"WPR-162","Asia - South Asia","Sri Lanka","Southern Province, Galle district","Galle (multiple)","China Charity Village, Salzburg, Green Village and Tea Garden, and Katupolwaththa, Cinnamon Garden","other","Tsunami","unknown","completed","unknown","D","LPRH I (Bower & Weerasinghe 2021; English literature)","PDD/Kaldor Centre/IOM Global Dataset of Planned Relocation Cases (Leaving Place, Restoring Home I & II), metadata last edited 9 June 2021","https://docs.google.com/spreadsheets/d/1pDR-t1hVApqJiVk6E5DJ7TN0cOtXJiKvS1w8QIP149o/edit#gid=1611800107","165","Fernando, N. (2010). Forced Relocation after the indian ocean tsunami 2004 case study of vulnerable population in three relocation setlements in Galle, Sri Lanka. || Fernando, N. (2018). Lessons learnt from long term impact of 2004 tsunami relocation: A case study of selected relocation settlements in Akmeemana Divisional Secretary Division in Galle District, Sri Lanka. Procedia engineering, 212, 47-54. || De Silva, M. (2018). Involuntary disaster relocation and its impact on children: a case study in Galle, Sri Lanka. Procedia engineering, 212, 190-197. || Weerasena, N., Amaratunga, D., Hettige, S., Haigh, R., & Sridarran, P. (2018). Provision of Social Infrastructure for Resettled Victims of the 2004 Tsunami: Evidence from the grass roots. Procedia engineering, 212, 379-386."
"WPR-163","Asia - South Asia","Sri Lanka","Southern Province, Matara District","Coastal Talalla","Kananke Watta (2k)","other","Tsunami","unknown","completed","unknown","A","LPRH I (Bower & Weerasinghe 2021; English literature)","PDD/Kaldor Centre/IOM Global Dataset of Planned Relocation Cases (Leaving Place, Restoring Home I & II), metadata last edited 9 June 2021","https://docs.google.com/spreadsheets/d/1pDR-t1hVApqJiVk6E5DJ7TN0cOtXJiKvS1w8QIP149o/edit#gid=1611800107","166","Vithanagama, R., Mohideen, A., Jayatilaka, D., & Lakshman R. (2015). Planned Relocations in the context of Natural Disasters: The Case of Sri Lanka. Brookings Institution and the Centre for Migration Research and Development. Available at: https://www.brookings.edu/wp-content/uploads/2016/06/Brookings-Planned-Relocations-Case-StudyCRMD-Sri-Lanka-case-study-June-2015.pdf"
"WPR-164","Asia - South Asia","Sri Lanka","Southern Province, Matara District","Labeemwatta","4-6 k","other","Tsunami","unknown","completed","unknown","A","LPRH I (Bower & Weerasinghe 2021; English literature)","PDD/Kaldor Centre/IOM Global Dataset of Planned Relocation Cases (Leaving Place, Restoring Home I & II), metadata last edited 9 June 2021","https://docs.google.com/spreadsheets/d/1pDR-t1hVApqJiVk6E5DJ7TN0cOtXJiKvS1w8QIP149o/edit#gid=1611800107","167","Hettige, S., Haigh, R., & Amaratunga, D. (2018). Community level indicators of long term disaster recovery. Procedia engineering, 212, 1287-1294."
"WPR-165","Asia - South Asia","Sri Lanka","Southern Province, Matara District","Loardstar village","7-13k","other","Tsunami","unknown","completed","unknown","A","LPRH I (Bower & Weerasinghe 2021; English literature)","PDD/Kaldor Centre/IOM Global Dataset of Planned Relocation Cases (Leaving Place, Restoring Home I & II), metadata last edited 9 June 2021","https://docs.google.com/spreadsheets/d/1pDR-t1hVApqJiVk6E5DJ7TN0cOtXJiKvS1w8QIP149o/edit#gid=1611800107","168","Hettige, S., Haigh, R., & Amaratunga, D. (2018). Community level indicators of long term disaster recovery. Procedia engineering, 212, 1287-1294."
"WPR-166","Asia - South Asia","Sri Lanka","Southern Province, Matara District","Naotunna","8-11k","other","Tsunami","unknown","completed","unknown","A","LPRH I (Bower & Weerasinghe 2021; English literature)","PDD/Kaldor Centre/IOM Global Dataset of Planned Relocation Cases (Leaving Place, Restoring Home I & II), metadata last edited 9 June 2021","https://docs.google.com/spreadsheets/d/1pDR-t1hVApqJiVk6E5DJ7TN0cOtXJiKvS1w8QIP149o/edit#gid=1611800107","169","Hettige, S., Haigh, R., & Amaratunga, D. (2018). Community level indicators of long term disaster recovery. Procedia engineering, 212, 1287-1294."
"WPR-167","Asia - South Asia","Sri Lanka","Southern Province, Matara District","Pangiriwatta","7-15 k","other","Tsunami","unknown","completed","unknown","A","LPRH I (Bower & Weerasinghe 2021; English literature)","PDD/Kaldor Centre/IOM Global Dataset of Planned Relocation Cases (Leaving Place, Restoring Home I & II), metadata last edited 9 June 2021","https://docs.google.com/spreadsheets/d/1pDR-t1hVApqJiVk6E5DJ7TN0cOtXJiKvS1w8QIP149o/edit#gid=1611800107","170","Hettige, S., Haigh, R., & Amaratunga, D. (2018). Community level indicators of long term disaster recovery. Procedia engineering, 212, 1287-1294."
"WPR-168","Asia - South Asia","Sri Lanka","Southern Province, Matara District","Turkey village","7-11k","other","Tsunami","unknown","completed","unknown","A","LPRH I (Bower & Weerasinghe 2021; English literature)","PDD/Kaldor Centre/IOM Global Dataset of Planned Relocation Cases (Leaving Place, Restoring Home I & II), metadata last edited 9 June 2021","https://docs.google.com/spreadsheets/d/1pDR-t1hVApqJiVk6E5DJ7TN0cOtXJiKvS1w8QIP149o/edit#gid=1611800107","171","Hettige, S., Haigh, R., & Amaratunga, D. (2018). Community level indicators of long term disaster recovery. Procedia engineering, 212, 1287-1294."
"WPR-169","Asia - South Asia","Sri Lanka","Uva Province, Badulla District","Meeriyabadda, Koslanda","unknown","landslide","Landslide","unknown","completed","unknown","A","LPRH I (Bower & Weerasinghe 2021; English literature)","PDD/Kaldor Centre/IOM Global Dataset of Planned Relocation Cases (Leaving Place, Restoring Home I & II), metadata last edited 9 June 2021","https://docs.google.com/spreadsheets/d/1pDR-t1hVApqJiVk6E5DJ7TN0cOtXJiKvS1w8QIP149o/edit#gid=1611800107","172","Dissanayake, P., Hettiarachchi, S., & Siriwardana, C. (2018). Increase in disaster risk due to inefficient environmental management, land use policies and relocation policies. Case studies from Sri Lanka. Procedia engineering, 212, 1326-1333. || Sridarran, P., Keraminiyage, K., & Amaratunga, D. (2018). Enablers and barriers of adapting post-disaster resettlements. Procedia engineering, 212, 125-132."
"WPR-170","Asia - South Asia","Sri Lanka","Western Province","Kalutara","200 m away from shore","other","Tsunami","unknown","completed","unknown","A","LPRH I (Bower & Weerasinghe 2021; English literature)","PDD/Kaldor Centre/IOM Global Dataset of Planned Relocation Cases (Leaving Place, Restoring Home I & II), metadata last edited 9 June 2021","https://docs.google.com/spreadsheets/d/1pDR-t1hVApqJiVk6E5DJ7TN0cOtXJiKvS1w8QIP149o/edit#gid=1611800107","173","Dias, Nuwan Tharanga, Kaushal Keraminiyage, and Kushani Kulasthri DeSilva. ""Long-term satisfaction of post disaster resettled communities."" Disaster Prevention and Management: An International Journal (2016)."
"WPR-171","Asia - East Asia","China","Fujian Province","Shouning County","unknown","landslide","Landslide","unknown","completed","unknown","unknown","LPRH I (Bower & Weerasinghe 2021; English literature)","PDD/Kaldor Centre/IOM Global Dataset of Planned Relocation Cases (Leaving Place, Restoring Home I & II), metadata last edited 9 June 2021","https://docs.google.com/spreadsheets/d/1pDR-t1hVApqJiVk6E5DJ7TN0cOtXJiKvS1w8QIP149o/edit#gid=1611800107","174","Wang, C., Gao, B., Weng, Z., & Tian, Y. (2020). Primary causes of total hamlet abandonment for different types of hamlets in remote mountain areas of China: A case study of Shouning County, Fujian Province. Land Use Policy, 95, 104627."
"WPR-172","Asia - East Asia","China","Inner Mongolia","unknown","uknown","drought","Drought","unknown","completed","unknown","unknown","LPRH I (Bower & Weerasinghe 2021; English literature)","PDD/Kaldor Centre/IOM Global Dataset of Planned Relocation Cases (Leaving Place, Restoring Home I & II), metadata last edited 9 June 2021","https://docs.google.com/spreadsheets/d/1pDR-t1hVApqJiVk6E5DJ7TN0cOtXJiKvS1w8QIP149o/edit#gid=1611800107","175","Han Yang. “Assessing the evolvements and impacts of environmental migration in Inner Mongolia.” in: Gemenne, F., Brücker, P., Ionesco, D. The State of Environmental Migration 2014: A Review of 2013. IOM and Sciences Po. 2014. 49-65. http://labos.ulg.ac.be/hugo/wp-content/uploads/sites/38/2017/11/The-State-of-Environmental-Migration-2014-49-63.pdf || Wu, S., & Mao, P. (2017). Analysis on the Driving Forces of Ecological Migration Urbanization Resettlement: A Case Study of Han Mountain Nature Reserve in Inner Mongolia, China. International Journal of Business and Social Science, 8(10). || Schade, J. (2013). “Climate Change and Planned Relocation: Risks and a Proposal for Safeguards” in Disentangling Migration and Climate Change. Ed. by Schade J. and Faist T. pp. 183-206."
"WPR-173","Asia - East Asia","China","Ningxia","Many origins","Hongsibu","unknown","unknown","unknown","completed","unknown","B","LPRH I (Bower & Weerasinghe 2021; English literature)","PDD/Kaldor Centre/IOM Global Dataset of Planned Relocation Cases (Leaving Place, Restoring Home I & II), metadata last edited 9 June 2021","https://docs.google.com/spreadsheets/d/1pDR-t1hVApqJiVk6E5DJ7TN0cOtXJiKvS1w8QIP149o/edit#gid=1611800107","176","Tan, Y. (2017). Resettlement and climate impact: Addressing migration intention of resettled people in west China. Australian Geographer, 48(1), 97-119."
"WPR-174","Asia - East Asia","China","Shaanxi Province","Ji County (village not named to protect anonymity)","2 sites","drought","Water scarcity","unknown","completed","unknown","C","LPRH I (Bower & Weerasinghe 2021; English literature)","PDD/Kaldor Centre/IOM Global Dataset of Planned Relocation Cases (Leaving Place, Restoring Home I & II), metadata last edited 9 June 2021","https://docs.google.com/spreadsheets/d/1pDR-t1hVApqJiVk6E5DJ7TN0cOtXJiKvS1w8QIP149o/edit#gid=1611800107","177","Rogers, S., & Xue, T. (2015). Resettlement and climate change vulnerability: evidence from rural China. Global Environmental Change, 35, 62-69."
"WPR-175","Asia - East Asia","China","Shaanxi Province","Shangnan County","Multiple","flood","Flood","unknown","completed","unknown","D","LPRH I (Bower & Weerasinghe 2021; English literature)","PDD/Kaldor Centre/IOM Global Dataset of Planned Relocation Cases (Leaving Place, Restoring Home I & II), metadata last edited 9 June 2021","https://docs.google.com/spreadsheets/d/1pDR-t1hVApqJiVk6E5DJ7TN0cOtXJiKvS1w8QIP149o/edit#gid=1611800107","178","Lei, Y., Finlayson, C. M., Thwaites, R., Shi, G., & Cui, L. (2017). Using government resettlement projects as a sustainable adaptation strategy for climate change. Sustainability, 9(8), 1373."
"WPR-176","Asia - East Asia","China","Shaanxi Province (southern part)","Ankang, Hanzhong, and Shangluo","Multiple","flood","Flood","unknown","ongoing","unknown","D","LPRH I (Bower & Weerasinghe 2021; English literature)","PDD/Kaldor Centre/IOM Global Dataset of Planned Relocation Cases (Leaving Place, Restoring Home I & II), metadata last edited 9 June 2021","https://docs.google.com/spreadsheets/d/1pDR-t1hVApqJiVk6E5DJ7TN0cOtXJiKvS1w8QIP149o/edit#gid=1611800107","179","Wu, Z., Penning, M. J., Zeng, W., Li, S., & Chappell, N. L. (2016). Relocation and social support among older adults in rural China. Journals of Gerontology Series B: Psychological Sciences and Social Sciences, 71(6), 1108-1119. || Guo, X., & Kapucu, N. (2018). Examining the impacts of disaster resettlement from a livelihood perspective: a case study of Qinling Mountains, China. Disasters, 42(2), 251-274. || Liu, W., Li, J., & Xu, J. (2020). Effects of disaster-related resettlement on the livelihood resilience of rural households in china. International Journal of Disaster Risk Reduction, 49 doi:10.1016/j.ijdrr.2020.101649 || Xiao, Q., Liu, H., & Feldman, M. W. (2020). Is change of natural capital essential for assessing relocation policies? A case from Baihe county in western China. Impact Assessment and Project Appraisal, 1-9. || Liu, W., Xu, J., Li, J., & Li, S. (2019). Rural households’ poverty and relocation and settlement: Evidence from Western China. International journal of environmental research and public health, 16(14), 2609. || Xiao, Q., Liu, H., & Feldman, M. (2018). Assessing livelihood reconstruction in resettlement program for disaster prevention at Baihe county of China: Extension of the impoverishment risks and reconstruction (IRR) model. Sustainability, 10(8), 2913. || Guo, X., & Kapucu, N. (2017). Examining livelihood risk perceptions in disaster resettlement. Disaster Prevention and Management."
"WPR-177","Asia - East Asia","China","Sichuan Province","Old Beichuan","New Beichuan (23 k)","other","Earthquake","unknown","completed","unknown","A","LPRH I (Bower & Weerasinghe 2021; English literature)","PDD/Kaldor Centre/IOM Global Dataset of Planned Relocation Cases (Leaving Place, Restoring Home I & II), metadata last edited 9 June 2021","https://docs.google.com/spreadsheets/d/1pDR-t1hVApqJiVk6E5DJ7TN0cOtXJiKvS1w8QIP149o/edit#gid=1611800107","180","Zhang, Y., Yu, Y., Xu, W., & Hu, J. (2019). Differentiation and integration: off-site resettlement planning practice in New Beichuan after 5.12 Wenchuan Earthquake. Natural Hazards, 1-23."
"WPR-178","Asia - East Asia","China","Sichuan Province","Yangliu Village in Taiping Township of Mao County","unknown","other","Earthquake","unknown","completed","unknown","A","LPRH I (Bower & Weerasinghe 2021; English literature)","PDD/Kaldor Centre/IOM Global Dataset of Planned Relocation Cases (Leaving Place, Restoring Home I & II), metadata last edited 9 June 2021","https://docs.google.com/spreadsheets/d/1pDR-t1hVApqJiVk6E5DJ7TN0cOtXJiKvS1w8QIP149o/edit#gid=1611800107","181","Xiao, J. (2013). Relocation Pattern for Minority Villages Stricken by Wenchuan Earthquake. In Applied Mechanics and Materials (Vol. 357, pp. 1777-1782). Trans Tech Publications Ltd."
"WPR-179","Asia - East Asia","China","Sichuan Province","Dabashan Village","Songpan (capital of district)","landslide","Landslide","unknown","completed","unknown","A","LPRH I (Bower & Weerasinghe 2021; English literature)","PDD/Kaldor Centre/IOM Global Dataset of Planned Relocation Cases (Leaving Place, Restoring Home I & II), metadata last edited 9 June 2021","https://docs.google.com/spreadsheets/d/1pDR-t1hVApqJiVk6E5DJ7TN0cOtXJiKvS1w8QIP149o/edit#gid=1611800107","182","Xu, Yun, et al. ""Disaster risk management models for rural relocation communities of mountainous southwestern China under the stress of geological disasters."" International Journal of Disaster Risk Reduction (2020): 101697."
"WPR-180","Asia - East Asia","China","Sichuan Province","Changde Village","Area along national highway G347 (within same village boundary)","landslide","Landslide","unknown","completed","unknown","A","LPRH I (Bower & Weerasinghe 2021; English literature)","PDD/Kaldor Centre/IOM Global Dataset of Planned Relocation Cases (Leaving Place, Restoring Home I & II), metadata last edited 9 June 2021","https://docs.google.com/spreadsheets/d/1pDR-t1hVApqJiVk6E5DJ7TN0cOtXJiKvS1w8QIP149o/edit#gid=1611800107","183","Xu, Yun, et al. ""Disaster risk management models for rural relocation communities of mountainous southwestern China under the stress of geological disasters."" International Journal of Disaster Risk Reduction (2020): 101697."
"WPR-181","Asia - East Asia","China","Sichuan Province","Wenchuan County, Quingchuan County (multiple)","Jinhua village (in Nanbaoshan Farm), in Qionglai City","other","Earthquake","unknown","completed","unknown","B","LPRH I (Bower & Weerasinghe 2021; English literature)","PDD/Kaldor Centre/IOM Global Dataset of Planned Relocation Cases (Leaving Place, Restoring Home I & II), metadata last edited 9 June 2021","https://docs.google.com/spreadsheets/d/1pDR-t1hVApqJiVk6E5DJ7TN0cOtXJiKvS1w8QIP149o/edit#gid=1611800107","184","Chen, Yong, Yan Tan, and Yong Luo. ""Post-disaster resettlement and livelihood vulnerability in rural China."" Disaster Prevention and Management: An International Journal (2017)."
"WPR-182","Asia - East Asia","China","Sichuan Province","Wenchuan County, Quingchuan County (multiple)","Muti village (in Nanbaoshan Farm), in Qionglai City","other","Earthquake","unknown","completed","unknown","B","LPRH I (Bower & Weerasinghe 2021; English literature)","PDD/Kaldor Centre/IOM Global Dataset of Planned Relocation Cases (Leaving Place, Restoring Home I & II), metadata last edited 9 June 2021","https://docs.google.com/spreadsheets/d/1pDR-t1hVApqJiVk6E5DJ7TN0cOtXJiKvS1w8QIP149o/edit#gid=1611800107","185","Chen, Yong, Yan Tan, and Yong Luo. ""Post-disaster resettlement and livelihood vulnerability in rural China."" Disaster Prevention and Management: An International Journal (2017)."
"WPR-183","Asia - East Asia","China","Sichuan Province","Many origins","Dujiangyan City","other","Earthquake","unknown","completed","unknown","B","LPRH I (Bower & Weerasinghe 2021; English literature)","PDD/Kaldor Centre/IOM Global Dataset of Planned Relocation Cases (Leaving Place, Restoring Home I & II), metadata last edited 9 June 2021","https://docs.google.com/spreadsheets/d/1pDR-t1hVApqJiVk6E5DJ7TN0cOtXJiKvS1w8QIP149o/edit#gid=1611800107","186","Chen, Y. F., Kang, Y., & Tjosvold, D. (2017). Constructive controversy and guanxi relationships for disaster recovery. International Journal of Conflict Management."
"WPR-184","Asia - East Asia","China","Sichuan Province","unknown (multiple)","Baihua village","other","Earthquake","unknown","completed","unknown","B","LPRH I (Bower & Weerasinghe 2021; English literature)","PDD/Kaldor Centre/IOM Global Dataset of Planned Relocation Cases (Leaving Place, Restoring Home I & II), metadata last edited 9 June 2021","https://docs.google.com/spreadsheets/d/1pDR-t1hVApqJiVk6E5DJ7TN0cOtXJiKvS1w8QIP149o/edit#gid=1611800107","187","Dunford, M., & Li, L. (2011). Earthquake reconstruction in Wenchuan: Assessing the state overall plan and addressing the ‘forgotten phase’. Applied Geography, 31(3), 998-1009."
"WPR-185","Asia - East Asia","China","Sichuan Province","Deyang City (multiple)","150 Sites","other","Earthquake","unknown","completed","unknown","D","LPRH I (Bower & Weerasinghe 2021; English literature)","PDD/Kaldor Centre/IOM Global Dataset of Planned Relocation Cases (Leaving Place, Restoring Home I & II), metadata last edited 9 June 2021","https://docs.google.com/spreadsheets/d/1pDR-t1hVApqJiVk6E5DJ7TN0cOtXJiKvS1w8QIP149o/edit#gid=1611800107","188","Liu, Q., Zhou, H., Zhou, H., Yang, Y., Yang, X., Yu, L., ... & Ma, X. (2011). Health behaviors of victims and related factors in Wenchuan earthquake resettlement sites. Annals of epidemiology, 21(3), 221-229. || Ge, Y., Gu, Y., & Deng, W. (2010). Evaluating China’s national post-disaster plans: The 2008 Wenchuan earthquake’s recovery and reconstruction planning. International Journal of Disaster Risk Science, 1(2), 17-27. || Chen, Y., He, L., & Zhou, D. (2020). Consequences of post-disaster policies and relocation approaches: two communities from rural China. Disaster Prevention and Management: An International Journal."
"WPR-186","Asia - East Asia","China","Wushan–Zigui","Badong","Huangdupo;Xirangkou (6k away)","landslide","Landslide","unknown","completed","unknown","A","LPRH I (Bower & Weerasinghe 2021; English literature)","PDD/Kaldor Centre/IOM Global Dataset of Planned Relocation Cases (Leaving Place, Restoring Home I & II), metadata last edited 9 June 2021","https://docs.google.com/spreadsheets/d/1pDR-t1hVApqJiVk6E5DJ7TN0cOtXJiKvS1w8QIP149o/edit#gid=1611800107","189","Fourniadis, I. G., & Liu, J. G. (2007). Landslides in the Wushan–Zigui region of the Three Gorges, China. Quarterly journal of engineering geology and hydrogeology, 40(2), 115-122."
"WPR-187","Asia - East Asia","China","Yushu Tibetan Prefecture","Higher Batang (multiple)","Bajicun, Jyekundo (host community + 4 pastoral communities)","other","Earthquake","unknown","completed","unknown","B","LPRH I (Bower & Weerasinghe 2021; English literature)","PDD/Kaldor Centre/IOM Global Dataset of Planned Relocation Cases (Leaving Place, Restoring Home I & II), metadata last edited 9 June 2021","https://docs.google.com/spreadsheets/d/1pDR-t1hVApqJiVk6E5DJ7TN0cOtXJiKvS1w8QIP149o/edit#gid=1611800107","190","Chies, M. (2018). Post-Disaster Development among Yushu Peri-Urban Nomads: Local Agency, Risk Perception and Legal Framework (Qinghai Province, PRC). Nomadic Peoples, 22(2), 222-248."
"WPR-188","Asia - East Asia","Japan","Chuetsu","Ojiya City","unknown","other","Earthquake","unknown","completed","unknown","A","LPRH I (Bower & Weerasinghe 2021; English literature)","PDD/Kaldor Centre/IOM Global Dataset of Planned Relocation Cases (Leaving Place, Restoring Home I & II), metadata last edited 9 June 2021","https://docs.google.com/spreadsheets/d/1pDR-t1hVApqJiVk6E5DJ7TN0cOtXJiKvS1w8QIP149o/edit#gid=1611800107","191","Iuchi, K. (2014). Planning resettlement after disasters. Journal of the American Planning Association, 80(4), 413-425."
"WPR-189","Asia - East Asia","Japan","Tohoku","Higashimatshishima, Tsukihama","Tsukihama","other","Tsunami","unknown","completed","unknown","A","LPRH I (Bower & Weerasinghe 2021; English literature)","PDD/Kaldor Centre/IOM Global Dataset of Planned Relocation Cases (Leaving Place, Restoring Home I & II), metadata last edited 9 June 2021","https://docs.google.com/spreadsheets/d/1pDR-t1hVApqJiVk6E5DJ7TN0cOtXJiKvS1w8QIP149o/edit#gid=1611800107","192","Pinter, N., Ishiwateri, M., Nonoguchi, A., Tanaka, Y., Casagrande, D., Durden, S., & Rees, J. (2019). Large-scale managed retreat and structural protection following the 2011 Japan tsunami. Natural Hazards, 96(3), 1429-1436."
"WPR-190","Asia - East Asia","Japan","Tohoku","Higashimatshishima, Ohama","Ohama","other","Tsunami","unknown","completed","unknown","A","LPRH I (Bower & Weerasinghe 2021; English literature)","PDD/Kaldor Centre/IOM Global Dataset of Planned Relocation Cases (Leaving Place, Restoring Home I & II), metadata last edited 9 June 2021","https://docs.google.com/spreadsheets/d/1pDR-t1hVApqJiVk6E5DJ7TN0cOtXJiKvS1w8QIP149o/edit#gid=1611800107","193","Pinter, N., Ishiwateri, M., Nonoguchi, A., Tanaka, Y., Casagrande, D., Durden, S., & Rees, J. (2019). Large-scale managed retreat and structural protection following the 2011 Japan tsunami. Natural Hazards, 96(3), 1429-1436."
"WPR-191","Asia - East Asia","Japan","Tohoku","Higashimatshishima, Murohama","Murohama","other","Tsunami","unknown","completed","unknown","A","LPRH I (Bower & Weerasinghe 2021; English literature)","PDD/Kaldor Centre/IOM Global Dataset of Planned Relocation Cases (Leaving Place, Restoring Home I & II), metadata last edited 9 June 2021","https://docs.google.com/spreadsheets/d/1pDR-t1hVApqJiVk6E5DJ7TN0cOtXJiKvS1w8QIP149o/edit#gid=1611800107","194","Pinter, N., Ishiwateri, M., Nonoguchi, A., Tanaka, Y., Casagrande, D., Durden, S., & Rees, J. (2019). Large-scale managed retreat and structural protection following the 2011 Japan tsunami. Natural Hazards, 96(3), 1429-1436."
"WPR-192","Asia - East Asia","Japan","Tohoku","Higashimatshishima, Nobiru","Nobiru","other","Tsunami","unknown","completed","unknown","A","LPRH I (Bower & Weerasinghe 2021; English literature)","PDD/Kaldor Centre/IOM Global Dataset of Planned Relocation Cases (Leaving Place, Restoring Home I & II), metadata last edited 9 June 2021","https://docs.google.com/spreadsheets/d/1pDR-t1hVApqJiVk6E5DJ7TN0cOtXJiKvS1w8QIP149o/edit#gid=1611800107","195","Pinter, N., Ishiwateri, M., Nonoguchi, A., Tanaka, Y., Casagrande, D., Durden, S., & Rees, J. (2019). Large-scale managed retreat and structural protection following the 2011 Japan tsunami. Natural Hazards, 96(3), 1429-1436."
"WPR-193","Asia - East Asia","Japan","Tohoku","Higashimatshishima, Ushiami","Ushiami","other","Tsunami","unknown","completed","unknown","A","LPRH I (Bower & Weerasinghe 2021; English literature)","PDD/Kaldor Centre/IOM Global Dataset of Planned Relocation Cases (Leaving Place, Restoring Home I & II), metadata last edited 9 June 2021","https://docs.google.com/spreadsheets/d/1pDR-t1hVApqJiVk6E5DJ7TN0cOtXJiKvS1w8QIP149o/edit#gid=1611800107","196","Pinter, N., Ishiwateri, M., Nonoguchi, A., Tanaka, Y., Casagrande, D., Durden, S., & Rees, J. (2019). Large-scale managed retreat and structural protection following the 2011 Japan tsunami. Natural Hazards, 96(3), 1429-1436."
"WPR-194","Asia - East Asia","Japan","Tohoku","Higashimatshishima, Yamoto-Nishi","Yamoto-Nishi","other","Tsunami","unknown","completed","unknown","A","LPRH I (Bower & Weerasinghe 2021; English literature)","PDD/Kaldor Centre/IOM Global Dataset of Planned Relocation Cases (Leaving Place, Restoring Home I & II), metadata last edited 9 June 2021","https://docs.google.com/spreadsheets/d/1pDR-t1hVApqJiVk6E5DJ7TN0cOtXJiKvS1w8QIP149o/edit#gid=1611800107","197","Pinter, N., Ishiwateri, M., Nonoguchi, A., Tanaka, Y., Casagrande, D., Durden, S., & Rees, J. (2019). Large-scale managed retreat and structural protection following the 2011 Japan tsunami. Natural Hazards, 96(3), 1429-1436."
"WPR-195","Asia - East Asia","Japan","Tohoku","Higashimatshishima, Aoi","Aoi","other","Tsunami","unknown","completed","unknown","A","LPRH I (Bower & Weerasinghe 2021; English literature)","PDD/Kaldor Centre/IOM Global Dataset of Planned Relocation Cases (Leaving Place, Restoring Home I & II), metadata last edited 9 June 2021","https://docs.google.com/spreadsheets/d/1pDR-t1hVApqJiVk6E5DJ7TN0cOtXJiKvS1w8QIP149o/edit#gid=1611800107","198","Pinter, N., Ishiwateri, M., Nonoguchi, A., Tanaka, Y., Casagrande, D., Durden, S., & Rees, J. (2019). Large-scale managed retreat and structural protection following the 2011 Japan tsunami. Natural Hazards, 96(3), 1429-1436."
"WPR-196","Asia - East Asia","Japan","Tohoku","Higashimatshishima (multiple)","Nikkori Danchi designed as mixed community for residents from anywhere)","other","Tsunami","unknown","completed","unknown","B","LPRH I (Bower & Weerasinghe 2021; English literature)","PDD/Kaldor Centre/IOM Global Dataset of Planned Relocation Cases (Leaving Place, Restoring Home I & II), metadata last edited 9 June 2021","https://docs.google.com/spreadsheets/d/1pDR-t1hVApqJiVk6E5DJ7TN0cOtXJiKvS1w8QIP149o/edit#gid=1611800107","199","Pinter, N., Ishiwateri, M., Nonoguchi, A., Tanaka, Y., Casagrande, D., Durden, S., & Rees, J. (2019). Large-scale managed retreat and structural protection following the 2011 Japan tsunami. Natural Hazards, 96(3), 1429-1436."
"WPR-197","Asia - East Asia","Japan","Tohoku","Ofunato City","Multiple","other","Tsunami","unknown","completed","unknown","C","LPRH I (Bower & Weerasinghe 2021; English literature)","PDD/Kaldor Centre/IOM Global Dataset of Planned Relocation Cases (Leaving Place, Restoring Home I & II), metadata last edited 9 June 2021","https://docs.google.com/spreadsheets/d/1pDR-t1hVApqJiVk6E5DJ7TN0cOtXJiKvS1w8QIP149o/edit#gid=1611800107","200","Ubaura, M. (2018). Changes in Land Use After the Great East Japan Earthquake and Related Issues of Urban Form. In The 2011 Japan Earthquake and Tsunami: Reconstruction and Restoration (pp. 183-203). Springer, Cham."
"WPR-198","Asia - East Asia","Japan","Tohoku","Fukushima (multiple)","Multiple","other","Tsunami","unknown","completed","unknown","D","LPRH I (Bower & Weerasinghe 2021; English literature)","PDD/Kaldor Centre/IOM Global Dataset of Planned Relocation Cases (Leaving Place, Restoring Home I & II), metadata last edited 9 June 2021","https://docs.google.com/spreadsheets/d/1pDR-t1hVApqJiVk6E5DJ7TN0cOtXJiKvS1w8QIP149o/edit#gid=1611800107","201","Moriyama, N., Iwasa, H., Tsubokura, M., Kuroda, Y., & Yasumura, S. (2019). Living in the Restoration Public Housing after the Great East Japan Earthquake Correlates with Lower Subjective Well-Being of Older Adults. International journal of environmental research and public health, 16(15), 2696."
"WPR-199","Asia - East Asia","Japan","Tohoku","Ishionomaki (multiple)","Multiple","other","Tsunami","unknown","completed","unknown","D","LPRH I (Bower & Weerasinghe 2021; English literature)","PDD/Kaldor Centre/IOM Global Dataset of Planned Relocation Cases (Leaving Place, Restoring Home I & II), metadata last edited 9 June 2021","https://docs.google.com/spreadsheets/d/1pDR-t1hVApqJiVk6E5DJ7TN0cOtXJiKvS1w8QIP149o/edit#gid=1611800107","202","Ubaura, M. (2018). Changes in Land Use After the Great East Japan Earthquake and Related Issues of Urban Form. In The 2011 Japan Earthquake and Tsunami: Reconstruction and Restoration (pp. 183-203). Springer, Cham. || Ubaura, M., Miyakawa, M., & Nieda, J. (2016). Land Use Change after Large Scale Disasters a Case Study of Urban Area of Ishinomaki City after the Great East Japan Earthquake. Procedia engineering, 161, 2209-2216."
"WPR-200","Asia - East Asia","Japan","Tohoku","Iwanuma (multiple)","Multiple","other","Tsunami","unknown","completed","unknown","D","LPRH I (Bower & Weerasinghe 2021; English literature)","PDD/Kaldor Centre/IOM Global Dataset of Planned Relocation Cases (Leaving Place, Restoring Home I & II), metadata last edited 9 June 2021","https://docs.google.com/spreadsheets/d/1pDR-t1hVApqJiVk6E5DJ7TN0cOtXJiKvS1w8QIP149o/edit#gid=1611800107","203","Ubaura, M. (2018). Changes in Land Use After the Great East Japan Earthquake and Related Issues of Urban Form. In The 2011 Japan Earthquake and Tsunami: Reconstruction and Restoration (pp. 183-203). Springer, Cham. || Hikichi, H., Sawada, Y., Tsuboya, T., Aida, J., Kondo, K., Koyama, S., & Kawachi, I. (2017). Residential relocation and change in social capital: A natural experiment from the 2011 Great East Japan Earthquake and Tsunami. Science advances, 3(7), e1700426."
"WPR-201","Asia - East Asia","Japan","Tohoku","unknown","unknown","other","Tsunami","unknown","ongoing","unknown","unknown","LPRH I (Bower & Weerasinghe 2021; English literature)","PDD/Kaldor Centre/IOM Global Dataset of Planned Relocation Cases (Leaving Place, Restoring Home I & II), metadata last edited 9 June 2021","https://docs.google.com/spreadsheets/d/1pDR-t1hVApqJiVk6E5DJ7TN0cOtXJiKvS1w8QIP149o/edit#gid=1611800107","204","Hsu, M., Okada, T., Mori, S., & Howitt, R. (2019). Resettling, disconnecting or displacing? Attending to local sociality, culture and history in disaster settings. Asia Pacific Viewpoint, 60(2), 163-174. || Norio, M. (2015). Long-term recovery from the 2011 Great East Japan earthquake and tsunami disaster. In Post-Tsunami Hazard (pp. 1-13). Springer, Cham. || Iuchi, K., & Olshansky, R. (2018). Revisiting Tohoku’s 5-Year Recovery: Community Rebuilding Policies, Programs and Implementation. In The 2011 Japan Earthquake and Tsunami: Reconstruction and Restoration (pp. 91-111). Springer, Cham. || Akimoto, F. (2018). The problems of plan-making: Reconstruction plans after the Great East Japan Earthquake. In The 2011 Japan Earthquake and Tsunami: Reconstruction and Restoration (pp. 21-36). Springer, Cham. || Nagamatsu, S. (2018). Building back a better Tohoku after the March 2011 tsunami: Contradicting evidence. In The 2011 Japan Earthquake and Tsunami: Reconstruction and Restoration (pp. 37-54). Springer, Cham. || Kondo, T. (2018). Planning challenges for housing and built environment recovery after the great East Japan earthquake: collaborative planning and management go beyond government-driven redevelopment projects. In The 2011 Japan Earthquake and Tsunami: Reconstruction and Restoration (pp. 155-169). Springer, Cham. || Ong, J. M., Jamero, M. L., Esteban, M., Honda, R., & Onuki, M. (2016). Challenges in build-back-better housing reconstruction programs for coastal disaster management: case of Tacloban City, Philippines. Coastal Engineering Journal, 58(01), 1640010. || Ubaura, M. (2018). Changes in Land Use After the Great East Japan Earthquake and Related Issues of Urban Form. In The 2011 Japan Earthquake and Tsunami: Reconstruction and Restoration (pp. 183-203). Springer, Cham. || Kondo, A. (2018). The effects of supply chain disruptions caused by the Great East Japan Earthquake on workers. Japan and the World Economy, 47, 40-50. || Pinter, N., Ishiwateri, M., Nonoguchi, A., Tanaka, Y., Casagrande, D., Durden, S., & Rees, J. (2019). Large-scale managed retreat and structural protection following the 2011 Japan tsunami. Natural Hazards, 96(3), 1429-1436. || Iuchi, K., & Mutter, J. (2020). Governing community relocation after major disasters: Reflections on three different approaches and its outcomes in Asia. Progress in Disaster Science, 100071."
"WPR-202","Asia - East Asia","Japan","Tohoku region, Fukushima prefecture","Shinchi","unknown","other","Tsunami","unknown","completed","unknown","unknown","LPRH I (Bower & Weerasinghe 2021; English literature)","PDD/Kaldor Centre/IOM Global Dataset of Planned Relocation Cases (Leaving Place, Restoring Home I & II), metadata last edited 9 June 2021","https://docs.google.com/spreadsheets/d/1pDR-t1hVApqJiVk6E5DJ7TN0cOtXJiKvS1w8QIP149o/edit#gid=1611800107","205","Uehara, M. (2019). HOLISTIC LANDSCAPE PLANNINGS VALUE FOR NATURAL DISASTER RECONSTRUCTION: WILLINGNESS TO PAY FOR NEW RESIDENCE IN DIFFERENT RECONSTRUCTION PLANNING APPROACHES. International Journal, 16(56), 92-97."
"WPR-203","Asia - East Asia","Taiwan","Chiayi","Alishan (multiple)","20k away","cyclone/storm","Storm","unknown","completed","unknown","B","LPRH I (Bower & Weerasinghe 2021; English literature)","PDD/Kaldor Centre/IOM Global Dataset of Planned Relocation Cases (Leaving Place, Restoring Home I & II), metadata last edited 9 June 2021","https://docs.google.com/spreadsheets/d/1pDR-t1hVApqJiVk6E5DJ7TN0cOtXJiKvS1w8QIP149o/edit#gid=1611800107","206","Lin, P. S. S., & Lin, W. C. (2020). Rebuilding Relocated Tribal Communities Better via Culture: Livelihood and Social Resilience for Disaster Risk Reduction. Sustainability, 12(11), 4538."
"WPR-204","Asia - East Asia","Taiwan","Kaohsiung","Kaohsiung City (multiple)","unknown","cyclone/storm","Storm","unknown","completed","unknown","B","LPRH I (Bower & Weerasinghe 2021; English literature)","PDD/Kaldor Centre/IOM Global Dataset of Planned Relocation Cases (Leaving Place, Restoring Home I & II), metadata last edited 9 June 2021","https://docs.google.com/spreadsheets/d/1pDR-t1hVApqJiVk6E5DJ7TN0cOtXJiKvS1w8QIP149o/edit#gid=1611800107","207","Lin, J. J., & Lin, W. I. (2016). Cultural issues in post‐disaster reconstruction: the case of Typhoon Morakot in Taiwan. Disasters, 40(4), 668-692."
"WPR-205","Asia - East Asia","Taiwan","Pingtung","Sandimen (two villages - Dawadawan and Tikuvulu)","Lily Tribal Community","cyclone/storm","Storm","unknown","completed","unknown","B","LPRH I (Bower & Weerasinghe 2021; English literature)","PDD/Kaldor Centre/IOM Global Dataset of Planned Relocation Cases (Leaving Place, Restoring Home I & II), metadata last edited 9 June 2021","https://docs.google.com/spreadsheets/d/1pDR-t1hVApqJiVk6E5DJ7TN0cOtXJiKvS1w8QIP149o/edit#gid=1611800107","208","Taiban, S., Lin, H. N., & Ko, C. C. (2020). Disaster, relocation, and resilience: recovery and adaptation of Karamemedesane in Lily Tribal Community after Typhoon Morakot, Taiwan. Environmental Hazards, 19(2), 209-222. || Lin, K. H. E., Khan, S., Acosta, L. A., Alaniz, R., & Olanya, D. R. (2020). The dynamism of post disaster risk communication: A cross-country synthesis. International Journal of Disaster Risk Reduction, 48 doi:10.1016/j.ijdrr.2020.101556 || Hsu, M., Howitt, R., & Miller F. (2015). Procedural Vulnerability and Institutional Capacity Deficits in Post-Disaster Recovery and Reconstruction: Insights from Wutai Rukai Experiences of Typhoon Morakot. Human Organization, 74(4), 308-318. http://dx.doi.org/10.17730/0018-7259-74.4.308 || Taiban, S., Gau, H. S., Chung, C. Y., Liao, S. W., & Lai, W. L. (2013). A strategy of Sustainable Environment Management: the Case Study of Wutai Township in Taiwan. In Advanced Materials Research (Vol. 684, pp. 207-211). Trans Tech Publications Ltd."
"WPR-206","Asia - East Asia","Taiwan","Pingtung","Wutai (multiple)","unknown","cyclone/storm","Storm","unknown","completed","unknown","B","LPRH I (Bower & Weerasinghe 2021; English literature)","PDD/Kaldor Centre/IOM Global Dataset of Planned Relocation Cases (Leaving Place, Restoring Home I & II), metadata last edited 9 June 2021","https://docs.google.com/spreadsheets/d/1pDR-t1hVApqJiVk6E5DJ7TN0cOtXJiKvS1w8QIP149o/edit#gid=1611800107","209","Taiban, S., Lin, H. N., & Ko, C. C. (2020). Disaster, relocation, and resilience: recovery and adaptation of Karamemedesane in Lily Tribal Community after Typhoon Morakot, Taiwan. Environmental Hazards, 19(2), 209-222. || Lin, K. H. E., Khan, S., Acosta, L. A., Alaniz, R., & Olanya, D. R. (2020). The dynamism of post disaster risk communication: A cross-country synthesis. International Journal of Disaster Risk Reduction, 48 doi:10.1016/j.ijdrr.2020.101556 || Hsu, M., Howitt, R., & Miller F. (2015). Procedural Vulnerability and Institutional Capacity Deficits in Post-Disaster Recovery and Reconstruction: Insights from Wutai Rukai Experiences of Typhoon Morakot. Human Organization, 74(4), 308-318. http://dx.doi.org/10.17730/0018-7259-74.4.308 || Hsu, M. (2016). Lost, Found and Troubled in Translation: Reconsidering imagined Indigenous “communities” in post-disaster Taiwan settings. AlterNative: An International Journal of Indigenous Peoples, 12(1), 71-85. || Taiban, S., Gau, H. S., Chung, C. Y., Liao, S. W., & Lai, W. L. (2013). A strategy of Sustainable Environment Management: the Case Study of Wutai Township in Taiwan. In Advanced Materials Research (Vol. 684, pp. 207-211). Trans Tech Publications Ltd."
"WPR-207","Asia - East Asia","Taiwan","Rinari","Kucapungane","unknown","cyclone/storm","Storm","unknown","completed","unknown","A","LPRH I (Bower & Weerasinghe 2021; English literature)","PDD/Kaldor Centre/IOM Global Dataset of Planned Relocation Cases (Leaving Place, Restoring Home I & II), metadata last edited 9 June 2021","https://docs.google.com/spreadsheets/d/1pDR-t1hVApqJiVk6E5DJ7TN0cOtXJiKvS1w8QIP149o/edit#gid=1611800107","210","Taiban, S. (2013). From Rekai to Labelabe: Disaster and relocation on the example of Kucapungane, Taiwan. Anthropological Notebooks, 19(1). || Huang, S. M. (2018). Heritage and postdisaster recovery: Indigenous community resilience. Natural Hazards Review, 19(4), 05018008."
"WPR-208","Asia - Central Asia","Tajikistan","Khatlon Province","Fayzobod","Fayzobod (within same community)","flood","Flood","unknown","completed","unknown","A","LPRH I (Bower & Weerasinghe 2021; English literature)","PDD/Kaldor Centre/IOM Global Dataset of Planned Relocation Cases (Leaving Place, Restoring Home I & II), metadata last edited 9 June 2021","https://docs.google.com/spreadsheets/d/1pDR-t1hVApqJiVk6E5DJ7TN0cOtXJiKvS1w8QIP149o/edit#gid=1611800107","211","Olimova, S., & Olimov, M. A. (2012). Environmental degradation, migration, internal displacement, and rural vulnerabilities in Tajikistan. International Organization for Migration."
"WPR-209","Asia - Central Asia","Tajikistan","Khatlon Province","Fayzobod","Fayzobod (within same community)","flood","Flood","unknown","completed","unknown","A","LPRH I (Bower & Weerasinghe 2021; English literature)","PDD/Kaldor Centre/IOM Global Dataset of Planned Relocation Cases (Leaving Place, Restoring Home I & II), metadata last edited 9 June 2021","https://docs.google.com/spreadsheets/d/1pDR-t1hVApqJiVk6E5DJ7TN0cOtXJiKvS1w8QIP149o/edit#gid=1611800107","212","Olimova, S., & Olimov, M. A. (2012). Environmental degradation, migration, internal displacement, and rural vulnerabilities in Tajikistan. International Organization for Migration."
"WPR-210","Asia - Central Asia","Tajikistan","Khatlon Province","Tagnob","Kondara","flood","Flood","unknown","completed","unknown","B","LPRH I (Bower & Weerasinghe 2021; English literature)","PDD/Kaldor Centre/IOM Global Dataset of Planned Relocation Cases (Leaving Place, Restoring Home I & II), metadata last edited 9 June 2021","https://docs.google.com/spreadsheets/d/1pDR-t1hVApqJiVk6E5DJ7TN0cOtXJiKvS1w8QIP149o/edit#gid=1611800107","213","Olimova, S., & Olimov, M. A. (2012). Environmental degradation, migration, internal displacement, and rural vulnerabilities in Tajikistan. International Organization for Migration."
"WPR-211","Asia - Central Asia","Tajikistan","Khatlon Province","Dashtigullo","Kondara","flood","Flood","unknown","completed","unknown","B","LPRH I (Bower & Weerasinghe 2021; English literature)","PDD/Kaldor Centre/IOM Global Dataset of Planned Relocation Cases (Leaving Place, Restoring Home I & II), metadata last edited 9 June 2021","https://docs.google.com/spreadsheets/d/1pDR-t1hVApqJiVk6E5DJ7TN0cOtXJiKvS1w8QIP149o/edit#gid=1611800107","214","Olimova, S., & Olimov, M. A. (2012). Environmental degradation, migration, internal displacement, and rural vulnerabilities in Tajikistan. International Organization for Migration."
"WPR-212","Asia - Central Asia","Tajikistan","Khatlon Province","Kirov","Kondara","flood","Flood","unknown","completed","unknown","B","LPRH I (Bower & Weerasinghe 2021; English literature)","PDD/Kaldor Centre/IOM Global Dataset of Planned Relocation Cases (Leaving Place, Restoring Home I & II), metadata last edited 9 June 2021","https://docs.google.com/spreadsheets/d/1pDR-t1hVApqJiVk6E5DJ7TN0cOtXJiKvS1w8QIP149o/edit#gid=1611800107","215","Olimova, S., & Olimov, M. A. (2012). Environmental degradation, migration, internal displacement, and rural vulnerabilities in Tajikistan. International Organization for Migration."
"WPR-213","Asia - Central Asia","Tajikistan","Khatlon Province","Turdiyev","Kondara","flood","Flood","unknown","completed","unknown","B","LPRH I (Bower & Weerasinghe 2021; English literature)","PDD/Kaldor Centre/IOM Global Dataset of Planned Relocation Cases (Leaving Place, Restoring Home I & II), metadata last edited 9 June 2021","https://docs.google.com/spreadsheets/d/1pDR-t1hVApqJiVk6E5DJ7TN0cOtXJiKvS1w8QIP149o/edit#gid=1611800107","216","Olimova, S., & Olimov, M. A. (2012). Environmental degradation, migration, internal displacement, and rural vulnerabilities in Tajikistan. International Organization for Migration."
"WPR-214","Americas - South America","Argentina","7 provinces (Buenor Aires, Chaco, Corrientes, Entre Rios, Formosa, Misiones, Santa Fe) - banks of the Parana, Paraguay, and Uruguay rivers","Multiple","Multiple","flood","Flood","unknown","completed","unknown","D","LPRH I (Bower & Weerasinghe 2021; English literature)","PDD/Kaldor Centre/IOM Global Dataset of Planned Relocation Cases (Leaving Place, Restoring Home I & II), metadata last edited 9 June 2021","https://docs.google.com/spreadsheets/d/1pDR-t1hVApqJiVk6E5DJ7TN0cOtXJiKvS1w8QIP149o/edit#gid=1611800107","217","The World Bank. Preventive resettlement of populations at risk of disaster: experiences from Latin America. (The World Bank and Global Facility for Disaster Risk and Recovery, 2011)."
"WPR-215","Americas - South America","Argentina","Autonomous City of Buenos Aires","villa 21-24 de Barracas (commune 4)","Multiple (urban complex Padre Mugica in commune 8)","flood","Flood","unknown","ongoing","unknown","unknown","LPRH II (Mokhnacheva 2021; French/Spanish/Portuguese literature)","PDD/Kaldor Centre/IOM Global Dataset of Planned Relocation Cases (Leaving Place, Restoring Home I & II), metadata last edited 9 June 2021","https://docs.google.com/spreadsheets/d/1pDR-t1hVApqJiVk6E5DJ7TN0cOtXJiKvS1w8QIP149o/edit#gid=1611800107","218","Fainstein, C.. (2018). Las relocalizaciones masivas de población en los estudios urbanos. Aportes desde la experiencia de un asentamiento informal en la ribera del Riachuelo. Cuaderno urbano, 24(24), 93-116. https://dx.doi.org/10.30972/crn.24242923"
"WPR-216","Americas - South America","Argentina","Buenos Aires Province","La Plata (Ringuelet neighbourhood)","Barrio Nuevo","flood","Riverine flood","unknown","completed","unknown","A","LPRH II (Mokhnacheva 2021; French/Spanish/Portuguese literature)","PDD/Kaldor Centre/IOM Global Dataset of Planned Relocation Cases (Leaving Place, Restoring Home I & II), metadata last edited 9 June 2021","https://docs.google.com/spreadsheets/d/1pDR-t1hVApqJiVk6E5DJ7TN0cOtXJiKvS1w8QIP149o/edit#gid=1611800107","219","Aversa, M., Rotger, D., & Senise, F. (2020). Vivir en las márgenes del riesgo. Inundación y resiliencia en La Plata. Bitácora Urbano Territorial, 30(3), 219-232. https://doi.org/10.15446/bitacora.v30n3.86792 || Bernat, M. (2020). Modos de habitar y políticas públicas - Ways of inhabiting and public policies: Relocalización de un asentamiento en La Plata, Argentina. Estudios Demográficos Y Urbanos, 35(3 (105)), 727-760. doi:10.2307/26928158 || Aversa, M., Rotger, D., & Senise, F. (2020). Vivir en las márgenes del riesgo. Inundación y resiliencia en La Plata. Bitácora Urbano Territorial, 30(3), 219-232. Epub December 09, 2020. || Bernat, M. S., Díaz Larrañaga, N., & Cravino, M. C. (2019). Habitar un Barrio Nuevo. El Caso de la Relocalización del Arroyo el Gato (La Plata). Investigación Joven, 6(Especial), 195."
"WPR-217","Americas - South America","Argentina","Buenos Aires Province","Luján","unknown","flood","Flood","unknown","ongoing","unknown","unknown","LPRH II (Mokhnacheva 2021; French/Spanish/Portuguese literature)","PDD/Kaldor Centre/IOM Global Dataset of Planned Relocation Cases (Leaving Place, Restoring Home I & II), metadata last edited 9 June 2021","https://docs.google.com/spreadsheets/d/1pDR-t1hVApqJiVk6E5DJ7TN0cOtXJiKvS1w8QIP149o/edit#gid=1611800107","220","International Organization for Migration. (2017). Migraciones, Ambiente Y Cambio Climático: Estudios de Caso en America del Sur. IOM"
"WPR-218","Americas - South America","Bolivia","La Paz","Alto Llojeta","El Alto (Cristal II, Palermo)","landslide","Landslide","unknown","completed","unknown","unknown","LPRH II (Mokhnacheva 2021; French/Spanish/Portuguese literature)","PDD/Kaldor Centre/IOM Global Dataset of Planned Relocation Cases (Leaving Place, Restoring Home I & II), metadata last edited 9 June 2021","https://docs.google.com/spreadsheets/d/1pDR-t1hVApqJiVk6E5DJ7TN0cOtXJiKvS1w8QIP149o/edit#gid=1611800107","221","Hardy, S., & Combaz, É. (2009). Albergues y reubicación de los damnificados. Experiencias paceñas en gestión de crisis y vulnerabilidad. Bulletin de l'Institut français d'études andines, 38 (3 https://doi.org/10.4000/bifea.2482"
"WPR-219","Americas - South America","Bolivia","La Paz","La Paz","El Alto (Cristal I, Cristal II, Palermo)","cyclone/storm","Storm","unknown","completed","unknown","unknown","LPRH II (Mokhnacheva 2021; French/Spanish/Portuguese literature)","PDD/Kaldor Centre/IOM Global Dataset of Planned Relocation Cases (Leaving Place, Restoring Home I & II), metadata last edited 9 June 2021","https://docs.google.com/spreadsheets/d/1pDR-t1hVApqJiVk6E5DJ7TN0cOtXJiKvS1w8QIP149o/edit#gid=1611800107","222","Hardy, S., & Combaz, É. (2009). Albergues y reubicación de los damnificados. Experiencias paceñas en gestión de crisis y vulnerabilidad. Bulletin de l'Institut français d'études andines, 38 (3 https://doi.org/10.4000/bifea.2482"
"WPR-220","Americas - South America","Bolivia","Pando Department","Bolpebra","Bolpebra (higher grounds)","flood","Riverine flood","unknown","completed","unknown","A","LPRH II (Mokhnacheva 2021; French/Spanish/Portuguese literature)","PDD/Kaldor Centre/IOM Global Dataset of Planned Relocation Cases (Leaving Place, Restoring Home I & II), metadata last edited 9 June 2021","https://docs.google.com/spreadsheets/d/1pDR-t1hVApqJiVk6E5DJ7TN0cOtXJiKvS1w8QIP149o/edit#gid=1611800107","223","International Organization for Migration. (2017). Migración - Cambio Climático: desde la perspectiva de la gestión de riesgos de desastres en los municipios de Bolpebra, San Ignacio de Moxos y Santa Ana del Yacuma. IOM"
"WPR-221","Americas - South America","Bolivia","Santa Cruz","Santa Cruz de la Sierra (East)","Area ""Plan 3000"" (South of the city)","flood","Riverine flood","unknown","completed","unknown","unknown","LPRH II (Mokhnacheva 2021; French/Spanish/Portuguese literature)","PDD/Kaldor Centre/IOM Global Dataset of Planned Relocation Cases (Leaving Place, Restoring Home I & II), metadata last edited 9 June 2021","https://docs.google.com/spreadsheets/d/1pDR-t1hVApqJiVk6E5DJ7TN0cOtXJiKvS1w8QIP149o/edit#gid=1611800107","224","Antelo, S. G., (1985). El caso del Plan 3.000 de Santa Cruz de la Sierra, Bolivia. Un proyecto de reasentamiento humano en condiciones de emergencia. In Desastres y Sociedad en América Latina. Grupo Editores Latinoamérica."
"WPR-222","Americas - South America","Brazil","Sao Paulo","Sao Paulo","unknown","flood","Flood","unknown","completed","unknown","A","LPRH I (Bower & Weerasinghe 2021; English literature)","PDD/Kaldor Centre/IOM Global Dataset of Planned Relocation Cases (Leaving Place, Restoring Home I & II), metadata last edited 9 June 2021","https://docs.google.com/spreadsheets/d/1pDR-t1hVApqJiVk6E5DJ7TN0cOtXJiKvS1w8QIP149o/edit#gid=1611800107","225","The World Bank. Preventive resettlement of populations at risk of disaster: experiences from Latin America. (The World Bank and Global Facility for Disaster Risk and Recovery, 2011)."
"WPR-223","Americas - South America","Brazil","Acre State","multiple (river banks)","Multiple","flood","Riverine flood","unknown","completed","unknown","unknown","LPRH II (Mokhnacheva 2021; French/Spanish/Portuguese literature)","PDD/Kaldor Centre/IOM Global Dataset of Planned Relocation Cases (Leaving Place, Restoring Home I & II), metadata last edited 9 June 2021","https://docs.google.com/spreadsheets/d/1pDR-t1hVApqJiVk6E5DJ7TN0cOtXJiKvS1w8QIP149o/edit#gid=1611800107","226","International Organization for Migration. (2017). Migraciones, Ambiente Y Cambio Climático: Estudios de Caso en America del Sur. IOM"
"WPR-224","Americas - South America","Brazil","São Paulo","Parque Juliana","Safer sector within same community","landslide","Landslide","unknown","completed","unknown","A","LPRH II (Mokhnacheva 2021; French/Spanish/Portuguese literature)","PDD/Kaldor Centre/IOM Global Dataset of Planned Relocation Cases (Leaving Place, Restoring Home I & II), metadata last edited 9 June 2021","https://docs.google.com/spreadsheets/d/1pDR-t1hVApqJiVk6E5DJ7TN0cOtXJiKvS1w8QIP149o/edit#gid=1611800107","227","Winkhardt-Enz, R., da Silva, C. V., Pires Ramos, E. (2020). Percepção de risco e mobilidade humana: impressões sobre comunidades em territórios vulneráveis de São Paulo. Dialogos Socioambientais na Macrometrópole Paulista, 3(8), p. 59-62."
"WPR-225","Americas - South America","Brazil","State of Mato Grosso","Cuiabá (multiple)","Cuiabá (multiple)","flood","Riverine flood","unknown","ongoing","unknown","D","LPRH II (Mokhnacheva 2021; French/Spanish/Portuguese literature)","PDD/Kaldor Centre/IOM Global Dataset of Planned Relocation Cases (Leaving Place, Restoring Home I & II), metadata last edited 9 June 2021","https://docs.google.com/spreadsheets/d/1pDR-t1hVApqJiVk6E5DJ7TN0cOtXJiKvS1w8QIP149o/edit#gid=1611800107","228","Dias, L. C. (2012). Remoção da população de assentamentos precários e áreas de risco em Cuiabá-Mt. Argumentum, 4(1), 137–151. https://doi.org/10.18315/argumentum.v4i1.2950"
"WPR-226","Americas - South America","Brazil","State of São Paolo","Campinas (Jardim Florence)","Campinas (Jardim Bassoli, Residencial Sirius)","flood","Riverine flood","unknown","ongoing","unknown","C","LPRH II (Mokhnacheva 2021; French/Spanish/Portuguese literature)","PDD/Kaldor Centre/IOM Global Dataset of Planned Relocation Cases (Leaving Place, Restoring Home I & II), metadata last edited 9 June 2021","https://docs.google.com/spreadsheets/d/1pDR-t1hVApqJiVk6E5DJ7TN0cOtXJiKvS1w8QIP149o/edit#gid=1611800107","229","Ghirello, B., Astier, G., & Bueno, L. (2013, October 21-24). Habitação em Áreas de Risco de Campinas/SP: Avaliação e Propostas de Aprimoramento do Processo de Remoção e Reassentamento [Conference paper]. Encontro Latinoamericano de Edificações e Comunidades Sustentáveis, Curitiba, Brazil."
"WPR-227","Americas - South America","Brazil","State of São Paolo","Enseada da Baleia (Ilha do Cardoso)","Nova Enseada","other","Coastal erosion","unknown","completed","unknown","A","LPRH II (Mokhnacheva 2021; French/Spanish/Portuguese literature)","PDD/Kaldor Centre/IOM Global Dataset of Planned Relocation Cases (Leaving Place, Restoring Home I & II), metadata last edited 9 June 2021","https://docs.google.com/spreadsheets/d/1pDR-t1hVApqJiVk6E5DJ7TN0cOtXJiKvS1w8QIP149o/edit#gid=1611800107","230","Gini, G., Mendonça Cardoso, T., & Pires Ramos, E. (2020). Cuando los dos mares se encontraron: reubicación preventiva y autogestionada de la comunidad Nova Enseada en Brasil. Forced Migration Review, 64."
"WPR-228","Americas - South America","Chile","Biobío Region","Concepción (Aurora de Chile neighbourhood)","Multiple (CNT Angol, Parque Bicentenario)","other","Earthquake","unknown","ongoing","unknown","unknown","LPRH II (Mokhnacheva 2021; French/Spanish/Portuguese literature)","PDD/Kaldor Centre/IOM Global Dataset of Planned Relocation Cases (Leaving Place, Restoring Home I & II), metadata last edited 9 June 2021","https://docs.google.com/spreadsheets/d/1pDR-t1hVApqJiVk6E5DJ7TN0cOtXJiKvS1w8QIP149o/edit#gid=1611800107","231","Matus Madrid, C., Barraza Huaiquimilla, C., Vergara Andrade, C., & Ganter Solís, R. (2016). Renovación urbana y gentrificación post-catástrofe en Concepción: el caso Aurora de Chile. Revista de Urbanismo, (34), 89-110."
"WPR-229","Americas - South America","Chile","Biobío Region","Dichato","Dichato (Multiple)","other","Tsunami","unknown","completed","unknown","C","LPRH II (Mokhnacheva 2021; French/Spanish/Portuguese literature)","PDD/Kaldor Centre/IOM Global Dataset of Planned Relocation Cases (Leaving Place, Restoring Home I & II), metadata last edited 9 June 2021","https://docs.google.com/spreadsheets/d/1pDR-t1hVApqJiVk6E5DJ7TN0cOtXJiKvS1w8QIP149o/edit#gid=1611800107","232","Contreras Gatica, Y., & Arriagada Sickinger, C. (2016). Reconstrucción exclusionaria. Lo comunitario y las políticas públicas en ciudades menores e intermedias chilenas afectadas por el terremoto y tsunami del 27F 2010: Los casos de Constitución y Dichato. Revista de geografía Norte Grande, (64), 83-107. https://dx.doi.org/10.4067/S0718-34022016000200007"
"WPR-230","Americas - South America","Chile","Los Lagos","Chaiten","New Chaiten (10k north)","volcano","Volcanic eruption","unknown","completed","unknown","A","LPRH I (Bower & Weerasinghe 2021; English literature)","PDD/Kaldor Centre/IOM Global Dataset of Planned Relocation Cases (Leaving Place, Restoring Home I & II), metadata last edited 9 June 2021","https://docs.google.com/spreadsheets/d/1pDR-t1hVApqJiVk6E5DJ7TN0cOtXJiKvS1w8QIP149o/edit#gid=1611800107","233","Sandoval, V., Gonzalez-Muzzio, C., & Albornoz, C. (2017). Post-disaster Institutional and Community Responses: Uneven Outcomes on Environmental Justice and Resilience in Chaitén, Chile. In Environmental Justice and Urban Resilience in the Global South (pp. 79-94). Palgrave Macmillan, New York."
"WPR-231","Americas - South America","Chile","Maule Region","Constitución (La Poza district)","Constitución (multiple districts: Cerro Centinella, Quinta Gaete y Villa Los Verdes), and outside","other","Tsunami","unknown","completed","unknown","C","LPRH II (Mokhnacheva 2021; French/Spanish/Portuguese literature)","PDD/Kaldor Centre/IOM Global Dataset of Planned Relocation Cases (Leaving Place, Restoring Home I & II), metadata last edited 9 June 2021","https://docs.google.com/spreadsheets/d/1pDR-t1hVApqJiVk6E5DJ7TN0cOtXJiKvS1w8QIP149o/edit#gid=1611800107","234","Gatica, Y. D. C. C., & Benítez, M. B. (2015). Reconstrucción con capacidad de resiliencia: el casco histórico de la ciudad de Constitución y el sitio del desastre del terremoto y tsunami del 27 de febrero 2010. Revista INVI, 30(83), ág-79. || Contreras Gatica, Yasna, & Arriagada Sickinger, Carolina. (2016). Reconstrucción exclusionaria. Lo comunitario y las políticas públicas en ciudades menores e intermedias chilenas afectadas por el terremoto y tsunami del 27F 2010: Los casos de Constitución y Dichato. Revista de geografía Norte Grande, (64), 83-107. https://dx.doi.org/10.4067/S0718-34022016000200007 https://scielo.conicyt.cl/scielo.php?script=sci_arttext&pid=S0718-34022016000200007&lang=en"
"WPR-232","Americas - South America","Chile","Maule Region","Talca (Barrio Chorrillos, Las Herras)","Talca (suburbs, Barrio Norte)","other","Tsunami","unknown","completed","unknown","unknown","LPRH II (Mokhnacheva 2021; French/Spanish/Portuguese literature)","PDD/Kaldor Centre/IOM Global Dataset of Planned Relocation Cases (Leaving Place, Restoring Home I & II), metadata last edited 9 June 2021","https://docs.google.com/spreadsheets/d/1pDR-t1hVApqJiVk6E5DJ7TN0cOtXJiKvS1w8QIP149o/edit#gid=1611800107","235","Cárdenas Piñero, A., & Fuster Farfan, X. (2018). Desplazamientos en procesos de reconstrucción post catástrofe: El caso de Talca post-terremoto 27F. Revista AUS, 23, 34-41. || Inzulza-Contardo, J., & Díaz Parra, I. (2016). Desastres naturales, destrucción creativa y gentrificación: estudio de casos comparadosen Sevilla (España), Ciudad de México (México) y Talca (Chile). Revista de Geografía Norte Grande, 64, pp. 109-128. Pontificia Universidad Católica de Chile."
"WPR-233","Americas - South America","Colombia","North Santander","Gramalote","Miraflores","landslide","Landslide","unknown","ongoing","unknown","A","LPRH I (Bower & Weerasinghe 2021; English literature)","PDD/Kaldor Centre/IOM Global Dataset of Planned Relocation Cases (Leaving Place, Restoring Home I & II), metadata last edited 9 June 2021","https://docs.google.com/spreadsheets/d/1pDR-t1hVApqJiVk6E5DJ7TN0cOtXJiKvS1w8QIP149o/edit#gid=1611800107","236","Displacement Solutions. Climate Displacement and Planned Relocation in Colombia: The Case of Gramalote. August 2015. http://displacementsolutions.org/wpcontent/ uploads/2015/08/Colombia-final-Redux1.pdf || Oliver-Smith, A., & Arenas, C. (2017). Gramalote , Colombia : A displaced community in transition. Displacement Solutions."
"WPR-234","Americas - South America","Colombia","Andes","Aponte","not yet determined","other","Land subsidence","unknown","ongoing","unknown","A","LPRH I (Bower & Weerasinghe 2021; English literature)","PDD/Kaldor Centre/IOM Global Dataset of Planned Relocation Cases (Leaving Place, Restoring Home I & II), metadata last edited 9 June 2021","https://docs.google.com/spreadsheets/d/1pDR-t1hVApqJiVk6E5DJ7TN0cOtXJiKvS1w8QIP149o/edit#gid=1611800107","237","Staupe-Delgado, Reidar. ""Can community resettlement be considered a resilient move? Insights from a slow-onset disaster in the Colombian Andes."" The Journal of Development Studies 56.5 (2020): 1017-1029."
"WPR-235","Americas - South America","Colombia","Andes plateau","Medellin, Quebrada Juan Bobo neighborhood","unknown","unknown","unknown","unknown","completed","unknown","C","LPRH I (Bower & Weerasinghe 2021; English literature)","PDD/Kaldor Centre/IOM Global Dataset of Planned Relocation Cases (Leaving Place, Restoring Home I & II), metadata last edited 9 June 2021","https://docs.google.com/spreadsheets/d/1pDR-t1hVApqJiVk6E5DJ7TN0cOtXJiKvS1w8QIP149o/edit#gid=1611800107","238","Collado, J. R. N., & Wang, H. H. (2020). Slum upgrading and climate change adaptation and mitigation: Lessons from Latin America. Cities, 104, 102791."
"WPR-236","Americas - South America","Colombia","Bogota","(Rafael Uribe Uribe- SE Bogota)","El Caracol and Arborizadora Alta, and others","landslide","Landslide","unknown","completed","unknown","C","LPRH I (Bower & Weerasinghe 2021; English literature)","PDD/Kaldor Centre/IOM Global Dataset of Planned Relocation Cases (Leaving Place, Restoring Home I & II), metadata last edited 9 June 2021","https://docs.google.com/spreadsheets/d/1pDR-t1hVApqJiVk6E5DJ7TN0cOtXJiKvS1w8QIP149o/edit#gid=1611800107","239","Correa, E. (2011). Preventive Resettlement of Populations at Risk of Disaster: Experiences from Latin America. The World Bank. https://www.gfdrr.org/sites/gfdrr/files/publication/preventive_resettlement_LAC_experiencesDS150.pdf"
"WPR-237","Americas - South America","Colombia","Bogotá","Ciudad Bolívar (UPZ Ismael Perdomo, Altos de Estancia)","Multiple","landslide","Landslide","unknown","completed","unknown","unknown","LPRH II (Mokhnacheva 2021; French/Spanish/Portuguese literature)","PDD/Kaldor Centre/IOM Global Dataset of Planned Relocation Cases (Leaving Place, Restoring Home I & II), metadata last edited 9 June 2021","https://docs.google.com/spreadsheets/d/1pDR-t1hVApqJiVk6E5DJ7TN0cOtXJiKvS1w8QIP149o/edit#gid=1611800107","240","Robles, S. (2011). “Impactos del reasentamiento porvulnerabilidad en áreas de alto riesgo. Bogotá, 1991-2005”. Tesis de Maestría en Hábitat. Facultad en Artes Universidad Nacional de Colombia, sede Bogotá."
"WPR-238","Americas - South America","Colombia","Bogotá","Engativá (Barrio Luis Carlos Galán)","Multiple","flood","Flood","unknown","completed","unknown","C","LPRH II (Mokhnacheva 2021; French/Spanish/Portuguese literature)","PDD/Kaldor Centre/IOM Global Dataset of Planned Relocation Cases (Leaving Place, Restoring Home I & II), metadata last edited 9 June 2021","https://docs.google.com/spreadsheets/d/1pDR-t1hVApqJiVk6E5DJ7TN0cOtXJiKvS1w8QIP149o/edit#gid=1611800107","241","Robles, Solanyi. (2011). “Impactos del reasentamiento porvulnerabilidad en áreas de alto riesgo. Bogotá, 1991-2005”. Tesis de Maestría en Hábitat. Facultad en Artes Universidad Nacional de Colombia, sede Bogotá."
"WPR-239","Americas - South America","Colombia","Bolívar Department","Tacamocho","unknown, higher grounds","flood","Flood","unknown","ongoing","unknown","A","LPRH II (Mokhnacheva 2021; French/Spanish/Portuguese literature)","PDD/Kaldor Centre/IOM Global Dataset of Planned Relocation Cases (Leaving Place, Restoring Home I & II), metadata last edited 9 June 2021","https://docs.google.com/spreadsheets/d/1pDR-t1hVApqJiVk6E5DJ7TN0cOtXJiKvS1w8QIP149o/edit#gid=1611800107","242","International Organization for Migration. (2017). Migraciones, Ambiente Y Cambio Climático: Estudios de Caso en America del Sur. IOM"
"WPR-240","Americas - South America","Colombia","Caldas","Manizales (multiple: La Playita, El Nevado, Samaria, Comuna San José)","Manizales (Multiple: Barrio El Paraíso, Mirador de Monteleón, Altos de San Cuyetano, Yarumales, San Sebastián, Samaria, Santa Ana, Portón del Guamo, Vivienda Usada)","landslide","Landslide","unknown","completed","unknown","D","LPRH II (Mokhnacheva 2021; French/Spanish/Portuguese literature)","PDD/Kaldor Centre/IOM Global Dataset of Planned Relocation Cases (Leaving Place, Restoring Home I & II), metadata last edited 9 June 2021","https://docs.google.com/spreadsheets/d/1pDR-t1hVApqJiVk6E5DJ7TN0cOtXJiKvS1w8QIP149o/edit#gid=1611800107","243","Chardon, A.-C. (2010). Reasentamiento y poblaciones urbanas vulnerables. Cuadernos de Investigación Urbanística, [S.l.], 69. http://polired.upm.es/index.php/ciur/article/view/341 || Chardon, A.-C. (2010). Reasentar in Hábitat Vulnerable: Teoría Versus Praxis. Revista INVI, 25(70), 17-75. https://dx.doi.org/10.4067/S0718-83582010000300002 https://scielo.conicyt.cl/scielo.php?script=sci_arttext&pid=S0718-83582010000300002&lang=en"" || Lavell, A., Mansilla, E., Chavex, A., Cardona, O., & Perez M. (2015). Diagnostic report. Colombia, Peru and Mexico (1/4). The Bartlett Develop-ment Planning Unit (DPU) and the Latin American Social Science Faculty (FLACSO). https://www.ucl.ac.uk/bartlett/development/sites/bartlett/files/diagnostic_flacso_english_spanish_v2.pdf"
"WPR-241","Americas - South America","Colombia","Medellin","Moravia, Bermejal-Los Álamos, Palermo barrios","Multiple","flood","Flood","unknown","completed","unknown","unknown","LPRH II (Mokhnacheva 2021; French/Spanish/Portuguese literature)","PDD/Kaldor Centre/IOM Global Dataset of Planned Relocation Cases (Leaving Place, Restoring Home I & II), metadata last edited 9 June 2021","https://docs.google.com/spreadsheets/d/1pDR-t1hVApqJiVk6E5DJ7TN0cOtXJiKvS1w8QIP149o/edit#gid=1611800107","244","Rincón Patiño, A., & Correa Cárdenas, A. F. (Eds.). (2018). Desarrollo territorial, reasentamiento y desplazamiento de la población: realidad, política pública y derechos en la ciudad latinoamericana del siglo XXI. Universidad Nacional de Colombia."
"WPR-242","Americas - South America","Colombia","Medellin","Villatina","El Limonar, Urapanes, Villa Café, San Andrés, San Blas, Héctor Abad Gómez","landslide","Landslide","unknown","completed","unknown","C","LPRH II (Mokhnacheva 2021; French/Spanish/Portuguese literature)","PDD/Kaldor Centre/IOM Global Dataset of Planned Relocation Cases (Leaving Place, Restoring Home I & II), metadata last edited 9 June 2021","https://docs.google.com/spreadsheets/d/1pDR-t1hVApqJiVk6E5DJ7TN0cOtXJiKvS1w8QIP149o/edit#gid=1611800107","245","Isaza C.P., Barrera L.H. (2007). El caso de los sobrevivientes del deslizamiento de Villatina (Medellín): Estudio etnográfico, 2005. Revista Facultad Nacional de Salud Pública, 25(1): 16-25."
"WPR-243","Americas - South America","Colombia","Nariño Department","Briceño (San Juan de Pasto), La Florida","unknown","volcano","Volcanic eruption","unknown","ongoing","unknown","unknown","LPRH II (Mokhnacheva 2021; French/Spanish/Portuguese literature)","PDD/Kaldor Centre/IOM Global Dataset of Planned Relocation Cases (Leaving Place, Restoring Home I & II), metadata last edited 9 June 2021","https://docs.google.com/spreadsheets/d/1pDR-t1hVApqJiVk6E5DJ7TN0cOtXJiKvS1w8QIP149o/edit#gid=1611800107","246","Velasquez Sanchez, J. A. (2016). El proceso de reasentamiento en la modificación de la vulnerabilidad física y social en las zonas de amenaza volcánica alta en los sectores urbanos de pasto y la Florida, departamento de Nariño, Colombia. [Master's thesis]. Flacso Ecuador."
"WPR-244","Americas - South America","Colombia","Nariño Department","Jenoy","unknown","volcano","Volcanic eruption","unknown","ongoing","unknown","unknown","LPRH II (Mokhnacheva 2021; French/Spanish/Portuguese literature)","PDD/Kaldor Centre/IOM Global Dataset of Planned Relocation Cases (Leaving Place, Restoring Home I & II), metadata last edited 9 June 2021","https://docs.google.com/spreadsheets/d/1pDR-t1hVApqJiVk6E5DJ7TN0cOtXJiKvS1w8QIP149o/edit#gid=1611800107","247","Ceballos Rosero, F. (2018). Los mayores y el territorio de Jenoy (Pasto, Colombia): quehacer etnográfico y etnoliteratura de resistencia. Universitas Humanística, (86),197-218. https://www.redalyc.org/articulo.oa?id=79158036009"
"WPR-245","Americas - South America","Colombia","San Juan River Delta","El Choncho","inland 200 meters, across channel","other","Coastal erosion","unknown","completed","unknown","A","LPRH I (Bower & Weerasinghe 2021; English literature)","PDD/Kaldor Centre/IOM Global Dataset of Planned Relocation Cases (Leaving Place, Restoring Home I & II), metadata last edited 9 June 2021","https://docs.google.com/spreadsheets/d/1pDR-t1hVApqJiVk6E5DJ7TN0cOtXJiKvS1w8QIP149o/edit#gid=1611800107","248","Correa, I. D., & Gonzalez, J. L. (2000). Coastal erosion and village relocation: a Colombian case study. Ocean & Coastal Management, 43(1), 51-64."
"WPR-246","Americas - South America","Colombia","San Juan River Delta","Charambira","inland","other","Coastal erosion","unknown","completed","unknown","A","LPRH I (Bower & Weerasinghe 2021; English literature)","PDD/Kaldor Centre/IOM Global Dataset of Planned Relocation Cases (Leaving Place, Restoring Home I & II), metadata last edited 9 June 2021","https://docs.google.com/spreadsheets/d/1pDR-t1hVApqJiVk6E5DJ7TN0cOtXJiKvS1w8QIP149o/edit#gid=1611800107","249","Correa, I. D., & Gonzalez, J. L. (2000). Coastal erosion and village relocation: a Colombian case study. Ocean & Coastal Management, 43(1), 51-64."
"WPR-247","Americas - South America","Colombia","San Juan River Delta","San Juan de la Costa","inland","other","Coastal erosion","unknown","completed","unknown","A","LPRH I (Bower & Weerasinghe 2021; English literature)","PDD/Kaldor Centre/IOM Global Dataset of Planned Relocation Cases (Leaving Place, Restoring Home I & II), metadata last edited 9 June 2021","https://docs.google.com/spreadsheets/d/1pDR-t1hVApqJiVk6E5DJ7TN0cOtXJiKvS1w8QIP149o/edit#gid=1611800107","250","Correa, I. D., & Gonzalez, J. L. (2000). Coastal erosion and village relocation: a Colombian case study. Ocean & Coastal Management, 43(1), 51-64."
"WPR-248","Americas - South America","Colombia","San Juan River Delta","Togoroma","inland","other","Coastal erosion","unknown","completed","unknown","A","LPRH I (Bower & Weerasinghe 2021; English literature)","PDD/Kaldor Centre/IOM Global Dataset of Planned Relocation Cases (Leaving Place, Restoring Home I & II), metadata last edited 9 June 2021","https://docs.google.com/spreadsheets/d/1pDR-t1hVApqJiVk6E5DJ7TN0cOtXJiKvS1w8QIP149o/edit#gid=1611800107","251","Correa, I. D., & Gonzalez, J. L. (2000). Coastal erosion and village relocation: a Colombian case study. Ocean & Coastal Management, 43(1), 51-64."
"WPR-249","Americas - South America","Ecuador","Chimborazo","Santa Lucía de Chuquipogyo","unknown","volcano","Lahars","unknown","ongoing","unknown","unknown","LPRH II (Mokhnacheva 2021; French/Spanish/Portuguese literature)","PDD/Kaldor Centre/IOM Global Dataset of Planned Relocation Cases (Leaving Place, Restoring Home I & II), metadata last edited 9 June 2021","https://docs.google.com/spreadsheets/d/1pDR-t1hVApqJiVk6E5DJ7TN0cOtXJiKvS1w8QIP149o/edit#gid=1611800107","252","International Organization for Migration. (2017). Migraciones, Ambiente Y Cambio Climático: Estudios de Caso en America del Sur. IOM"
"WPR-250","Americas - South America","Ecuador","Chimborazo and Tungurahua Provinces","Multiple","6 resettlement sites","volcano","Volcanic eruption","unknown","completed","unknown","D","LPRH I (Bower & Weerasinghe 2021; English literature)","PDD/Kaldor Centre/IOM Global Dataset of Planned Relocation Cases (Leaving Place, Restoring Home I & II), metadata last edited 9 June 2021","https://docs.google.com/spreadsheets/d/1pDR-t1hVApqJiVk6E5DJ7TN0cOtXJiKvS1w8QIP149o/edit#gid=1611800107","253","Faas, A. J. (2017). Enduring cooperation: Time, discipline, and minga practice in disaster-induced displacement and resettlement in the Ecuadorian Andes. Human Organization, 76(2), 99-108."
"WPR-251","Americas - South America","Ecuador","Esmeraldas Province","Eloy Alfaro canton (Playa de Oro)","unknown (higher grounds)","flood","Riverine flood","unknown","ongoing","unknown","unknown","LPRH II (Mokhnacheva 2021; French/Spanish/Portuguese literature)","PDD/Kaldor Centre/IOM Global Dataset of Planned Relocation Cases (Leaving Place, Restoring Home I & II), metadata last edited 9 June 2021","https://docs.google.com/spreadsheets/d/1pDR-t1hVApqJiVk6E5DJ7TN0cOtXJiKvS1w8QIP149o/edit#gid=1611800107","254","Salinas, V., Cevallos, W., & Levy, K. (2020). Afrodescendientes e indígenas vulnerables al cambio climático: desacuerdos frente a medidas preventivas estatales ecuatorianas. Íconos. Revista de Ciencias Sociales, (66), 107-129. https://doi.org/10.17141/iconos.66.2020.4012"
"WPR-252","Americas - South America","Ecuador","Esmeraldas Province","Quinindé (multiple: Bella Vista, Aldea del Río Blanco, Valle Alto, Unión y Progreso, 24 de Junio y Malecón del Río Quininde)","Rosa Zárate (Duana II)","other","Earthquake","unknown","completed","unknown","B","LPRH II (Mokhnacheva 2021; French/Spanish/Portuguese literature)","PDD/Kaldor Centre/IOM Global Dataset of Planned Relocation Cases (Leaving Place, Restoring Home I & II), metadata last edited 9 June 2021","https://docs.google.com/spreadsheets/d/1pDR-t1hVApqJiVk6E5DJ7TN0cOtXJiKvS1w8QIP149o/edit#gid=1611800107","255","Villalva Torres, María José. (2020). Análisis de los factores que inciden en el cambio climático a partir de la implementación de la política pública de reasentamientos por afectación natural: caso proyecto habitacional Duana II, ubicado en la parroquia Rosa Zárate, cantón Quinindé, provincia de Esmeraldas. [University Thesis]. Flacso Ecuador."
"WPR-253","Americas - South America","Ecuador","Manabí Province","Jaramijó canton","Nuevo Jaramijó","other","Earthquake","unknown","unknown","unknown","A","LPRH II (Mokhnacheva 2021; French/Spanish/Portuguese literature)","PDD/Kaldor Centre/IOM Global Dataset of Planned Relocation Cases (Leaving Place, Restoring Home I & II), metadata last edited 9 June 2021","https://docs.google.com/spreadsheets/d/1pDR-t1hVApqJiVk6E5DJ7TN0cOtXJiKvS1w8QIP149o/edit#gid=1611800107","256","Testori, G. & Iuorio, O. (2020). Los reasentamientos post-terremoto en la provincia de Manabí. || Jimenez Alay, L. J. (2019). Reasentamientos Humanos Posteriores al sismo de abril de 2016 en Ecuador. Análisis Integral. [Unpublished master's thesis] Universidad de Sevilla. Escuela Técnica Superior de Ingeniería de la Edificación. file:///Users/DDM/Downloads/aomaster262.pdf"
"WPR-254","Americas - South America","Ecuador","Manabí Province","Portoviejo","El Guabito","other","Earthquake","unknown","unknown","unknown","A","LPRH II (Mokhnacheva 2021; French/Spanish/Portuguese literature)","PDD/Kaldor Centre/IOM Global Dataset of Planned Relocation Cases (Leaving Place, Restoring Home I & II), metadata last edited 9 June 2021","https://docs.google.com/spreadsheets/d/1pDR-t1hVApqJiVk6E5DJ7TN0cOtXJiKvS1w8QIP149o/edit#gid=1611800107","257","Testori, Giulia & Iuorio, Ornella. (2020). Los reasentamientos post-terremoto en la provincia de Manabí. || Jimenez Alay, L. J. (2019). Reasentamientos Humanos Posteriores al sismo de abril de 2016 en Ecuador. Análisis Integral. [Unpublished master's thesis] Universidad de Sevilla. Escuela Técnica Superior de Ingeniería de la Edificación. file:///Users/DDM/Downloads/aomaster262.pdf"
"WPR-255","Americas - South America","Ecuador","Muisne","Muisine","Bunche","other","Earthquake","unknown","ongoing","unknown","A","LPRH I (Bower & Weerasinghe 2021; English literature)","PDD/Kaldor Centre/IOM Global Dataset of Planned Relocation Cases (Leaving Place, Restoring Home I & II), metadata last edited 9 June 2021","https://docs.google.com/spreadsheets/d/1pDR-t1hVApqJiVk6E5DJ7TN0cOtXJiKvS1w8QIP149o/edit#gid=1611800107","258","Toulkeridis, T., Parra, H., Mato, F., D'Howitt, M. C., Sandoval, W., Almeida, O. P., ... & Quispe, A. T. (2017). CONTRASTING RESULTS OF POTENTIAL TSUNAMI HAZARDS IN MUISNE, CENTRAL COAST OF ECUADOR. Science of Tsunami Hazards, 36(1)."
"WPR-256","Americas - South America","Ecuador","Tungurahua Province","Banos","Quimiag Resttlement (Tobin 2002) is one","volcano","Volcanic eruption","unknown","completed","unknown","A","LPRH I (Bower & Weerasinghe 2021; English literature)","PDD/Kaldor Centre/IOM Global Dataset of Planned Relocation Cases (Leaving Place, Restoring Home I & II), metadata last edited 9 June 2021","https://docs.google.com/spreadsheets/d/1pDR-t1hVApqJiVk6E5DJ7TN0cOtXJiKvS1w8QIP149o/edit#gid=1611800107","259","Tobin, G. A., & Whiteford, L. M. (2002). Community resilience and volcano hazard: the eruption of Tungurahua and evacuation of the faldas in Ecuador. Disasters, 26(1), 28-48. || Faas, A. J., Jones, E., Whiteford, L., Tobin, G., & Murphy, A. (2014). Gendered access to formal and informal resources in postdisaster development in the Ecuadorian Andes. Mountain Research and Development, 34(3), 223-234."
"WPR-257","Americas - South America","Peru","Ancash Region","Yungay","2km away","other","Earthquake","unknown","completed","unknown","A","LPRH II (Mokhnacheva 2021; French/Spanish/Portuguese literature)","PDD/Kaldor Centre/IOM Global Dataset of Planned Relocation Cases (Leaving Place, Restoring Home I & II), metadata last edited 9 June 2021","https://docs.google.com/spreadsheets/d/1pDR-t1hVApqJiVk6E5DJ7TN0cOtXJiKvS1w8QIP149o/edit#gid=1611800107","260","Dauphiné, A., & Provitolo, D. (2013). Après la catastrophe : évaluer, indemniser, reconstruire. In A. Dauphiné & D. Provitolo (Eds.), Risques et catastrophes: Observer, spatialiser, comprendre, gérer (pp. 354-367). Armand Colin. https://doi.org/10.3917/arco.dauph.2013.01.0354 || Oliver-Smith, Anthony (1986): The Martyred City: Death and Rebirth in the Andes. Albuquerque: University of New Mexico Press"
"WPR-258","Americas - South America","Peru","Apurímac Region","Chincheros district (multiple)","Chincheros district (unknown)","landslide","Landslide","unknown","ongoing","unknown","unknown","LPRH II (Mokhnacheva 2021; French/Spanish/Portuguese literature)","PDD/Kaldor Centre/IOM Global Dataset of Planned Relocation Cases (Leaving Place, Restoring Home I & II), metadata last edited 9 June 2021","https://docs.google.com/spreadsheets/d/1pDR-t1hVApqJiVk6E5DJ7TN0cOtXJiKvS1w8QIP149o/edit#gid=1611800107","261","Lavell, A., Mansilla, E., Chavex, A., Cardona, O., & Perez M. (2015). Diagnostic report. Colombia, Peru and Mexico (1/4). The Bartlett Develop-ment Planning Unit (DPU) and the Latin American Social Science Faculty (FLACSO). https://www.ucl.ac.uk/bartlett/development/sites/bartlett/files/diagnostic_flacso_english_spanish_v2.pdf"
"WPR-259","Americas - South America","Peru","Cusco Region","Lucre (Huacarpay)","Lucre (Tomgobamba, Anchibamba)","flood","Flood","unknown","ongoing","unknown","unknown","LPRH II (Mokhnacheva 2021; French/Spanish/Portuguese literature)","PDD/Kaldor Centre/IOM Global Dataset of Planned Relocation Cases (Leaving Place, Restoring Home I & II), metadata last edited 9 June 2021","https://docs.google.com/spreadsheets/d/1pDR-t1hVApqJiVk6E5DJ7TN0cOtXJiKvS1w8QIP149o/edit#gid=1611800107","262","Lavell, A., Mansilla, E., Chavex, A., Cardona, O., & Perez M. (2015). Diagnostic report. Colombia, Peru and Mexico (1/4). The Bartlett Develop-ment Planning Unit (DPU) and the Latin American Social Science Faculty (FLACSO). https://www.ucl.ac.uk/bartlett/development/sites/bartlett/files/diagnostic_flacso_english_spanish_v2.pdf"
"WPR-260","Americas - South America","Peru","Huancavelica Region","Cachi Baja","Nueva Ollantaytambo","landslide","Landslide","unknown","completed","unknown","A","LPRH II (Mokhnacheva 2021; French/Spanish/Portuguese literature)","PDD/Kaldor Centre/IOM Global Dataset of Planned Relocation Cases (Leaving Place, Restoring Home I & II), metadata last edited 9 June 2021","https://docs.google.com/spreadsheets/d/1pDR-t1hVApqJiVk6E5DJ7TN0cOtXJiKvS1w8QIP149o/edit#gid=1611800107","263","Lavell, A., Mansilla, E., Chavex, A., Cardona, O., & Perez M. (2015). Diagnostic report. Colombia, Peru and Mexico (1/4). The Bartlett Develop-ment Planning Unit (DPU) and the Latin American Social Science Faculty (FLACSO). https://www.ucl.ac.uk/bartlett/development/sites/bartlett/files/diagnostic_flacso_english_spanish_v2.pdf"
"WPR-261","Americas - South America","Peru","Huancavelica Region","Carampa","unknown","landslide","Landslide","unknown","ongoing","unknown","unknown","LPRH II (Mokhnacheva 2021; French/Spanish/Portuguese literature)","PDD/Kaldor Centre/IOM Global Dataset of Planned Relocation Cases (Leaving Place, Restoring Home I & II), metadata last edited 9 June 2021","https://docs.google.com/spreadsheets/d/1pDR-t1hVApqJiVk6E5DJ7TN0cOtXJiKvS1w8QIP149o/edit#gid=1611800107","264","Lavell, A., Mansilla, E., Chavex, A., Cardona, O., & Perez M. (2015). Diagnostic report. Colombia, Peru and Mexico (1/4). The Bartlett Develop-ment Planning Unit (DPU) and the Latin American Social Science Faculty (FLACSO). https://www.ucl.ac.uk/bartlett/development/sites/bartlett/files/diagnostic_flacso_english_spanish_v2.pdf"
"WPR-262","Americas - South America","Peru","Huancavelica Region","Cuenca, Huayllapampa","Cuenca district (unknown)","landslide","Landslide","unknown","ongoing","unknown","unknown","LPRH II (Mokhnacheva 2021; French/Spanish/Portuguese literature)","PDD/Kaldor Centre/IOM Global Dataset of Planned Relocation Cases (Leaving Place, Restoring Home I & II), metadata last edited 9 June 2021","https://docs.google.com/spreadsheets/d/1pDR-t1hVApqJiVk6E5DJ7TN0cOtXJiKvS1w8QIP149o/edit#gid=1611800107","265","Lavell, A., Mansilla, E., Chavex, A., Cardona, O., & Perez M. (2015). Diagnostic report. Colombia, Peru and Mexico (1/4). The Bartlett Develop-ment Planning Unit (DPU) and the Latin American Social Science Faculty (FLACSO). https://www.ucl.ac.uk/bartlett/development/sites/bartlett/files/diagnostic_flacso_english_spanish_v2.pdf"
"WPR-263","Americas - South America","Peru","Huancavelica Region","Locroja district (Marcayllo, Accollasca)","Locroja district (unknown)","flood","Flood","unknown","ongoing","unknown","unknown","LPRH II (Mokhnacheva 2021; French/Spanish/Portuguese literature)","PDD/Kaldor Centre/IOM Global Dataset of Planned Relocation Cases (Leaving Place, Restoring Home I & II), metadata last edited 9 June 2021","https://docs.google.com/spreadsheets/d/1pDR-t1hVApqJiVk6E5DJ7TN0cOtXJiKvS1w8QIP149o/edit#gid=1611800107","266","Lavell, A., Mansilla, E., Chavex, A., Cardona, O., & Perez M. (2015). Diagnostic report. Colombia, Peru and Mexico (1/4). The Bartlett Develop-ment Planning Unit (DPU) and the Latin American Social Science Faculty (FLACSO). https://www.ucl.ac.uk/bartlett/development/sites/bartlett/files/diagnostic_flacso_english_spanish_v2.pdf"
"WPR-264","Americas - South America","Peru","Ica Region","Pajonal","Pajonal Bajo","other","Earthquake","unknown","completed","unknown","A","LPRH II (Mokhnacheva 2021; French/Spanish/Portuguese literature)","PDD/Kaldor Centre/IOM Global Dataset of Planned Relocation Cases (Leaving Place, Restoring Home I & II), metadata last edited 9 June 2021","https://docs.google.com/spreadsheets/d/1pDR-t1hVApqJiVk6E5DJ7TN0cOtXJiKvS1w8QIP149o/edit#gid=1611800107","267","Ferradas, Pedro (2015): La memoria es también porvenir. Historia mundial de los desastres. Lima: Soluciones Prácticas. http://bvpad.indeci.gob.pe/doc/pdf/esp/doc2573/doc2573.htm"
"WPR-265","Americas - South America","Peru","Lambayeque Region","Multiple","unknown","flood","Flood","unknown","completed","unknown","unknown","LPRH II (Mokhnacheva 2021; French/Spanish/Portuguese literature)","PDD/Kaldor Centre/IOM Global Dataset of Planned Relocation Cases (Leaving Place, Restoring Home I & II), metadata last edited 9 June 2021","https://docs.google.com/spreadsheets/d/1pDR-t1hVApqJiVk6E5DJ7TN0cOtXJiKvS1w8QIP149o/edit#gid=1611800107","268","Ferradas, Pedro (2015): La memoria es también porvenir. Historia mundial de los desastres. Lima: Soluciones Prácticas. http://bvpad.indeci.gob.pe/doc/pdf/esp/doc2573/doc2573.htm"
"WPR-266","Americas - South America","Peru","Loreto Region","Iquitos (Barrio de Belén)","Nueva Ciudad de Belén (14km)","flood","Flood","unknown","completed","unknown","A","LPRH II (Mokhnacheva 2021; French/Spanish/Portuguese literature)","PDD/Kaldor Centre/IOM Global Dataset of Planned Relocation Cases (Leaving Place, Restoring Home I & II), metadata last edited 9 June 2021","https://docs.google.com/spreadsheets/d/1pDR-t1hVApqJiVk6E5DJ7TN0cOtXJiKvS1w8QIP149o/edit#gid=1611800107","269","Chávez Eslava, Á. (2017). Buenas prácticas y lecciones aprendidas del proyecto de reasentamiento poblacional de la nueva ciudad de Belén en Loreto. [Technical brief]. Soluciones Prácticas. http://repo.floodalliance.net/jspui/handle/44111/2129 || Desmaison Estrada, B., Vásquez Baca, U., & Espinoza Diaz, K. (2018). Medios de vida, tecnologías apropiadas y su integración con los planes de desarrollo urbano: el caso de la Nueva Ciudad de Belén, Loreto, Perú. Espacio y Desarrollo (31), 171–193. http://revistas.pucp.edu.pe/index.php/espacioydesarrollo/article/view/20183 || Bernales, D. (2019). ""We are not a slum; we are a city"": Evaluation of ""New City of Belen"" and its inhabitants response. [Unpublished master's thesis]. TU Berlin. https://issuu.com/pucp410/docs/dianabernales_thesis_um_6c134f084fc125 || Desmaison, B., Boano, C., & Astolfo, G (2018). CASA [Ciudades Auto-Sostenibles Amazónicas]: desafíos y oportunidades para la sostenibilidad de los proyectos de reasentamiento poblacional preventivo en la Amazonía Peruana. Medio Ambiente y Urbanización, 88 (1), pp. 149–176. || Lavell, A., Mansilla, E., Chavex, A., Cardona, O., & Perez M. (2015). Diagnostic report. Colombia, Peru and Mexico (1/4). The Bartlett Development Planning Unit (DPU) and the Latin American Social Science Faculty (FLACSO). https://www.ucl.ac.uk/bartlett/development/sites/bartlett/files/diagnostic_flacso_english_spanish_v2.pdf"
"WPR-267","Americas - South America","Peru","Moquegua Region","Coalaque district (Amata)","Coalaque district (unknown)","landslide","Landslide","unknown","completed","unknown","A","LPRH II (Mokhnacheva 2021; French/Spanish/Portuguese literature)","PDD/Kaldor Centre/IOM Global Dataset of Planned Relocation Cases (Leaving Place, Restoring Home I & II), metadata last edited 9 June 2021","https://docs.google.com/spreadsheets/d/1pDR-t1hVApqJiVk6E5DJ7TN0cOtXJiKvS1w8QIP149o/edit#gid=1611800107","270","Lavell, A., Mansilla, E., Chavex, A., Cardona, O., & Perez M. (2015). Diagnostic report. Colombia, Peru and Mexico (1/4). The Bartlett Develop-ment Planning Unit (DPU) and the Latin American Social Science Faculty (FLACSO). https://www.ucl.ac.uk/bartlett/development/sites/bartlett/files/diagnostic_flacso_english_spanish_v2.pdf || CENEPRED. (2016). Guía Metodológica Elaboración De “Plan De Reasentamiento Poblacional En Zonas De Muy Alto Riesgo No Mitigable”. CENEPRED. http://sigrid.cenepred.gob.pe/docs/PARA%20PUBLICAR/CENEPRED/Guia%20Plan%20de%20Reasentamiento%20Poblacional.pdf"
"WPR-268","Americas - South America","Peru","Moquegua Region","Querapi","Anascapa","volcano","Volcanic eruption","unknown","completed","unknown","unknown","LPRH II (Mokhnacheva 2021; French/Spanish/Portuguese literature)","PDD/Kaldor Centre/IOM Global Dataset of Planned Relocation Cases (Leaving Place, Restoring Home I & II), metadata last edited 9 June 2021","https://docs.google.com/spreadsheets/d/1pDR-t1hVApqJiVk6E5DJ7TN0cOtXJiKvS1w8QIP149o/edit#gid=1611800107","271","Zevallos Trigoso, N. (2015). Desplazamientos Internos en el Perú. IOM || Lavell, A., Mansilla, E., Chavex, A., Cardona, O., & Perez M. (2015). Diagnostic report. Colombia, Peru and Mexico (1/4). The Bartlett Develop-ment Planning Unit (DPU) and the Latin American Social Science Faculty (FLACSO). https://www.ucl.ac.uk/bartlett/development/sites/bartlett/files/diagnostic_flacso_english_spanish_v2.pdf || Instituto Nacional de Defensa Civil. (2013). Reporte de peligro No 031 - 10/09/2013/COEN-INDECI/17:30 Horas (Reporte No 10). Monitoreo del Volcán Ubinas-Moquegua. https://reliefweb.int/sites/reliefweb.int/files/resources/Reporte%20de%20Peligro%20N%20031_Monitoreo%20de%20actividad%20del%20volcan%20Ubinas_Moquegua.pdf"
"WPR-269","Americas - South America","Peru","Moquegua Region","Ubinas district (Tassa)","Ubinas district (unknown)","landslide","Landslide","unknown","ongoing","unknown","unknown","LPRH II (Mokhnacheva 2021; French/Spanish/Portuguese literature)","PDD/Kaldor Centre/IOM Global Dataset of Planned Relocation Cases (Leaving Place, Restoring Home I & II), metadata last edited 9 June 2021","https://docs.google.com/spreadsheets/d/1pDR-t1hVApqJiVk6E5DJ7TN0cOtXJiKvS1w8QIP149o/edit#gid=1611800107","272","Lavell, A., Mansilla, E., Chavex, A., Cardona, O., & Perez M. (2015). Diagnostic report. Colombia, Peru and Mexico (1/4). The Bartlett Develop-ment Planning Unit (DPU) and the Latin American Social Science Faculty (FLACSO). https://www.ucl.ac.uk/bartlett/development/sites/bartlett/files/diagnostic_flacso_english_spanish_v2.pdf"
"WPR-270","Americas - South America","Peru","San Martín Region","Shamboyacu","""El Mirador""","landslide","Landslide","unknown","completed","unknown","A","LPRH II (Mokhnacheva 2021; French/Spanish/Portuguese literature)","PDD/Kaldor Centre/IOM Global Dataset of Planned Relocation Cases (Leaving Place, Restoring Home I & II), metadata last edited 9 June 2021","https://docs.google.com/spreadsheets/d/1pDR-t1hVApqJiVk6E5DJ7TN0cOtXJiKvS1w8QIP149o/edit#gid=1611800107","273","Lavell, A., Mansilla, E., Chavex, A., Cardona, O., & Perez M. (2015). Diagnostic report. Colombia, Peru and Mexico (1/4). The Bartlett Develop-ment Planning Unit (DPU) and the Latin American Social Science Faculty (FLACSO). https://www.ucl.ac.uk/bartlett/development/sites/bartlett/files/diagnostic_flacso_english_spanish_v2.pdf"
"WPR-271","Americas - South America","Peru","San Martín Region","Tingo de Ponasa (Aypena)","Tingo de Ponasa district (unknown)","flood","Flood","unknown","ongoing","unknown","unknown","LPRH II (Mokhnacheva 2021; French/Spanish/Portuguese literature)","PDD/Kaldor Centre/IOM Global Dataset of Planned Relocation Cases (Leaving Place, Restoring Home I & II), metadata last edited 9 June 2021","https://docs.google.com/spreadsheets/d/1pDR-t1hVApqJiVk6E5DJ7TN0cOtXJiKvS1w8QIP149o/edit#gid=1611800107","274","Lavell, A., Mansilla, E., Chavex, A., Cardona, O., & Perez M. (2015). Diagnostic report. Colombia, Peru and Mexico (1/4). The Bartlett Develop-ment Planning Unit (DPU) and the Latin American Social Science Faculty (FLACSO). https://www.ucl.ac.uk/bartlett/development/sites/bartlett/files/diagnostic_flacso_english_spanish_v2.pdf"
"WPR-272","Americas - South America","Peru","San Martín Region","Tres Unidos district (Nuevo Porvenir)","Tres Unidos district (unknown)","landslide","Landslide","unknown","ongoing","unknown","unknown","LPRH II (Mokhnacheva 2021; French/Spanish/Portuguese literature)","PDD/Kaldor Centre/IOM Global Dataset of Planned Relocation Cases (Leaving Place, Restoring Home I & II), metadata last edited 9 June 2021","https://docs.google.com/spreadsheets/d/1pDR-t1hVApqJiVk6E5DJ7TN0cOtXJiKvS1w8QIP149o/edit#gid=1611800107","275","Lavell, A., Mansilla, E., Chavex, A., Cardona, O., & Perez M. (2015). Diagnostic report. Colombia, Peru and Mexico (1/4). The Bartlett Develop-ment Planning Unit (DPU) and the Latin American Social Science Faculty (FLACSO). https://www.ucl.ac.uk/bartlett/development/sites/bartlett/files/diagnostic_flacso_english_spanish_v2.pdf"
"WPR-273","Americas - South America","Uruguay","Montevideo","unknown","Isla de Gasper Settlement","flood","Flood","unknown","completed","unknown","unknown","LPRH I (Bower & Weerasinghe 2021; English literature)","PDD/Kaldor Centre/IOM Global Dataset of Planned Relocation Cases (Leaving Place, Restoring Home I & II), metadata last edited 9 June 2021","https://docs.google.com/spreadsheets/d/1pDR-t1hVApqJiVk6E5DJ7TN0cOtXJiKvS1w8QIP149o/edit#gid=1611800107","276","ORIENTAL REPUBLIC OF URUGUAY. First Nationally Determined Contribution to the Paris Agreement (Unofficial Translation). UNFCCC, 2017, www4.unfccc.int/sites/ndcstaging/PublishedDocuments/Uruguay%20First/Uruguay_First%20Nationally%20Determined%20Contribution.pdf."
"WPR-274","Americas - South America","Uruguay","Paysandu","unknown","La Chapita Resettlement","flood","Flood","unknown","completed","unknown","unknown","LPRH I (Bower & Weerasinghe 2021; English literature)","PDD/Kaldor Centre/IOM Global Dataset of Planned Relocation Cases (Leaving Place, Restoring Home I & II), metadata last edited 9 June 2021","https://docs.google.com/spreadsheets/d/1pDR-t1hVApqJiVk6E5DJ7TN0cOtXJiKvS1w8QIP149o/edit#gid=1611800107","277","ORIENTAL REPUBLIC OF URUGUAY. First Nationally Determined Contribution to the Paris Agreement (Unofficial Translation). UNFCCC, 2017, www4.unfccc.int/sites/ndcstaging/PublishedDocuments/Uruguay%20First/Uruguay_First%20Nationally%20Determined%20Contribution.pdf."
"WPR-275","Americas - South America","Uruguay","Rivera","unknown","Canada Mandubi Settlement","flood","Flood","unknown","completed","unknown","unknown","LPRH I (Bower & Weerasinghe 2021; English literature)","PDD/Kaldor Centre/IOM Global Dataset of Planned Relocation Cases (Leaving Place, Restoring Home I & II), metadata last edited 9 June 2021","https://docs.google.com/spreadsheets/d/1pDR-t1hVApqJiVk6E5DJ7TN0cOtXJiKvS1w8QIP149o/edit#gid=1611800107","278","ORIENTAL REPUBLIC OF URUGUAY. First Nationally Determined Contribution to the Paris Agreement (Unofficial Translation). UNFCCC, 2017, www4.unfccc.int/sites/ndcstaging/PublishedDocuments/Uruguay%20First/Uruguay_First%20Nationally%20Determined%20Contribution.pdf."
"WPR-276","Americas - South America","Uruguay","unknown","unknown","unknown","flood","Flood","unknown","completed","unknown","unknown","LPRH I (Bower & Weerasinghe 2021; English literature)","PDD/Kaldor Centre/IOM Global Dataset of Planned Relocation Cases (Leaving Place, Restoring Home I & II), metadata last edited 9 June 2021","https://docs.google.com/spreadsheets/d/1pDR-t1hVApqJiVk6E5DJ7TN0cOtXJiKvS1w8QIP149o/edit#gid=1611800107","279","ORIENTAL REPUBLIC OF URUGUAY. First Nationally Determined Contribution to the Paris Agreement (Unofficial Translation). UNFCCC, 2017, www4.unfccc.int/sites/ndcstaging/PublishedDocuments/Uruguay%20First/Uruguay_First%20Nationally%20Determined%20Contribution.pdf."
"WPR-277","Americas - South America","Venezuela","State of Vargas and Federal District","Caracas, La Guaira","Multiple (suburbs of prinvincial towns Maracaibo, Guanare, El Tigre, Barquisimeto, San Carlos)","landslide","Landslide","unknown","completed","unknown","D","LPRH II (Mokhnacheva 2021; French/Spanish/Portuguese literature)","PDD/Kaldor Centre/IOM Global Dataset of Planned Relocation Cases (Leaving Place, Restoring Home I & II), metadata last edited 9 June 2021","https://docs.google.com/spreadsheets/d/1pDR-t1hVApqJiVk6E5DJ7TN0cOtXJiKvS1w8QIP149o/edit#gid=1611800107","280","Lezama, P. (2011). L'action publique humanitaire: La militarisation de la prise en charge des sinistrés de La Tragedia (Venezuela). Ethnologie Française, 41(3), 473-482. http://www.jstor.org/stable/41318918 || Giordani, J. (2004). 2003-2004, Un año duro de roer y otro lleno de esperanza. In Carlos Genatios (ed.), Venezuela en perspectiva, Caracas, Fond editorial Question: 9-33 || Revet S. (2007). Anthropologie d'une catastrophe. Les coulées de boue de 1999 au Vénézuela. Paris, Presses de la Sorbonne nouvelle"
"WPR-278","Americas - North America","Canada","Gaspé Peninsula, Quebec","Rivière-au-Renard, Corte-Real, Cloridorme, Grande-Vallée","Gaspé/unknown","flood","Riverine flood","unknown","completed","unknown","unknown","LPRH II (Mokhnacheva 2021; French/Spanish/Portuguese literature)","PDD/Kaldor Centre/IOM Global Dataset of Planned Relocation Cases (Leaving Place, Restoring Home I & II), metadata last edited 9 June 2021","https://docs.google.com/spreadsheets/d/1pDR-t1hVApqJiVk6E5DJ7TN0cOtXJiKvS1w8QIP149o/edit#gid=1611800107","281","Mineo-Kleiner, L. (2017). L’option de la relocalisation des activités et des biens face aux risques côtiers : stratégies et enjeux territoriaux en France et au Québec. [Unpublished doctoral dissertation]. Université de Bretagne occidentale."
"WPR-279","Americas - North America","Canada","St Lawrence shores, Quebec","Sainte-Luce, Sainte-Flavie","Sainte-Luce, Sainte-Flavie","cyclone/storm","Storm","unknown","completed","unknown","unknown","LPRH II (Mokhnacheva 2021; French/Spanish/Portuguese literature)","PDD/Kaldor Centre/IOM Global Dataset of Planned Relocation Cases (Leaving Place, Restoring Home I & II), metadata last edited 9 June 2021","https://docs.google.com/spreadsheets/d/1pDR-t1hVApqJiVk6E5DJ7TN0cOtXJiKvS1w8QIP149o/edit#gid=1611800107","282","Mineo-Kleiner, L. (2017). L’option de la relocalisation des activités et des biens face aux risques côtiers : stratégies et enjeux territoriaux en France et au Québec. [Unpublished doctoral dissertation]. Université de Bretagne occidentale."
"WPR-280","Americas - North America","United States of America","Alaska","King Island","unknown","other","Coastal erosion","unknown","completed","unknown","A","LPRH I (Bower & Weerasinghe 2021; English literature)","PDD/Kaldor Centre/IOM Global Dataset of Planned Relocation Cases (Leaving Place, Restoring Home I & II), metadata last edited 9 June 2021","https://docs.google.com/spreadsheets/d/1pDR-t1hVApqJiVk6E5DJ7TN0cOtXJiKvS1w8QIP149o/edit#gid=1611800107","283","Kingston, D. M. and Marino, E. “Twice Removed: King Islanders' Experience of ""Community"" through Two Relocations.” Human Organization. Summer 2010. 69(2):119-128."
"WPR-281","Americas - North America","United States of America","Alaska","Shishmaref","Tin Creek (20k)","other","Coastal erosion","unknown","ongoing","unknown","A","LPRH I (Bower & Weerasinghe 2021; English literature)","PDD/Kaldor Centre/IOM Global Dataset of Planned Relocation Cases (Leaving Place, Restoring Home I & II), metadata last edited 9 June 2021","https://docs.google.com/spreadsheets/d/1pDR-t1hVApqJiVk6E5DJ7TN0cOtXJiKvS1w8QIP149o/edit#gid=1611800107","284","Albert, Simon, et al. ""Heading for the hills: climate-driven community relocations in the Solomon Islands and Alaska provide insight for a 1.5 C future."" Regional environmental change 18.8 (2018): 2261-2272. || Bronen, R. “Climate-induced Community Relocations: Creating an Adaptive Governance Framework Based in Human Rights Doctrine.” NYU Review of Law & Social Change. 2011. http://socialchangenyu.com/2012/08/24/climate-induced-communityrelocations-creating-an-adaptive-governance-framework-based-in-humanrights-doctrine/ || Maldonado, J. K., Shearer, C., Bronen, R., Peterson, K. & Lazrus, H. The impact of climate change on tribal communities in the US: displacement, relocation, and human rights. Clim. Change 120, 601–614 (2013). || Bronen, R. (2018). Community-Based Adaptation: Alaska Native Communities Design a Relocation Process to Protect Their Human Rights. In Resilience (pp. 117-126). Elsevier. || US Army Corps of Engineers. ""SHISHMAREF PARTNERSHIP Shishmaref Relocation and Collocation Study."" (2004) || Bronen, R., & Chapin, F. S. (2013). Adaptive governance and institutional strategies for climate-induced community relocations in Alaska. Proceedings of the National Academy of Sciences, 110(23), 9320-9325. || Roberts, E., & Andrei, S. (2015). The rising tide: migration as a response to loss and damage from sea level rise in vulnerable communities. International journal of global warming, 8(2), 258-273. || Marino, E. (2012). The long history of environmental migration: Assessing vulnerability construction and obstacles to successful relocation in Shishmaref, Alaska. Global environmental change, 22(2), 374-381. || GAO, US Government Accountability Office (2009). Alaska Native Villages: Limited Progress Has Been Made on Relocating Villages Threatened by Flooding and Erosion. Government Accountability Office, Washington, D.C. https://www.gao.gov/new.items/d09551.pdf"
"WPR-282","Americas - North America","United States of America","Alaska","Newtok","Mertarvik, Nelson Island","other","Coastal erosion","unknown","ongoing","unknown","A","LPRH I (Bower & Weerasinghe 2021; English literature)","PDD/Kaldor Centre/IOM Global Dataset of Planned Relocation Cases (Leaving Place, Restoring Home I & II), metadata last edited 9 June 2021","https://docs.google.com/spreadsheets/d/1pDR-t1hVApqJiVk6E5DJ7TN0cOtXJiKvS1w8QIP149o/edit#gid=1611800107","285","(2015). Newtok, Alaska: The 20-Plus Year Relocation Effort. https://static1.squarespace.com/static/580df9afe4fcb5fdf27a053a/t/584716155016e18b4fa17ed8/1481053717425/Newtok_casestudy.pdf || Bronen, R. “Climate-induced Community Relocations: Creating an Adaptive Governance Framework Based in Human Rights Doctrine.” NYU Review of Law & Social Change. 2011. http://socialchangenyu.com/2012/08/24/climate-induced-communityrelocations-creating-an-adaptive-governance-framework-based-in-humanrights-doctrine/ || Maldonado, J. K., Shearer, C., Bronen, R., Peterson, K. & Lazrus, H. (2013). The impact of climate change on tribal communities in the US: displacement, relocation, and human rights. Clim. Change 120, 601–614. || BARTH, B. (2016). Before It’s Too Late. Planning, 82(8), 14–20. || McNamara, K. E., Bronen, R., Fernando, N., & Klepp, S. (2018). The complex decision-making of climate-induced relocation: Adaptation and loss and damage. Climate Policy, 18(1), 111-117. || Roberts, E., & Andrei, S. (2015). The rising tide: migration as a response to loss and damage from sea level rise in vulnerable communities. International journal of global warming, 8(2), 258-273. || Bronen, R., & Chapin, F. S. (2013). Adaptive governance and institutional strategies for climate-induced community relocations in Alaska. Proceedings of the National Academy of Sciences, 110(23), 9320-9325. || Lester, Marc. “A Western Alaska Village, Long Threatened by Erosion and Flooding, Begins to Relocate.” Anchorage Daily News, Anchorage Daily News, 21 Oct. 2019, www.adn.com/alaska-news/rural-alaska/2019/10/19/a-western-alaska-village-long-threatened-by-erosion-and-flooding-begins-to-relocate/. || Ristroph, E. B. (2017). When climate takes a village: Legal pathways toward the relocation of Alaska Native Villages. Climate Law, 7(4), 259-289. || GAO-20-488, CLIMATE CHANGE: A Climate Migration Pilot Program Could Enhance the Nation’s Resilience and Reduce Federal Fiscal Exposure. https://www.gao.gov/assets/710/707961.pdf"
"WPR-283","Americas - North America","United States of America","Alaska","Nuiqsut","unknown","other","Coastal erosion","unknown","completed","unknown","A","LPRH I (Bower & Weerasinghe 2021; English literature)","PDD/Kaldor Centre/IOM Global Dataset of Planned Relocation Cases (Leaving Place, Restoring Home I & II), metadata last edited 9 June 2021","https://docs.google.com/spreadsheets/d/1pDR-t1hVApqJiVk6E5DJ7TN0cOtXJiKvS1w8QIP149o/edit#gid=1611800107","286","Ristroph, E. B. (2017). When climate takes a village: Legal pathways toward the relocation of Alaska Native Villages. Climate Law, 7(4), 259-289."
"WPR-284","Americas - North America","United States of America","Alaska","Quinhagak","unknown","other","Coastal erosion","unknown","ongoing","unknown","A","LPRH I (Bower & Weerasinghe 2021; English literature)","PDD/Kaldor Centre/IOM Global Dataset of Planned Relocation Cases (Leaving Place, Restoring Home I & II), metadata last edited 9 June 2021","https://docs.google.com/spreadsheets/d/1pDR-t1hVApqJiVk6E5DJ7TN0cOtXJiKvS1w8QIP149o/edit#gid=1611800107","287","Bronen, R. (2018). Community-Based Adaptation: Alaska Native Communities Design a Relocation Process to Protect Their Human Rights. In Resilience (pp. 117-126). Elsevier. || Bronen, R. (2015). Climate-induced community relocations: using integrated social-ecological assessments to foster adaptation and resilience. Ecology and Society, 20(3)."
"WPR-285","Americas - North America","United States of America","Alaska","Shaktoolik","unknown","other","Coastal erosion","unknown","ongoing","unknown","A","LPRH I (Bower & Weerasinghe 2021; English literature)","PDD/Kaldor Centre/IOM Global Dataset of Planned Relocation Cases (Leaving Place, Restoring Home I & II), metadata last edited 9 June 2021","https://docs.google.com/spreadsheets/d/1pDR-t1hVApqJiVk6E5DJ7TN0cOtXJiKvS1w8QIP149o/edit#gid=1611800107","288","GAO, US Government Accountability Office, 2009. Alaska Native Villages: Limited Progress Has Been Made on Relocating Villages Threatened by Flooding and Erosion. Government Accountability Office, Washington, D.C. || Hamilton, L. C., Saito, K., Loring, P. A., Lammers, R. B., & Huntington, H. P. (2016). Climigration? Population and climate change in Arctic Alaska. Population and environment, 38(2), 115-133."
"WPR-286","Americas - North America","United States of America","Alaska","Unalakleet","Hillside north-west of the village","other","Coastal erosion","unknown","ongoing","unknown","A","LPRH I (Bower & Weerasinghe 2021; English literature)","PDD/Kaldor Centre/IOM Global Dataset of Planned Relocation Cases (Leaving Place, Restoring Home I & II), metadata last edited 9 June 2021","https://docs.google.com/spreadsheets/d/1pDR-t1hVApqJiVk6E5DJ7TN0cOtXJiKvS1w8QIP149o/edit#gid=1611800107","289","GAO, US Government Accountability Office, 2009. Alaska Native Villages: Limited Progress Has Been Made on Relocating Villages Threatened by Flooding and Erosion. Government Accountability Office, Washington, D.C. || Bronen, R., & Pollock, D. (2017). Climate Change, Displacement and Community Relocation: Lessons from Alaska. Alaska Institute for Justice and Norwegian Refugee Council.(www. nrc. no/globalassets/pdf/reports/nrc-alaska_relocation-screen. pdf). || Bronen, R., & Pollock, D. (2017). ""Rights, Resilience, and Community-led Relocation: Perspectives from Fifteen Alaska Native Communities"" Alaska Institute for Justice: Anchorage Alaska. Available at: http://www.akijp.org/wp-content/uploads/2017/05/AIJ-Final-Adaptation-Workshop-Publication.pdf"
"WPR-287","Americas - North America","United States of America","Alaska","Koyukuk","unknown","other","Coastal erosion","unknown","ongoing","unknown","A","LPRH I (Bower & Weerasinghe 2021; English literature)","PDD/Kaldor Centre/IOM Global Dataset of Planned Relocation Cases (Leaving Place, Restoring Home I & II), metadata last edited 9 June 2021","https://docs.google.com/spreadsheets/d/1pDR-t1hVApqJiVk6E5DJ7TN0cOtXJiKvS1w8QIP149o/edit#gid=1611800107","290","GAO, US Government Accountability Office, 2009. Alaska Native Villages: Limited Progress Has Been Made on Relocating Villages Threatened by Flooding and Erosion. Government Accountability Office, Washington, D.C. || Manrique, D. R., Corral, S., & Pereira, Â. G. (2018). Climate-related displacements of coastal communities in the Arctic: Engaging traditional knowledge in adaptation strategies and policies. Environmental Science & Policy, 85, 90-100."
"WPR-288","Americas - North America","United States of America","Alaska","Napakiak","unknown","other","Coastal erosion","unknown","ongoing","unknown","A","LPRH I (Bower & Weerasinghe 2021; English literature)","PDD/Kaldor Centre/IOM Global Dataset of Planned Relocation Cases (Leaving Place, Restoring Home I & II), metadata last edited 9 June 2021","https://docs.google.com/spreadsheets/d/1pDR-t1hVApqJiVk6E5DJ7TN0cOtXJiKvS1w8QIP149o/edit#gid=1611800107","291","GAO, US Government Accountability Office, 2009. Alaska Native Villages: Limited Progress Has Been Made on Relocating Villages Threatened by Flooding and Erosion. Government Accountability Office, Washington, D.C. https://www.gao.gov/new.items/d09551.pdf"
"WPR-289","Americas - North America","United States of America","Alaska","Point Hope","unknown","other","Coastal erosion","unknown","completed","unknown","A","LPRH I (Bower & Weerasinghe 2021; English literature)","PDD/Kaldor Centre/IOM Global Dataset of Planned Relocation Cases (Leaving Place, Restoring Home I & II), metadata last edited 9 June 2021","https://docs.google.com/spreadsheets/d/1pDR-t1hVApqJiVk6E5DJ7TN0cOtXJiKvS1w8QIP149o/edit#gid=1611800107","292","Ristroph, E. B. (2017). When climate takes a village: Legal pathways toward the relocation of Alaska Native Villages. Climate Law, 7(4), 259-289."
"WPR-290","Americas - North America","United States of America","Alaska","Allakeet","unknown","flood","Flood","unknown","completed","unknown","A","LPRH I (Bower & Weerasinghe 2021; English literature)","PDD/Kaldor Centre/IOM Global Dataset of Planned Relocation Cases (Leaving Place, Restoring Home I & II), metadata last edited 9 June 2021","https://docs.google.com/spreadsheets/d/1pDR-t1hVApqJiVk6E5DJ7TN0cOtXJiKvS1w8QIP149o/edit#gid=1611800107","293","GAO, US Government Accountability Office, 2009. Alaska Native Villages: Limited Progress Has Been Made on Relocating Villages Threatened by Flooding and Erosion. Government Accountability Office, Washington, D.C. || Manrique, D. R., Corral, S., & Pereira, Â. G. (2018). Climate-related displacements of coastal communities in the Arctic: Engaging traditional knowledge in adaptation strategies and policies. Environmental Science & Policy, 85, 90-100."
"WPR-291","Americas - North America","United States of America","Alaska","Chenega","Evans Island","other","Earthquake","unknown","completed","unknown","A","LPRH I (Bower & Weerasinghe 2021; English literature)","PDD/Kaldor Centre/IOM Global Dataset of Planned Relocation Cases (Leaving Place, Restoring Home I & II), metadata last edited 9 June 2021","https://docs.google.com/spreadsheets/d/1pDR-t1hVApqJiVk6E5DJ7TN0cOtXJiKvS1w8QIP149o/edit#gid=1611800107","294","Lacher, K. (2015). The island community of Chenega: Earthquake, tsunami, oil spill... What's next?. Global Environment, 8(1), 38-60. || Ristroph, E. B. (2017). When climate takes a village: Legal pathways toward the relocation of Alaska Native Villages. Climate Law, 7(4), 259-289."
"WPR-292","Americas - North America","United States of America","Alaska","Kivalina","At first Kiniktuuraq; now unclear","other","Coastal erosion","unknown","ongoing","unknown","A","LPRH I (Bower & Weerasinghe 2021; English literature)","PDD/Kaldor Centre/IOM Global Dataset of Planned Relocation Cases (Leaving Place, Restoring Home I & II), metadata last edited 9 June 2021","https://docs.google.com/spreadsheets/d/1pDR-t1hVApqJiVk6E5DJ7TN0cOtXJiKvS1w8QIP149o/edit#gid=1611800107","295","Marlow, Jennifer J., and Lauren E. Sancken. ""Reimagining relocation in a regulatory void: the inadequacy of existing US federal and state regulatory responses to Kivalina’s climate displacement in the Alaskan Arctic."" Climate Law 7.4 (2017): 290-321. || Durrer, P. (2011). Global warming issues are here : Ethnography of a Motionless Relocation in Kivalina, Alaska. Neuchâtel : Université de Neuchâtel. URL : http://doc.rero.ch/record/21621?ln=fr || Durrer, P., & Adams, E. J. (2011). Finding Ways to Move: the Challenges of Relocation in Kivalina, Northwest Alaska. In A. L. Lovecraft & H. Eicken (Eds.), North by 2020: Perspectives on Alaska’s Changing Social-Ecological System (pp. 265-268). Fairbanks : The University of Alaska Press. || Dannenberg, A. L., Frumkin, H., Hess, J. J., & Ebi, K. L. (2019). Managed retreat as a strategy for climate change adaptation in small communities: public health implications. Climatic Change, 153(1-2), 1-14. || Hamilton, L. C., Saito, K., Loring, P. A., Lammers, R. B., & Huntington, H. P. (2016). Climigration? Population and climate change in Arctic Alaska. Population and environment, 38(2), 115-133. || McNamara, K. E., Bronen, R., Fernando, N., & Klepp, S. (2018). The complex decision-making of climate-induced relocation: Adaptation and loss and damage. Climate Policy, 18(1), 111-117. || Roberts, E., & Andrei, S. (2015). The rising tide: migration as a response to loss and damage from sea level rise in vulnerable communities. International journal of global warming, 8(2), 258-273. || Bronen, R., & Chapin, F. S. (2013). Adaptive governance and institutional strategies for climate-induced community relocations in Alaska. Proceedings of the National Academy of Sciences, 110(23), 9320-9325. || Ristroph, E. B. (2017). When climate takes a village: Legal pathways toward the relocation of Alaska Native Villages. Climate Law, 7(4), 259-289. || GAO, US Government Accountability Office (2009). Alaska Native Villages: Limited Progress Has Been Made on Relocating Villages Threatened by Flooding and Erosion. Government Accountability Office, Washington, D.C. https://www.gao.gov/new.items/d09551.pdf"
"WPR-293","Americas - North America","United States of America","Alaska","Nulato","unknown","flood","Flood","unknown","completed","unknown","A","LPRH I (Bower & Weerasinghe 2021; English literature)","PDD/Kaldor Centre/IOM Global Dataset of Planned Relocation Cases (Leaving Place, Restoring Home I & II), metadata last edited 9 June 2021","https://docs.google.com/spreadsheets/d/1pDR-t1hVApqJiVk6E5DJ7TN0cOtXJiKvS1w8QIP149o/edit#gid=1611800107","296","GAO, US Government Accountability Office, 2009. Alaska Native Villages: Limited Progress Has Been Made on Relocating Villages Threatened by Flooding and Erosion. Government Accountability Office, Washington, D.C. || Manrique, D. R., Corral, S., & Pereira, Â. G. (2018). Climate-related displacements of coastal communities in the Arctic: Engaging traditional knowledge in adaptation strategies and policies. Environmental Science & Policy, 85, 90-100."
"WPR-294","Americas - North America","United States of America","Alaska","Hughes","unknown","flood","Flood","unknown","ongoing","unknown","A","LPRH I (Bower & Weerasinghe 2021; English literature)","PDD/Kaldor Centre/IOM Global Dataset of Planned Relocation Cases (Leaving Place, Restoring Home I & II), metadata last edited 9 June 2021","https://docs.google.com/spreadsheets/d/1pDR-t1hVApqJiVk6E5DJ7TN0cOtXJiKvS1w8QIP149o/edit#gid=1611800107","297","GAO, US Government Accountability Office, 2009. Alaska Native Villages: Limited Progress Has Been Made on Relocating Villages Threatened by Flooding and Erosion. Government Accountability Office, Washington, D.C. || Manrique, D. R., Corral, S., & Pereira, Â. G. (2018). Climate-related displacements of coastal communities in the Arctic: Engaging traditional knowledge in adaptation strategies and policies. Environmental Science & Policy, 85, 90-100."
"WPR-295","Americas - North America","United States of America","Alaska","Huslia","unknown","flood","Flood","unknown","ongoing","unknown","A","LPRH I (Bower & Weerasinghe 2021; English literature)","PDD/Kaldor Centre/IOM Global Dataset of Planned Relocation Cases (Leaving Place, Restoring Home I & II), metadata last edited 9 June 2021","https://docs.google.com/spreadsheets/d/1pDR-t1hVApqJiVk6E5DJ7TN0cOtXJiKvS1w8QIP149o/edit#gid=1611800107","298","GAO, US Government Accountability Office, 2009. Alaska Native Villages: Limited Progress Has Been Made on Relocating Villages Threatened by Flooding and Erosion. Government Accountability Office, Washington, D.C. || Manrique, D. R., Corral, S., & Pereira, Â. G. (2018). Climate-related displacements of coastal communities in the Arctic: Engaging traditional knowledge in adaptation strategies and policies. Environmental Science & Policy, 85, 90-100."
"WPR-296","Americas - North America","United States of America","Alaska","Golovin","unknown","flood","Flood","unknown","ongoing","unknown","A","LPRH I (Bower & Weerasinghe 2021; English literature)","PDD/Kaldor Centre/IOM Global Dataset of Planned Relocation Cases (Leaving Place, Restoring Home I & II), metadata last edited 9 June 2021","https://docs.google.com/spreadsheets/d/1pDR-t1hVApqJiVk6E5DJ7TN0cOtXJiKvS1w8QIP149o/edit#gid=1611800107","299","GAO, US Government Accountability Office, 2009. Alaska Native Villages: Limited Progress Has Been Made on Relocating Villages Threatened by Flooding and Erosion. Government Accountability Office, Washington, D.C. || Manrique, D. R., Corral, S., & Pereira, Â. G. (2018). Climate-related displacements of coastal communities in the Arctic: Engaging traditional knowledge in adaptation strategies and policies. Environmental Science & Policy, 85, 90-100."
"WPR-297","Americas - North America","United States of America","Alaska","Atmautluak","unknown","unknown","unknown","unknown","ongoing","unknown","A","LPRH I (Bower & Weerasinghe 2021; English literature)","PDD/Kaldor Centre/IOM Global Dataset of Planned Relocation Cases (Leaving Place, Restoring Home I & II), metadata last edited 9 June 2021","https://docs.google.com/spreadsheets/d/1pDR-t1hVApqJiVk6E5DJ7TN0cOtXJiKvS1w8QIP149o/edit#gid=1611800107","300","Bronen, R., & Pollock, D. (2017). ""Rights, Resilience, and Community-led Relocation: Perspectives from Fifteen Alaska Native Communities"" Alaska Institute for Justice: Anchorage Alaska. Available at: http://www.akijp.org/wp-content/uploads/2017/05/AIJ-Final-Adaptation-Workshop-Publication.pdf || Bronen, R., & Pollock, D. (2017). Climate Change, Displacement and Community Relocation: Lessons from Alaska. Alaska Institute for Justice and Norwegian Refugee Council.(www. nrc. no/globalassets/pdf/reports/nrc-alaska_relocation-screen. pdf)."
"WPR-298","Americas - North America","United States of America","Alaska","Chevak","unknown","unknown","unknown","unknown","ongoing","unknown","A","LPRH I (Bower & Weerasinghe 2021; English literature)","PDD/Kaldor Centre/IOM Global Dataset of Planned Relocation Cases (Leaving Place, Restoring Home I & II), metadata last edited 9 June 2021","https://docs.google.com/spreadsheets/d/1pDR-t1hVApqJiVk6E5DJ7TN0cOtXJiKvS1w8QIP149o/edit#gid=1611800107","301","Bronen, R., & Pollock, D. (2017). ""Rights, Resilience, and Community-led Relocation: Perspectives from Fifteen Alaska Native Communities"" Alaska Institute for Justice: Anchorage Alaska. Available at: http://www.akijp.org/wp-content/uploads/2017/05/AIJ-Final-Adaptation-Workshop-Publication.pdf || Bronen, R., & Pollock, D. (2017). Climate Change, Displacement and Community Relocation: Lessons from Alaska. Alaska Institute for Justice and Norwegian Refugee Council.(www. nrc. no/globalassets/pdf/reports/nrc-alaska_relocation-screen. pdf)."
"WPR-299","Americas - North America","United States of America","Alaska","Elim","unknown","unknown","unknown","unknown","ongoing","unknown","A","LPRH I (Bower & Weerasinghe 2021; English literature)","PDD/Kaldor Centre/IOM Global Dataset of Planned Relocation Cases (Leaving Place, Restoring Home I & II), metadata last edited 9 June 2021","https://docs.google.com/spreadsheets/d/1pDR-t1hVApqJiVk6E5DJ7TN0cOtXJiKvS1w8QIP149o/edit#gid=1611800107","302","Bronen, R., & Pollock, D. (2017). ""Rights, Resilience, and Community-led Relocation: Perspectives from Fifteen Alaska Native Communities"" Alaska Institute for Justice: Anchorage Alaska. Available at: http://www.akijp.org/wp-content/uploads/2017/05/AIJ-Final-Adaptation-Workshop-Publication.pdf || Bronen, R., & Pollock, D. (2017). Climate Change, Displacement and Community Relocation: Lessons from Alaska. Alaska Institute for Justice and Norwegian Refugee Council.(www. nrc. no/globalassets/pdf/reports/nrc-alaska_relocation-screen. pdf)."
"WPR-300","Americas - North America","United States of America","Alaska","Eyak","unknown","unknown","unknown","unknown","ongoing","unknown","A","LPRH I (Bower & Weerasinghe 2021; English literature)","PDD/Kaldor Centre/IOM Global Dataset of Planned Relocation Cases (Leaving Place, Restoring Home I & II), metadata last edited 9 June 2021","https://docs.google.com/spreadsheets/d/1pDR-t1hVApqJiVk6E5DJ7TN0cOtXJiKvS1w8QIP149o/edit#gid=1611800107","303","Bronen, R., & Pollock, D. (2017). ""Rights, Resilience, and Community-led Relocation: Perspectives from Fifteen Alaska Native Communities"" Alaska Institute for Justice: Anchorage Alaska. Available at: http://www.akijp.org/wp-content/uploads/2017/05/AIJ-Final-Adaptation-Workshop-Publication.pdf || Bronen, R., & Pollock, D. (2017). Climate Change, Displacement and Community Relocation: Lessons from Alaska. Alaska Institute for Justice and Norwegian Refugee Council.(www. nrc. no/globalassets/pdf/reports/nrc-alaska_relocation-screen. pdf)."
"WPR-301","Americas - North America","United States of America","Alaska","Kotlik","unknown","unknown","unknown","unknown","ongoing","unknown","A","LPRH I (Bower & Weerasinghe 2021; English literature)","PDD/Kaldor Centre/IOM Global Dataset of Planned Relocation Cases (Leaving Place, Restoring Home I & II), metadata last edited 9 June 2021","https://docs.google.com/spreadsheets/d/1pDR-t1hVApqJiVk6E5DJ7TN0cOtXJiKvS1w8QIP149o/edit#gid=1611800107","304","Bronen, R., & Pollock, D. (2017). ""Rights, Resilience, and Community-led Relocation: Perspectives from Fifteen Alaska Native Communities"" Alaska Institute for Justice: Anchorage Alaska. Available at: http://www.akijp.org/wp-content/uploads/2017/05/AIJ-Final-Adaptation-Workshop-Publication.pdf || Bronen, R., & Pollock, D. (2017). Climate Change, Displacement and Community Relocation: Lessons from Alaska. Alaska Institute for Justice and Norwegian Refugee Council.(www. nrc. no/globalassets/pdf/reports/nrc-alaska_relocation-screen. pdf)."
"WPR-302","Americas - North America","United States of America","Alaska","Kwigillingok","unknown","unknown","unknown","unknown","ongoing","unknown","A","LPRH I (Bower & Weerasinghe 2021; English literature)","PDD/Kaldor Centre/IOM Global Dataset of Planned Relocation Cases (Leaving Place, Restoring Home I & II), metadata last edited 9 June 2021","https://docs.google.com/spreadsheets/d/1pDR-t1hVApqJiVk6E5DJ7TN0cOtXJiKvS1w8QIP149o/edit#gid=1611800107","305","Bronen, R., & Pollock, D. (2017). ""Rights, Resilience, and Community-led Relocation: Perspectives from Fifteen Alaska Native Communities"" Alaska Institute for Justice: Anchorage Alaska. Available at: http://www.akijp.org/wp-content/uploads/2017/05/AIJ-Final-Adaptation-Workshop-Publication.pdf || Bronen, R., & Pollock, D. (2017). Climate Change, Displacement and Community Relocation: Lessons from Alaska. Alaska Institute for Justice and Norwegian Refugee Council.(www. nrc. no/globalassets/pdf/reports/nrc-alaska_relocation-screen. pdf)."
"WPR-303","Americas - North America","United States of America","Alaska","Nelson Lagoon","unknown","unknown","unknown","unknown","ongoing","unknown","A","LPRH I (Bower & Weerasinghe 2021; English literature)","PDD/Kaldor Centre/IOM Global Dataset of Planned Relocation Cases (Leaving Place, Restoring Home I & II), metadata last edited 9 June 2021","https://docs.google.com/spreadsheets/d/1pDR-t1hVApqJiVk6E5DJ7TN0cOtXJiKvS1w8QIP149o/edit#gid=1611800107","306","Bronen, R., & Pollock, D. (2017). ""Rights, Resilience, and Community-led Relocation: Perspectives from Fifteen Alaska Native Communities"" Alaska Institute for Justice: Anchorage Alaska. Available at: http://www.akijp.org/wp-content/uploads/2017/05/AIJ-Final-Adaptation-Workshop-Publication.pdf || Bronen, R., & Pollock, D. (2017). Climate Change, Displacement and Community Relocation: Lessons from Alaska. Alaska Institute for Justice and Norwegian Refugee Council.(www. nrc. no/globalassets/pdf/reports/nrc-alaska_relocation-screen. pdf)."
"WPR-304","Americas - North America","United States of America","Alaska","Nunapitchuk","unknown","unknown","unknown","unknown","ongoing","unknown","A","LPRH I (Bower & Weerasinghe 2021; English literature)","PDD/Kaldor Centre/IOM Global Dataset of Planned Relocation Cases (Leaving Place, Restoring Home I & II), metadata last edited 9 June 2021","https://docs.google.com/spreadsheets/d/1pDR-t1hVApqJiVk6E5DJ7TN0cOtXJiKvS1w8QIP149o/edit#gid=1611800107","307","Bronen, R., & Pollock, D. (2017). ""Rights, Resilience, and Community-led Relocation: Perspectives from Fifteen Alaska Native Communities"" Alaska Institute for Justice: Anchorage Alaska. Available at: http://www.akijp.org/wp-content/uploads/2017/05/AIJ-Final-Adaptation-Workshop-Publication.pdf || Bronen, R., & Pollock, D. (2017). Climate Change, Displacement and Community Relocation: Lessons from Alaska. Alaska Institute for Justice and Norwegian Refugee Council.(www. nrc. no/globalassets/pdf/reports/nrc-alaska_relocation-screen. pdf)."
"WPR-305","Americas - North America","United States of America","Alaska","Port Heiden","unknown","unknown","unknown","unknown","ongoing","unknown","A","LPRH I (Bower & Weerasinghe 2021; English literature)","PDD/Kaldor Centre/IOM Global Dataset of Planned Relocation Cases (Leaving Place, Restoring Home I & II), metadata last edited 9 June 2021","https://docs.google.com/spreadsheets/d/1pDR-t1hVApqJiVk6E5DJ7TN0cOtXJiKvS1w8QIP149o/edit#gid=1611800107","308","Bronen, R., & Pollock, D. (2017). ""Rights, Resilience, and Community-led Relocation: Perspectives from Fifteen Alaska Native Communities"" Alaska Institute for Justice: Anchorage Alaska. Available at: http://www.akijp.org/wp-content/uploads/2017/05/AIJ-Final-Adaptation-Workshop-Publication.pdf || Bronen, R., & Pollock, D. (2017). Climate Change, Displacement and Community Relocation: Lessons from Alaska. Alaska Institute for Justice and Norwegian Refugee Council.(www. nrc. no/globalassets/pdf/reports/nrc-alaska_relocation-screen. pdf)."
"WPR-306","Americas - North America","United States of America","Alaska","Teller","unknown","unknown","unknown","unknown","ongoing","unknown","A","LPRH I (Bower & Weerasinghe 2021; English literature)","PDD/Kaldor Centre/IOM Global Dataset of Planned Relocation Cases (Leaving Place, Restoring Home I & II), metadata last edited 9 June 2021","https://docs.google.com/spreadsheets/d/1pDR-t1hVApqJiVk6E5DJ7TN0cOtXJiKvS1w8QIP149o/edit#gid=1611800107","309","GAO, US Government Accountability Office, 2009. Alaska Native Villages: Limited Progress Has Been Made on Relocating Villages Threatened by Flooding and Erosion. Government Accountability Office, Washington, D.C. || Manrique, D. R., Corral, S., & Pereira, Â. G. (2018). Climate-related displacements of coastal communities in the Arctic: Engaging traditional knowledge in adaptation strategies and policies. Environmental Science & Policy, 85, 90-100."
"WPR-307","Americas - North America","United States of America","Arizona","Allenville","Hopeville","flood","Flood","unknown","completed","unknown","A","LPRH I (Bower & Weerasinghe 2021; English literature)","PDD/Kaldor Centre/IOM Global Dataset of Planned Relocation Cases (Leaving Place, Restoring Home I & II), metadata last edited 9 June 2021","https://docs.google.com/spreadsheets/d/1pDR-t1hVApqJiVk6E5DJ7TN0cOtXJiKvS1w8QIP149o/edit#gid=1611800107","310","Perry, R. W. and Lindell, M.K. “Principles for Managing Community Relocation as a Hazard Mitigation Measure.” Journal of Contingencies & Crisis Management. 1 March 1997."
"WPR-308","Americas - North America","United States of America","Illinois","Valmeyer","New Valmeyer","flood","Flood","unknown","completed","unknown","A","LPRH I (Bower & Weerasinghe 2021; English literature)","PDD/Kaldor Centre/IOM Global Dataset of Planned Relocation Cases (Leaving Place, Restoring Home I & II), metadata last edited 9 June 2021","https://docs.google.com/spreadsheets/d/1pDR-t1hVApqJiVk6E5DJ7TN0cOtXJiKvS1w8QIP149o/edit#gid=1611800107","311","Knobloch, D. M. (2005). Moving a community in the aftermath of the great 1993 Midwest flood. Journal of Contemporary Water Research & Education, 130(1), 41-45. || Koslov, L. (2016). “The Case for Retreat.” Public Culture. 28(2): 369-387. || Carey, John.(2020). ""Core Concept: Managed retreat increasingly seen as necessary in response to climate change’s fury."" Proceedings of the National Academy of Sciences. || Brinegar, S. J. (1997). Response to flood hazard: Community relocation in Illinois following the great flood of 1993. Bulletin of the Illinois Geographical Society, 39(2), 2-25. || GAO-20-488, CLIMATE CHANGE: A Climate Migration Pilot Program Could Enhance the Nation’s Resilience and Reduce Federal Fiscal Exposure. https://www.gao.gov/assets/710/707961.pdf"
"WPR-309","Americas - North America","United States of America","Louisiana","Isle de Jean Charles","The New Isle","other","Coastal erosion","unknown","ongoing","unknown","A","LPRH I (Bower & Weerasinghe 2021; English literature)","PDD/Kaldor Centre/IOM Global Dataset of Planned Relocation Cases (Leaving Place, Restoring Home I & II), metadata last edited 9 June 2021","https://docs.google.com/spreadsheets/d/1pDR-t1hVApqJiVk6E5DJ7TN0cOtXJiKvS1w8QIP149o/edit#gid=1611800107","312","US Department of Housing and Urban Development, and Louisiana Office of Community Development. “Isle De Jean Charles Resettlement Overview and Background.” Isle De Jean Charles, 9 June 2020, http://isledejeancharles.la.gov/sites/default/files/public/IDJC-Background-and-Overview-1-28-21.pdf. || Maldonado, J. K., Shearer, C., Bronen, R., Peterson, K. & Lazrus, H. The impact of climate change on tribal communities in the US: displacement, relocation, and human rights. Clim. Change 120, 601–614 (2013). || Guha, A. (2020). Environment Induced Resettlement and Profit-Sharing Model: A case study from Sundarban, West Bengal, India. Environmental Development, 100523. || Dannenberg, A. L., Frumkin, H., Hess, J. J., & Ebi, K. L. (2019). Managed retreat as a strategy for climate change adaptation in small communities: public health implications. Climatic Change, 153(1-2), 1-14. || Maldonado, J. K. (2014). A multiple knowledge approach for adaptation to environmental change: lessons learned from coastal Louisiana's tribal communities. Journal of Political Ecology, 21(1), 61-82. || Allamel, F. (2016). The Houma Indians’ battle against the ocean. Disaster Prevention and Management. || GAO-20-488, CLIMATE CHANGE: A Climate Migration Pilot Program Could Enhance the Nation’s Resilience and Reduce Federal Fiscal Exposure. https://www.gao.gov/assets/710/707961.pdf"
"WPR-310","Americas - North America","United States of America","Missouri","Pattonsburg","Pattonsburg (3 miles)","flood","Flood","unknown","completed","unknown","A","LPRH I (Bower & Weerasinghe 2021; English literature)","PDD/Kaldor Centre/IOM Global Dataset of Planned Relocation Cases (Leaving Place, Restoring Home I & II), metadata last edited 9 June 2021","https://docs.google.com/spreadsheets/d/1pDR-t1hVApqJiVk6E5DJ7TN0cOtXJiKvS1w8QIP149o/edit#gid=1611800107","313","VanPelt, A. (2010). Response to Flood Hazards: Assessing Community Factors that Affect the Decision to Relocate. Master’s thesisSouthern Illinois University at Carbondale."
"WPR-311","Americas - North America","United States of America","Missouri","Rhineland","Rhineland (0.2 miles)","flood","Flood","unknown","completed","unknown","A","LPRH I (Bower & Weerasinghe 2021; English literature)","PDD/Kaldor Centre/IOM Global Dataset of Planned Relocation Cases (Leaving Place, Restoring Home I & II), metadata last edited 9 June 2021","https://docs.google.com/spreadsheets/d/1pDR-t1hVApqJiVk6E5DJ7TN0cOtXJiKvS1w8QIP149o/edit#gid=1611800107","314","VanPelt, A. (2010). Response to Flood Hazards: Assessing Community Factors that Affect the Decision to Relocate. Master’s thesisSouthern Illinois University at Carbondale."
"WPR-312","Americas - North America","United States of America","Nebraska","Winslow","unknown","flood","Flood","unknown","ongoing","unknown","A","LPRH I (Bower & Weerasinghe 2021; English literature)","PDD/Kaldor Centre/IOM Global Dataset of Planned Relocation Cases (Leaving Place, Restoring Home I & II), metadata last edited 9 June 2021","https://docs.google.com/spreadsheets/d/1pDR-t1hVApqJiVk6E5DJ7TN0cOtXJiKvS1w8QIP149o/edit#gid=1611800107","315","Christina Stella, NET News. As Winslow Plans To Move To Higher Ground After Flooding, Legal Questions Halt Progress, 13 Jan. 2020, netnebraska.org/article/news/1203587/winslow-plans-move-higher-ground-after-flooding-legal-questions-halt-progress."
"WPR-313","Americas - North America","United States of America","Washington","Taholah","higher land (1/2 mile away)","sea-level rise","Sea level rise","unknown","ongoing","unknown","A","LPRH I (Bower & Weerasinghe 2021; English literature)","PDD/Kaldor Centre/IOM Global Dataset of Planned Relocation Cases (Leaving Place, Restoring Home I & II), metadata last edited 9 June 2021","https://docs.google.com/spreadsheets/d/1pDR-t1hVApqJiVk6E5DJ7TN0cOtXJiKvS1w8QIP149o/edit#gid=1611800107","316","Quinault Indian Nation Cmty. Dev. & Planning Dep’t, The Taholah Village Relocation MasterPlan (2017), available at http://www.quinaultindiannation.com/planning/FINAL_Taholah_Relocation_Plan.pdf. || Dannenberg, A. L., Frumkin, H., Hess, J. J., & Ebi, K. L. (2019). Managed retreat as a strategy for climate change adaptation in small communities: public health implications. Climatic Change, 153(1-2), 1-14."
"WPR-314","Americas - North America","United States of America","Washington","La Push","within land","other","Tsunami","unknown","ongoing","unknown","A","LPRH I (Bower & Weerasinghe 2021; English literature)","PDD/Kaldor Centre/IOM Global Dataset of Planned Relocation Cases (Leaving Place, Restoring Home I & II), metadata last edited 9 June 2021","https://docs.google.com/spreadsheets/d/1pDR-t1hVApqJiVk6E5DJ7TN0cOtXJiKvS1w8QIP149o/edit#gid=1611800107","317","“Quileute Tribe Move to Higher Ground.” Quileute Move to Higher Ground, 2017, available at: http://mthg.org/about/."
"WPR-315","Americas - North America","United States of America","Wisconsin","Soldiers Grove","unknown","flood","Flood","unknown","completed","unknown","A","LPRH I (Bower & Weerasinghe 2021; English literature)","PDD/Kaldor Centre/IOM Global Dataset of Planned Relocation Cases (Leaving Place, Restoring Home I & II), metadata last edited 9 June 2021","https://docs.google.com/spreadsheets/d/1pDR-t1hVApqJiVk6E5DJ7TN0cOtXJiKvS1w8QIP149o/edit#gid=1611800107","318","Becker, W.S. (1983). Come Rain, Come Shine: A Case Study of a Flood- plain Relocation Project at Soldiers Grove, Wisconsin (Wisconsin Depart- ment of Natural Resources). 33. || Tobin, G.A. (1992). Community response to floodplain relocation in Sol- diers Grove, Wisconsin. Trans. Wis. Acad. Sci. Arts Lett. 80, 87–96 || David, E., and Mayer, J. (1984). Comparing costs of alternative flood haz- ard mitigation plans: the case of Soldiers Grove, Wisconsin. J. Am. Plan. Assoc. 50, 22–35"
"WPR-316","Americas - Central America","Belize","Toledo Distrct","Monkey River","inland (short distance)","other","Coastal erosion","unknown","completed","unknown","A","LPRH I (Bower & Weerasinghe 2021; English literature)","PDD/Kaldor Centre/IOM Global Dataset of Planned Relocation Cases (Leaving Place, Restoring Home I & II), metadata last edited 9 June 2021","https://docs.google.com/spreadsheets/d/1pDR-t1hVApqJiVk6E5DJ7TN0cOtXJiKvS1w8QIP149o/edit#gid=1611800107","319","Karlsson, M., B. Van Oort, and B. Romstad. 2015. What we have lost and cannot become: societal outcomes of coastal erosion in southern Belize. Ecology and Society 20(1): 4. http://dx.doi.org/10.5751/ES-07050-200104"
"WPR-317","Americas - Central America","Belize","Toledo District","Punta Negra","not yet determined","other","Coastal erosion","unknown","ongoing","unknown","A","LPRH I (Bower & Weerasinghe 2021; English literature)","PDD/Kaldor Centre/IOM Global Dataset of Planned Relocation Cases (Leaving Place, Restoring Home I & II), metadata last edited 9 June 2021","https://docs.google.com/spreadsheets/d/1pDR-t1hVApqJiVk6E5DJ7TN0cOtXJiKvS1w8QIP149o/edit#gid=1611800107","320","https://ambergriscaye.com/forum/ubbthreads.php/topics/505973/punta-negra-residents-seek-assistance-for-erosion.html"
"WPR-318","Americas - Central America","Costa Rica","Santo Domingo de Heredia","Barrio Fátima","Tures district (La Zamora), Santa Rosa district (Real Dante)","flood","Flood","unknown","completed","unknown","C","LPRH II (Mokhnacheva 2021; French/Spanish/Portuguese literature)","PDD/Kaldor Centre/IOM Global Dataset of Planned Relocation Cases (Leaving Place, Restoring Home I & II), metadata last edited 9 June 2021","https://docs.google.com/spreadsheets/d/1pDR-t1hVApqJiVk6E5DJ7TN0cOtXJiKvS1w8QIP149o/edit#gid=1611800107","321","Fernández Arce, M., Ramírez Umaña, C. y Muñoz Jiménez, R. (2020). Prevención del Riesgo en Santo Domingo de Heredia, Costa Rica: Reubicación del barrio Fátima. Revista de Estudios Latinoamericanos sobre Reducción del Riesgo de Desastres REDER, 4(2), 126-133."
"WPR-319","Americas - Central America","El Salvador","San Vicente","Verapaz","New Verapaz","volcano","Volcanic eruption","unknown","completed","unknown","A","LPRH I (Bower & Weerasinghe 2021; English literature)","PDD/Kaldor Centre/IOM Global Dataset of Planned Relocation Cases (Leaving Place, Restoring Home I & II), metadata last edited 9 June 2021","https://docs.google.com/spreadsheets/d/1pDR-t1hVApqJiVk6E5DJ7TN0cOtXJiKvS1w8QIP149o/edit#gid=1611800107","322","Bowman, L. J., & Henquinet, K. B. (2015). Disaster risk reduction and resettlement efforts at San Vicente (Chichontepec) Volcano, El Salvador: toward understanding social and geophysical vulnerability. Journal of Applied Volcanology, 4(1), 14."
"WPR-320","Americas - Central America","Guatemala","Solalá","Tz’anchaj and Panabaj","Santiago Atitlán","cyclone/storm","Storm","unknown","completed","unknown","B","LPRH I (Bower & Weerasinghe 2021; English literature)","PDD/Kaldor Centre/IOM Global Dataset of Planned Relocation Cases (Leaving Place, Restoring Home I & II), metadata last edited 9 June 2021","https://docs.google.com/spreadsheets/d/1pDR-t1hVApqJiVk6E5DJ7TN0cOtXJiKvS1w8QIP149o/edit#gid=1611800107","323","The World Bank. Preventive resettlement of populations at risk of disaster: experiences from Latin America. (The World Bank and Global Facility for Disaster Risk and Recovery, 2011) || Hoffma, S. M., & Barrios, R. E. (Eds.). (2019). Disaster Upon Disaster: Exploring the Gap Between Knowledge, Policy and Practice (Vol. 2). Berghahn Books. Pg 209-211."
"WPR-321","Americas - Central America","Guatemala","Escuintla Department","Texcuaco","La Gomera","flood","Riverine flood","unknown","completed","unknown","A","LPRH II (Mokhnacheva 2021; French/Spanish/Portuguese literature)","PDD/Kaldor Centre/IOM Global Dataset of Planned Relocation Cases (Leaving Place, Restoring Home I & II), metadata last edited 9 June 2021","https://docs.google.com/spreadsheets/d/1pDR-t1hVApqJiVk6E5DJ7TN0cOtXJiKvS1w8QIP149o/edit#gid=1611800107","324","Fuentes, Y., & León, J. (2018). Los procesos de traslado forzado debido a desastres naturales. Sistematización de experiencias en Guatemala. Revista Trace, 88."
"WPR-322","Americas - Central America","Guatemala","Guatemala City","Southern City Commonwealth","Manja Blanca neighborhood of Villa Canales","cyclone/storm","Storm","unknown","completed","unknown","A","LPRH I (Bower & Weerasinghe 2021; English literature)","PDD/Kaldor Centre/IOM Global Dataset of Planned Relocation Cases (Leaving Place, Restoring Home I & II), metadata last edited 9 June 2021","https://docs.google.com/spreadsheets/d/1pDR-t1hVApqJiVk6E5DJ7TN0cOtXJiKvS1w8QIP149o/edit#gid=1611800107","325","World Bank Group. (2018). Regional Workshop on Planned Relocations to Protect Persons from Disasters and Environmental Change in the Latin American Context. KNOMAD Thematic Working Group on Environmental Change and Migration. https://www.knomad.org/sites/default/files/2018-07/KNOMAD%20WORKSHOP_PLANNE%20RELOCATIONS_SYNTHESIS%20NOTE_MAY%202018.pdf"
"WPR-323","Americas - Central America","Guatemala","Quetzaltenango Department","El Palmar","Nuevo Palmar","volcano","Lahars","unknown","completed","unknown","A","LPRH II (Mokhnacheva 2021; French/Spanish/Portuguese literature)","PDD/Kaldor Centre/IOM Global Dataset of Planned Relocation Cases (Leaving Place, Restoring Home I & II), metadata last edited 9 June 2021","https://docs.google.com/spreadsheets/d/1pDR-t1hVApqJiVk6E5DJ7TN0cOtXJiKvS1w8QIP149o/edit#gid=1611800107","326","Fuentes, Yojana & León, Juan. (2018). Los procesos de traslado forzado debido a desastres naturales. Sistematización de experiencias en Guatemala. Revista Trace. 88. 10.22134/trace.56.2009.397."
"WPR-324","Americas - Central America","Guatemala","Retalhuleu Department","Santa Isabel","unknown","volcano","Lahars","unknown","completed","unknown","A","LPRH II (Mokhnacheva 2021; French/Spanish/Portuguese literature)","PDD/Kaldor Centre/IOM Global Dataset of Planned Relocation Cases (Leaving Place, Restoring Home I & II), metadata last edited 9 June 2021","https://docs.google.com/spreadsheets/d/1pDR-t1hVApqJiVk6E5DJ7TN0cOtXJiKvS1w8QIP149o/edit#gid=1611800107","327","Fuentes, Yojana & León, Juan. (2018). Los procesos de traslado forzado debido a desastres naturales. Sistematización de experiencias en Guatemala. Revista Trace. 88. 10.22134/trace.56.2009.397."
"WPR-325","Americas - Central America","Guatemala","San Marcos Department","El Chim","unknown","volcano","Volcanic eruption","unknown","completed","unknown","A","LPRH II (Mokhnacheva 2021; French/Spanish/Portuguese literature)","PDD/Kaldor Centre/IOM Global Dataset of Planned Relocation Cases (Leaving Place, Restoring Home I & II), metadata last edited 9 June 2021","https://docs.google.com/spreadsheets/d/1pDR-t1hVApqJiVk6E5DJ7TN0cOtXJiKvS1w8QIP149o/edit#gid=1611800107","328","Fuentes, Yojana & León, Juan. (2018). Los procesos de traslado forzado debido a desastres naturales. Sistematización de experiencias en Guatemala. Revista Trace. 88. 10.22134/trace.56.2009.397."
"WPR-326","Americas - Central America","Guatemala","Solalá Department","Santa Catarina Ixtahuacán","unknown","landslide","Landslide","unknown","completed","unknown","A","LPRH II (Mokhnacheva 2021; French/Spanish/Portuguese literature)","PDD/Kaldor Centre/IOM Global Dataset of Planned Relocation Cases (Leaving Place, Restoring Home I & II), metadata last edited 9 June 2021","https://docs.google.com/spreadsheets/d/1pDR-t1hVApqJiVk6E5DJ7TN0cOtXJiKvS1w8QIP149o/edit#gid=1611800107","329","Fuentes, Yojana & León, Juan. (2018). Los procesos de traslado forzado debido a desastres naturales. Sistematización de experiencias en Guatemala. Revista Trace. 88. 10.22134/trace.56.2009.397."
"WPR-327","Americas - Central America","Honduras","Lempira","Celaque National Park","Proyecto Celaque (two sites)","cyclone/storm","Storm","unknown","completed","unknown","C","LPRH I (Bower & Weerasinghe 2021; English literature)","PDD/Kaldor Centre/IOM Global Dataset of Planned Relocation Cases (Leaving Place, Restoring Home I & II), metadata last edited 9 June 2021","https://docs.google.com/spreadsheets/d/1pDR-t1hVApqJiVk6E5DJ7TN0cOtXJiKvS1w8QIP149o/edit#gid=1611800107","330","Timm, B. F. “The (Mis)Use of Disaster as Opportunity: Coerced Relocation from Celaque National Park, Honduras.“ Antipode. 2011. 43(4)."
"WPR-328","Americas - Central America","Honduras","Central District","Tegucigalpa","Ciudad Divina Providencia / Suyapa","cyclone/storm","Storm","unknown","completed","unknown","A","LPRH I (Bower & Weerasinghe 2021; English literature)","PDD/Kaldor Centre/IOM Global Dataset of Planned Relocation Cases (Leaving Place, Restoring Home I & II), metadata last edited 9 June 2021","https://docs.google.com/spreadsheets/d/1pDR-t1hVApqJiVk6E5DJ7TN0cOtXJiKvS1w8QIP149o/edit#gid=1611800107","331","Alaniz, R. (2015). Creating Community after Disaster: Norm Formation in Post-Hurricane Mitch Resettlements. Disasters’ Impact on Livelihood and Cultural Survival: Losses, Opportunities, and Mitigation, 75-88. || Lin, K. H. E., Khan, S., Acosta, L. A., Alaniz, R., & Olanya, D. R. (2020). The dynamism of post disaster risk communication: A cross-country synthesis. International Journal of Disaster Risk Reduction, 48 doi:10.1016/j.ijdrr.2020.101556 || Alaniz, R. (2017). From strangers to neighbors: Post-disaster resettlement and community building in Honduras. University of Texas Press."
"WPR-329","Americas - Central America","Honduras","Central District","Tegucigalpa","Ciudad España / Pino Alto","cyclone/storm","Storm","unknown","completed","unknown","A","LPRH I (Bower & Weerasinghe 2021; English literature)","PDD/Kaldor Centre/IOM Global Dataset of Planned Relocation Cases (Leaving Place, Restoring Home I & II), metadata last edited 9 June 2021","https://docs.google.com/spreadsheets/d/1pDR-t1hVApqJiVk6E5DJ7TN0cOtXJiKvS1w8QIP149o/edit#gid=1611800107","332","Alaniz, R. (2015). Creating Community after Disaster: Norm Formation in Post-Hurricane Mitch Resettlements. Disasters’ Impact on Livelihood and Cultural Survival: Losses, Opportunities, and Mitigation, 75-88. || Lin, K. H. E., Khan, S., Acosta, L. A., Alaniz, R., & Olanya, D. R. (2020). The dynamism of post disaster risk communication: A cross-country synthesis. International Journal of Disaster Risk Reduction, 48 doi:10.1016/j.ijdrr.2020.101556 || Alaniz, R. (2017). From strangers to neighbors: Post-disaster resettlement and community building in Honduras. University of Texas Press."
"WPR-330","Americas - Central America","Honduras","Choluteca","Choluteca","Nueva Choluteca (two relocation sites - 1 government, one community)","cyclone/storm","Storm","unknown","completed","unknown","C","LPRH I (Bower & Weerasinghe 2021; English literature)","PDD/Kaldor Centre/IOM Global Dataset of Planned Relocation Cases (Leaving Place, Restoring Home I & II), metadata last edited 9 June 2021","https://docs.google.com/spreadsheets/d/1pDR-t1hVApqJiVk6E5DJ7TN0cOtXJiKvS1w8QIP149o/edit#gid=1611800107","333","Zhang, Q. (2016). Disaster response and recovery: Aid and social change. Annals of Anthropological Practice, 40(1), 86-97."
"WPR-331","Americas - Central America","Mexico","Chiapas","Nuevo San Juan Grijalva","unknown","landslide","Landslide","unknown","completed","unknown","A","LPRH I (Bower & Weerasinghe 2021; English literature)","PDD/Kaldor Centre/IOM Global Dataset of Planned Relocation Cases (Leaving Place, Restoring Home I & II), metadata last edited 9 June 2021","https://docs.google.com/spreadsheets/d/1pDR-t1hVApqJiVk6E5DJ7TN0cOtXJiKvS1w8QIP149o/edit#gid=1611800107","334","World Bank Group. (2018). Regional Workshop on Planned Relocations to Protect Persons from Disasters and Environmental Change in the Latin American Context. KNOMAD Thematic Working Group on Environmental Change and Migration. https://www.knomad.org/sites/default/files/2018-07/KNOMAD%20WORKSHOP_PLANNE%20RELOCATIONS_SYNTHESIS%20NOTE_MAY%202018.pdf"
"WPR-332","Americas - Central America","Mexico","Chiapas","Motozintla","Vida Mejor III","landslide","Landslide","unknown","completed","unknown","A","LPRH I (Bower & Weerasinghe 2021; English literature)","PDD/Kaldor Centre/IOM Global Dataset of Planned Relocation Cases (Leaving Place, Restoring Home I & II), metadata last edited 9 June 2021","https://docs.google.com/spreadsheets/d/1pDR-t1hVApqJiVk6E5DJ7TN0cOtXJiKvS1w8QIP149o/edit#gid=1611800107","335","World Bank Group. (2018). Regional Workshop on Planned Relocations to Protect Persons from Disasters and Environmental Change in the Latin American Context. KNOMAD Thematic Working Group on Environmental Change and Migration. https://www.knomad.org/sites/default/files/2018-07/KNOMAD%20WORKSHOP_PLANNE%20RELOCATIONS_SYNTHESIS%20NOTE_MAY%202018.pdf"
"WPR-333","Americas - Central America","Mexico","Chiapas","Motozintla","Milenio III","landslide","Landslide","unknown","completed","unknown","A","LPRH I (Bower & Weerasinghe 2021; English literature)","PDD/Kaldor Centre/IOM Global Dataset of Planned Relocation Cases (Leaving Place, Restoring Home I & II), metadata last edited 9 June 2021","https://docs.google.com/spreadsheets/d/1pDR-t1hVApqJiVk6E5DJ7TN0cOtXJiKvS1w8QIP149o/edit#gid=1611800107","336","World Bank Group. (2018). Regional Workshop on Planned Relocations to Protect Persons from Disasters and Environmental Change in the Latin American Context. KNOMAD Thematic Working Group on Environmental Change and Migration. https://www.knomad.org/sites/default/files/2018-07/KNOMAD%20WORKSHOP_PLANNE%20RELOCATIONS_SYNTHESIS%20NOTE_MAY%202018.pdf"
"WPR-334","Americas - Central America","Mexico","Chiapas","Motozintla","Frontera Comalapa (San José Montenegro, Rincón Caballar), Huixtla, Comitán","cyclone/storm","Storm","unknown","completed","unknown","C","LPRH II (Mokhnacheva 2021; French/Spanish/Portuguese literature)","PDD/Kaldor Centre/IOM Global Dataset of Planned Relocation Cases (Leaving Place, Restoring Home I & II), metadata last edited 9 June 2021","https://docs.google.com/spreadsheets/d/1pDR-t1hVApqJiVk6E5DJ7TN0cOtXJiKvS1w8QIP149o/edit#gid=1611800107","337","Martínez Velasco, Germán, López Ochoa, María Sonia, Álvarez Gordillo, Guadalupe, & Schmook, Birgit. (2016). Desastres, desplazamiento interno y migración laboral en la Sierra de Chiapas. Papeles de población, 22(87), 201-232. Recuperado en 22 de marzo de 2021, de http://www.scielo.org.mx/scielo.php?script=sci_arttext&pid=S1405-74252016000100201&lng=es&tlng=es."
"WPR-335","Americas - Central America","Mexico","Chiapas","Multiple (Motozintla, Huixtla, Mapastepec, Tapachula)","Pijijiapan (Nuevo Milenio, Jubileo 2000)","cyclone/storm","Storm","unknown","completed","unknown","unknown","LPRH II (Mokhnacheva 2021; French/Spanish/Portuguese literature)","PDD/Kaldor Centre/IOM Global Dataset of Planned Relocation Cases (Leaving Place, Restoring Home I & II), metadata last edited 9 June 2021","https://docs.google.com/spreadsheets/d/1pDR-t1hVApqJiVk6E5DJ7TN0cOtXJiKvS1w8QIP149o/edit#gid=1611800107","338","Escobar, H., Sovilla, B., & Arévalo, J. L. (2006). Pobreza, desastres naturales y migración en la regiones Istmo-Costa, Sierra y Soconusco de Chiapas. Observatorio de la Economía Latinoamericana, 70. https://www.eumed.net/cursecon/ecolat/mx/2006/rsa.htm || Lavell, A., Mansilla, E., Chavex, A., Cardona, O., & Perez M. (2015). Diagnostic report. Colombia, Peru and Mexico (1/4). The Bartlett Development Planning Unit (DPU) and the Latin American Social Science Faculty (FLACSO). https://www.ucl.ac.uk/bartlett/development/sites/bartlett/files/diagnostic_flacso_english_spanish_v2.pdf"
"WPR-336","Americas - Central America","Mexico","Guerrero","Acapulco","unknown","cyclone/storm","Storm","unknown","completed","unknown","A","LPRH I (Bower & Weerasinghe 2021; English literature)","PDD/Kaldor Centre/IOM Global Dataset of Planned Relocation Cases (Leaving Place, Restoring Home I & II), metadata last edited 9 June 2021","https://docs.google.com/spreadsheets/d/1pDR-t1hVApqJiVk6E5DJ7TN0cOtXJiKvS1w8QIP149o/edit#gid=1611800107","339","World Bank Group. (2018). Regional Workshop on Planned Relocations to Protect Persons from Disasters and Environmental Change in the Latin American Context. KNOMAD Thematic Working Group on Environmental Change and Migration. https://www.knomad.org/sites/default/files/2018-07/KNOMAD%20WORKSHOP_PLANNE%20RELOCATIONS_SYNTHESIS%20NOTE_MAY%202018.pdf"
"WPR-337","Americas - Central America","Mexico","Guerrero","Chilpancingo (multiple neighbourhoods)","Chilpancingo (El Mirador)","cyclone/storm","Storm","unknown","completed","unknown","C","LPRH II (Mokhnacheva 2021; French/Spanish/Portuguese literature)","PDD/Kaldor Centre/IOM Global Dataset of Planned Relocation Cases (Leaving Place, Restoring Home I & II), metadata last edited 9 June 2021","https://docs.google.com/spreadsheets/d/1pDR-t1hVApqJiVk6E5DJ7TN0cOtXJiKvS1w8QIP149o/edit#gid=1611800107","340","Lavell, A., Mansilla, E., Chavex, A., Cardona, O., & Perez M. (2015). Diagnostic report. Colombia, Peru and Mexico (1/4). The Bartlett Development Planning Unit (DPU) and the Latin American Social Science Faculty (FLACSO). https://www.ucl.ac.uk/bartlett/development/sites/bartlett/files/diagnostic_flacso_english_spanish_v2.pdf"
"WPR-338","Americas - Central America","Mexico","Mexico City","Alvaro Obregon municipality","Multiple (Villa Solidaridad ""El Piru"", Cooperative Unidad Progresista Villa Obregon, Villa Solidaridad Santa Lucia, Desarollo Urbano Alvaro Obregon ""El Piru"")","landslide","Landslide","unknown","completed","unknown","C","LPRH II (Mokhnacheva 2021; French/Spanish/Portuguese literature)","PDD/Kaldor Centre/IOM Global Dataset of Planned Relocation Cases (Leaving Place, Restoring Home I & II), metadata last edited 9 June 2021","https://docs.google.com/spreadsheets/d/1pDR-t1hVApqJiVk6E5DJ7TN0cOtXJiKvS1w8QIP149o/edit#gid=1611800107","341","Aguilar, A., & De Lourdes Sánchez, M. (1994). Política Ambiental y Regeneración Urbana en la Ciudad de México. Revista Geográfica, (120), 91-118. http://www.jstor.org/stable/40992697"
"WPR-339","Americas - Central America","Mexico","Michoacán","Angangueo","Las Mesas (Barrio Sustentable Monarca)","flood","Flood","unknown","completed","unknown","A","LPRH II (Mokhnacheva 2021; French/Spanish/Portuguese literature)","PDD/Kaldor Centre/IOM Global Dataset of Planned Relocation Cases (Leaving Place, Restoring Home I & II), metadata last edited 9 June 2021","https://docs.google.com/spreadsheets/d/1pDR-t1hVApqJiVk6E5DJ7TN0cOtXJiKvS1w8QIP149o/edit#gid=1611800107","342","Rodríguez García, H. I., Cuevas Muñiz, A., & Arellano Ceballos, A. (2016). La reubicación humana por desastre en Angangueo, Michoacán. Entre la participación y significación social. Política y cultura, (45), 53-77. http://www.scielo.org.mx/scielo.php?script=sci_arttext&pid=S0188-77422016000100053&lng=es&tlng=es."
"WPR-340","Americas - Central America","Mexico","Nueva León","Monterrey","Multiple","flood","Flood","unknown","completed","unknown","unknown","LPRH II (Mokhnacheva 2021; French/Spanish/Portuguese literature)","PDD/Kaldor Centre/IOM Global Dataset of Planned Relocation Cases (Leaving Place, Restoring Home I & II), metadata last edited 9 June 2021","https://docs.google.com/spreadsheets/d/1pDR-t1hVApqJiVk6E5DJ7TN0cOtXJiKvS1w8QIP149o/edit#gid=1611800107","343","Lavell, A., Mansilla, E., Chavex, A., Cardona, O., & Perez M. (2015). Diagnostic report. Colombia, Peru and Mexico (1/4). The Bartlett Development Planning Unit (DPU) and the Latin American Social Science Faculty (FLACSO). https://www.ucl.ac.uk/bartlett/development/sites/bartlett/files/diagnostic_flacso_english_spanish_v2.pdf"
"WPR-341","Americas - Central America","Mexico","Puebla","Teziutlán (multiple)","Multiple","landslide","Landslide","unknown","completed","unknown","D","LPRH I (Bower & Weerasinghe 2021; English literature)","PDD/Kaldor Centre/IOM Global Dataset of Planned Relocation Cases (Leaving Place, Restoring Home I & II), metadata last edited 9 June 2021","https://docs.google.com/spreadsheets/d/1pDR-t1hVApqJiVk6E5DJ7TN0cOtXJiKvS1w8QIP149o/edit#gid=1611800107","344","Ruiz-Cortés, N. S., & Alcántara-Ayala, I. (2020). Landslide exposure awareness: a community-based approach towards the engagement of children. Landslides, 1-14."
"WPR-342","Americas - Central America","Mexico","Puebla","Teziutlán (multiple)","Teziutlán (multiple)","landslide","Landslide","unknown","completed","unknown","unknown","LPRH II (Mokhnacheva 2021; French/Spanish/Portuguese literature)","PDD/Kaldor Centre/IOM Global Dataset of Planned Relocation Cases (Leaving Place, Restoring Home I & II), metadata last edited 9 June 2021","https://docs.google.com/spreadsheets/d/1pDR-t1hVApqJiVk6E5DJ7TN0cOtXJiKvS1w8QIP149o/edit#gid=1611800107","345","Lavell, A., Mansilla, E., Chavex, A., Cardona, O., & Perez M. (2015). Diagnostic report. Colombia, Peru and Mexico (1/4). The Bartlett Development Planning Unit (DPU) and the Latin American Social Science Faculty (FLACSO). https://www.ucl.ac.uk/bartlett/development/sites/bartlett/files/diagnostic_flacso_english_spanish_v2.pdf"
"WPR-343","Americas - Central America","Mexico","State of Tabasco","Villahermosa (multiple)","unknown","flood","Flood","unknown","completed","unknown","B","LPRH I (Bower & Weerasinghe 2021; English literature)","PDD/Kaldor Centre/IOM Global Dataset of Planned Relocation Cases (Leaving Place, Restoring Home I & II), metadata last edited 9 June 2021","https://docs.google.com/spreadsheets/d/1pDR-t1hVApqJiVk6E5DJ7TN0cOtXJiKvS1w8QIP149o/edit#gid=1611800107","346","World Bank Group. (2018). Regional Workshop on Planned Relocations to Protect Persons from Disasters and Environmental Change in the Latin American Context. KNOMAD Thematic Working Group on Environmental Change and Migration. https://www.knomad.org/sites/default/files/2018-07/KNOMAD%20WORKSHOP_PLANNE%20RELOCATIONS_SYNTHESIS%20NOTE_MAY%202018.pdf || Nygren, A., & Wayessa, G. (2018). At the intersections of multiple marginalisations: displacements and environmental justice in Mexico and Ethiopia. Environmental Sociology, 4(1), 148-161."
"WPR-344","Americas - Central America","Mexico","Tenampulco, Puebla","La Junta Arroyo Zarco","5k","flood","Flood","unknown","completed","unknown","A","LPRH I (Bower & Weerasinghe 2021; English literature)","PDD/Kaldor Centre/IOM Global Dataset of Planned Relocation Cases (Leaving Place, Restoring Home I & II), metadata last edited 9 June 2021","https://docs.google.com/spreadsheets/d/1pDR-t1hVApqJiVk6E5DJ7TN0cOtXJiKvS1w8QIP149o/edit#gid=1611800107","347","World Bank Group. (2018). Regional Workshop on Planned Relocations to Protect Persons from Disasters and Environmental Change in the Latin American Context. KNOMAD Thematic Working Group on Environmental Change and Migration. https://www.knomad.org/sites/default/files/2018-07/KNOMAD%20WORKSHOP_PLANNE%20RELOCATIONS_SYNTHESIS%20NOTE_MAY%202018.pdf || Barrios-Yllan M., Méndez-Torres B.A. (2020) Human Relocations in Guerrero After the September 2013 Disaster Emergency: A Non-preventive Neoliberal Response. In: Vera-Cortés G., Macías-Medrano J.M. (eds) Disasters and Neoliberalism. Springer, Cham. http://doi-org-443.webvpn.fjmu.edu.cn/10.1007/978-3-030-54902-2_8"
"WPR-345","Americas - Central America","Mexico","Veracruz","Poza Rica (multiple neighbourhoods)","Poza Rica (Arroyo del Maíz)","flood","Flood","unknown","completed","unknown","A","LPRH II (Mokhnacheva 2021; French/Spanish/Portuguese literature)","PDD/Kaldor Centre/IOM Global Dataset of Planned Relocation Cases (Leaving Place, Restoring Home I & II), metadata last edited 9 June 2021","https://docs.google.com/spreadsheets/d/1pDR-t1hVApqJiVk6E5DJ7TN0cOtXJiKvS1w8QIP149o/edit#gid=1611800107","348","Macías, J. M. (2008). Reubicaciones por desastre. Análisis de intervención gubernamental comparada. CIESAS, México. || Lavell, A., Mansilla, E., Chavex, A., Cardona, O., & Perez M. (2015). Diagnostic report. Colombia, Peru and Mexico (1/4). The Bartlett Development Planning Unit (DPU) and the Latin American Social Science Faculty (FLACSO). https://www.ucl.ac.uk/bartlett/development/sites/bartlett/files/diagnostic_flacso_english_spanish_v2.pdf"
"WPR-346","Americas - Central America","Mexico","Veracruz","Tecolutla (unknown)","Tecolutla (Tecolotitlán)","flood","Flood","unknown","completed","unknown","A","LPRH II (Mokhnacheva 2021; French/Spanish/Portuguese literature)","PDD/Kaldor Centre/IOM Global Dataset of Planned Relocation Cases (Leaving Place, Restoring Home I & II), metadata last edited 9 June 2021","https://docs.google.com/spreadsheets/d/1pDR-t1hVApqJiVk6E5DJ7TN0cOtXJiKvS1w8QIP149o/edit#gid=1611800107","349","Macías, J. M. (2008). Reubicaciones por desastre. Análisis de intervención gubernamental comparada. CIESAS, México. || Lavell, A., Mansilla, E., Chavex, A., Cardona, O., & Perez M. (2015). Diagnostic report. Colombia, Peru and Mexico (1/4). The Bartlett Development Planning Unit (DPU) and the Latin American Social Science Faculty (FLACSO). https://www.ucl.ac.uk/bartlett/development/sites/bartlett/files/diagnostic_flacso_english_spanish_v2.pdf"
"WPR-347","Americas - Central America","Mexico","Yucatán","El Escondido","El Escondido (300m)","cyclone/storm","Storm","unknown","completed","unknown","A","LPRH II (Mokhnacheva 2021; French/Spanish/Portuguese literature)","PDD/Kaldor Centre/IOM Global Dataset of Planned Relocation Cases (Leaving Place, Restoring Home I & II), metadata last edited 9 June 2021","https://docs.google.com/spreadsheets/d/1pDR-t1hVApqJiVk6E5DJ7TN0cOtXJiKvS1w8QIP149o/edit#gid=1611800107","350","Macías, J. M. (2008). Reubicaciones por desastre. Análisis de intervención gubernamental comparada. CIESAS, México."
"WPR-348","Americas - Central America","Mexico","Yucatán","Mérida (South)","Mérida","flood","Flood","unknown","completed","unknown","A","LPRH II (Mokhnacheva 2021; French/Spanish/Portuguese literature)","PDD/Kaldor Centre/IOM Global Dataset of Planned Relocation Cases (Leaving Place, Restoring Home I & II), metadata last edited 9 June 2021","https://docs.google.com/spreadsheets/d/1pDR-t1hVApqJiVk6E5DJ7TN0cOtXJiKvS1w8QIP149o/edit#gid=1611800107","351","Lavell, A., Mansilla, E., Chavex, A., Cardona, O., & Perez M. (2015). Diagnostic report. Colombia, Peru and Mexico (1/4). The Bartlett Development Planning Unit (DPU) and the Latin American Social Science Faculty (FLACSO). https://www.ucl.ac.uk/bartlett/development/sites/bartlett/files/diagnostic_flacso_english_spanish_v2.pdf"
"WPR-349","Americas - Central America","Mexico","Yucatán","Progreso (Ciénega de Progreso)","Progreso (Campestre Flamboyanes)","flood","Flood","unknown","completed","unknown","A","LPRH II (Mokhnacheva 2021; French/Spanish/Portuguese literature)","PDD/Kaldor Centre/IOM Global Dataset of Planned Relocation Cases (Leaving Place, Restoring Home I & II), metadata last edited 9 June 2021","https://docs.google.com/spreadsheets/d/1pDR-t1hVApqJiVk6E5DJ7TN0cOtXJiKvS1w8QIP149o/edit#gid=1611800107","352","Lavell, A., Mansilla, E., Chavex, A., Cardona, O., & Perez M. (2015). Diagnostic report. Colombia, Peru and Mexico (1/4). The Bartlett Development Planning Unit (DPU) and the Latin American Social Science Faculty (FLACSO). https://www.ucl.ac.uk/bartlett/development/sites/bartlett/files/diagnostic_flacso_english_spanish_v2.pdf"
"WPR-350","Americas - Central America","Mexico","Yucatán","Tigre Grande","Tigre Grande (50m)","cyclone/storm","Storm","unknown","completed","unknown","A","LPRH II (Mokhnacheva 2021; French/Spanish/Portuguese literature)","PDD/Kaldor Centre/IOM Global Dataset of Planned Relocation Cases (Leaving Place, Restoring Home I & II), metadata last edited 9 June 2021","https://docs.google.com/spreadsheets/d/1pDR-t1hVApqJiVk6E5DJ7TN0cOtXJiKvS1w8QIP149o/edit#gid=1611800107","353","Macías, J. M. (2008). Reubicaciones por desastre. Análisis de intervención gubernamental comparada. CIESAS, México."
"WPR-351","Americas - Central America","Nicaragua","Managua","San Francisco Libre","unknown","flood","Flood","unknown","completed","unknown","A","LPRH I (Bower & Weerasinghe 2021; English literature)","PDD/Kaldor Centre/IOM Global Dataset of Planned Relocation Cases (Leaving Place, Restoring Home I & II), metadata last edited 9 June 2021","https://docs.google.com/spreadsheets/d/1pDR-t1hVApqJiVk6E5DJ7TN0cOtXJiKvS1w8QIP149o/edit#gid=1611800107","354","Cuadra, J., Dilling, J., Brower, R., & Samples, M. (2015). Current Relocation Practices Targeting Disaster Prone Communities in Developing Countries: Case Study San Francisco Libre, Nicaragua. Journal of Disaster Research, 10(2), 299-307."
"WPR-352","Americas - Central America","Nicaragua","Managua","Ciudad Sandino (unknown)","Ciudad Sandino (Nueva Vida barrio)","flood","Lake flood","unknown","completed","unknown","unknown","LPRH II (Mokhnacheva 2021; French/Spanish/Portuguese literature)","PDD/Kaldor Centre/IOM Global Dataset of Planned Relocation Cases (Leaving Place, Restoring Home I & II), metadata last edited 9 June 2021","https://docs.google.com/spreadsheets/d/1pDR-t1hVApqJiVk6E5DJ7TN0cOtXJiKvS1w8QIP149o/edit#gid=1611800107","355","Hardy, S. (2008). Ciudad Sandino, marge urbaine en périphérie de Managua? Annales De Géographie, 117(662), 85-103. http://www.jstor.org/stable/23457628 || Traña Galeano M., (2000), Apuntes sobre la historia de Managua, Managua, Aldila Editor, 280p. p 242-243 || Gobierno municipal de Managua. (1999). Memoria annual 1998. Managua, Alma. p.159"
"WPR-353","Americas - Central America","Nicaragua","Nueva Segovia","Ocotal (multiple)","unknown","cyclone/storm","Storm","unknown","completed","unknown","B","LPRH I (Bower & Weerasinghe 2021; English literature)","PDD/Kaldor Centre/IOM Global Dataset of Planned Relocation Cases (Leaving Place, Restoring Home I & II), metadata last edited 9 June 2021","https://docs.google.com/spreadsheets/d/1pDR-t1hVApqJiVk6E5DJ7TN0cOtXJiKvS1w8QIP149o/edit#gid=1611800107","356","Jha, A., Barenstein, J., Phelps, P., Pittet, D., & Sena, S. (2010). Safer Homes, Stronger Communities: A Handbook for Reconstructing After Natural Disasters. The World Bank. http://documents.worldbank.org/curated/en/290301468159328458/pdf/528390PUB0safe101Official0Use0Only1.pdf"
"WPR-354","Americas - Central America","Panama","Gunayala","Gardi Sugdub and Playón Chico (Ukupseni)","La Barriada","other","Coastal erosion","unknown","ongoing","unknown","A","LPRH I (Bower & Weerasinghe 2021; English literature)","PDD/Kaldor Centre/IOM Global Dataset of Planned Relocation Cases (Leaving Place, Restoring Home I & II), metadata last edited 9 June 2021","https://docs.google.com/spreadsheets/d/1pDR-t1hVApqJiVk6E5DJ7TN0cOtXJiKvS1w8QIP149o/edit#gid=1611800107","357","Displacement Solutions. One step at a time: the relocation process of the Gardi Sugdub community in Gunayala, Panama. (2015). || Displacement Solutions. The Peninsula Principles in action: climate change and displacement in the autonomous region of Gunayala, Panama. (2014). at || Displacement Solutions. An Overview on the Relocation of Guna Indigenous Communities in Gunayala, Panama: Mission Report. October 2016. http://displacementsolutions.org/wp-content/uploads/2017/01/Gunayala-Planned- Relocation-Jan-2017.pdf || Dannenberg, A. L., Frumkin, H., Hess, J. J., & Ebi, K. L. (2019). Managed retreat as a strategy for climate change adaptation in small communities: public health implications. Climatic Change, 153(1-2), 1-14."
"WPR-355","Americas - Caribbean","Antigua and Barbuda","Barbuda","Antigua","unknown","cyclone/storm","Storm","unknown","ongoing","unknown","A","LPRH I (Bower & Weerasinghe 2021; English literature)","PDD/Kaldor Centre/IOM Global Dataset of Planned Relocation Cases (Leaving Place, Restoring Home I & II), metadata last edited 9 June 2021","https://docs.google.com/spreadsheets/d/1pDR-t1hVApqJiVk6E5DJ7TN0cOtXJiKvS1w8QIP149o/edit#gid=1611800107","358","“Evacuated after Hurricane Irma, Many of the 1,800 People of Barbuda Want to Go Home. But the Island Is in No Shape to Take Them Back.” Los Angeles Times, Los Angeles Times, 9 Oct. 2017, www.latimes.com/world/la-fg-global-barbuda-20171009-story.html."
"WPR-356","Americas - Caribbean","Bahamas","Jumentos Cays","Ragged Island","unknown","cyclone/storm","Storm","unknown","ongoing","unknown","unknown","LPRH I (Bower & Weerasinghe 2021; English literature)","PDD/Kaldor Centre/IOM Global Dataset of Planned Relocation Cases (Leaving Place, Restoring Home I & II), metadata last edited 9 June 2021","https://docs.google.com/spreadsheets/d/1pDR-t1hVApqJiVk6E5DJ7TN0cOtXJiKvS1w8QIP149o/edit#gid=1611800107","359","Russel, Khrisna. ""Unlivable: PM Urges Remaining Ragged Island Residents to Evacuate"". Tribune 242. Available at: www.tribune242.com/news/2017/sep/12/unliveable-pm-urges-remaining-ragged-island-reside/"
"WPR-357","Americas - Caribbean","Dominica","Saint Andrew Parish","Dubique","unknown","cyclone/storm","Storm","unknown","ongoing","unknown","A","LPRH I (Bower & Weerasinghe 2021; English literature)","PDD/Kaldor Centre/IOM Global Dataset of Planned Relocation Cases (Leaving Place, Restoring Home I & II), metadata last edited 9 June 2021","https://docs.google.com/spreadsheets/d/1pDR-t1hVApqJiVk6E5DJ7TN0cOtXJiKvS1w8QIP149o/edit#gid=1611800107","360","Dominica, Government Information Service. “Government Discusses Relocation of Petite Savanne and Dubique Residents.” Government Information Service Dominica, news.gov.dm/news/2871-government-discusses-relocation-of-petite-savanne-and-dubique-residents."
"WPR-358","Americas - Caribbean","Dominica","Saint Patrick Parish","Petite Savanne","unknown","cyclone/storm","Storm","unknown","ongoing","unknown","A","LPRH I (Bower & Weerasinghe 2021; English literature)","PDD/Kaldor Centre/IOM Global Dataset of Planned Relocation Cases (Leaving Place, Restoring Home I & II), metadata last edited 9 June 2021","https://docs.google.com/spreadsheets/d/1pDR-t1hVApqJiVk6E5DJ7TN0cOtXJiKvS1w8QIP149o/edit#gid=1611800107","361","Vinke, K., Blocher, J., Becker, M., Ebay, J. S., Fong, T., & Kambon, A. (2020). Home lands: island and archipelagic states’ policymaking for human mobility in the context of climate change. || Dominica, Government Information Service. “Government Discusses Relocation of Petite Savanne and Dubique Residents.” Government Information Service Dominica, news.gov.dm/news/2871-government-discusses-relocation-of-petite-savanne-and-dubique-residents."
"WPR-359","Americas - Caribbean","Dominican Republic","Independencia","Boca de Cachón","unknown","flood","Flood","unknown","completed","unknown","A","LPRH I (Bower & Weerasinghe 2021; English literature)","PDD/Kaldor Centre/IOM Global Dataset of Planned Relocation Cases (Leaving Place, Restoring Home I & II), metadata last edited 9 June 2021","https://docs.google.com/spreadsheets/d/1pDR-t1hVApqJiVk6E5DJ7TN0cOtXJiKvS1w8QIP149o/edit#gid=1611800107","362","“Planned Relocation: Four Points to Consider in a Changing Environment.” Caribbean Migration, IOM, 2019, caribbeanmigration.org/blog/planned-relocation-four-points-consider-changing-environment."
"WPR-360","Americas - Caribbean","Dominican Republic","Santo Domingo","La Barquita","La Nueva Barquita","flood","Flood","unknown","completed","unknown","A","LPRH I (Bower & Weerasinghe 2021; English literature)","PDD/Kaldor Centre/IOM Global Dataset of Planned Relocation Cases (Leaving Place, Restoring Home I & II), metadata last edited 9 June 2021","https://docs.google.com/spreadsheets/d/1pDR-t1hVApqJiVk6E5DJ7TN0cOtXJiKvS1w8QIP149o/edit#gid=1611800107","363","Collado, J. R. N., & Wang, H. H. (2020). Slum upgrading and climate change adaptation and mitigation: Lessons from Latin America. Cities, 104, 102791."
"WPR-361","Americas - Caribbean","Dominican Republic","María Trinidad Sánche province","Matancita (La Playa)","unknown","flood","Coastal flood","unknown","completed","unknown","unknown","LPRH II (Mokhnacheva 2021; French/Spanish/Portuguese literature)","PDD/Kaldor Centre/IOM Global Dataset of Planned Relocation Cases (Leaving Place, Restoring Home I & II), metadata last edited 9 June 2021","https://docs.google.com/spreadsheets/d/1pDR-t1hVApqJiVk6E5DJ7TN0cOtXJiKvS1w8QIP149o/edit#gid=1611800107","364","Del Rosario, P. J., Morrobel, J., & Escarramán, A. (2012). Territorios rurales y adaptación al cambio climático en República Dominicana. Instituto Dominicano de Investigaciones Agropecuarias y Forestales (Idiaf). Santo Domingo. DO. 99p"
"WPR-362","Americas - Caribbean","Guadeloupe (French overseas department)","Guadeloupe","Bouillante (Pigeon)","Multiple (Desmarais, Galets)","cyclone/storm","Storm","unknown","completed","unknown","unknown","LPRH II (Mokhnacheva 2021; French/Spanish/Portuguese literature)","PDD/Kaldor Centre/IOM Global Dataset of Planned Relocation Cases (Leaving Place, Restoring Home I & II), metadata last edited 9 June 2021","https://docs.google.com/spreadsheets/d/1pDR-t1hVApqJiVk6E5DJ7TN0cOtXJiKvS1w8QIP149o/edit#gid=1611800107","365","Sarant, P., Justin, L. C.,de Vanssay, B., Pagney, F., Leone, F., Pontikis, C., et al. (2003). Retour d’expérience sur la prise de décision et le jeu des acteurs: le cas du cyclone Lenny dans les Petites Antilles au regard du passé. Programme ‘Evaluation et Prise en compte des Risques naturels et technologiques’. Ministère de l’écologie et du développement durable, France. || Desse, M., Gherardi M., & Charrier, S. (2020). Adaptation aux cyclones et au risque de submersion marine dans les communes littorales de Guadeloupe, EchoGéo, 51. https://doi.org/10.4000/echogeo.19207"
"WPR-363","Americas - Caribbean","Haiti","Artibonite Department","unknown","Village de la Reproduction","cyclone/storm","Storm","unknown","completed","unknown","unknown","LPRH II (Mokhnacheva 2021; French/Spanish/Portuguese literature)","PDD/Kaldor Centre/IOM Global Dataset of Planned Relocation Cases (Leaving Place, Restoring Home I & II), metadata last edited 9 June 2021","https://docs.google.com/spreadsheets/d/1pDR-t1hVApqJiVk6E5DJ7TN0cOtXJiKvS1w8QIP149o/edit#gid=1611800107","366","Louis, I. (2012). La relocalisation des familles victimes de catastrophes naturelles à Port-au-Prince. Boletín Científico Sapiens Research, 2(2), 71-76."
"WPR-364","Americas - Caribbean","Haiti","West Department","Cabaret","Village des Vainqueurs, Village de la Fraternité de Berville","cyclone/storm","Storm","unknown","completed","unknown","C","LPRH II (Mokhnacheva 2021; French/Spanish/Portuguese literature)","PDD/Kaldor Centre/IOM Global Dataset of Planned Relocation Cases (Leaving Place, Restoring Home I & II), metadata last edited 9 June 2021","https://docs.google.com/spreadsheets/d/1pDR-t1hVApqJiVk6E5DJ7TN0cOtXJiKvS1w8QIP149o/edit#gid=1611800107","367","Louis, I. (2012). La relocalisation des familles victimes de catastrophes naturelles à Port-au-Prince. Boletín Científico Sapiens Research, 2(2), 71-76."
"WPR-365","Americas - Caribbean","Haiti","West Department","Port-au-Prince (Vallée de Bourbon)","Corail Cesse-Lesse","other","Earthquake","unknown","completed","unknown","unknown","LPRH II (Mokhnacheva 2021; French/Spanish/Portuguese literature)","PDD/Kaldor Centre/IOM Global Dataset of Planned Relocation Cases (Leaving Place, Restoring Home I & II), metadata last edited 9 June 2021","https://docs.google.com/spreadsheets/d/1pDR-t1hVApqJiVk6E5DJ7TN0cOtXJiKvS1w8QIP149o/edit#gid=1611800107","368","Louis, I. (2012). La relocalisation des familles victimes de catastrophes naturelles à Port-au-Prince. Boletín Científico Sapiens Research, 2(2), 71-76."
"WPR-366","Americas - Caribbean","Jamaica","St Andrew","Harbour Heights community","unknown","other","Coastal erosion","unknown","ongoing","unknown","unknown","LPRH I (Bower & Weerasinghe 2021; English literature)","PDD/Kaldor Centre/IOM Global Dataset of Planned Relocation Cases (Leaving Place, Restoring Home I & II), metadata last edited 9 June 2021","https://docs.google.com/spreadsheets/d/1pDR-t1hVApqJiVk6E5DJ7TN0cOtXJiKvS1w8QIP149o/edit#gid=1611800107","369","“Planned Relocation: Four Points to Consider in a Changing Environment.” Caribbean Migration, IOM, 2019, caribbeanmigration.org/blog/planned-relocation-four-points-consider-changing-environment."
"WPR-367","Americas - Caribbean","Martinique (French overseas collectivity)","Martinique","Prêcheur","Cité de la Solidarité","cyclone/storm","Storm","unknown","completed","unknown","A","LPRH II (Mokhnacheva 2021; French/Spanish/Portuguese literature)","PDD/Kaldor Centre/IOM Global Dataset of Planned Relocation Cases (Leaving Place, Restoring Home I & II), metadata last edited 9 June 2021","https://docs.google.com/spreadsheets/d/1pDR-t1hVApqJiVk6E5DJ7TN0cOtXJiKvS1w8QIP149o/edit#gid=1611800107","370","Sarant, P., Justin, L. C.,de Vanssay, B., Pagney, F., Leone, F., Pontikis, C., et al. (2003). Retour d’expérience sur la prise de décision et le jeu des acteurs: le cas du cyclone Lenny dans les Petites Antilles au regard du passé. Programme ‘Evaluation et Prise en compte des Risques naturels et technologiques’. Ministère de l’écologie et du développement durable, France. || Portier, L. (2014). Les risques côtiers et leur gestion en Martinique. [Unpublished master's thesis]. University of Brest. https://www-iuem.univ-brest.fr/pops/attachments/497"
"WPR-368","Americas - Caribbean","Saint Kitts and Nevis","Saint Kitts","unknown (coastal areas)","unknown (inland)","cyclone/storm","Storm","unknown","completed","unknown","unknown","LPRH II (Mokhnacheva 2021; French/Spanish/Portuguese literature)","PDD/Kaldor Centre/IOM Global Dataset of Planned Relocation Cases (Leaving Place, Restoring Home I & II), metadata last edited 9 June 2021","https://docs.google.com/spreadsheets/d/1pDR-t1hVApqJiVk6E5DJ7TN0cOtXJiKvS1w8QIP149o/edit#gid=1611800107","371","Sarant, P., Justin, L. C.,de Vanssay, B., Pagney, F., Leone, F., Pontikis, C., et al. (2003). Retour d’expérience sur la prise de décision et le jeu des acteurs: le cas du cyclone Lenny dans les Petites Antilles au regard du passé. Programme ‘Evaluation et Prise en compte des Risques naturels et technologiques’. Ministère de l’écologie et du développement durable, France."
"WPR-369","Americas - Caribbean","United Kingdom (Territory of)","Montserrat","Plymouth (Multiple)","North of island (Multiple)","volcano","Volcanic eruption","unknown","completed","unknown","D","LPRH I (Bower & Weerasinghe 2021; English literature)","PDD/Kaldor Centre/IOM Global Dataset of Planned Relocation Cases (Leaving Place, Restoring Home I & II), metadata last edited 9 June 2021","https://docs.google.com/spreadsheets/d/1pDR-t1hVApqJiVk6E5DJ7TN0cOtXJiKvS1w8QIP149o/edit#gid=1611800107","372","Sword-Daniels, V., Wilson, T. M., Sargeant, S., Rossetto, T., Twigg, J., Johnston, D. M., ... & Cole, P. D. (2014). Consequences of long-term volcanic activity for essential services in Montserrat: challenges, adaptations and resilience. Geological Society, London, Memoirs, 39(1), 471-488."
"WPR-370","Africa - West Africa","Benin","Littoral Department","Multiple (villages on the coast, east of Cotonou jetty/middle of the bay)","unknown","other","Coastal erosion","unknown","completed","unknown","unknown","LPRH II (Mokhnacheva 2021; French/Spanish/Portuguese literature)","PDD/Kaldor Centre/IOM Global Dataset of Planned Relocation Cases (Leaving Place, Restoring Home I & II), metadata last edited 9 June 2021","https://docs.google.com/spreadsheets/d/1pDR-t1hVApqJiVk6E5DJ7TN0cOtXJiKvS1w8QIP149o/edit#gid=1611800107","373","Hayes, M.O. (1985). Beach erosion. In J.R. Clark (Ed.), Coastal resources management: Development case studies. Renewable Resources Information Series. Coastal Management Publication No. 3, pp. 67-200. || Ozer, P., Hountondji, Y.C. & De Longueville, F. (2017). Evolution récente du trait de côte dans le Golfe de Guinée : Exemples du Togo et du Bénin. Geo-Eco-Trop, 41: in press."
"WPR-371","Africa - West Africa","Burkina Faso","Centre Region","Ouagadougou (Boulmiougou, Bogodogo, Baskuy, Sig Noghin and Nongr Maasom neighbourhoods)","Yagma, Basseko","flood","Flood","unknown","completed","unknown","unknown","LPRH II (Mokhnacheva 2021; French/Spanish/Portuguese literature)","PDD/Kaldor Centre/IOM Global Dataset of Planned Relocation Cases (Leaving Place, Restoring Home I & II), metadata last edited 9 June 2021","https://docs.google.com/spreadsheets/d/1pDR-t1hVApqJiVk6E5DJ7TN0cOtXJiKvS1w8QIP149o/edit#gid=1611800107","374","Lassailly-Jacob, V. (2015). Inondations de 2009 et 2010 au Burkina Faso: Gestion, perception et mobilités induites. In C. Cournil (Ed.), Mobilité humaine et environnement: Du global au local (pp. 225-244). Éditions Quæ. https://doi.org/10.3917/quae.courn.2015.01.0225 || Bronfort, S. (2017). Les stratégies d’adaptation face au risque d’inondation dans les zones d’habitats spontanés de Ouagadougou, Burkina Faso. [Unpublished master's thesis]. University of Liège. https://matheo.uliege.be/handle/2268.2/3317"
"WPR-372","Africa - West Africa","Cabo Verde","Ilha do Fogo","Chã das Caldeiras","Achada Furna, Monte Grande, Mosteiros, São Filipe","volcano","Volcanic eruption","unknown","completed","unknown","C","LPRH II (Mokhnacheva 2021; French/Spanish/Portuguese literature)","PDD/Kaldor Centre/IOM Global Dataset of Planned Relocation Cases (Leaving Place, Restoring Home I & II), metadata last edited 9 June 2021","https://docs.google.com/spreadsheets/d/1pDR-t1hVApqJiVk6E5DJ7TN0cOtXJiKvS1w8QIP149o/edit#gid=1611800107","375","Chouraqui, F., & Texier, P. (2016). Pour un renforcement des capacités de gestion des crises volcaniques au Cap-Vert. Dynamiques environnementales, 37."
"WPR-373","Africa - West Africa","Côte d'Ivoire","Grands-Ponts Region, Lagunes District","Grand Lahou","N'Zida (15km inland)","other","Coastal erosion","unknown","completed","unknown","unknown","LPRH II (Mokhnacheva 2021; French/Spanish/Portuguese literature)","PDD/Kaldor Centre/IOM Global Dataset of Planned Relocation Cases (Leaving Place, Restoring Home I & II), metadata last edited 9 June 2021","https://docs.google.com/spreadsheets/d/1pDR-t1hVApqJiVk6E5DJ7TN0cOtXJiKvS1w8QIP149o/edit#gid=1611800107","376","Alves, B., Angnuureng, D.B., Morand, P., & Almar, R. (2020). A review on coastal erosion and flooding risks and best management practices in West Africa: what has been done and should be done. Journal of Coastal Conservation, 24(38). || Jeuneafrique. (2018). Côte d’Ivoire : Lahou, cité engloutie. 20 December. Available at https://www.jeuneafrique.com/mag/685476/societe/cote-divoire-lahou-cite-engloutie/. || Lombardo. C. A. (2017). WACA Grand Lahou - Orientations stratégiques et Plan d'investissement multisectoriel. World Bank Group. http://documents1.worldbank.org/curated/en/553861520966891386/pdf/Rapport-de-Synthese-Orientations-Strategiques-et-Plan-dInvestissement-Multisectoriel.pdf"
"WPR-374","Africa - West Africa","Ghana","Volta","Adzido, Kedzi, and Vodza","1.5 k away","flood","Flood","unknown","ongoing","unknown","unknown (multiple As)","LPRH I (Bower & Weerasinghe 2021; English literature)","PDD/Kaldor Centre/IOM Global Dataset of Planned Relocation Cases (Leaving Place, Restoring Home I & II), metadata last edited 9 June 2021","https://docs.google.com/spreadsheets/d/1pDR-t1hVApqJiVk6E5DJ7TN0cOtXJiKvS1w8QIP149o/edit#gid=1611800107","377","Salifu, Abdul-Moomin Ansong. ""Relocation Based on Slow-Onset Climate-Induced Environmental Change in Keta, Ghana."" (2016). || Danquah, J. A., Attippoe, J. A., & Ankrah, J. S. (2014). Assessment of residential satisfaction in the resettlement towns of the Keta basin in Ghana. International Journal Civil Engineering, Construction and Estate Management, 2(3), 26-45."
"WPR-375","Africa - West Africa","Niger","Niamey","Niamey (Zarmagandey, Lamordé, Nogaré, Karadjé, Kennedy, Kirkissoye neighbourhoods)","Niamey (Séno/5th arrondissement)","flood","Riverine flood","unknown","completed","unknown","B","LPRH II (Mokhnacheva 2021; French/Spanish/Portuguese literature)","PDD/Kaldor Centre/IOM Global Dataset of Planned Relocation Cases (Leaving Place, Restoring Home I & II), metadata last edited 9 June 2021","https://docs.google.com/spreadsheets/d/1pDR-t1hVApqJiVk6E5DJ7TN0cOtXJiKvS1w8QIP149o/edit#gid=1611800107","378","Alou, A. A., Lutoff, C., & Mounkaila, H. (2019). Relocalisation préventive suite à la crue de Niamey 2012: vulnérabilités socio-économiques émergentes et retour en zone inondable. Cybergeo: European Journal of Geography. Aménagement, Urbanisme, document 911. https://doi.org/10.4000/cybergeo.32601 || Oumarou, H. (2017). La gestion humanitaire des inondations dans une commune de Niamey. International Institute for Environment and Development. https://pubs.iied.org/sites/default/files/pdfs/migrate/10835FIIED.pdf"
"WPR-376","Africa - West Africa","Senegal","Dakar","Pikine (multiple)","Cité Jaxaay","flood","Flood","unknown","completed","unknown","B","LPRH I (Bower & Weerasinghe 2021; English literature)","PDD/Kaldor Centre/IOM Global Dataset of Planned Relocation Cases (Leaving Place, Restoring Home I & II), metadata last edited 9 June 2021","https://docs.google.com/spreadsheets/d/1pDR-t1hVApqJiVk6E5DJ7TN0cOtXJiKvS1w8QIP149o/edit#gid=1611800107","379","Schaer, C., Thiam, M., & Nygaard, Ivan. (2018). Flood Management in Urban Senegal: An Actor-Oriented Perspective on National and Transnational Adaptation Interventions. Climate and Development, 10(3), 243-258. https://doi.org/10.1080/17565529.2017.1291405"
"WPR-377","Africa - West Africa","Senegal","Dakar","Guédiawaye Department (Wakhinane-Nimzatt)","Rufisque Department (Plan Jaxaay)","flood","Flood","unknown","completed","unknown","A","LPRH II (Mokhnacheva 2021; French/Spanish/Portuguese literature)","PDD/Kaldor Centre/IOM Global Dataset of Planned Relocation Cases (Leaving Place, Restoring Home I & II), metadata last edited 9 June 2021","https://docs.google.com/spreadsheets/d/1pDR-t1hVApqJiVk6E5DJ7TN0cOtXJiKvS1w8QIP149o/edit#gid=1611800107","380","GRDR Migration-Citoyenneté-Développement. (2014). La dimension locale de la dialectique Migration et développement. Le cas France-Sénégal. Agence Française de Développement. https://www.grdr.org/IMG/pdf/monographie_de_dakar_etude_afd_vf_.pdf || Vollmer, A. (2009). Restructuration des abords du lac Thiouroure, Wakhinane-Nimzatt, Guédiawaye, Dakar, Sénégal. [Unpublished master's thesis]. École polytechnique fédérale de Lausanne. https://infoscience.epfl.ch/record/174182"
"WPR-378","Africa - West Africa","Senegal","Palmarin commune, Fatick region","Diakhanor, Djifère","Inland","other","Coastal erosion","unknown","completed","unknown","unknown","LPRH II (Mokhnacheva 2021; French/Spanish/Portuguese literature)","PDD/Kaldor Centre/IOM Global Dataset of Planned Relocation Cases (Leaving Place, Restoring Home I & II), metadata last edited 9 June 2021","https://docs.google.com/spreadsheets/d/1pDR-t1hVApqJiVk6E5DJ7TN0cOtXJiKvS1w8QIP149o/edit#gid=1611800107","381","Touré Thiam M., & Crowley, J. (2014). Impact des changements environnementaux sur les migrations humaines. Étude de cas : Sénégal et Côte d’Ivoire. UNESCO"
"WPR-379","Africa - West Africa","Senegal","Saint-Louis Region","Saint-Louis (Langue de Barbarie, multiple neighourhoods)","Gandon commune (Diougop)","other","Coastal erosion","unknown","ongoing","unknown","unknown","LPRH II (Mokhnacheva 2021; French/Spanish/Portuguese literature)","PDD/Kaldor Centre/IOM Global Dataset of Planned Relocation Cases (Leaving Place, Restoring Home I & II), metadata last edited 9 June 2021","https://docs.google.com/spreadsheets/d/1pDR-t1hVApqJiVk6E5DJ7TN0cOtXJiKvS1w8QIP149o/edit#gid=1611800107","382","The World Bank. (2020). Senegal – Additional Financing for Saint-Louis Emergency Recovery and Resilience Project (P170954) [Project Paper]. World Bank. || Internal Displacement Monitoring Centre. (2019). African Report on Internal Displacement 2019. IDMC. https://www.internal-displacement.org/sites/default/files/publications/documents/201912-Africa-report.pdf. || Agence Régionale de Développement de Saint Louis. (n.d.). Projet de Relèvement d’urgence et de Résilience à Saint-Louis (2019-2023). http://ardsaintlouis.org/serrp/ || ADM. (2019). Projet de relèvement d'urgence et de résilience à Saint-Louis. Aménagement du site de Djougop et déplacement des personnes affectées. Plan d'action de réinstallation. Rapport Final. https://adm.sec.gouv.sn/sites/default/files/2019-04/Rapport%20Final%20PAR%20Recasement%20temporarire-SERRP%20StLouis%20(2).pdf || Senegal. (2020). Senegal - Saint-Louis Emergency Recovery and Resilience Project : Resettlement Plan (Vol. 3) : Plan d'Action de Réinstallation de la Langue Barbarie (French). Washington, D.C. : World Bank Group. http://documents.worldbank.org/curated/en/563401588360092073/Plan-dAction-de-Réinstallation-de-la-Langue-Barbarie"
"WPR-380","Africa - Southern Africa","Botswana","Okavango Delta","Etsha 13","New Stands","flood","Flood","unknown","completed","unknown","A","LPRH I (Bower & Weerasinghe 2021; English literature)","PDD/Kaldor Centre/IOM Global Dataset of Planned Relocation Cases (Leaving Place, Restoring Home I & II), metadata last edited 9 June 2021","https://docs.google.com/spreadsheets/d/1pDR-t1hVApqJiVk6E5DJ7TN0cOtXJiKvS1w8QIP149o/edit#gid=1611800107","383","Shinn, J. E., King, B., Young, K. R., & Crews, K. A. (2014). Variable adaptations: Micro-politics of environmental displacement in the Okavango Delta, Botswana. Geoforum, 57, 21-29."
"WPR-381","Africa - Southern Africa","Malawi","Northern Region","Mzuzu (multiple)","not yet determined","flood","Flood","unknown","ongoing","unknown","D","LPRH I (Bower & Weerasinghe 2021; English literature)","PDD/Kaldor Centre/IOM Global Dataset of Planned Relocation Cases (Leaving Place, Restoring Home I & II), metadata last edited 9 June 2021","https://docs.google.com/spreadsheets/d/1pDR-t1hVApqJiVk6E5DJ7TN0cOtXJiKvS1w8QIP149o/edit#gid=1611800107","384","Kita, S. M. (2017). Urban vulnerability, disaster risk reduction and resettlement in Mzuzu city, Malawi. International journal of disaster risk reduction, 22, 158-166."
"WPR-382","Africa - Southern Africa","Malawi","Southern Region","Chikwawa and Nsanje Districts","Multiple","flood","Flood","unknown","ongoing","unknown","D","LPRH I (Bower & Weerasinghe 2021; English literature)","PDD/Kaldor Centre/IOM Global Dataset of Planned Relocation Cases (Leaving Place, Restoring Home I & II), metadata last edited 9 June 2021","https://docs.google.com/spreadsheets/d/1pDR-t1hVApqJiVk6E5DJ7TN0cOtXJiKvS1w8QIP149o/edit#gid=1611800107","385","Kita, S. M. (2019). Barriers or enablers? Chiefs, elite capture, disasters, and resettlement in rural Malawi. Disasters, 43(1), 135-156. https://onlinelibrary-wiley-com.stanford.idm.oclc.org/doi/epdf/10.1111/disa.12295"
"WPR-383","Africa - Southern Africa","Mozambique","Chokwé District, Gaza Province","Xaia","2nd Bairro, Jofane Locality","flood","Flood","unknown","completed","unknown","A","LPRH I (Bower & Weerasinghe 2021; English literature)","PDD/Kaldor Centre/IOM Global Dataset of Planned Relocation Cases (Leaving Place, Restoring Home I & II), metadata last edited 9 June 2021","https://docs.google.com/spreadsheets/d/1pDR-t1hVApqJiVk6E5DJ7TN0cOtXJiKvS1w8QIP149o/edit#gid=1611800107","386","Arnall, A., Thomas, D. S., Tywman, C., Liverman, D. “Flooding resettlement, and change in livelihoods: evidence from rural Mozambique.” Disasters. July 2013. 37(3):468-88"
"WPR-384","Africa - Southern Africa","Mozambique","Manhiça District, Maputo Province","Unkown","1st Bairro, Chicomo Locality","flood","Flood","unknown","completed","unknown","unknown","LPRH I (Bower & Weerasinghe 2021; English literature)","PDD/Kaldor Centre/IOM Global Dataset of Planned Relocation Cases (Leaving Place, Restoring Home I & II), metadata last edited 9 June 2021","https://docs.google.com/spreadsheets/d/1pDR-t1hVApqJiVk6E5DJ7TN0cOtXJiKvS1w8QIP149o/edit#gid=1611800107","387","Arnall, A., Thomas, D. S., Tywman, C., Liverman, D. “Flooding resettlement, and change in livelihoods: evidence from rural Mozambique.” Disasters. July 2013. 37(3):468-88"
"WPR-385","Africa - Southern Africa","Mozambique","Multiple","Multiple","Multiple","flood","Flood","unknown","completed","unknown","D","LPRH I (Bower & Weerasinghe 2021; English literature)","PDD/Kaldor Centre/IOM Global Dataset of Planned Relocation Cases (Leaving Place, Restoring Home I & II), metadata last edited 9 June 2021","https://docs.google.com/spreadsheets/d/1pDR-t1hVApqJiVk6E5DJ7TN0cOtXJiKvS1w8QIP149o/edit#gid=1611800107","388","Stal, M. “Flooding and Relocation: The Zambezi River Valley in Mozambique.” International Migration. June 2011. 49(s1):125–145 || Arnall, A., Thomas, D. S., Tywman, C., Liverman, D. (2013). “Flooding resettlement, and change in livelihoods: evidence from rural Mozambique.” Disasters. July 2013. 37(3):468-88"
"WPR-386","Africa - Southern Africa","Mozambique","Multiple","Multiple","54 sites","flood","Flood","unknown","completed","unknown","D","LPRH I (Bower & Weerasinghe 2021; English literature)","PDD/Kaldor Centre/IOM Global Dataset of Planned Relocation Cases (Leaving Place, Restoring Home I & II), metadata last edited 9 June 2021","https://docs.google.com/spreadsheets/d/1pDR-t1hVApqJiVk6E5DJ7TN0cOtXJiKvS1w8QIP149o/edit#gid=1611800107","389","Artur, Luis, and Dorothea Hilhorst. ""Floods, resettlement and land access and use in the lower Zambezi, Mozambique."" Land Use Policy 36 (2014): 361-368. || Arnall, A. (2014). “A climate of control: flooding, displacement and planned resettlement in the Lower Zambezi River valley, Mozambique.” The Geographical Journal. June 2014. 180(2):141–150. || Arnall, A., Thomas, D. S., Tywman, C., Liverman, D. (2013). “Flooding resettlement, and change in livelihoods: evidence from rural Mozambique.” Disasters. July 2013. 37(3):468-88 || Artur, L. & Hilhorst, D. (2012). Everyday realities of climate change adaptation in Mozambique. Glob. Environ. Chang. 22, 529–536 || Stal, M. (2011). “Flooding and Relocation: The Zambezi River Valley in Mozambique.” International Migration. June 2011. 49(s1):125–145 || Schade, J. “Climate Change and Planned Relocation: Risks and a Proposal for Safeguards” in Disentangling Migration and Climate Change. Ed. by Schade J. and Faist T. 2013. pp. 183-206. || Arnall, A. (2019). Resettlement as climate change adaptation: what can be learned from state-led relocation in rural Africa and Asia?. Climate and Development, 11(3), 253-263. || Warner, K., Hamza, M., Oliver-Smith, A., Renaud, F., & Julca, A. (2010). Climate change, environmental degradation and migration. Natural Hazards, 55(3), 689-715."
"WPR-387","Africa - Southern Africa","Mozambique","Sofala Province","Beira (multiple: Praia Nova, Goto, Munhava); Mafambisse; village near Vale do Rio Pungue","Dondo district (Savana, Mandruzi), Mafambisse district (Mutua)","cyclone/storm","Storm","unknown","completed","unknown","D","LPRH II (Mokhnacheva 2021; French/Spanish/Portuguese literature)","PDD/Kaldor Centre/IOM Global Dataset of Planned Relocation Cases (Leaving Place, Restoring Home I & II), metadata last edited 9 June 2021","https://docs.google.com/spreadsheets/d/1pDR-t1hVApqJiVk6E5DJ7TN0cOtXJiKvS1w8QIP149o/edit#gid=1611800107","390","Jacobs, C., & Almeida, B. (2020). Propriedade e alterações climáticas: direitos e deslocados ambientais em Moçambique (Relatório de pesquisa). Van Vollenhoven Institute for Law, Governance and Society."
"WPR-388","Africa - Southern Africa","Namibia","Kavango","Nkondo","Multiple","flood","Flood","unknown","completed","unknown","C","LPRH I (Bower & Weerasinghe 2021; English literature)","PDD/Kaldor Centre/IOM Global Dataset of Planned Relocation Cases (Leaving Place, Restoring Home I & II), metadata last edited 9 June 2021","https://docs.google.com/spreadsheets/d/1pDR-t1hVApqJiVk6E5DJ7TN0cOtXJiKvS1w8QIP149o/edit#gid=1611800107","391","Likuwa, K. M. (2016). Flooding and its impacts on Nkondo community in Rundu, Kavango east region of Namibia, 1950s. Jàmbá: Journal of Disaster Risk Studies, 8(2)."
"WPR-389","Africa - Southern Africa","Zimbabwe","Multiple","Multiple","Multiple","drought","Drought","unknown","completed","unknown","D","LPRH I (Bower & Weerasinghe 2021; English literature)","PDD/Kaldor Centre/IOM Global Dataset of Planned Relocation Cases (Leaving Place, Restoring Home I & II), metadata last edited 9 June 2021","https://docs.google.com/spreadsheets/d/1pDR-t1hVApqJiVk6E5DJ7TN0cOtXJiKvS1w8QIP149o/edit#gid=1611800107","392","Owens, T., Hoddinott, J., & Kinsey, B. (2003). Ex-ante actions and ex-post public responses to drought shocks: Evidence and simulations from Zimbabwe. World Development, 31(7), 1239-1255. || Whitlow, R. (1988). Potential versus actual erosion in Zimbabwe. Applied Geography, 8(2), 87-100."
"WPR-390","Africa - North Africa","Algeria","Adrar Province","Aoulef","Aoulef (periphery)","flood","Flood","unknown","completed","unknown","A","LPRH II (Mokhnacheva 2021; French/Spanish/Portuguese literature)","PDD/Kaldor Centre/IOM Global Dataset of Planned Relocation Cases (Leaving Place, Restoring Home I & II), metadata last edited 9 June 2021","https://docs.google.com/spreadsheets/d/1pDR-t1hVApqJiVk6E5DJ7TN0cOtXJiKvS1w8QIP149o/edit#gid=1611800107","393","Hadeid, M. (2018). Impact des inondations et problématique de la gestion des risques naturels en milieu urbain saharien algérien. Les Cahiers d’EMAM, 30."
"WPR-391","Africa - North Africa","Algeria","Adrar Province","Timimoun","Timimoun (periphery)","flood","Flood","unknown","completed","unknown","C","LPRH II (Mokhnacheva 2021; French/Spanish/Portuguese literature)","PDD/Kaldor Centre/IOM Global Dataset of Planned Relocation Cases (Leaving Place, Restoring Home I & II), metadata last edited 9 June 2021","https://docs.google.com/spreadsheets/d/1pDR-t1hVApqJiVk6E5DJ7TN0cOtXJiKvS1w8QIP149o/edit#gid=1611800107","394","Hadeid, M. (2018). Impact des inondations et problématique de la gestion des risques naturels en milieu urbain saharien algérien. Les Cahiers d’EMAM, 30."
"WPR-392","Africa - East Africa","Ethiopia","Addis Ababa","Addis Ababa (Akaki riverbanks)","unknown","flood","Flood","unknown","suspended","unknown","unknown","LPRH II (Mokhnacheva 2021; French/Spanish/Portuguese literature)","PDD/Kaldor Centre/IOM Global Dataset of Planned Relocation Cases (Leaving Place, Restoring Home I & II), metadata last edited 9 June 2021","https://docs.google.com/spreadsheets/d/1pDR-t1hVApqJiVk6E5DJ7TN0cOtXJiKvS1w8QIP149o/edit#gid=1611800107","395","Tamru, B. (2002). L'émergence du risque d'inondation à Addis-Abeba : Pertinence d'une étude des dynamiques urbaines comme révélatrices d'un processus de vulnérabilisation. Annales De Géographie, 111(627/628), 614-636. http://www.jstor.org/stable/23455980 || JICA. (1998). The study on Addis Ababa flood control project in the Federal Democratic Republic of Ethiopia: final report. Japan International Cooperation Agency. https://openjicareport.jica.go.jp/pdf/11440674_02.pdf || Mekonnen, B. (2007). Characteristics of Riverbank Informal Settlements in Addis Ababa: The Case of Great Akaki River. [Unpublished master's thesis]. Addis Ababa University. http://etd.aau.edu.et/bitstream/handle/123456789/2881/Berhanu%20Mekonnen.pdf?sequence=1&isAllowed=y"
"WPR-393","Africa - East Africa","Ethiopia","Multiple","Wollo and Tigray (northern Ethiopia) (multiple)","6 Settlement Sites","drought","Drought","unknown","completed","unknown","D","LPRH I (Bower & Weerasinghe 2021; English literature)","PDD/Kaldor Centre/IOM Global Dataset of Planned Relocation Cases (Leaving Place, Restoring Home I & II), metadata last edited 9 June 2021","https://docs.google.com/spreadsheets/d/1pDR-t1hVApqJiVk6E5DJ7TN0cOtXJiKvS1w8QIP149o/edit#gid=1611800107","396","Kloos, H., Kello, A. B., & Addus, A. (1992). The health impact of the 1984/85 Ethiopian resettlement programme: three case studies. In African River Basins and Dryland Crises. Nazareth (Ethiopia). Apr 1991. || Gebre, Y. (2003). Resettlement and the unnoticed losers: Impoverishment disasters among the Gumz in Ethiopia. Human organization, 62(1), 50-61. || Kloos, H. (1990). Health aspects of resettlement in Ethiopia. Social Science & Medicine, 30(6), 643-656. || Tolessa, T., Dechassa, C., Simane, B., Alamerew, B., & Kidane, M. (2019). Land use/land cover dynamics in response to various driving forces in Didessa sub-basin, Ethiopia. Geojournal, 1-14."
"WPR-394","Africa - East Africa","Ethiopia","Oromia","West Hararge and East Hararge of eastern Oromia, and North Shawa of central Oromia to East Wallagga, Qellem Wallagga and Ilu Abbabora of western Oromia.","8 resettlement sites, namely, Kenaf, Jirma, Dhidhessa, Lugama, Baqo, Cawaqa, Machara and Tulama.","drought","Drought","unknown","ongoing","unknown","D","LPRH I (Bower & Weerasinghe 2021; English literature)","PDD/Kaldor Centre/IOM Global Dataset of Planned Relocation Cases (Leaving Place, Restoring Home I & II), metadata last edited 9 June 2021","https://docs.google.com/spreadsheets/d/1pDR-t1hVApqJiVk6E5DJ7TN0cOtXJiKvS1w8QIP149o/edit#gid=1611800107","397","Nygren, A., & Wayessa, G. (2018). At the intersections of multiple marginalisations: displacements and environmental justice in Mexico and Ethiopia. Environmental Sociology, 4(1), 148-161."
"WPR-395","Africa - East Africa","Rwanda","Gishwati","Ingamba, Misingo, Kamakinga","Kanembwe","landslide","Landslide","unknown","completed","unknown","B","LPRH I (Bower & Weerasinghe 2021; English literature)","PDD/Kaldor Centre/IOM Global Dataset of Planned Relocation Cases (Leaving Place, Restoring Home I & II), metadata last edited 9 June 2021","https://docs.google.com/spreadsheets/d/1pDR-t1hVApqJiVk6E5DJ7TN0cOtXJiKvS1w8QIP149o/edit#gid=1611800107","398","Gebauer, C., & Doevenspeck, M. (2015). Adaptation to climate change and resettlement in R wanda. Area, 47(1), 97-104."
"WPR-396","Africa - East Africa","Rwanda","Kigali","Kimisagara, Mpazi, Kangondo II","Kanyinya, Ndera, Nyarurenzi","flood","Flood","unknown","ongoing","unknown","unknown","LPRH I (Bower & Weerasinghe 2021; English literature)","PDD/Kaldor Centre/IOM Global Dataset of Planned Relocation Cases (Leaving Place, Restoring Home I & II), metadata last edited 9 June 2021","https://docs.google.com/spreadsheets/d/1pDR-t1hVApqJiVk6E5DJ7TN0cOtXJiKvS1w8QIP149o/edit#gid=1611800107","399","Nikuze, A., Sliuzas, R., Flacke, J., & van Maarseveen, M. (2019). Livelihood impacts of displacement and resettlement on informal households-A case study from Kigali, Rwanda. Habitat International, 86, 38-47."
"WPR-397","Africa - East Africa","Somalia","Multiple","unknown","6 sites (Eil, Adale, Brava, Dujuma, Kurtunwary, Sablaale)","drought","Drought","unknown","completed","unknown","C","LPRH I (Bower & Weerasinghe 2021; English literature)","PDD/Kaldor Centre/IOM Global Dataset of Planned Relocation Cases (Leaving Place, Restoring Home I & II), metadata last edited 9 June 2021","https://docs.google.com/spreadsheets/d/1pDR-t1hVApqJiVk6E5DJ7TN0cOtXJiKvS1w8QIP149o/edit#gid=1611800107","400","Tsui, A. O., Ragsdale, T. A., & Shirwa, A. I. (1991). The settlement of Somali nomads. Genus, 131-152."
"WPR-398","Africa - East Africa","Uganda","Eastern Region","Bududa District","Kiryandongo District (Mutunda)","landslide","Landslide","unknown","completed","unknown","A","LPRH I (Bower & Weerasinghe 2021; English literature)","PDD/Kaldor Centre/IOM Global Dataset of Planned Relocation Cases (Leaving Place, Restoring Home I & II), metadata last edited 9 June 2021","https://docs.google.com/spreadsheets/d/1pDR-t1hVApqJiVk6E5DJ7TN0cOtXJiKvS1w8QIP149o/edit#gid=1611800107","401","Masaba, S., Mungai, D. N., Isabirye, M., & Nsubuga, H. (2017). Implementation of landslide disaster risk reduction policy in Uganda. International journal of disaster risk reduction, 24, 326-331. || Lin, K. H. E., Khan, S., Acosta, L. A., Alaniz, R., & Olanya, D. R. (2020). The dynamism of post disaster risk communication: A cross-country synthesis. International Journal of Disaster Risk Reduction, 48 doi:10.1016/j.ijdrr.2020.101556 || Osuret, J., Atuyambe, L. M., Mayega, R. W., Ssentongo, J., Tumuhamye, N., Bua, G. M., ... & Bazeyo, W. (2016). Coping strategies for landslide and flood disasters: a qualitative study of Mt. Elgon Region, Uganda. PLoS currents, 8. || Rukundo, P. M., Oshaug, A., Andreassen, B. A., Kikafunda, J., Rukooko, B., & Iversen, P. O. (2016). Food variety consumption and household food insecurity coping strategies after the 2010 landslide disaster–the case of Uganda. Public health nutrition, 19(17), 3197-3209. || Masaba, S., Mungai, D. N., Isabirye, M., & Nsubuga, H. (2017). Implementation of landslide disaster risk reduction policy in Uganda. International journal of disaster risk reduction, 24, 326-331. || Rukundo, P. M., Iversen, P. O., Andreassen, B. A., Oshaug, A., Kikafunda, J., & Rukooko, B. (2015). Perceptions on the right to adequate food after a major landslide disaster: a cross-sectional survey of two districts in Uganda. BMC international health and human rights, 15(1), 9. || Vlaeminck, P., Maertens, M., Isabirye, M., Vanderhoydonks, F., Poesen, J., Deckers, S., & Vranken, L. (2016). Coping with landslide risk through preventive resettlement. Designing optimal strategies through choice experiments for the Mount Elgon region, Uganda. Land Use Policy, 51, 301-311."
"WPR-399","Africa - Central Africa","Cameroon","Northwest Region","Nyos Village (multiple)","Menchum Division, Ukpwa Waindo","volcano","Volcanic eruption","unknown","completed","unknown","B","LPRH I (Bower & Weerasinghe 2021; English literature)","PDD/Kaldor Centre/IOM Global Dataset of Planned Relocation Cases (Leaving Place, Restoring Home I & II), metadata last edited 9 June 2021","https://docs.google.com/spreadsheets/d/1pDR-t1hVApqJiVk6E5DJ7TN0cOtXJiKvS1w8QIP149o/edit#gid=1611800107","402","Ngenyam Bang, H. and Few, R. “Social risks and challenges in post-disaster resettlement: the case of Lake Nyos, Cameroon.” Journal of Risk Research. October 2012. 15(9):1141–1157. || Gertrud Buchenrieder, Christina Mack, Azibo Roland Balgah. (2017). Human Security and the Relocation of Internally Displaced Environmental Refugees in Cameroon, Refugee Survey Quarterly, Volume 36, Issue 3, September 2017, Pages 20–47"
"WPR-400","Africa - Central Africa","Democratic Republic of the Congo","Kinshasa","Kinshasa (Makelele river banks)","Mpasa I","flood","Riverine flood","unknown","completed","unknown","unknown","LPRH II (Mokhnacheva 2021; French/Spanish/Portuguese literature)","PDD/Kaldor Centre/IOM Global Dataset of Planned Relocation Cases (Leaving Place, Restoring Home I & II), metadata last edited 9 June 2021","https://docs.google.com/spreadsheets/d/1pDR-t1hVApqJiVk6E5DJ7TN0cOtXJiKvS1w8QIP149o/edit#gid=1611800107","403","Gemenne, F., Peyrault, M., Kassongo Kalonji, E., Mayer, B., & Lassailly-Jacob, V. (2013). ""Seul Dieu nous protège"": Migration et environnement en République démocratique du Congo. ACP Observatory."
"WPR-401","Africa - Central Africa","Democratic Republic of the Congo","Kinshasa","Pakadjuma","Cité de l'Espoir","flood","Flood","unknown","completed","unknown","unknown","LPRH II (Mokhnacheva 2021; French/Spanish/Portuguese literature)","PDD/Kaldor Centre/IOM Global Dataset of Planned Relocation Cases (Leaving Place, Restoring Home I & II), metadata last edited 9 June 2021","https://docs.google.com/spreadsheets/d/1pDR-t1hVApqJiVk6E5DJ7TN0cOtXJiKvS1w8QIP149o/edit#gid=1611800107","404","Gemenne, F., Peyrault, M., Kassongo Kalonji, E., Mayer, B., & Lassailly-Jacob, V. (2013). ""Seul Dieu nous protège"": Migration et environnement en République démocratique du Congo. ACP Observatory."
"WPR-402","Africa - Central Africa","Democratic Republic of the Congo","North Kivu","Goma (multiple)","Goma (Mugunga)","volcano","Volcanic eruption","unknown","completed","unknown","unknown","LPRH II (Mokhnacheva 2021; French/Spanish/Portuguese literature)","PDD/Kaldor Centre/IOM Global Dataset of Planned Relocation Cases (Leaving Place, Restoring Home I & II), metadata last edited 9 June 2021","https://docs.google.com/spreadsheets/d/1pDR-t1hVApqJiVk6E5DJ7TN0cOtXJiKvS1w8QIP149o/edit#gid=1611800107","405","Gemenne, F., Peyrault, M., Kassongo Kalonji, E., Mayer, B., & Lassailly-Jacob, V. (2013). ""Seul Dieu nous protège"": Migration et environnement en République démocratique du Congo. ACP Observatory."
"WPR-403","Africa - Central Africa","Democratic Republic of the Congo","North Kivu","Multiple","Kibati","volcano","Volcanic eruption","unknown","completed","unknown","B","LPRH II (Mokhnacheva 2021; French/Spanish/Portuguese literature)","PDD/Kaldor Centre/IOM Global Dataset of Planned Relocation Cases (Leaving Place, Restoring Home I & II), metadata last edited 9 June 2021","https://docs.google.com/spreadsheets/d/1pDR-t1hVApqJiVk6E5DJ7TN0cOtXJiKvS1w8QIP149o/edit#gid=1611800107","406","Gemenne, F., Peyrault, M., Kassongo Kalonji, E., Mayer, B., & Lassailly-Jacob, V. (2013). ""Seul Dieu nous protège"": Migration et environnement en République démocratique du Congo. ACP Observatory."
"WPR-404","Africa - Central Africa","São Tomé and Príncipe","Principe Island","Praia Burra","Praia Burra (within same community)","flood","Coastal flood","unknown","ongoing","unknown","A","LPRH II (Mokhnacheva 2021; French/Spanish/Portuguese literature)","PDD/Kaldor Centre/IOM Global Dataset of Planned Relocation Cases (Leaving Place, Restoring Home I & II), metadata last edited 9 June 2021","https://docs.google.com/spreadsheets/d/1pDR-t1hVApqJiVk6E5DJ7TN0cOtXJiKvS1w8QIP149o/edit#gid=1611800107","407","The World Bank. (2018). Sao Tome - Adaptation to Climate Change. Implementation Completion and Results Report. World Bank Group. || The World Bank. (2015). Sao Tome and Principe - Adaptation to Climate Change Project : Resettlement plan - resettlement plan for the communities of Santa Catarina and Malanza. World Bank Group. https://documents.banquemondiale.org/fr/publication/documents-reports/documentdetail/528981468057321549/republica-democratica-de-sao-tome-e-principe-projeto-adaptacao-as-mudancas-climaticas-para-as-zonas-costeiras-plano-de-reassentamento-para-as-comunidades-de-malanza-e-santa-catarina"
"WPR-405","Africa - Central Africa","São Tomé and Príncipe","São Tomé Island","Malanza","Malanza (within same community)","flood","Coastal flood","unknown","ongoing","unknown","A","LPRH II (Mokhnacheva 2021; French/Spanish/Portuguese literature)","PDD/Kaldor Centre/IOM Global Dataset of Planned Relocation Cases (Leaving Place, Restoring Home I & II), metadata last edited 9 June 2021","https://docs.google.com/spreadsheets/d/1pDR-t1hVApqJiVk6E5DJ7TN0cOtXJiKvS1w8QIP149o/edit#gid=1611800107","408","The World Bank. (2018). Sao Tome - Adaptation to Climate Change. Implementation Completion and Results Report. World Bank Group. || The World Bank. (2015). Sao Tome and Principe - Adaptation to Climate Change Project : Resettlement plan - resettlement plan for the communities of Santa Catarina and Malanza. World Bank Group. https://documents.banquemondiale.org/fr/publication/documents-reports/documentdetail/528981468057321549/republica-democratica-de-sao-tome-e-principe-projeto-adaptacao-as-mudancas-climaticas-para-as-zonas-costeiras-plano-de-reassentamento-para-as-comunidades-de-malanza-e-santa-catarina"
"WPR-406","Africa - Central Africa","São Tomé and Príncipe","São Tomé Island","Micolo","Micolo (within same community)","flood","Coastal flood","unknown","ongoing","unknown","A","LPRH II (Mokhnacheva 2021; French/Spanish/Portuguese literature)","PDD/Kaldor Centre/IOM Global Dataset of Planned Relocation Cases (Leaving Place, Restoring Home I & II), metadata last edited 9 June 2021","https://docs.google.com/spreadsheets/d/1pDR-t1hVApqJiVk6E5DJ7TN0cOtXJiKvS1w8QIP149o/edit#gid=1611800107","409","The World Bank. (2020). Western Africa - West African Coastal Resilience Investment Project : Resettlement Plan : Abbreviated Resettlement Action Plan for the Community of Micolo (English). Washington, D.C. : World Bank Group. http://documents.worldbank.org/curated/en/790511603176232862/Abbreviated-Resettlement-Action-Plan-for-the-Community-of-Micolo"
"WPR-407","Africa - Central Africa","São Tomé and Príncipe","São Tomé Island","Santa Catarina","Santa Catarina (within same community)","flood","Coastal flood","unknown","ongoing","unknown","A","LPRH II (Mokhnacheva 2021; French/Spanish/Portuguese literature)","PDD/Kaldor Centre/IOM Global Dataset of Planned Relocation Cases (Leaving Place, Restoring Home I & II), metadata last edited 9 June 2021","https://docs.google.com/spreadsheets/d/1pDR-t1hVApqJiVk6E5DJ7TN0cOtXJiKvS1w8QIP149o/edit#gid=1611800107","410","The World Bank. (2018). Sao Tome - Adaptation to Climate Change. Implementation Completion and Results Report. World Bank Group. || The World Bank. (2015). Sao Tome and Principe - Adaptation to Climate Change Project : Resettlement plan - resettlement plan for the communities of Santa Catarina and Malanza. World Bank Group. https://documents.banquemondiale.org/fr/publication/documents-reports/documentdetail/528981468057321549/republica-democratica-de-sao-tome-e-principe-projeto-adaptacao-as-mudancas-climaticas-para-as-zonas-costeiras-plano-de-reassentamento-para-as-comunidades-de-malanza-e-santa-catarina"
"WPR-408","Africa - Central Africa","São Tomé and Príncipe","São Tomé Island, Príncipe Island","Three coastal communities (unknown)","Three coastal communities (within same community)","flood","Coastal flood","unknown","ongoing","unknown","A","LPRH II (Mokhnacheva 2021; French/Spanish/Portuguese literature)","PDD/Kaldor Centre/IOM Global Dataset of Planned Relocation Cases (Leaving Place, Restoring Home I & II), metadata last edited 9 June 2021","https://docs.google.com/spreadsheets/d/1pDR-t1hVApqJiVk6E5DJ7TN0cOtXJiKvS1w8QIP149o/edit#gid=1611800107","411","The World Bank. (2020). Western Africa - West African Coastal Resilience Investment Project : Resettlement Plan : Abbreviated Resettlement Action Plan for the Community of Micolo (English). Washington, D.C. : World Bank Group. http://documents.worldbank.org/curated/en/790511603176232862/Abbreviated-Resettlement-Action-Plan-for-the-Community-of-Micolo || The World Bank. (2018). West Africa Coastal Areas Resilience Investment Project(P162337). Project Appraisal Document. World Bank Group. http://documents1.worldbank.org/curated/en/280421523498466209/pdf/PAD2454-REVISED-PUBLIC-PAD-WACA-FINAL-05012018.pdf"
